id,isi_berita,label
1,"Hamza Abdelkarim kagumi Erling Haaland. Striker muda Barcelona itu mau jadi 'Haaland dari Sungai Nil'.
Hamza Abdelkarim adalah striker muda Barcelona asal Mesir, masih berusia 18 tahun. Musim 2026/27 ini, Hamza masuk skuad utama Barca yang sebelumnya main di tim akademi musim lalu.
| Baca juga: Yang Thierry Henry Suka dari Erling Haaland | 
Hamza Abdelkarim mengagumi Erling Haaland. Baginya, Haaland adalah striker top saat ini.
""Haaland adalah penyerang hebat. Dia luar biasa dalam mencetak gol dan selalu berada di posisi yang tepat untuk melakukannya,"" bukanya dilansir dari Tribuna.
""Anda selalu bisa belajar dari para pemain hebat dengan mengamati cara mereka bermain. Dan aku akan senang dijuluki 'Haaland dari Sungai Nil',"" tegasnya.
Hamza Abdelkarim masih mau belajar banyak. Dirinya pun mau perbaiki beberapa aspek agar diberi kepercayaan lebih oleh pelatih Hansi Flick.
""Aku mau mencetak banyak gol dan menangi trofi. Tentu saja ada hal-hal yang perlu aku perbaiki dan aspek-aspek di mana aku masih bisa berkembang. Gaya permainan Barcelona berbeda dari tim mana pun, dan aku sedang dalam proses beradaptasi,"" tutupnya.
(aff/pur)",sport
2,"Kontrak Luke Shaw di Manchester United akan habis pada akhir musim ini. Tiada tanda-tanda, kontraknya akan diperpanjang.
Kontrak Luke Shaw akan habis pada 30 Juni 2027. Shaw sudah memperkuat Manchester United sejak tahun 2014.
| Baca juga: Bintang Muda JJ Gabriel Mau Tinggalkan MU | 
Dilansir dari Mirror, Manchester United diyakini tidak akan memperpanjang kontrak Luke Shaw. MU akan renovasi besar-besaran lini belakang di bursa transfer musim panas 2027 dengan beli bek-bek baru.
Shaw dulu dibeli MU dari Southampton. Ketika itu Shaw ditebus seharga 37 juta Euro, terhitung angka yang besar.
| Baca juga: Start MU Era Carrick dan Amorim Sama, nih | 
Luke Shaw total sudah mengemas 299 penampilan buat Manchester United di seluruh kompetisi. Empat titel diraihnya yakni titel Liga Europa, Piala FA, dan menang dua kali Carabao Cup.
Shaw lebih banyak diganggu cedera. Cedera otot menghantuinya dan pernah alami patah tulang tibia dan fibula pada kaki kanannya di 2015 yang harus absen selama 64 laga.
Pemain berusia 31 tahun itu masih jadi kepercayaan pelatih Michael Carrick. Namun faktor kebugaran, juga selalu jadi batu sandungannya.
(aff/yna)",sport
3,"Erling Haaland bermain bagus di Manchester City dan Timnas Norwegia pada musim lalu. Pemain berusia 26 tahun itu disebut pantas meraih Ballon d'Or.
Bersama Man City musim lalu, Haaland tampil produktif. Dia mampu menyumbang 38 gol dan sembilan assist dalam 52 pertandingan.
Dengan kontribusi itu, Haaland mampu memenangi Piala Liga Inggris dan Piala FA bersama Man City. Catatan itu jelas cukup oke untuk mantan pemain Borussia Dortmund itu.
| Baca juga: Haaland: Buat Apa Sering-sering Pegang Bola? | 
Bersama Norwegia, Haaland mampu menembus perempat final Piala Dunia 2026. Selain itu, Haaland juga bisa mengemas tujuh gol.
Dengan semua modal itu, Haaland diyakini mantan pemain Norwegia, Jan Age Fjortoft, layak memenangi Ballon d'Or.
""Kalian akan bilang saya subjektif karena saya juga orang Norwegia. Tapi bagi saya, hal itu sudah jelas: Erling Haaland harus memenangkan Ballon d'Or,"" kata Jan Age Fjortoft dikutip dari Sportskeeda.
""Dua trofi di Inggris musim lalu, 58 gol untuk klub dan negara, serta menjadi bintang global di Piala Dunia, dan memegang peran besar dalam perjalanan Norwegia hingga babak perempat final,"" kata dia menambahkan.
(cas/pur)",sport
4,"Pengurus Pusat Kickboxing Indonesia (PP KBI) periode 2026-2030 di bawah kepemimpinan Ngatino resmi dilantik di Gedung KONI Pusat, Senayan, Jakarta, Rabu (16/9/2026). Pelantikan tersebut menjadi momentum baru bagi kickboxing Indonesia.
PP KBI menargetkan terbentuknya ekosistem pembinaan yang terintegrasi antara atlet amatir dan profesional untuk meningkatkan prestasi Merah Putih di kancah internasional. Ngatino yang kembali dipercaya memimpin KBI untuk periode ketiga menyebut amanah tersebut sebagai dorongan untuk melakukan evaluasi dan pembenahan organisasi.
""Kepercayaan yang diberikan kepada saya untuk kembali memimpin Kickboxing Indonesia untuk periode ketiga merupakan sebuah kehormatan sekaligus amanah yang sangat besar. Apa yang telah kita lalui selama ini harus menjadi bahan evaluasi untuk melakukan perbaikan dan pembenahan ke depan,"" ujar Ngatino dalam keterangan persnya.
Sebagai langkah awal, PP KBI akan menggelar Kejuaraan Nasional (Kejurnas) pada awal November 2026 sebagai pengganti PON Bela Diri di Solo yang ditunda. Dalam ajang tersebut, KBI juga menyiapkan Gala Night untuk menyaring 10 atlet terbaik.
Sepuluh atlet terpilih akan diarahkan ke jalur profesional. KBI juga berencana kembali menjaring 10 atlet pada 2027 untuk melengkapi pembinaan bersama atlet hasil seleksi 2026.
""Harus ada ekosistem dalam pembinaan antara amatir dan pro harus seiring. Kita sudah siapkan nanti 10 besar amatir hasil kejurnas itu langsung menjadi pro. Ke depannya 2027 kita sudah siapkan untuk pro. Dan kemudian 2027 juga memulai lagi untuk mencari 10 lagi untuk bersama-sama dengan 10 yang ada di 2026 itu untuk kita siapkan menjadi atlet profesional,"" Ngatino menjelaskan.
Selain pembinaan prestasi, KBI mengembangkan KBI Pro sebagai wadah pertandingan profesional sekaligus membuka peluang bagi atlet mendapatkan penghasilan dari prestasi mereka. KBI juga tengah menyiapkan kerja sama dengan platform streaming Vidio untuk memperluas jangkauan pertandingan hingga mancanegara dan menarik sponsor.
Rencana tersebut mendapat dukungan KONI Pusat. Ketua Umum KONI Pusat, Marciano Norman, meminta KBI melakukan evaluasi terhadap program sebelumnya dan memastikan pembinaan atlet berjalan secara bertahap dari level amatir menuju profesional.
""Persiapkan atlet-atlet yang masuk ke profesional itu adalah juara-juara di amatir. Sehingga mereka yang sudah jam terbangnya tinggi di kompetisi amatir bisa masuk ke profesional,"" kata Marciano.
Marciano juga mengapresiasi kiprah kickboxing yang telah berkontribusi dalam perolehan medali Indonesia di SEA Games serta mencatatkan hasil positif pada kejuaraan di Tashkent.
Sementara itu, Sekjen KONI Pusat TB Ade Lukman optimistis KBI dapat menjadi salah satu penyumbang medali emas Indonesia di ajang internasional. Menurutnya, cabang olahraga bela diri selama ini menjadi salah satu pilar penting dalam perolehan medali Indonesia pada multi-event seperti SEA Games.
""Kita yakin di bawah kepemimpinan Ketua Umum Pak Ngatino beserta jajaran juga akan menjadi bagian daripada kontributor medali-medali emas di event-event internasional,"" pungkasnya.
(ran/nds)",sport
5,"Lina Hisage, atlet tolak peluru asal Wamena, Papua Pegunungan, mulai menunjukkan perkembangan signifikan sejak bergabung dengan Papua Athletics Center (PAC) pada Januari 2024. Dalam kurun waktu kurang dari dua tahun, atlet berusia 18 tahun itu mampu meningkatkan catatan lemparannya hingga meraih juara sekaligus memecahkan rekor nasional.
Lina mencatat prestasi di ajang ASEAN School Games. Pada 2024, dia meraih juara ketiga dengan tolakan sejauh 12,7 meter. Setahun kemudian, prestasinya meningkat dengan meraih juara pertama setelah mencatat tolakan 14,72 meter pada ASEAN School Games 2025 di Brunei Darussalam.
Catatan tersebut sekaligus menjadi bagian dari perjalanan Lina dalam memecahkan rekor yang sebelumnya dia buat sendiri. Rekor pertamanya tercipta dalam ajang invitasi atletik di Jakarta pada 2025 dengan tolakan 13,3 meter. Catatan itu kemudian kembali diperbaiki menjadi 14,72 meter saat berlaga di Brunei.
""Yang 2024 itu juara 3, 12,7 meter. Kalau yang 2025 ini juara 1, 14,72 meter,"" kata Lina di Mimika Sport Complex, Rabu (16/9/2026).
Perkembangan tersebut tidak lepas dari rutinitas latihan yang dijalaninya setiap hari. Karena tetap harus mengikuti kegiatan sekolah, Lina biasanya menjalani latihan pada sore hari.
| Foto: Moch Prima Fauzi/detikcom | 
Materi latihan yang dijalaninya meliputi rotasi, penguatan, hingga latihan kecepatan. Rutinitas tersebut dijalani hampir setiap hari sebagai bagian dari persiapannya menghadapi berbagai kejuaraan.
Di tengah rutinitas itu, Lina mengaku pernah mengalami kejenuhan. Untuk mengatasinya, dia biasanya menghabiskan waktu bersama teman-temannya di asrama, seperti berjalan-jalan atau sekadar berkumpul.
""Kalau jenuh biasanya duduk di tempat teman atau jalan-jalan, beli sesuatu, cerita bareng-bareng,"" ujarnya.
Bagi Lina, dukungan keluarga menjadi salah satu alasan untuk terus meningkatkan performa. Dia selalu mengingat perjuangan orang tuanya yang selama ini mendukung perjalanannya sebagai atlet.
""Hasilnya saya selalu ingat orang tua saya karena mereka yang sudah berusaha untuk saya. Mereka juga selalu mendukung saya. Itu motivasi saya,"" tutur Lina.
Menjadi atlet tolak peluru juga bukan sekadar aktivitas yang dijalani Lina. Dia menyebut atlet tolak peluru adalah cita-citanya. Salah satu sosok yang menjadi inspirasinya adalah atlet tolak peluru putri Amerika Serikat, yang saat ini memegang rekor dunia.
Selama menjalani pembinaan di PAC, Lina juga mendapatkan dukungan fasilitas latihan yang menurutnya telah memenuhi kebutuhan atlet.
""Fasilitas sangat bagus dan sangat memadai karena semua peralatan yang kita butuhkan semua ada di sini,"" katanya.
Program Latihan Terukur
Pelatih tolak peluru PAC, Yeremias Kiriwaib mengatakan perkembangan Lina merupakan hasil dari program latihan yang disusun secara terukur. Materi latihan tidak dibuat secara sembarangan, melainkan melalui evaluasi dan koordinasi dengan tim teknis.
""Materi sehari-hari yang dikasih kami dapatkan dari hasil bongkar pasang dan juga koordinasi dengan tim teknis. Kami punya tim teknis khusus dari PB PASI, sehingga materi dan program latihan yang kami berikan secara harian terukur dan bisa dipertanggungjawabkan progresnya ke depan,"" kata Yeremias.
Lina sebelumnya merupakan jebolan PPLP (Pusat Pendidikan dan Latihan Olahraga Pelajar Papua) di Jayapura. Potensinya kemudian membuat Lina dipanggil untuk bergabung dengan PAC pada awal 2024.
Menurut Yeremias, kemampuan Lina berkembang karena mampu menyerap program latihan yang diberikan. Selain memiliki potensi, karakter Lina yang dinilai baik juga membantu proses pembinaan.
| Foto: Moch Prima Fauzi/detikcom | 
""Lina jebolan dari PPLP Jayapura di bawah asuhan Coach Tyo, karena mempunyai potensi dipanggil dan bergabung di sini di awal 2024. Kemudian saya latih, syukur anaknya punya karakter yang baik sehingga program yang kami susun dalam tim bisa dia serap dengan baik,"" ujarnya.
Hasilnya terlihat dari catatan yang terus meningkat. Setelah memecahkan rekor pada ajang invitasi di Jakarta, Lina kembali memperbaiki catatannya saat tampil di ASEAN School Games di Brunei.
Ke depan, Yeremias menargetkan Lina dan atlet lainnya, Elis, dapat terus memperbaiki catatan terbaik masing-masing. Khusus Lina, targetnya adalah kembali meningkatkan personal best pada nomor tolak peluru.
""Untuk Lina dan Elis memang ada target-target tertentu untuk kejuaraan dalam waktu dekat ini. Paling tidak mereka bisa memecahkan personal best mereka masing-masing,"" katanya.
Untuk mencapai target tersebut, latihan dilakukan dengan berbagai variasi. Sesi latihan dimulai dengan pemanasan dan aktivasi yang berkaitan dengan pendukung teknik sebelum atlet masuk ke latihan teknik inti.
Setelah latihan teknik, atlet kembali menjalani latihan beban yang kemudian dilanjutkan dengan penggunaan medicine ball. Mereka juga mendapatkan latihan penguatan otot inti yang mencakup bagian perut, pinggang, dan punggung.
""Jadi itu semua dilakukan tiap hari,"" kata Yeremias.
Selain menjaga aspek fisik dan teknik, pelatih juga memperhatikan kondisi psikologis atlet selama menjalani rutinitas latihan. Yeremias mengatakan atlet diberikan ruang untuk beristirahat dan melakukan aktivitas lain ketika mulai mengalami kejenuhan.
Menurut dia, aktivitas di luar latihan seperti berjalan-jalan, nongkrong, atau menonton film dapat membantu atlet mengurangi kebosanan sebelum kembali menjalani program latihan.
""Saya tidak mengekang mereka. Apabila saya lihat mereka sudah jenuh, saya arahkan, ayo nongkrong di situ. Atau ayo bioskop. Syukurnya mereka mengerti sehingga bisa mengurai kebosanan mereka di tengah-tengah sesi latihan,"" ujarnya.
(anl/ega)",sport
6,"Ini 5 Klub yang Pernah Lumat Ronaldo 0-4 Afif Farhan - detikSepakbola Rabu, 16 Sep 2026 22:00 WIB ... Tautan telah disalin Al Ain menang 4-0 atas Al Nassr di AFC Champions League matchday pertama, Selasa (15/9) (Anadolu via Getty Images/Anadolu) Setelah lima tahun lamanya, Cristiano Ronaldo rasakan lagi kekalahan dengan margin empat gol (AFP/FAYEZ NURELDINE) Pertama kali Ronaldo rasakan kekalahan 0-4 adalah di LaLiga pada 2015. Real Madrid saat itu kalah 0-4 dari Barcelona (David Ramos/Getty Images) Di tahun yang sama, Real Madrid kalah dari tim sekota, Atletico Madrid 0-4 (Getty Images Sport/Gonzalo Arroyo Moreno) Di tahun 2022, Ronaldo rasakan kekalahan 0-4 dalam semusim di Liga Inggris saat memperkuat Man United di periode keduanya (Getty Images/Michael Regan) MU kalah dari Brentford dan Brighton sama-sama di tandang 0-4 (AP/Ian Walton) previous next previous next Jakarta - Al Ain jadi klub kelima yang pernah lumat klubnya Cristiano Ronaldo 0-4. Bisa tebak siapa empat klub lainnya? ... Tautan telah disalin cristiano ronaldo al ain barcelona Lihat lebih banyak",sport
7,"Persib Bandung memuncaki klasemen Grup E AFC Champions League (ACL) Two 2026/2027. Sukses diraih usai pasukan Igor Tolic menang dan rival terpeleset.
Persib mengawali kiprahnya di ACL Two dengan bertandang ke markas FC Seoul. Juara Super League itu menang 1-0 di Korea, Rabu (16/9).
Gol tunggal Julio Cesar sudah cukup memastikan kemenangan Persib. Hasil itu bikin Adam Alis Cs mengemas tiga poin pertamanya.
Persib akhirnya memastikan memimpin Grup E, usai pesaingnya terpeleset. The Cong Viettel vs Melbourne Victory tuntas 1-1 di Hanoi.
Hasil itu bikin Persib Bandung memimpin dengan 3 poin, disusul Melbourne Victory dan Viettel dengan 1 poin, dan FC Seoul di posisi juru kunci dengan nirpoin.
Selanjutnya, Persib akan menjamu Viettel di Gelora Bandung Lautan Api, pada matchday kedua, 14 Oktober mendatang. Kemenangan akan mendekatkan Pangeran Biru ke babak 16 besar.
Klasemen Grup E ACL Two 2026/2027
| No | Tim | Main | Menang | Imbang | Kalah | Gol | Kebobolan | Selisih Gol | Poin | 
| 1 | Persib Bandung | 1 | 1 | 0 | 0 | 1 | 0 | +1 | 3 | 
| 2 | Melbourne Victory | 1 | 0 | 1 | 0 | 1 | 1 | 0 | 1 | 
| 3 | The Chong Viettel | 1 | 0 | 1 | 0 | 1 | 1 | 0 | 1 | 
| 4 | FC Seoul | 1 | 0 | 0 | 1 | 0 | 1 | -1 | 0 | 
(yna/aff)",sport
8,"Performa apik Anthony Gordon terbantu oleh para gelandang Barcelona. Gordon memuji Pedri mampu dengan baik membawa El Barca mendominasi laga.
Anthony Gordon baru didatangkan Barcelona musim panas ini dari Newcastle United. Pemain asal Inggris ini ditebus El Barca dengan nilai transfer 80 juta euro.
Gordon tak butuh waktu lama untuk langsung unjuk gigi di Barcelona. Ia telah mengemas lima assist di lima laga awal LaLiga di musim ini.
Torehan tersebut membantu Barcelona meraih hasil sempurna di lima laga tersebut. El Barca saat ini berada di puncak klasemen LaLiga dengan 15 poin.
| Baca juga: Waktunya Rotasi Pemain, Barcelona? | 
Anthony Gordon mengungkap performa apiknya tersebut terbantu oleh lini tengah Barcelona yang berkualitas. Ia kagum dengan penampilan lini tengah Blaugrana yang mampu dengan baik mendominasi laga.
Gordon memuji Pedri yang mampu dengan baik menjalankan dengan baik di lini tengah Barcelona. Ia menilai gelandang Timnas Spanyol tersebut punya kemampuan teknik yang luar biasa.
""Pedri tidak menonjol karena kecepatan atau postur fisiknya. Dia tidak terlalu besar atau kuat. Namun, dia luar biasa. Dia memiliki kualitas teknik yang spektakuler,"" ujar Gordon dikutip dari RAC1.
Gordon selalu bermain bersama dengan Pedri di lima laga awal LaLiga di musim ini. Pedri telah bikin satu gol dan satu assist di LaLiga musim ini.
(pur/aff)",sport
9,"Timnas Equestrian Indonesia sudah bertolak ke Jepang jelang bergulirnya Asian Games 2026. Ada 12 atlet yang turun di sana untuk mendapatkan medali.
Timnas Equestrian bertolak ke Aichi-Nagoya, Jepang, Senin (14/9) malam WIB kemarin. Sebelum keberangkatannya, para atlet mengikuti prosesi pelepasan yang dilakukan oleh perwakilan NOC Indonesia, Krisna Bayu di Terminal 3 bandara Soekarno-Hatta, Tangerang, Banten.
Ke-12 atlet yang dibawa terbagi dalam 3 disiplin yakni : Dressage, Jumping dan Eventing. Dalam persiapannya menghadapi Asian Games 2026, seluruh atlet Equestrian Merah Putih telah melalui pemusatan latihan intensif selama kurang lebih 6 bulan di Jerman.
Berbekal latihan tersebut membuat tim Eventing yang di perkuat Steven Menayang, Fergi Tri Nur Fajar, Marcho Alexandro dan Muhamad Zaki, optimistis dapat memberikan hasil terbaik.
Sementara itu menurut tim Dressage atau Tunggang Serasi, proses adaptasi antara atlet dan kuda menjadi bagian penting sekaligus tantangan tersendiri. Tim dressage terdiri dari Dara Ningar Prameswari, Karen Herjawan, Audirania Amanda Putri dan Alfaro Manayang.
 
Di hari yang sama, empat atlet dressage yang baru saja menuntaskan latihan di Jerman, yakni Dirga Wira Ramadhan Sahputra, Marco Hence Wowiling, Arserl Rizki Brayudha dan Brayen Nathan Brata-Coolen, juga berangkat menuju Negeri Sakura.
Hal tersebut diungkapkan oleh Kellin Baquita sebagai Ketua Pembina NEPI sekaligus penanggung jawab program pelatihan para atlet, yang aktif mendampingi para atlet sejak masa persiapan hingga keberangkatan menuju Aichi-Nagoya.
Setibanya di negri Sakura, seluruh atlet Equestrian Indonesia masih memiliki waktu beberapa hari untuk melakukan adaptasi dengan lingkungan dan cuaca setempat, sebelum memasuki masa perlombaan yang dimulai 19 September hingga 4 Oktober.
(mrp/yna)",sport
10,"Yan Diomande akhirnya unjuk kualitas. Winger muda Real Madrid itu mulai menari-nari, mengacak-acak pertahanan lawan.
Momen itu terlihat saat Madrid mengalahkan Elche dalam lanjutan LaLiga. Bermain di Estadio Martinez Valero, Alicante, Rabu (16/9) dini hari WIB, Diomande membantu Los Blancos menang 3-2.
Diomande mencetak satu assist untuk gol yang dilesakkan Kylian Mbappe. Umpan silangnya bisa diteruskan menjadi skor.
Di laga itu, Diomande bermain menjadi starter. Sofascore mencatat, sempat melepaskan sekali shots, dan bikin 3 umpan kunci, dan sekali peluang bagi rekan-rekannya.
Pemain asal Pantai Gading itu juga bikin 7 dribble sukses dari 9 percobaannya. Yan Diomande juga rajin bergerak di kedua sisi sayap permainan Madrid, tercatat 33 kali membawa bola di sektor tersebut.
Beberapa kali aksinya merepotkan lawan. Tusukan-tusukan mautnya membuka ruang bagi rekan-rekannya di area kotak penalti.
Penampilan ini datang usai Diomande banyak dicadangkan Jose Mourinho. Dari enam pertandingan LaLiga, ia baru jadi starter di dua partai terakhir.
Assist ini juga menjadi kontribusi pertamanya bagi Madrid, sejak dibeli dari RB Leipzig seharga 140 juta Euro. Performa yang membuatnya menuai pujian.
""Assist pertamanya tidak langsung menghilangkan semua keraguan atau secara tiba-tiba mengubah posisinya di tim, tetapi hal itu bisa menjadi titik balik. Setelah beberapa penampilan di mana ia menunjukkan potensi tanpa mampu mengubahnya menjadi gol, sebelum laga melawan Elche ia akhirnya berhasil melakukan aksi yang menentukan,"" tulis media SPORT soal Yan Diomande.
| Baca juga: Jose Mourinho: Real Madrid Butuh Istirahat | 
(yna/cas)",sport
11,"Gianluigi Donnarumma menegaskan tak ada kata transisi dari Pep Guardiola ke Enzo Maresca di kubu Manchester City. Menurutnya target The Citizens tetap meraih gelar apapun kondisinya.
Manchester City kehilangan sejumlah pilarnya musim ini. Mereka ditinggal oleh Pep Guardiola yang melatih Man City dalam 10 musim terakhir. Guardiola mampu membawa Man City meraih 20 gelar dalam satu dekade.
Man City juga kehilangan dua pilar lini tengahnya yaitu Rodri dan Bernardo Silva. Keduanya hengkang ke Real Madrid dan Barcelona.
Kursi manajer yang ditinggalkan oleh Guardiola kemudian diisi oleh Enzo Meresca. Meresca bisa dibilang merupakan murid Guardiola. Ia sempat jadi asisten Guardiola di Man City pada rentang 2022-2023.
Man City mendatangkan sejumlah gelandang anyar yaitu Elliot Anderson, Ayyoub Bouaddi dan Enzo Fernandez untuk mengisi lini tengah.
Keraguan sempat mengiringi Man City karena transisi dari Guardiola ke Maresca. Mengingat, The Citizens kalah telak 0-3 dari Arsenal di Community Shield.
Keraguan tersebut mulai luntur usai Man City mulus melaju di awal musim ini. Mereka sempurna di empat laga awal Liga Inggris. Pada laga terakhir, Maresca bahkan mampu membawa Man City menang 1-0 atas Manchester United di Derby Manchester dengan 10 pemain.
Kiper Man City, Gianluigi Donnarumma, menegaskan tak ada kata transisi di kamus Manchester Biru. Man City selalu punya ambisi untuk meraih kemenangan dan juara apa pun kondisinya. Ia menilai mental juara Man City tak luntur meski sejumlah pilar pergi.
""Saya sebenarnya tidak terlalu suka kata 'transisi. Tujuan klub adalah untuk menang. Tujuan tim ini adalah untuk menang. Kami pastinya akan mengerahkan segala kemampuan untuk mewujudkannya,"" ujar Donnarumma dikutip dari Sky Sport.
""Kami bisa saja mengakhiri musim dengan meraih gelar juara, atau tanpa meraih apa pun. Namun, yang terpenting adalah memiliki mentalitas pemenang-turun ke lapangan dan berusaha memenangkan setiap pertandingan yang kami bisa,"" jelasnya.
(pur/aff)",sport
12,"Bali United start mulus di Super League musim ini. Laskar Serdadu Tridatu bermain sesuai dengan keinginan Johnny Jansen.
PSS Sleman (2-1) dan Isenmulang Kalteng FC (4-1) berhasil dikalahkan oleh Bali United. Dengan hasil yang diraih itu, Bali United untuk sementara memuncaki klasemen Super League dengan raihan enam poin, sama dengan koleksi angka Madura United dan Persija Jakarta.
Setelah kurang oke musim lalu, Jansen mulai menunjukkan hasil kinerjanya. Bali United diantarkan pelatih asal Belanda itu finis di peringkat kedelapan dengan raihan 51 poin.
Jansen menegaskan bahwa permainan anak asuhnya sudah sejalan dengan yang diasah saat pramusim.
""Menurut saya, rasanya luar biasa dapat memenangkan dua pertandingan yang jika melihat apa yang kami lakukan selama pramusim dan gaya permainan yang kami inginkan. Menurut saya ini adalah kemajuan besar dibandingkan saat kami memulai musim lalu, itu hal yang sangat bagus,"" kata Jansen dikutip dari situs ILeague.
""Kemenangan 4-1 di kandang (atas Isenmulang Kalteng FC) adalah hasil yang bagus. Menurut saya, kami tidak mengawali pertandingan dengan cukup baik. Memang tidak ada peluang besar bagi lawan, tapi mereka sempat menciptakan beberapa momen,"" ujar pelatih asal Belanda itu.
Bali United akan menjalani laga berat pada lanjutan Super League 2026/2027. Mereka akan dijamu oleh tim kuat, Borneo FC di Stadion Segiri, Samarinda, Minggu (20/9/2026) sore WIB.
(cas/aff)",sport
13,"Persija Jakarta bisa menurunkan skuad yang lebih baik saat menjamu Java United. Beberapa pemain yang sempat absen, berpeluang untuk comeback.
Macan Kemayoran akan menjamu Java di Stadion Kapten I Wayan Dipta, Gianyar, Bali, Sabtu (19/9/2026). Anggota skuad Persija perlahan-lahan segera komplet dengan kembalinya pemain-pemain yang absen.
Beberapa pemain yang absen karena masalah cedera adalah Witan Sulaeman, Kwon Chong-hoon, Shayne Pattynama, dan Dony Tri Pamungkas. Beberapa dari mereka kemungkinan sudah bisa tampil melawan Java.
""Untuk saat ini, saya rasa kami belum bisa menurunkan best squad seperti yang kami inginkan. Namun, dibandingkan pertandingan sebelumnya, saya pikir skuad yang kami miliki nanti akan lebih baik daripada saat menghadapi Persib,"" kata Pelatih Persija Shin Tae-yong, dalam keterangan yang dibagikan klub, Rabu (16/9).
""Kami harus tetap fokus dan tidak boleh lengah. Kalau kami bisa tampil maksimal dan tidak meremehkan lawan, saya yakin kami bisa mendapatkan hasil yang baik,"" ujarnya menambahkan.
Pelatih asal Korea Selatan juga memberi pujian terhadap kualitas yang dimiliki Java. Klub yang sebelumnya bernama Malut United itu diperkuat para pemain berpengalaman.
Ciro Alves, David da Silva, Gustavo Franca, hingga Gustavo Almeida. Nama terakhir bahkan berpotensi menjadi ancaman Persija karena baru dilepas Macan Kemayoran setelah memperkuat tim selama 2,5 musim.
""Java United merupakan tim dengan mobilitas yang sangat baik. Para pemainnya banyak berlari dan bekerja keras,"" ucap STY.
""Mereka juga memiliki pemain-pemain yang bisa memberikan respons dengan baik dan memiliki kemampuan untuk mencetak gol,"" tuturnya.
(mro/aff)",sport
14,"Emil Audero akhirnya rasakan kemenangan di Liga Spanyol. Rayo Vallecano kalahkan Espanyol, Emil dapat rating 7.
Rayo Vallecano menjamu Espanyol di lanjutan LaLiga, Rabu (16/9). Rayo Vallecano menang 2-1.
Kiper asal Indonesia, Emil Audero main di laga tersebut. SofaScore memberikan rating 7 untuknya.
Emil mampu tepis empat dari lima tembakan on target yang mengarah kepadanya. Lini belakang Rayo Vallecano juga tampil solid, Espanyol hanya catatkan ekspektasi goals on target 0,28.
Rating tersebut naik dari debut Emil Audero di LaLiga saat hadapi Real Madrid. Meski Emil lakukan banyak penyelamatan, timnya kalah 1-4, dan dirinya dapat rating 6,6.
Rayo Vallecano sementara naik ke peringkat ke-12 Klasemen Liga Spanyol dengan tujuh poin dari enam laga. Mereka selanjutnya akan hadapi Osasuna pada Sabtu (19/9) malam WIB sebelum jeda internasional.
(aff/yna)",sport
15,"Ciamis - Sebanyak 549 siswa dari 40 SD mengikuti lomba olahraga tradisional di Ciamis, Jawa Barat, dengan penuh semangat.
Foto Sport
Serunya 549 Siswa di Ciamis Adu Ketangkasan Lomba Olahraga Tradisional
Rabu, 16 Sep 2026 20:00 WIB
Anda menyukai artikel ini
Artikel disimpan",sport
16,"Persib Bandung mengalahkan FC Seoul di laga perdana Grup E AFC Champions League Two 2026/2027. Maung Bandung bikin sejarah di Negeri Gingseng.
Persib menjadi wakil Indonesia yang berlaga di ACL Two musim ini. Jawara Super League itu tergabung di Grup E bersama FC Seoul, Melbourne Victory, dan The Cong Viettel.
Laga perdana Persib langsung bertandang ke Korea Selatan, melawan FC Seoul. Kemenangan langsung didapat pasukan Igor Tolic di Seoul World Cup Stadium, Rabu (16/9/2026).
Persib menang 1-0 atas FC Seoul, lewat gol cepat Julio Cesar. hasil itu membuat Persib mencatat sejarah baru.
Persib Bandung menjadi wakil Indonesia pertama yang bisa menang atas klub Korea Selatan. Mereka mengungguli tim seperti Arema, Persebaya Surabaya, Persipura Jayapura, Persik Kediri, Pelita Jaya, PSIS Semarang, Sriwijaya FC, dan PSM Makassar.
Persib juga bisa membalas kekalahan dari wakil Korea yang sempat ditelan lebih dari 30 tahun lalu. Pada 1995, Persib pernah dikalahkan Ilhwa Chunma 2-5 di ajang Asia Club Championship.
Kemenangan atas FC Seoul membuat Persib Bandung sementara mengema 3 poin di Grup E. Posisi Marc Klok dkk akan dipastikan usai laga Viettel vs Melbourne Victory, yang saat ini tengah berlangsung.
(yna/aff)",sport
17,"FIFA ASEAN Cup 2026 akan bergulir sebentar lagi. Indonesia vs Thailand yang dijagokan akan menjadi pertandingan final ajang ini.
Pada 24 September sampai 5 Oktober 2026, FIFA ASEAN Cup 2026 berlangsung. Indonesia menjadi tuan rumah untuk Divisi 1.
Indonesia, Singapura, Malaysia, dan Bangladesh yang menempati Grup A. Sementara itu, Grup B diisi Thailand, Vietnam, Filipina, dan Pakistan.
Grup A akan dipentaskan di Stadion Utama Gelora Bung Karno. Sementara Grup B dimainkan di Stadion Si Jalak Harupat.
Setiap juara grup FIFA ASEAN Cup 2026 akan berhadapan di laga final. Sementara itu, tim runner-up FIFA ASEAN Cup 2026 akan berebut tempat ketiga.
ASEAN Football sudah melakukan analisa mengenai favorit juara dan laga yang dijagokan akan dimainkan di pertandingan final. Indonesia menjadi unggulan untuk juara FIFA ASEAN Cup yang pertama.
Final Indonesia vs Thailand menjadi unggulan dengan persentase 29 persen. Ada di posisi kedua ada Indonesia vs Vietnam dengan persentase 20 persen.
Indonesia memang mematok target menjadi juara FIFA ASEAN Cup 2026. Tim Merah Putih memang sudah lama tak menjadi kampiun, terakhir kali menjadi kampiun saat meraih emas SEA Games 1991. Pada saat itu, SEA Games masih memainkan tim senior. Kini, SEA Games sudah mewajibkan tim peserta memainkan tim U-23.
(cas/yna)",sport
18,"Persija Jakarta tidak terkena hukuman pengurangan poin meski harus pindah kandang ke Bali saat menjamu Java United. Situasi Macan Kemayoran bersifat tentatif.
Macan Kemayoran tidak bisa bermain di Jakarta dan area sekitarnya karena stadion-stadion yang tersedia digunakan pihak lain. Akhirnya Persija harus menjamu Java pada laga pekan ke-3 Super League di Stadion Kapten I Wayan Dipta, Gianyar, Bali, pada 19 September mendatang.
Adapun hukuman pengurangan poin mulai diberlakukan I.League buat tim yang tidak memenuhi salah satu aspek lisensi. Hukuman ini sudah dialami Java United dan Isenmulang Kalteng setelah berganti identitas dan pindah homebase sehingga mereka memulai kompetisi dengan kondisi minus 2 poin.
Java dan Isenmulang bermain di lokasi berbeda dengan venue yang mereka daftarkan saat proses verifikasi lisensi. Java yang sebelumnya bermukim di Ternate pindah ke Semarang, sedangkan Isenmulang pindah dari Banten ke Palangkaraya.
Situasi yang dihadapi Persija berbeda dengan Java dan Isenmulang. Persija mendaftarkan Stadion Utama Gelora Bung Karno (SUGBK) dan Jakarta International Stadium (JIS) sebagai venue kandang musim ini.
I.League sudah menyiapkan skema agar klub tetap bisa bermain di kota lain saat stadion-stadion di kota asal tidak bisa digunakan. Namun setiap klub hanya bisa maksimal empat laga kandang di luar kota, lebih dari itu baru hukuman poin akan diberlakukan.
""Penggunaan Stadion alternatif terdaftar hanya diizinkan maksimal 4 (empat) kali dalam 1 (satu) musim kompetisi dengan alasan sebagaimana dijelaskan dalam ayat (7) huruf a, b dan c Pasal ini,"" tulis Regulasi Super League 2026/2027 Pasal 33 tentang stadion.
""Pelanggaran ayat ini akan dikenakan sanksi pengurangan 1 (satu) poin pada musim berjalan. Aturan pengurangan poin ini juga berlaku untuk setiap akumulasi 4 (empat) kali perpindahan stadion berikutnya.""
Artinya, Persija masih punya tiga kesempatan lagi untuk bermain di venue selain SUGBK dan JIS. Menilik kesulitan Persija kesulitan bermain di Jakarta, ada kemungkinan tim asuhan Shin Tae-yong bakal lebih dari empat kali terusir ke luar kota sehingga harus terkena hukuman pengurangan poin.
(mro/aff)",sport
19,"JJ Gabriel, wonderkid Manchester United, kabarnya ingin cabut. Sebagus apa talenta muda panas yang dijuluki Kid Messi itu?
JJ Gabriel, yang masih berusia 15 tahun, kabarnya ingin meninggalkan MU. Pemain U-18 itu disebut ingin pindah klub.
Pemain berposisi sayap kiri itu mengirim surat pengunduran dirinya dari klub. MU disebut langsung menolaknya, berusaha mengajaknya bernegosiasi mengingat kontraknya akan habis tahun depan.
Gabriel menjadi talenta panas, sebab performanya yang di atas-atas pemain seusianya. Ia dijuluki Kid Messi usai videonya di Youtube viral, saat ia masih berusia 9 tahun.
JJ Gabriel kemudian mencuat sejak musim lalu. Ia bersinar bersama tim U-18 dengan mencetak 26 gol dan 4 assist dari 29 laga. Ia menyabet pemain terbaik Premier League U-18. Ia juga dikontrak jangka panjang oleh Nike pada 2025.
🌟 JJ Gabriel (15) – Ambidextrous wonderkid.
29 G/A in just 21 matches. In 2030 he'll still be only 19. Future superstar loading… 🚀⚽ 
 pic.twitter.com/2Paob7g2j3
Performa itu membuat Gabriel juga diajak berlatih dengan skuad senior MU. Musim ini, ia bahkan sempat diajak tur pramusim.
Gabriel sempat dimainkan MU saat melawan Atletico Madrid. Ia menjadi pemain termuda Setan Merah yang turun di laga tak resmi.
Kemampuannya berlanjut di kompetisi sesungguhnya musim ini. Gabriel langsung mencetak 5 gol dan 2 assist dari 3 laga bersama tim U-21, termasuk hat-trick saat menggasak Sabah 5-0 di UEFA Youth League pekan lalu.
Dari segi permainan, Gabriel memang sangat menjanjikan. Ia lihai menggocek lawan dengan kedua kakinya, juga tajam dalam urusan mencetak gol.
Kini Gabriel siap mencari klub baru. Keputusannya tampak mantap, usai ia menghapus semua fotonya terkait MU di Instagramnya.
Pemuda kelahiran 6 Oktober 2010 itu dikaitkan dengan Barcelona hingga menyebrang ke Manchester City. Kini Manchester United harus bekerja keras guna mengamankan JJ Gabriel, calon bintangnya di masa depan.
| Baca juga: Bintang Muda JJ Gabriel Mau Tinggalkan MU | 
(yna/aff)",sport
20,"Dalam dua seri terakhir MotoGP 2027, Marc Marquez sukses sapu bersih poin maksimal. Penampilan rider Ducati itu membuat pengamat MotoGP Carlo Pernat menyebutnya seperti makhluk dari Mars.
Marquez menyapu bersih MotoGP San Marino di Misano. Ia meraih kemenangan pada Sprint Race dan balapan utama sehingga mengamankan 37 poin dalam satu akhir pekan.
Hasil tersebut melanjutkan performa apik Marquez pada seri sebelumnya, ketika meraih 37 poin di MotoGP Aragon. Artinya, Marc mengumpulkan 74 poin maksimal dalam dua seri beruntun.
Bagi Pernat, yang membuat Marquez berbeda bukan sekadar kecepatannya. Gaya balap rider asal Spanyol itu dinilai sudah berubah seiring bertambahnya usia dan pengalaman.
Pernat menilai Marquez kini lebih mampu mengendalikan situasi balapan dibandingkan beberapa tahun lalu, tidak lagi terlalu sering mengambil risiko hingga berujung crash. Ia lebih baik dalam membaca kondisi dan mengelola balapan.
""Marquez adalah makhluk Mars. Bahkan seiring bertambahnya usia, dengan semua masalah yang pernah dia alami, dia mampu mengelola balapan dengan cara yang tidak bisa dilakukan pebalap lain,"" ucapnya seperti dilansir Motosan.
""Kita selalu bersulang untuk Marquez. Dalam beberapa Grand Prix terakhir, kita selalu bersulang untuknya, sekarang sudah dua kali berturut-turut. Jika dia adalah Marquez empat atau lima tahun lalu, saya akan mengatakan tidak ada yang seperti dia dalam hal cara dia membalap, meskipun terkadang dia terjatuh.""
""Sekarang, gaya balapnya juga sudah berubah: dia tidak lagi terjatuh, dia mengelola situasi yang dihadapinya. Karena waktu terus berjalan, dia pernah mengalami masalah pada bahu, tetapi dia mampu mengatasi semuanya. Dan dia mengelolanya dengan sangat baik sampai-sampai, dalam tanda kutip, dia membuat pebalap lain terjatuh. Bukan karena dia mendorong mereka, tentu saja.""
Pernyataan Pernat tersebut muncul setelah Marquez tampil dominan di Misano. Ia berhasil mengambil alih posisi terdepan setelah Marco Bezzecchi terjatuh dan kemudian menahan tekanan Jorge Martin sebelum meraih kemenangan.
Marc Marquez kini berada di puncak klasemen MotoGP 2026 dengan 274 poin, sama dengan Jorge Martin tetapi unggul jumlah kemenangan. Kemenangan di Misano menjadi kemenangan GP kelimanya dalam tujuh balapan terakhir.",sport
21,"Persib Bandung mengawali kiprahnya di AFC Champions League Two 2026/202 dengan kemenangan. Maung Bandung mengalahkan FC Seoul 1-0.
Bermain di Seoul World Cup Stadium, Seoul, Korea, Rabu (16/9), Persib langsung unggul cepat atas tuan rumah. Julio Cesar yang bikin gol.
Dari sepak pojok Marc Klok, Cesar menyambutnya dengan sontekan dari sudut sempit. Bola mengarah ke atas gawang dan tak mampu dibendung Kang Hyeonmu. Skor 1-0 untuk Persib.
Tertinggal bikin tuan rumah tersentak. Pasukan Kim Gi-Dong langsung banyak menekan.
Beberapa kali ancaman ditebar, namun penyelesaian akhir jadi kendala. Sementara Persib Bandung juga sempat kembali mengancam lewat Ragnar Oratmangoen, namun urung menambah gol. Hingga jeda, skor 1-0 tetap bertahan.
Di babak kedua, Persib kembali menghadapi gelombang tekanan dari FC Seoul. Banyak ancaman diberikan tuan rumah.
Beberapa kali peluang FC Seoul bisa diredam Teja Paku Alam, yang tampil gemilang di bawah mistar.
Memasuki menit-menit akhir, Persib banyak mengandalkan serangan balik. Situasi itu bikin juara Super League malah banyak menghasilkan momentum bikin gol tambahan.
Di masa injury time, Persib bahkan nyaris bikin gol tambahan andai sepak pojoknya yang berbuah kemelut tak disapu di mulut gawang. Hingga laga tuntas, kemenangan 1-0 akhirnya tetap bertahan.
Hasil ini bikin Persib Bandung mengemas 3 poin pertamanya di AFC Champions League Two. Selanjutnya pasukan Igor Tolic akan melawan The Chong Viettel asal Vietnam, 14 Oktober mendatang.
Susunan Pemain
FC Seoul: Kang Hyeonmu; Lee Sangmin (Yazan Al Arab 59'), Ahn Jae Min, Lee Hando (C), Shin Jiseop (Moon Seon-min 45'); Ko Pilgwan (Son Jeong-Beom 45'), Park Janghangyeol, Kim Minjoon (Jung Ha-Woon 45'); Leonardo Ruiz, Jeong Hyunwoo (Jeong Hyeon-Ung 84'), Cheon Seonghoon (Patryk Klimala 68')
Persib Bandung: Teja Paku Alam; Eliano Reijnders, Gabriel Mutombo, Julio Cesar (Ikhwan Tanamal 56'), Kakang Rudianto, Patricio Matricardi; Adam Alis (Thom Haye 90'), Marc Klok (C) (Dedi Kusnandar 77'); Luka Menalo (Beckham Putra 77'), Ragnar Oratmangoen (Mariano Peralta 68'), Balsa Sekulic (Berguinho 68')
(yna/aff)",sport
22,"Alwi Farhan, Moh Zaki Ubaidillah dan Muhamad Yusuf memetik pelajaran berharga dari Kento Momota. Itu untuk modal tampil di Asian Games 2026.
Tim bulutangkis Indonesia telah menyelesaikan rangkaian pemusatan latihan di Tokyo dan akan bertolak ke Nagoya pada Kamis (17/9) pagi untuk masuk ke perkampungan atlet.
Pada training camp terakhir tim bulutangkis di Tokyo, Momota menjadi mentor sekaligus sparring partner tim tunggal putra Indonesia.
| Baca juga: Ana/Trias Fokus Medali di Asian Games 2026 | 
Tiga dari empat tunggal putra Indonesia yaitu Alwi, Ubed sapaan akrab Moh Zaki Ubaidillah, dan Yusuf, berstatus debutan dan akan menjadi andalan tim bulutangkis di Asian Games Aichi-Nagoya 2026. Selain ada Jonatan Christie.
""Kami tahu Kento Momota sesuperior apa dulu jadi bisa bermain bareng hari ini pastinya senang dan sebuah kehormatan. Pengalaman yang tidak bisa dilupakan,"" kata Alwi dalam keterangan tertulisnya, Rabu (16/9/2026).
""Senang bisa berbagi lapangan dengan dia, tadi juga Momota sempat memberikan evaluasi dan masukan tentang cara main ke saya,"" ucap Ubed.
Bagi Alwi dan Ubed, walaupun ini Asian Games pertama, namun mereka punya pengalaman memperkuat Indonesia untuk ajang dengan persaingan ketat seperti SEA Games, Piala Sudirman, hingga Piala Thomas.
""Pastinya kami bersyukur dan senang juga bisa mewakili Indonesia di Asian Games. Kami ingin memaksimalkan kesempatan yang ada. Ini Asian Games pertama dan dengan hasil kemarin di SEA Games untuk saya dan Ubed cukup meyakinkan jadi ada modal bagus untuk ke multievent yang levelnya lebih tinggi,"" ucap Alwi.
""Persiapan individunya sejauh ini Alhamdulillah cukup lancar. Persiapan bersama tim pun juga berjalan dengan baik. Kami siap untuk bertanding di minggu depan,"" tambah Ubed.
Berbeda dengan Yusuf yang belum punya pengalaman tampil di turnamen besar. Dukungan senior sangat berguna baginya untuk meningkatkan percaya diri.
""Pastinya awal-awal ada groginya tapi dari senior terus mengingatkan buat lebih enjoy saja,"" ucap Yusuf.
""Mereka selalu berpesan untuk menganggap ini seperti turnamen individu saja. Tetap fokus, semangat dan lebih tenang,"" ujarnya.
Asian Games Aichi-Nagoya 2026 cabang bulutangkis bergulir pada 20-24 September (beregu) dan 25-29 September (perorangan) di Ichinomiya City Municipal Gymnasium, Aichi, Jepang.
(mcy/aff)",sport
23,"Tottenham Hotspur akhirnya kembali mencetak gol saat melawan Liverpool di Carabao Cup. Untuk hasilnya, kemenangan tetap belum datang juga.
Spurs melawan Liverpool di Anfield, pada babak ketiga Carabao Cup, Rabu (16/9/2026) dini hari WIB. The Lilywhites kalah 1-3.
Di laga itu, Spurs akhirnya bisa menjebol gawang lawannya, khususnya sesama wakil Premier League. Conor Gallagher yang bikin gol untuk tim tamu.
Gol itu menyudahi paceklik gol Tottenham, sejak terakhir kali merobek gawang lawan ketika melawan Charlton Athletic, 26 Agustus lalu. Setelahnya, empat laga mereka lewatkan tanpa bisa mencetak skor.
Terkait lawan, gol Gallagher juga menjadi yang pertama dicetak Tottenham Hotspur ke sesama wakil Premier League. Setelah lima pertandingan, pasukan Roberto De Zerbi baru bisa bikin gol.
| Baca juga: Gol Gallagher Sempat Bikin Liverpool Panik | 
Meski bisa mengakhiri paceklik golnya, Spurs tetap belum menang melawan wakil Premier League. Setelah terseok-seok di Liga Inggris, tim asal London Utara itu juga kembali dihajar Liverpool.
De Zerbi menyayangkan hasil ini. Sebab, Spurs dinilai selalu tampil mendominasi, namun kepayahan bikin gol dan merebut kemenangan.
""Kami harus lebih sering menembak dan menembak dengan lebih baik. Kami harus lebih baik dalam memanfaatkan peluang-peluang yang jelas,"" katanya, melansir Liverpool Echo.
""Namun, kami menyesal atas hasil ini, kecewa, dan frustrasi. Menurut saya ini tidak adil, tapi kami harus menerimanya dan menjadi lebih kuat dari momen sial ini, karena saya orang yang jujur. Saya selalu jujur pada diri sendiri dan pada kalian.""
""Saya rasa dalam lima atau enam pertandingan terakhir ini, kami memang tidak beruntung, baik saat melawan Newcastle, Everton, bahkan Nottingham, dan juga malam ini.""
""Kami harus memperbaiki banyak hal karena pada gol pertama yang kami kebobolan, kami tidak bertahan dengan cara yang benar, dan pada gol kedua, kami seharusnya bisa lebih dekat dengan Gakpo. Ini adalah momen yang sulit, tetapi kami harus lebih kuat untuk mempersiapkan diri sebaik mungkin menjelang pertandingan berikutnya,"" katanya.
(yna/aff)",sport
24,"Yan Diomande tampil menawan saat Real Madrid menang melawan Elche. Ia seolah menjawab kritik usai sebelumnya tak bikin gol dan assist.
Real Madrid menang dramatis di markas Elche, Estadio Manuel Martinez Valero pada laga lanjutan LaLiga, Rabu (16/9/2026) dini hari WIB. Tim tamu sempat unggul dua gol lewat bunuh diri Matias Dituro dan torehan Kylian Mbappe di babak pertama.
Elche mampu bangkit menyamakan kedudukan selepas jeda. Dua gol tuan rumah lahir lewat Abiel Osorio dan Fe Nino. Carlos Espi muncul sebagai pahlawan kemenangan Los Blancos berkat golnya di menit akhir laga.
Kemenangan ini membawa Madrid ke peringkat kedua klasemen dengan 15 poin. Poin mereka sama dengan Barcelona di puncak yang belum bermain pekan ini.
Yan Diomande jadi penampil terbaik Madrid di laga melawan Elche. Meski tak bikin gol, sayap asal Pantai Gading ini jadi tumpuan serangan El Real dari sisi kanan.
Ia bikin assist untuk gol Mbappe. Dikutip dari WhoScored, pemain 19 tahun ini bikin tujuh dribel sukses dan tiga umpan kunci.
Diomande yang juga bekerja keras saat Madrid kehilangan bola. Ia melakukan dua tekel sukses.
Performa apik Diomande di laga ini seolah menjawab kritik yang dialamatkan kepadanya. Ia banyak dikritik karena sebelum Elche tak bikin dan assist. Padahal, Madrid harus merogok kocek 125 juta euro untuk mendatangkan Diomande dari RB Leipzig musim panas.
Pelatih Madrid, Jose Mourinho, puas dengan performa Diomande di laga ini. Ia menyebut Diomande terus berkembang secara fisik dan kerja sama tim sejak merapat ke Santiago Bernabeu. Mourinho menilai Diomande sebelumnya tak tampil optimal karena masih beradaptasi dengan Madrid.
""Dia terus berkembang. Secara fisik, sudah terlihat bahwa dia memiliki ketahanan yang cukup setelah mendapatkan menit bermain. Pemahamannya dengan rekan-rekan setim juga semakin baik,"" ujar Mourinho dikutip dari situs Madrid.
""Umpan yang dilepaskan Valverde untuk gol kedua-mungkin dia tidak akan bisa melakukannya sebulan yang lalu. Kini, pemahamannya sudah lebih baik. Dia memiliki etos kerja dan kecerdasan yang sangat bagus,"" jelasnya.
(pur/aff)",sport
25,"Pelatih Timnas Jerman, Juergen Klopp kabarnya memilih Marc-Andre ter Stegen jadi kiper nomor satu. UEFA Nations League jadi panggungnya.
Juergen Klopp jadi pelatih baru Timnas Jerman, gantikan Julian Nagelsmann. Klopp mau bangun ulang Timnas Jerman agar berjaya lagi.
Posisi penjaga gawang selama ini diisi oleh Manuel Neuer. Neuer tidak tergantikan, sudah kemas 128 penampilan.
Namun setelah Piala Dunia 2026, Neuer tutup buku bersama Der Panzer. Pelapisnya selama ini adalah Marc-Andre ter Stegen.
Marc-Andre ter Stegen nyatanya tidak banyak mendapatkan menit di Timnas Jerman. Dirinya baru kemas 44 penampilan sejak debut di tahun 2012.
Mirinya, Ter Stegen kebanyakan main di laga-laga uji coba. Ter Stegen belum pernah bermain di Piala Eropa dan Piala Dunia.
Dilansir dari BILD, Juergen Klopp diketahui memilih Ter Stegen untuk kiper nomor satu Jerman. Kiper berusia 34 tahun itu punya jam terbang tinggi.
Ter Stegen pun sedang dipinjamkan Barcelona ke Ajax. Tujuh laga sudah dijalani, dua clean sheet dicatatkan.
Terdekat, ada UEFA Nations League. Jerman masuk Grup B bersama Belanda, Yunani, dan Serbia.
(aff/cas)",sport
26,"Manchester United akan melawan Brighton & Hove Albion dalam laga lanjutan Piala Liga Inggris. Setan Merah mengusung misi kembali ke jalur kemenangan!
Pada akhir pekan lalu, Man United menelan kekalahan 0-1 dari Manchester City di Liga Inggris. The Red Devils kalah kontroversial dari The Citizens, gol Erling Haaland di posisi offside disahkan wasit video assistant referee.
MU sudah menelan dua kekalahan di Liga Inggris musim ini. Sebelumnya, MU kalah 0-2 dari Hull City.
Di babak ketiga Piala Liga Inggris, MU akan melawan Brighton & Hove Albion. Laga itu akan berlangsung di Old Trafford, Kamis (17/9/2026) dini hari WIB.
Man United tak mau menelan kekalahan beruntun di kandang. Manajer MU, Michael Carrick, pun mengusung misi kembali ke jalur kemenangan.
""Derbi Manchester hari Minggu kemarin sangat mengecewakan karena sejumlah alasan. Tetapi sekarang kita harus segera bangkit dan kembali ke jalur kemenangan,"" kata Carrick dikutip dari situs Man United.
""Pertandingan datang silih berganti dengan cepat menjelang jeda internasional minggu depan; kita memiliki skuad yang penuh talenta dengan setiap orang berjuang untuk bermain. Sebagai kelompok pelatih, pemain, dan staf, kami ingin bermain sebanyak mungkin pertandingan musim ini, jadi kita harus melewati pertandingan seperti ini dan memastikan kita terus bersaing di setiap lini.""
""Dukungan kalian pada hari Minggu sangat luar biasa, seperti biasa, dan tidak seorang pun di klub menganggap remeh bahwa kita sekali lagi dapat mengandalkan kalian untuk mendukung tim malam ini,"" kata dia menambahkan.
(cas/yna)",sport
27,"Di tengah viral insiden cepirit pada ajang Hyrox, ada atlet Malaysia mengaku sebaliknya. Ia didiskualifikasi karena pergi ke toilet.
Melansir The Rakyat post, adalah Zarif Zakaria yang kena apes. Atlet Malaysia itu didiskualifikasi dari Hyrox Bangkok, Thailand, bulan lalu.
Gara-garanya, ia mengaku sempat pergi ke toilet sebelum perlombaan dimulai. Zarif jadi agak telat, dan akhirnya malah didiskualifikasi.
Hal itu ia bagikan di media sosial Threads-nya. Ia kesal sebab pada ajang Hyrox Beijing, atlet Joanna Wietrzyk justru diperbolehkan menyelesaikan perlombaan meski cepirit dan kotorannya ke mana-mana.
""Saya kena DQ cuma karena pergi ke toilet sebelum perlombaan. Kok bisa orang ikut lomba saat kena diare dan tidak didiskualifikasi,"" tulisnya.
Zarif juga membagikan foto aksinya di Hyrox Bangkok dan catatan waktunya. Ada keterangan tertulis DQ atau diskualifikasi di catatan waktunya.
Saat disinggung soal alasan kenapa bisa didiskualifikasi, Zarif menjelaskan dirinya memang telat ikut start. Namun, ia tetap mempertanyakan kenapa ada atlet yang mencret dan tetap diperbolehkan ikut lomba.
Unggahan itu ia buat menanggapi insiden viral di Hyrox Beijing akhir pekan lalu. Pemegang rekor dunia, Joanna Wietrzyk, kedapatan berlomba meski cepirit di tengah sesi.
Atlet asal Australia itu mengalami diare hingga mencret di celana, namun tetap melanjutkan race. Kotorannya mengalir di kakinya, dan fotonya viral di media sosial.
Wietrzyk akhirnya bisa menyelesaikan perlombaan, bahkan memenangkannya. Ia kemudian mengunggah foto sedang di rumah sakit, dan menyindir mereka yang mengkritiknya.
Hyrox kemudian disorot karena dianggap mengabaikan protokol kesehatan dan standar perlombaannya. Sempat pasang badan, pendiri olahraga indoor itu, Moritz Furste, akhirnya meminta maaf dan akan mengubah aturan Hyrox gara-gara insiden tersebut.
(yna/pur)",sport
28,"Chelsea terus kebobolan, susah banget clean sheet. Legenda klub, John Terry resah melihatnya.
Chelsea sudah kebobolan sembilan kali dari empat laga awal Liga Inggris musim 2026/27 ini. Chelsea jadi tim terburuk kedua soal kebobolan, setelah Ipswich (10 kali kebobolan) di posisi 10 besar klasemen.
Lebih dari itu, The Blues sudah lama tidak rasakan clean sheet. Sudah 20 laga Liga Inggris, terhitung sejak musim lalu, mereka kebobolan terus.
| Baca juga: Kapan Clean Sheet Chelsea? | 
Legenda klub, John Terry resah melihat pertahanan Chelsea. Terry berpesan, para pemain sebaiknya asah saja hal-hal dasar!
""Ini soal hal-hal dasar yang nyata, yakni melakukan blok, tekel, serta memenangkan duel udara saat sepak pojok atau lemparan ke dalam jarak jauh,"" katanya dilansir dari talkSport.
""Intinya, jauhkan bola sejauh mungkin dari area pertahanan dan pastikan pemain di depan Anda bekerja sekeras mungkin. Itulah dasar-dasar permainan yang sesungguhnya kini jarang terlihat,"" tambahnya.
John Terry pun meminta para pemain Chelsea tidak takut untuk berduel dan melakukan segalanya di atas lapangan. Terry dulunya adalah bek dan kapten yang terkenal ganas, juga masuk dalam skuad sejarah Chelsea yang catatkan rekor kebobolan paling sedikit dengan 15 kali semusim.
""Suporter ingin melihat pemain rela menjatuhkan diri untuk memblok bola, menahan bola dengan kaki, atau membuang bola,"" tegasnya.
""Sering kali saya melakukan tekel atau sundulan krusial dan suporter sangat menyukainya. Itu bisa memicu adrenalin seorang bek dan momen-momen kecil seperti itulah yang perlu tim ini tingkatkan lagi,"" tutup Terry yang menangi lima titel Premier League bersama Si Biru.
(aff/krs)",sport
29,"Dewa United meraih kemenangan 3-1 di kandang Borneo FC. Brace Denilson Junior di menit akhir pastikan kemenangan Banten Warriors.
Borneo FC vs Dewa United berlangsung di Stadion Segiri, Samarinda, pada laga lanjutan Super League 2026/2027, Rabu (16/9/2026). Tim tamu berani tampil menekan di awal laga.
Hasilnya, Dewa United mampu unggul di menit ke-14. Sepakan Denilson Juniro bisa ditepis oleh Kadu Monteiro. Bola muntah langsung disambar Johnathan jadi gol.
Banten Warriors hampir menggandakan keunggulan di menit ke-21. Umpan Carlos Iury mengarah ke Egy Maulana yang tak terkawal di kotak penalti. Sepakan Egy tapi masih bisa ditepis Kadu.
Borneo FC mulai keluar dari tekanan Dewa memasuki pertengahan babak pertama. Tuan rumah mengancam dari situasi bola mati.
Umpan tendangan bebas Juan Villa bisa ditanduk oleh Christian Matheus. Sundulannya tapi masih melebar.
Borneo terus menyerang memburu gol penyama kedudukan. Rodrigo Veranda melepas umpan silang dari sisi kanan bola bisa ditanduk Moussa Diarra di tiang dekat. Sundulannya masih melambang jauh.
Skor 1-0 untuk Dewa United bertahan hingga babak pertama rampung.
Borneo langsung menggebrak selepas jeda. Mereka bisa bikin gol penyama kedudukan di menit ke-49.
Ikhsan Nul Zikrak melepas sepakan dari luar kotak penalti. Tembakannya bikin Sonny Stevens mati langkah.
Laga kemudian berjalan terbuka dengan kedua tim saling serang. Namun, penyelesaian akhir kedua tim kurang baik hingga tak ada peluang emas tercipta baik dari Borneo maupun Dewa.
Pada menit ke-88, Dewa mendapatkan hadiah penalti. Kadu menjegal Taise Marukawa yang lepas dari pengawalan.
Denilson yang maju menjalankan tugasnya dengan baik. Sepakannya ke pojok kiri gawang tak terjangkau oleh Kadu yang sudah bisa membaca arah bola pada menit ke-90.
Marukawa hampir bikin gol beberapa saat kemudian. Kadu masih sigap membendung sepakan mendatar Marukawa.
Sesaat sebelum laga tuntas, Denilson memanfaatkan kesalahan komunikasi antara Kadu dan Christian Matheus. Bola bisa dicuri Denilson untuk bikin keduanya di laga ini pada menit 90+6.
Dewa United menang 3-1.
Kemenangan ini membawa Dewa ke puncak klasemen dengan tujuh poin. Borneo di urutan ke-10 dengan raihan tiga angka.
Susunan Pemain
Borneo FC: Kadu Monteiro; Komang Teguh, Christian Matheus, Iago Pereira Mendonca, Reva Adi Utama; Aditya Warman, Ikhsan Nul Zikrak, Juan Villa, Kablan Davy N'Goma; Rodrigo Varanda, Moussa Diarra.
Dewa United: Sonny Stevens; Johnathan, Djamion Onadewo, Ko Myeong-seok, Moh. Edo Febriansah; Jean Mangabeira, Ivar Jenner, Denilson; Egy Maulana Vikri, Rafael Struick, Carlos Iury.
(pur/pur)",sport
30,"Dejan Fedinansyah/Felisha Alberta Nathaniel Pasaribu memberikan dukungan kepada dua pasangan ganda campuran Indonesia yang tampil di Asian Games 2026. Keduanya tak iri meski kesempatan tampil di multievent Asia belum datang kepada mereka.
PBSI mengirimkan dua pasangan ganda campuran ke Asian Games Aichi-Nagoya 2026 yang berlangsung pada 19 September hingga 4 Oktober. Mereka adalah Amri Syahnawi/Nita Violina Marwah dan Nikolaus Joaquin/Siti Fadia Silva Ramadhanti.
Amri/Nita merupakan pasangan ganda campuran murni. Sementara Joaquin/Fadia merupakan ""pasangan cabutan"" dari sektor ganda putra dan ganda putri. Tapi Dejan tetap memberikan dukungan kepada keduanya.
""Ada harapan lah. Ini juga buat Indonesia kok. Kalau mix double bagus, mau Amri/Nita, Joaquin/Fadia juga kan untuk Indonesia juga. Jadi kita doakan lah buat mereka,"" kata Dejan saat ditemui di Pelatnas PBSI, Cipayung, Rabu (16/9/2026).
Dejan sejatinya juga memiliki keinginan untuk tampil di Asian Games. Apalagi, eks tandemnya, Fadia, kembali bermain di sektor ganda campuran.
Namun, Dejan tak mempermasalahkan komposisi pasangan yang dipilih untuk Asian Games 2026. Ia menilai keputusan tersebut merupakan bagian dari strategi dan tetap ditujukan untuk kepentingan Indonesia.
| Baca juga: Ana/Trias Fokus Medali di Asian Games 2026 | 
""Enggak lah. Ini kan strategi, akhirnya buat Indonesia juga. Belum rezekinya saja,"" lanjutnya soal komposisi pemain.
Dejan tetap menyimpan ambisi untuk tampil di ajang multievent tersebut. Namun, untuk saat ini, ia memilih menatap target yang lebih besar, yakni Olimpiade.
""Pengen lah (main di Asian Games). Semua pasti ingin main Asian Games, cuma kan belum waktunya. Olimpiade? Amin. yang penting Itu saja, dan juara Olimpiade. Amin,"" pungkas Dejan.
(mcy/krs)",sport
31,"Timnas Indonesia menjadi unggulan juara pada ajang FIFA ASEAN Cup 2026. Siapa saja yang dijagokan finis empat besar?
FIFA ASEAN Cup 2026 akan berlangsung pada 24 September sampai 5 Oktober 2026. Indonesia yang akan menjadi tuan rumah Premier Division.
Stadion Utama Gelora Bung Karno dan Stadion Si Jalak Harupat yang akan menjadi venue berlangsungnya pertandingan. Indonesia ada di Grup A bersaing dengan Singapura, Malaysia, dan Bangladesh untuk berebut tiket ke final.
ASEAN Football melakukan analisa tim yang akan menjadi juara FIFA ASEAN Cup 2026. Parameter yang digunakan ada kiprah di Kualifikasi Piala Dunia 2026, ranking FIFA, hasil di kompetisi resmi, kedalaman skuad dan pemain naturalisasi, serta hasil akhir dalam rekaman head-to-head terbaru.
Indonesia disebut mempunyai peluang juara sebesar 27 persen. Menyusul kemudian ada Thailand dengan persentase 23 persen.
Vietnam ada di posisi ketiga dengan persentase juara 14 persen. Sementara itu, Malaysia ada di posisi keempat dengan 14 persen.
Indonesia akan membawa skuad terbaik untuk berlaga di FIFA ASEAN Cup 2026. Jay Idzes kemungkinan besar akan absen karena mengalami cedera.
Pelatih Indonesia, John Herdman, juga mengusung ambisi besar untuk membawa tim Merah Putih juara. PSSI juga menargetkan Timnas juara pada ajang kali ini.
(cas/aff)",sport
32,"Manchester United dinilai sedang membangun skuad secara bertahap. Mantan pemain Setan Merah, Paul Scholes, yang mengungkap pendapat itu.
MU mendatangkan banyak gelandang di musim panas tahun ini. Youri Tielemans, Andrey Santos, dan Carlos Baleba yang dibeli oleh The Red Devils.
Pada musim lalu, Man United sudah membeli banyak pemain depan. Bryan Mbeumo, Benjamin Sesko, dan Matheus Cunha yang sudah dibeli oleh tim Manchester Merah.
Lini belakang kini menjadi pekerjaan rumah yang harus diperkuat Man United. Bek kiri sudah disebut menjadi kebutuhan mendesak untuk diperkuat.
Scholes menilai bahwa Man United memang akan memperbaiki skuad dengan bertahap. Lini belakang dinilai akan menjadi prioritas Man United musim depan.
""Saya pikir mereka melakukannya secara bertahap, begitulah kelihatannya,"" kata Scholes seperti dikabarkan oleh Mirror.
""Mereka membenahi lini serang tahun lalu dan lini serang tampak lumayan. Mereka mungkin masih membutuhkan penyerang tengah kelas atas, saya tidak yakin seberapa besar kepercayaan mereka pada Sesko, meskipun saya pikir dia semakin membaik.""
""Sepertinya mereka membenahi lini tengah tahun ini dan rasanya lini pertahanan kemungkinan besar akan menyusul tahun depan. Saat ini, secara pertahanan, mereka akan selalu kebobolan dalam tim tersebut,"" kata dia menambahkan.
| Baca juga: Manchester United Masih Percaya Carrick | 
(cas/aff)",sport
33,"Bagas Maulana/Apriyani Rahayu tak minder meski harus kembali berjuang dari nol. Mereka menjadi pasangan baru di sektor ganda campuran dan siap menjalankan peran sebagai pelapis Amri Syahnawi dkk.
Seperti diketahui, Pelatih Kepala Ganda Campuran Nova Widianto mengubah komposisi sebagian pemain di sektor ganda campuran. Bagas/Apri pun mulai menjalankan status sebagai tandem sejak September ini.
""Pelatih pasti menginginkan ada pelapis untuk mix double dan kami ingin juga. Sekarang kami juga sudah pure main mix, tak bisa (pindah) ke ganda. Jadi kami mau memaksimalkan itu dan tak ingin menyia-nyiakan pelatih karena sudah dipercaya. Kami ingin membuktikan,"" kata Bagas di Pelatnas PBSI, Cipayung, Rabu (16/9/2026).
Baik Bagas maupun Apri sejatinya bukan atlet baru. Keduanya sudah berpengalaman dan mengoleksi gelar di turnamen besar dari sektor masing-masing, yakni ganda putra dan ganda putri. Bagas pernah menjuarai All England 2022 dan Korea Open 2024. Sementara Apri merupakan peraih medali emas Olimpiade 2020 di Tokyo.
Dengan status sebagai pemain yang sudah senior, matang, dan kenyang pengalaman, bukan tidak mungkin ada rasa minder ketika harus kembali membangun semuanya dari awal. Namun, hal itu tidak dirasakan Bagas/Apri. Pasangan yang sama-sama berusia 28 tahun itu justru melihat tugas tersebut sebagai tantangan baru yang harus dihadapi dengan jiwa petarung.
""Sebenarnya dilihat dari situ sudah matang. Cuma kami harus berpikir kembali lagi jangan berpikir seperti itu. Awal dari ganda putra, ke mix juga, sama harus dari nol lagi. Ini sebenarnya enggak apa-apa sih,"" ujar Bagas.
""Kalau jiwa petarung sih enggak ada begitu. Anggap saja ini tantangan baru. Gas lagi. Lagian masih muda kan,"" ucapnya mantap.
Apri sepakat dengan Bagas. Baginya, keputusan pindah ke ganda campuran merupakan pembuktian bahwa dirinya masih mampu bersaing dan masih banyak hal yang bisa dieksplorasi.
""Ini perubahan baru, tantangan buat saya untuk lebih, kenapa tak diambil karena saya merasa masih bisa. Dari diri sendiri merasa lebih mampu. Masih banyak yang bisa dieksplore, dan saya masih mau belajar lagi. Bagas juga sama ya sudah kita hajar saja,"" kata Apri.
""Challenge sih. Tantangan baru juga buat kami. Kami tak ingin melihat, kami sudah lama nih di sini, sudah senior. Masih muda lah kami,"" tegasnya.
Tak hanya itu, Bagas/Apri juga siap bekerja lebih keras. Sebagai pasangan baru, mereka belum memiliki peringkat di sektor ganda campuran.
""Kalau saya dan Bagas memang harus ekstra karena poin kami tak ada. Jadi harus ekstra banget. Harus benar-benar hasilnya yang baik saja. Yang bagus banget gitu. Bukan bagus saja. Karena modal buat poin kami tahun depan,"" kata Apri.",sport
34,"Manajer Liverpool,Andoni Iraola, puas dengan performa Lewis Koumas saat timnya menang melawan Tottenham Hotspur. Ia tak ragu beri kesempatan Koumas jadi starter.
Liverpool meraih kemenangan 3-1 atas Tottenham Hotspur di Anfield pada ronde ketiga Carabao Cup, Rabu (16/9/2026). Tiga gol Si Merah lahir lewat Alexis Mac Allister, Cody Gakpo, dan Dominik Szoboszlai. Tim tamu cuma bisa membalas lewat Conor Gallagher.
Manajer Liverpool memberi kesempatan kepada sejumlah pemain muda tampil sebagai starter di laga ini. Mereka adalah James McConnell, Lewis Koumas, Trey Nyoni, Rio Ngumoha.
Koumas jadi yang paling mencuri perhatian. Ia bahkan menjadi player of the match di laga ini.
Pemain 20 tahun tersebut tampil menjanjikan sebagai ujung tombak Liverpool. Meski tak bikin gol atau assist, Koumas aktif membuka ruangb dan melakukan pressing.
Dikutip dari WhoScored, Koumas bikin tiga tembakan dan memenangi satu duel. Ia juga mencatatkan satu tekel dan dua sapuan saat Liverpool kehilangan bola. Ia bermain selama 86 menit sebelum digantikan oleh Alexander Isak.
Iraola puas dengan performa Koumas di laga ini. Ia tak ragu memberi kesempatan koumas jadi starter karena sang pemain telah bekerja keras saat latihan.
Iraola tahu betul potensi besar yang dimiliki pemain asal Wales tersebut. Hal ini mengisyaratkan Koumas bakal lebih banyak diberi kesempatan bermain. Koumas total baru tampil selama 13 menit di dua laga Liga Inggris musim ini.
""Saya sudah mengatakannya minggu ini, dan saya punya alasan untuk itu. Dia melakukannya setiap hari dalam latihan. Dia sangat paham apa yang harus dilakukannya dan apa yang dibutuhkan tim,"" ujar Iraola dikutip dari situs Liverpool.
""Selain itu, energi yang ia tunjukkan menular ke pemain lain; saat melihat pemain di lini depan mengerahkan segalanya, Anda seolah terdorong untuk ikut bergerak, melakukan pergerakan tanpa bola, dan mengerahkan intensitas yang sama. Saya sangat senang untuknya,"" jelasnya.
| Baca juga: Gol Gallagher Sempat Bikin Liverpool Panik | 
(pur/aff)",sport
35,"Carlos Espi lagi-lagi selamatkan Real Madrid di Liga Spanyol awal musim ini. Dua kali jadi pemain pengganti, dua kali bikin gol.
Real Madrid hadapi tuan rumah Elche pada lanjutan LaLiga, Rabu (16/9) dini hari WIB. Madrid menang 3-2.
Madrid sempat unggul nyaman 2-0 saat di babak pertama. Tuan rumah samakan kedudukan di tujuh menit akhir, Carlos Espi yang masuk gantikan Trent di menit ke-86 jadi penyelamat.
Espi sambut umpan Mbappe di depan gawang setelah empat menit di lapangan. Sepakan tap-in amankan tiga poin buat El Real.
Carlos Espi sudah cetak dua gol di awal musim ini. Kedua golnya itu jadi penentu kemenangan Real Madrid.
Sebelumnya di laga kontra Espanyol, Espi cetak gol di menit ke-90!
""Saya gembira, serasa jadi orang paling bahagia di dunia,"" kata Espi setelah laga kontra Elche, seperti dilansir dari ESPN.
""Saya terus mau membantu tim dengan cara apapun. Saya tidak membayangkan bisa jadi penentu kemenangan, tapi mimpi saya belum berakhir,"" tegasnya.
Carlos Espi merupakan pemain baru Madrid, dibeli dari Levante. Striker berusia 21 tahun itu baru empat kali main di LaLiga dengan seluruhnya jadi pemain pengganti, total hanya baru bermain 25 menit. Apa Espi bisa terus jadi super sub?
(aff/cas)",sport
36,"Ajang lari bergengsi Alfamart Run 2026 siap digelar di Plaza Parkir Timur Senayan, Gelora Bung Karno (GBK), Jakarta, Minggu (18/10). Gelaran olahraga yang dipadukan dengan ragam hiburan ini diikuti oleh 5.000 peserta terpilih.
Tingginya antusiasme publik terlihat dari jumlah pencari tiket di aplikasi Alfagift dan mekanisme ballot yang sukses menembus angka 3,3 juta orang. Kompetisi lari berskala nasional ini sekaligus menjadi bagian dari kemeriahan perayaan ulang tahun ke-27 Alfamart.
Marketing Director Alfamart Ryan Alfons Kaloh memaparkan ajang olahraga bergengsi ini sengaja dirancang sangat eksklusif.
""Alfamart Run memang kami rancang eksklusif dengan jumlah peserta terbatas. Tahun ini slot kami tambah menjadi 5.000 peserta, namun antusiasmenya jauh lebih besar. Sekitar 3,3 juta orang mengikuti war ticket melalui Alfagift. Artinya, tingginya peminat memang belum sebanding dengan kapasitas yang tersedia,"" papar Ryan pada keterangan tertuilsnya, Rabu (16/9/2026).
Ryan menyebut antusiasme peserta dari berbagai daerah selalu sangat luar biasa setiap tahunnya.
""Peserta Alfamart Run tidak hanya berasal dari Jabodetabek. Pada penyelenggaraan sebelumnya, kami melihat ada peserta yang datang dari Bandung, Yogyakarta, Surabaya, bahkan dari luar Pulau Jawa. Jadi memang antusiasmenya cukup luas,"" ungkap Ryan.
Daya tarik utama perhelatan kelima ini terletak pada goodie bag spektakuler dengan berat mencapai 50 kilogram. Peserta bisa membawa pulang berbagai produk makanan, minuman, hingga kebutuhan rumah tangga senilai lebih dari Rp 4 juta. Tas berukuran jumbo tersebut diproduksi secara khusus dengan menggandeng UMKM Intako Tanggulangin asal Sidoarjo.
""Peserta Alfamart Run bukan hanya mendapatkan pengalaman berlari. Setelah mencapai garis finis, mereka juga membawa pulang goodie bag dengan isi yang cukup banyak, bahkan bobotnya mencapai sekitar 50 kilogram,"" jelas Ryan.
Pihaknya menegaskan buah tangan seberat puluhan kilogram tersebut merupakan bentuk apresiasi tertinggi dari perusahaan untuk para pelari.
""Kami ingin memberikan pengalaman yang lebih bagi 5.000 peserta yang tahun ini berhasil mendapatkan tiket,"" sambungnya.
Alfamart telah menyiapkan total hadiah podium senilai Rp 250 juta bagi 252 pelari tercepat di kategori lomba 5K dan 10K. Terdapat pula pengundian doorprize fantastis berupa dua unit mobil listrik Wuling Aira EV. Perhelatan sport entertainment ini turut dimeriahkan oleh penampilan Padi Reborn hingga Brand Ambassador Ibnu Jamil dan Ririn Ekawati.
Acara ramah lingkungan ini mengusung konsep keberlanjutan lewat penggunaan jersey hasil daur ulang 12 botol plastik. Menteri Pemuda dan Olahraga Republik Indonesia Erick Thohir turut memberikan apresiasinya terhadap penyelenggaraan ini. Alfamart Run dinilai sukses mendorong gaya hidup aktif dan memperluas ekosistem olahraga secara nasional.
(akn/ega)",sport
37,"Manajer Manchester United,Michael Carrick, menegaskan timnya harus move on dari kekalahan di Derby Manchester. MU mencari momentum untuk bangkit melawan Brighton.
Manchester United akan menjamu Brighton & Hove Albion di Old Trafford pada babak ketiga Carabao Cup, Kamis (17/9/2026) dini hari WIB. Setan Merah menyongsong laga ini dengan modal yang kurang apik.
Mereka baru saja kalah menyakitkan dari Manchester City 0-1 di Old Trafford pada Derby Manchester akhir pekan lalu. The Red Devils kalah meski The Citizens bermain dengan 10 pemain sejak menit ke-23. Hal tersebut terjadi usai Phil Foden mendapatkan kartu merah.
Gol tunggal Man City yang diciptakan oleh Erling Haaland juga kontroversial. Haaland dalam posisi offside tapi VAR dan wasit mengesahkan gol tersebut. Badan Wasit Liga Inggris kemudian mengakui bahwa VAR bikin kesalahan menilai Haaland onside.
Kekalahan atas Man City bikin MU terpuruk di peringkat ke-13 Liga Inggris. Mereka baru meraih empat poin.
Manajer MU, Michael Carrick, menegaskan timya harus melupakan kekalahan melawan menyakitkan melawan Man City. MU fokus sepenuhnya meraih kemenangan melawan Brighton.
Kemenangan atas Brighton sangat penting untuk jadi momentum MU bangkit usai buruk di Liga Inggris. Carrick mengakui performa MU belum sesuai harapan di awal musim ini.
""Ya, kita harus melangkah maju. Kita tetap harus mengurus kepentingan kita sendiri dan memenangkan pertandingan. Kita sudah melakukannya-kita telah memenangkan sejumlah pertandingan-dan kita perlu terus melakukannya; saya paham ini adalah musim yang baru. Ini musim yang segar, dan perolehan poin saat ini belum sesuai dengan yang kita harapkan,"" ujar Carrick dikutip dari situs MU.
""Jadi, saya tidak akan mengelak dari kenyataan itu, tetapi yang lebih penting adalah memenangkan pertandingan, mendapatkan kembali perasaan itu, dan membangun kebiasaan menang. Tentu saja, mengatakannya lebih mudah daripada melakukannya, tetapi kita mampu mewujudkannya,"" jelasnya.
| Baca juga: Misi Amorim Bawa Milan Juara Liga Europa | 
(pur/cas)",sport
38,"Pasangan baru ganda campuran Dejan Ferdinansyah/Felisha Alberta Nathaniel Pasaribu akan menjalani tur Eropa dalam waktu dekat. Mereka lapar gelar!
Dejan/Felisha diumumkan menjadi tandem sejak Nova Widianto masuk sebagai pelatih ganda campuran di Pelatnas PBSI. Saat ini, keduanya masih dalam tahap mematangkan chemistry.
""Lebih ke polanya seperti apa, mainnya seperti apa, karena satu sama lain sudah tahu lah cara mix double main. Cuma lebih ke kebiasaannya saja sih. Seperti 'Oh mainnya seperti ini, polanya seperti ini'. Memadukan seperti itunya yang masih harus dicari-cari lagi,"" ujar Dejan saat ditemui di Pelatnas PBSI, Cipayung, Rabu (16/9/2026).
| Baca juga: Ana/Trias Fokus Medali di Asian Games 2026 | 
Bagi Dejan, perubahan pasangan bukan hal baru. Sejak bergabung Pelatnas pada awal Januari 2025, ini menjadi kali keempat ia berganti pasangan.Tiga pasangan sebelumnya yaitu Siti Fadia Silva Ramadhanti, Bernadine Anindya Wardana, dan Apriyani Rahayu.
Ia berharap duetnya dengan Felisha bisa lebih langgeng dan berprestasi.Kendati pada akhirnya, status pasangan baru tersebut membuat keduanya kembali merintis dari awal.
""Harapannya prestasinya jauh lebih dari sebelumnya. Kalau prestasi bagus, ya pasti lama (tandemnya). Ya semoga ini jadi awal mula kebangkitan,"" katanya.
Sementara bagi Felisha, setelah cukup lama absen dari turnamen BWF, dia mengaku sudah sangat lapar untuk kembali bertanding dengan partner barunya. Felisha terakhir kali bertanding di Indonesia Open Juni 2026.
Rencananya, mereka akan tampil Denmark Open mulai 13-18 Oktober dan French Open pada 20-25 Oktober mendatang.
""Saya sudah lapar pertandingan. Lapar. Dalam arti ya seperti, orang lagi kelaparan, maksudnya nafsu banget. Saya kondisinya begitu. Lapar juara? Ya lapar juara bukan lapar pertandingan,"" tegasnya.
Melihat optimisme Felisha, Dejan tak kalah antusias. Dia merasa terpacu dengan semangat rekannya tersebut.
""Ya bagus lah. Dia saja sudah lapar apalagi saya. Saya senang sih bisa main level atas, dikasih lagi kepercayaan di sana. Tujuan saya ke sini adalah ingin cari prestasi. Apalagi ada kesempatan seperti ini, pasti lah, dia lapar, saya mau makan. Kita makan prestasinya,"" ucap Dejan
(mcy/aff)",sport
39,"Timnas Indonesia dipastikan tidak tampil di cabang olahraga sepakbola putra Asian Games 2026. Kenapa Skuad Garuda absen di Asian Games Aichi-Nagoya 2026?
Saat ini pertandingan sepakbola Asian Games 2026 sudah mulai dimainkan, bahkan sebelum seremoni pembukaan Asian Games pada 19 September. Tapi tidak ada nama Timnas Indonesia dalam daftar peserta sepakbola putra.
Lantas, kenapa Timnas Indonesia absen di Asian Games 2026?
Kenapa Timnas Indonesia Tidak Main di Asian Games 2026?
Salah satu penyebabnya adalah perubahan aturan penentuan peserta sepakbola putra untuk Asian Games 2026.
AFC dan Olympic Council of Asia (OCA) menetapkan aturan baru bahwa peserta sepakbola Asian Games 2026 ditentukan berdasarkan negara yang tampil di putaran final Piala Asia U-23 2026. Aturan tersebut berbeda dengan edisi-edisi sebelumnya, ketika negara yang ingin berpartisipasi bisa mendaftarkan diri untuk mengikuti cabang sepakbola Asian Games.
Aturan tersebut berdampak langsung kepada Indonesia yang gagal lolos ke putaran final Piala Asia U-23 2026. Timnas Indonesia U-23 gagal melewati kualifikasi Piala Asia U-23 2026.
Indonesia Gagal Lolos Piala Asia U-23 2026
Pada kualifikasi Piala Asia U-23 2026, Indonesia tergabung di Grup J bersama Korea Selatan, Laos, dan Makau. Garuda Muda pada akhirnya mengoleksi 4 poin dari tiga pertandingan. Indonesia bermain imbang 0-0 melawan Laos, menang 5-0 atas Makau, kemudian kalah 0-1 dari Korea Selatan.
Hasil tersebut membuat Indonesia finis sebagai runner-up Grup J di bawah Korea Selatan yang mengoleksi 9 poin. Status runner-up sebenarnya belum otomatis menutup peluang Indonesia. Sebab, selain 11 juara grup, tersedia tiket untuk empat runner-up terbaik ke putaran final Piala Asia U-23 2026.
Namun, Indonesia tidak masuk empat runner-up terbaik. Empat runner-up yang lolos adalah China, Uzbekistan, Lebanon, dan Uni Emirat Arab. Karena gagal lolos ke putaran final Piala Asia U-23 2026, Indonesia pun tidak mendapatkan tempat di sepakbola putra Asian Games 2026 sesuai aturan peserta yang berlaku.
Bukan Karena Indonesia Memilih Tidak Ikut
Absennya Timnas Indonesia di Asian Games 2026 bukan karena PSSI memilih untuk tidak mengirim tim. PSSI sempat mengupayakan agar Timnas Indonesia tetap bisa tampil.
Komite Olimpiade Indonesia (KOI) juga mengajukan keberatan terkait aturan tersebut. Tapi pada Juni 2026, PSSI memastikan aturan AFC dan OCA tidak berubah sehingga Indonesia harus absen.
Ketua Umum PSSI Erick Thohir memastikan keputusan tersebut berkaitan dengan aturan yang telah ditetapkan OCA dan AFC.
Siapa Saja yang Main di Sepakbola Asian Games 2026?
Sebanyak 15 tim ambil bagian di sepakbola putra Asian Games 2026 dan terbagi dalam empat grup.
Grup A
- Jepang
- Thailand
- Kirgizstan
- Hong Kong
Grup B
- China
- Uni Emirat Arab
- Iran
- Korea Utara
Grup C
- Vietnam
- Uzbekistan
- Filipina
- Kuwait
Grup D
- Korea Selatan
- Arab Saudi
- Qatar
Grup D hanya berisi tiga tim, sedangkan Grup A, B, dan C masing-masing dihuni empat tim.
Kapan Sepakbola Asian Games 2026 Dimulai?
Cabang sepakbola menjadi salah satu olahraga yang sudah mulai dipertandingkan sebelum seremoni pembukaan Asian Games.
Untuk sepakbola putra, pertandingan pertama digelar pada 15 September 2026. Alias beberapa hari sebelum seremoni pembukaan (opening ceremony) Asian Games 2026 baru berlangsung pada tanggal 19 September.
Sementara itu, Asian Games Aichi-Nagoya 2026 secara keseluruhan berlangsung pada 19 September hingga 4 Oktober 2026.
(krs/cas)",sport
40,"Cristiano Ronaldo rasakan kekelahan telak 0-4 dari Al Ain. Terakhir dirasakannya lima tahun lalu, saat berseragam MU.
Al Nassr kalah 0-4 dari tuan rumah Al Ain pada pekan pertama AFC Champions League, Selasa (15/9) malam WIB. Al Ain adalah klub dari UEA.
Cristiano Ronaldo yang main sebagai starter buat Al Nassr tidak berdaya. Al Nassr pun hanya lepas total tiga tembakan sepanjang laga.
Dilansir dari berbagai sumber, Cristiano Ronaldo akhirnya rasakan kekalahan dengan margin gol besar. Sebelum oleh Al Ain, Ronaldo sudah lima tahun lalu kalah dengan skor telak.
Itu ketika Ronaldo masih memperkuat Manchester United di periode keduanya. Tepatnya pada Oktober 2021, MU kalah 0-5 dari Liverpool!
Margin 0-5 adalah kekalahan telak yang pernah dirasakan Ronaldo. Selain dari Liverpool, Ronaldo pernah merasakannya dari Barcelona pada tahun 2010 di LaLiga.
Al Ain menjadi klub kelima yang beri Ronaldo kekalahan 0-4. Sebelumnya ada Atletico Madrid, Barcelona, Brentford, dan Brighton.
(aff/krs)",sport
41,"Grid MotoGP 2027 akhirnya lengkap. Senna Agius resmi naik kelas dari Moto2 ke MotoGP dan akan memperkuat Tech3 KTM mulai musim depan.
Pebalap Australia berusia 21 tahun itu menjadi bagian dari line-up baru Tech3 bersama Luca Marini. Kepastian tersebut sekaligus melengkapi susunan pebalap MotoGP untuk musim 2027.
Agius akan menjalani debutnya di kelas premier pada era baru MotoGP. Mulai musim depan, MotoGP menggunakan mesin 850 cc dan ban Pirelli.
Tech3 KTM resmi mengumumkan Agius sebagai pebalap untuk MotoGP 2027. Rider kelahiran Australia itu mendapatkan kesempatan naik kelas setelah menunjukkan performa kompetitif di Moto2.
Agius sudah mengoleksi empat kemenangan di Moto2. Ia juga menjadi salah satu pebalap yang akan menjalani debut MotoGP pada musim 2027.
| Baca juga: Alex Rins Pensiun dari Balap Motor | 
Selain Agius, ada empat rookie lainnya yang diproyeksikan tampil di MotoGP musim depan. Mereka adalah David Alonso, Dani Holgado, Izan Guevara, dan Nicolo Bulega. Alonso, Holgado, dan Guevara merupakan pebalap yang berasal dari Moto2. Sementara Bulega naik ke MotoGP setelah berkiprah di WorldSBK.
Agius menyambut kepastian tersebut sebagai pencapaian besar dalam kariernya. ""Hari ini, saya sudah mewujudkan sebuah impian jangka panjang: menembus MotoGP,"" kata Agius seperti dilansir Crash.net.
""Saya sudah bekerja keras selama bertahun-tahun untuk mencapai momen ini. Saya sangat berterima kasih kepada Guenther dan seluruh orang di Tech3 yang percaya kepada saya dan memberikan kesempatan ini.""
""Saya tidak sabar membalas kepercayaan mereka. Saya tahu tantangan yang menanti, tetapi saya siap belajar, bekerja keras, dan menjadi versi terbaik dari diri saya bersama tim ini,"" tuturnya.
Agius Masih Berjuang di Moto2
Kepastian promosi ke MotoGP datang ketika Agius masih bersaing di Moto2 2026. Agius sudah empat kali memenangi balapan Moto2. Ia juga meraih pole position untuk Moto2 San Marino di Misano.
Namun, akhir pekannya di Misano berakhir mengecewakan. Agius tersingkir pada Tikungan 1 dan gagal menyelesaikan balapan.
Insiden tersebut juga membuat posisinya di klasemen Moto2 turun ke peringkat keempat dengan 149 poin. Tapi performanya sepanjang musim sudah cukup untuk meyakinkan Tech3 KTM memberinya kesempatan tampil di MotoGP.
Manajer tim Tech3 Nicolas Goyon menyebut Agius memiliki kecepatan dan mentalitas untuk menghadapi tantangan baru di MotoGP.
""Senna telah menunjukkan sepanjang kariernya di Moto2 bahwa dia memiliki kecepatan dan mentalitas untuk menghadapi tantangan baru ini. Dia masih muda, jadi ada banyak potensi yang bisa kami kembangkan bersama, dan kami senang menjadi bagian dari tahap berikutnya dalam kariernya.""
Goyon juga menilai perubahan regulasi MotoGP pada 2027 menjadi tantangan tersendiri bagi seluruh pebalap. MotoGP akan menggunakan mesin 850 cc, sementara Pirelli menjadi pemasok ban menggantikan Michelin.
Menurut Goyon, situasi tersebut juga membuka peluang bagi Tech3 dan Agius untuk membangun sesuatu bersama sejak awal era baru.
""Senna sangat ingin belajar, dia bekerja keras, dan dia sudah menunjukkan bahwa dia mampu bersaing di barisan depan. Kami sangat senang dia bergabung dengan Tech3 dan tidak sabar melihat apa yang bisa kami capai bersama.""
Jadi Satu-satunya Rider Australia
Promosi Agius membuat Australia tetap memiliki wakil di grid MotoGP 2027. Jack Miller dipastikan pindah ke WorldSBK mulai musim depan. Miller telah menandatangani kontrak dengan Yamaha untuk tampil di WorldSBK pada 2027 dan 2028.
Dengan demikian, Agius akan menjadi satu-satunya rider Australia di grid MotoGP musim depan. Kehadirannya juga bertepatan dengan masuknya Adelaide ke kalender MotoGP.
Mulai 2027, Grand Prix Australia akan digelar di Adelaide, menggantikan Phillip Island sebagai tuan rumah.
Daftar Pebalap MotoGP 2027
- Ducati: Marc Marquez, Pedro Acosta
- VR46 Ducati: Fermin Aldeguer, Nicolo Bulega
- Gresini Ducati: Joan Mir, Dani Holgado
- Aprilia: Marco Bezzecchi, Francesco Bagnaia
- Trackhouse Aprilia: Raul Fernandez, Enea Bastianini
- KTM: Fabio Di Giannantonio, Alex Marquez
- Tech3 KTM: Luca Marini, Senna Agius
- Honda: Fabio Quartararo, Diogo Moreira atau David Alonso
- LCR Honda: Johann Zarco, Diogo Moreira atau David Alonso
- Yamaha: Jorge Martin, Ai Ogura
- Pramac Yamaha: Toprak Razgatlioglu, Izan Guevara",sport
42,"Loris Karius dua kali beruntun jadi man of the match di Bundesliga. Sepertinya, inilah momen kebangkitan sang kiper!
Loris Karius jadi man of the match saat Schalke 04 imbangi Bayern Munich 0-0 di Bundesliga pada 5 September. Lalu di 12 September, Karius jadi man of the match lagi saat timnya menang 3-1 atas Union Berlin.
Khusus di laga kontra Bayern, Karius menggila. Enam tembakan yang mengarah ke gawangnya dipatahkan semua!
Loris Karius tampaknya mulai bangkit setelah masa-masa suram. Sebelum gabung ke Schalke 04 pada musim dingin 2025, Karius hanya bermain tujuh kali dari empat musim di tiga klub berbeda!
Titik terendah Karius adalah pada final Liga Champions 2018. Karius jadi kiper Liverpool, hadapi Real Madrid.
Karius lakukan dua kesalahan fatal. Lemparannya diblok Benzema dan jadi gol, tembakan Bale gagal ditepis sempurna.
Karius bahkan mengaku dapat teror setelah laga tersebut. Liverpool lantas meminjamkannya ke tiga klub.
Kontrak Karius habis di Liverpool pada 2022. Sempat ke Newcastle, tapi Karius tidak pernah dipercaya jadi kiper nomor satu.
| Momen Karius kecewa dengan penampilan horornya di final Liga Champions (Foto: Michael Regan/Getty Images) | 
| Baca juga: Lorius Karius 'Hidup' Kembali | 
Loris Karius pun gabung ke Schalke 04 dan bantu timnya promosi ke Bundesliga. Di awal musim ini, kiper berusia 33 tahun itu terus jadi kiper nomor satu.
Akankah musim ini, Karius benar-benar unjuk gigi?
(aff/cas)",sport
43,"Persib Bandung akan dijamu FC Seoul pada laga perdana AFC Champions League (ACL) Two. Maung Bandung akan tampil dengan misi membawa harum sepakbola Indonesia.
Laga yang perdana ACL Two ini akan digelar di Seoul World Cup Stadium, Korea Selatan, Rabu (16/9/2026), pukul 17.00, WIB. Laga ini menjadi ujian bagi Persib menghadapi tim kuat Negeri Ginseng.
Datang sebagai tim tamu, Persib mencoba tidak silau dengan reputasi sang tuan rumah. Gelandang Persib, Marc Klok, berharap timnya bisa menjadi representasi Indonesia yang membanggakan.
""Kami tidak hanya mewakili Persib, tetapi juga membawa nama Indonesia di panggung yang lebih besar. Itulah target yang ingin kami tampilkan,"" kata Klok, dikutip dari laman Persib.
""Kami datang dengan persiapan matang di tengah jadwal yang ketat sebelum dan sesudah laga ini. Namun, di luar padatnya jadwal, kami sangat lapar dan tidak sabar untuk menyajikan pertandingan luar biasa di stadion dan kota yang indah ini,"" ujarnya menambahkan.
Senada dengan Klok, pelatih tim Igor Tolic ingin timnya bisa tampil maksimal. Ini menjadi musim ketiga beruntun bagi Persib mewakili Indonesia di pentas antar klub level 2 Asia.
Igor mengakui bahwa perjuangan Persib di Seoul tidak akan mudah. Dark Red Warriors sudah lebih berpengalaman mentas di ajang seperti ini.
""Kami bangga bisa berada di sini, di tempat bersejarah ini, untuk mewakili Indonesia. Saya berharap kami dapat memainkan pertandingan yang bagus dan membuat para penggemar bangga,"" ucap Igor.
""Kami tahu lawan kami adalah tim yang kuat dan berada di posisi yang bagus di Liga Korea. Kami hanya berharap bisa mempersiapkan pertandingan ini dengan baik dan menampilkan performa terbaik,"" tuturnya.
(mro/aff)",sport
44,"Lionel Messi mau jalani laga perpisahan bersama Timnas Argentina. Messi mau kesempatan itu, karena tidak merasakannya di Barcelona.
Lionel Messi umumkan pensiun dari Timnas Argentina lewat sosial medianya pada Senin (31/8) lalu. Messi sudah capai garis finis, sudah memberikan segalanya buat Tim Tango. Sang ayah, Jorge Mendes yang meninggal dunia turut jadi alasan Messi akhiri karier bersama timnasnya.
Federasi sepakbola Argentina (AFA) menawarkan Lionel Messi laga terakhir alias laga perpisahan. Argentina akan hadapi Benin pada FIFA Matchday sebagai laga uji coba pada 6 Oktober mendatang di Buenos Aires.
""Setelah berbicara dengan AFA terkait laga perpisahannya bersama Timnas Argentina, Messi menyetujuinya,"" tulis ESPN Argentina.
""Messi sangat senang mendapat kesempatan untuk mengucapkan salam perpisahan terakhir kepada para suporter dan penggemar Argentina, yang sungguh layak dia dapatkan,"" sambungnya.
""Terutama, Messi tidak pernah mendapatkan kesempatan serupa saat meninggalkan Barcelona,"" lanjutnya.
Lionel Messi berpisah dengan Barcelona pada tahun 2021. Ketika itu, kontrak Messi habis.
Kabarnya, Messi punya hubungan tidak baik dengan presiden klub saat itu, Joan Laporta. Ditambah situasi sedang pandemi COVID-19, tidak memungkinkan digelar laga perpisahan.
Messi sebenarnya mau banget main di Camp Nou untuk kali terakhir. Apalagi, Messi sangat mencintai Barca dan sudah jadi legenda dengan sederet prestasinya. Sejauh ini, Barca pun kabarnya belum berencana untuk gelar laga perpisahan Messi andai nanti saatnya tiba gantung sepatu di level klub.
(aff/cas)",sport
45,"Jay Idzes Cedera, Ini Potensi Barisan Bek Tengah Indonesia dok.Pool - detikSepakbola Rabu, 16 Sep 2026 14:00 WIB ... Tautan telah disalin Rizky Ridho merupakan salah satu pemain yang bisa mengisi pos yang ditinggalkan oleh Idzes. Bersama Persija, dia tampil oke mengawal pertahanan. (Foto: Istimewa) Justin Hubner menjadi salah satu andalan di pos bek tengah kiri Indonesia. Dia juga berpeluang besar dipanggil John Herdman masuk skuad. (Foto: dok Instagram justinhubner5) Kevin Diks bisa menjadi opsi untuk pos bek tengah kanan Indonesia. Selama ini, dia biasa menjadi fullback kanan. (Foto: Rifkianto Nugroho/detikcom) Mees Hilgers bisa mengisi jantung pertahanan Indonesia. Dia sudah lama tak membela Indonesia karena cedera. (Foto: Getty Images/Kenta Harada) Jordi Amat memang sudah tidak muda lagi, tapi dia bisa menjadi pilihan di jantung pertahanan Indonesia. (Foto: ANTARA FOTO/Sigid Kurniawan) Mathew Baker bisa menjadi tambahan opsi lini belakang untuk Timnas Indonesia. Dia sudah debut pada FIFA Matchday sebelumnya. (Foto: detikcom/Jalu Pamuncar) previous next previous next Jakarta - Bek tengah Timnas Indonesia Jay Idzes mengalami cedera saat membela Sassuolo. Berikut barisan bek yang bisa menjadi andalan Skuad Garuda di FIFA ASEAN Cup 2026. ... Tautan telah disalin timnas indonesia jay idzes fifa asean cup 2026 Lihat lebih banyak",sport
46,"Persib Bandung akan dijamu FC Seoul dalam lanjutan Asian Champions League (ACL) 2. Maung Bandung diprediksi cuma akan kalah tipis dari Dark Red Warriors.
Di Stadion Piala Dunia Seoul, Rabu (16/9/2026), FC Seoul vs Persib berlangsung. Laga itu akan kickoff pada pukul 17.00 WIB.
FC Seoul jelas bukan lawan mudah untuk Persib. Sebabnya, FC Seoul merupakan pemuncak klasemen K League 1 untuk sementara ini.
FC Seoul Lebih Banyak Menang 8 Laga Terakhir
Dalam delapan pertandingan terakhir, FC Seoul lebih banyak memetik kemenangan. Tim asuhan Kim Gi-dong itu memetik sebanyak enam kemenangan, sekali hasil imbang, dan sekali menelan kekalahan.
Dalam tiga pertandingan kandang terakhir di K League 1, FC Seoul selalu menang. Ada enam gol yang dicetak, FC Seoul juga sudah mencatatkan dua clean sheet.
FC Seoul mencatatkan 55 gol dalam 29 pertandingan di K League 1. Mereka merupakan tim paling subur di kasta tertinggi Liga Korea Selatan.
Persib Masih Inkonsisten
Persib masih naik turun dalam dua pertandingan di Super League. Setelah menang atas PSM Makassar 3-1, Pangeran Biru menelan kekalahan 1-2 dari Persija Jakarta.
Pertahanan menjadi pekerjaan rumah yang harus diselesaikan oleh Igor Tolic. Ada tiga gol yang bersarang ke gawang tim asal Kota Kembang itu.
Persib mampu mencatatkan kemenangan dalam pertandingan terakhir di ACL 2. Manila Digger yang dikalahkan Persib.
FC Seoul Unggulan
FC Seoul menjadi unggulan saat melawan Persib. Oddschecker memberi koefisien kemenangan tim tuan rumah di angka 8/13.
Kemenangan Persib ada di koefisien 7/2. Sedangkan hasil imbang FC Seoul vs Persib ada di angka 14/5.
Skor tipis 1-0 untuk kemenangan FC Seoul ada di angka 7/1. Sedangkan kemenangan Persib dengan skor 1-0 ada di angka 14/1.
(cas/aff)",sport
47,"Ganda putri Febriana Dwipuji Kusuma/Meilysa Trias Puspitasari menyatakan siap tempur di Asian Games Aichi-Nagoya 2026. Meski berstatus debutan dan senior, keduanya sepakat menargetkan medali.
Ana/Trias merupakan salah satu pasangan ganda putri yang diturunkan PBSI di multievent terbesar se-Asia empat tahunan tersebut.
""Target ada cuma kita harus fokus satu-satu. Medali,"" kata Trias kepada pewarta di Pelatnas PBSI, Cipayung.
Asian Games tahun ini bakal menjadi pengalaman yang berbeda bagi keduanya. Trias akan melakoni Asian Games pertamanya, sementara Ana sudah yang kedua.
""Persiapan sejauh ini cukup baik. Apa yang perlu diperbaiki, akan terus kami perbaiki setiap hari,"" kata Ana, yang mengaku senang kembali dipercaya tampil di Asian Games.
""Saya senang bisa bermain Asian Games untuk kedua kalinya. Ini benar-benar menjadi kesempatan besar bagi kami untuk menunjukkan yang terbaik,"" lanjutnya.
""Rasanya mungkin lebih senang pertama. Yang kedua, mempersiapkan mainnya mau gimana,"" tambahnya.
Sementara Trias mengaku tidak gugup meski ini Asian Games pertamanya. Pengalaman bermain beregu di SEA Games membuatnya lebih tenang.
""Ini Asian Games yang pertama. Kekuatan. Aku sedang meningkatkan kekuatanku. Aku sudah terbiasa bermain beregu di SEA Games, jadi aku netral saja,"" ungkap Trias.
Keduanya juga saling berbagi demi menjaga kekompakan satu sama lain.
""Kami selalu sharing apa yang perlu diperbaiki, apa yang sudah baik, dan apa yang perlu ditingkatkan. Kami selalu berkomunikasi, tidak hanya dengan Trias, tetapi juga dengan para pelatih kami,"" kata Ana.
Menyoal janji pemerintah terkait bonus Rp3 Miliar bagi peraih emas Asian Games, Ana menyebut hal tersebut sebagai motivasi tambahan. Tapi ia juga tak ingin jadi mengganggu fokus.
""Tentu kita semakin semangat mendengar itu tapi harus lebih fokus dalam mainnya, match per match. Nanti hasil akan mengikuti dengan usaha kita,"" tegasnya.
(mcy/aff)",sport
48,"Tottenham Hotspur kalah 1-3 dari tuan rumah Liverpool di babak ketiga Carabao Cup. Terakhir Spurs menang di Anfield, sudah lama banget, Modric masih main!
Liverpool vs Tottenham Hotspur tersaji di Anfield pada babak ketiga Carabao Cup, Rabu (16/9) dini hari WIB. The Reds menang 3-1.
Gol-gol tuan rumah dicetak oleh Mac Allister, Gakpo, dan Szoboszlai. Gallagher sempat memperkecil ketertinggalan.
Dilansir dari BBC, Tottenham Hotspur menambah panjang catatan nggak pernah menang di Anfield. Terakhir Tottenham menang adalah pada 15 Mei 2011!
Ketika itu, Tottenham menang 2-0 lewat gol Rafael van der Vaart dan Luka Modric. Manajernya adalah Harry Redknapp.
Modric sempat memperkuat Tottenham pada 2008 sampai 2012, kemudian dirinya pindah ke Real Madrid.
| Baca juga: Gol Gallagher Sempat Bikin Liverpool Panik | 
Setelah itu, Tottenham Hotspur tidak pernah menang di kandang Liverpool. Dari 17 pertemuan di seluruh kompetisi, Tottenham kalah 12 kali dan lima kali imbang.
Sudah 15 tahun Anfield begitu angker buat Spurs.
(aff/pur)",sport
49,"Real Madrid memetik kemenangan atas Elche dalam lanjutan Liga Spanyol. Pelatih El Real, Jose Mourinho, menegaskan anak asuhnya butuh istirahat.
Bertanding di Stadion Manuel Martinez Valero, Elche, Rabu (16/9/2026), Madrid menang 3-2 atas Elche. Tiga poin itu diraih Madrid berkat gol pada menit akhir.
Pemain Elche, Matias Dituro, mencetak gol bunuh diri pada menit ke-25 hingga Madrid unggul 1-0. Los Blancos kian menjauh dengan gol dari Kylian Mbappe pada menit ke-33.
Unggul dua gol, Madrid malah lengah. Gawang Madrid yang dikawal Thibaut Courtois dibobol Abiel Osorio dan Fer Nino.
Gol kemenangan Madrid baru tercipta pada menit ke-90+1. Carlos Espi yang menjadi penentu kemenangan.
Mourinho tak mau memarahi anak asuhnya karena sempat membuang keunggulan dua gol. Kini, dia hanya mau memberi anak asuhnya waktu istirahat.
""Mereka butuh istirahat. Besok adalah hari libur. Saya tidak akan mengatakan apa pun di ruang ganti, praktis tidak ada. Besok libur, dan kita akan kembali pada hari Kamis,"" kata Mourinho di situs Real Madrid.
""Jika kami bermain buruk dari menit pertama hingga menit ke-90, kekhawatirannya akan sangat besar. Ketika kami menjalani periode-periode puncak, dengan kualitas luar biasa dan begitu banyak peluang mencetak gol, lalu kami mengalami periode yang tidak proaktif, pasif, penuh penantian, di mana kami menurunkan intensitas, tentu saja itu mengkhawatirkan. Tapi kami menang, dan kredit layak diberikan kepada mereka,"" kata dia menambahkan.
| Baca juga: Vinicius Belum Tampil Sip? Ini Kata Mourinho | 
(cas/aff)",sport
50,"Persib Bandung akan bertandang ke markas FC Seoul pada laga perdana di AFC Champions League 2 (ACL2) 2026/2027. Berikut jadwal FC Seoul vs Persib yang main sore nanti.
Persib Bandung tergabung di Grup E pada babak fase grup ACL 2 2026/2027. Maung Bandung satu grup dengan FC Seoul (Korea Selatan), Melbourne Victory (Australia), dan The Cong-Viettel (Vietnam).
Persib bakal memulai kiprah di ajang ini dengan bertandang ke kandang FC Seoul. Laga FC Seoul vs Persib bakal berlangsung di Seoul World Cup Stadium, sore nanti, Rabu (16/9/2026) pukul 17.00 WIB.
Laga ini bakal berat untuk Persib. FC Seoul saat ini tengah berada di puncak klasemen K League 1 2026.
Klub Ibu Kota Korea Selatan ini hanya sekali kalah dalam tujuh laga terakhir mereka. Sementara, Persib datang ke laga ini dengan modal yang kurang baik.
Pangeran Biru baru saja kalah dari Persija Jakarta 1-2 di Gelora Bung Karno dalam laga bertajuk El Clasico Indonesia pada laga pekan kedua Super League 2026/2027.
Namun, FC Seoul dilaporkan bakal menurunkan pemain lapis kedua pada laga melawan Persib. Hal ini karena mereka ingin fokus untuk meraih gelar K League 1 2026.
Jika FC Seoul memainkan pemain lapis kedua tentu ini jadi keuntungan untuk Persib. Anak asuhan Igor Tolic datang ke Seoul dengan kekuatan terbaik kecuali Uilliam Barros. Barros absen akibat akumulasi kartu.
Jadwal AFC Champions League 2
FC Seoul Vs Persib Bandung
Seoul World Cup Stadium
Rabu, (16/9/2026)
Pukul 17.00 WIB.
(pur/krs)",sport
51,"MotoGP 2026 berlanjut ke Austria akhir pekan ini. Red Bull Ring menjadi arena seri ke-15 musim ini, dengan persaingan perebutan posisi teratas klasemen yang semakin panas setelah Marc Marquez merebut puncak klasemen MotoGP dari Jorge Martin walaupun kedua rider punya poin yang sama.
Marquez untuk pertama kalinya memimpin klasemen MotoGP musim ini setelah meraih kemenangan ganda di Misano, ditambah hasil Jorge Martin yang finis kelima. Hasil itu membuat persaingan klasemen makin sengit dengan kedua rider kini memiliki jumlah poin: 274.
Namun, Marquez berhak berada di posisi teratas karena memiliki jumlah kemenangan balapan utama lebih banyak. Marquez sudah mengoleksi lima kemenangan Grand Prix musim ini, sedangkan Martin baru meraih satu kemenangan.
Martin sebelumnya memimpin klasemen sejak seri Assen. Kini, juara bertahan MotoGP tersebut harus mempertahankan posisinya saat persaingan berlanjut di Red Bull Ring.
GP Austria menjadi balapan kedua secara beruntun di Eropa setelah seri San Marino. Rangkaian MotoGP 2026 kemudian berlanjut ke Jepang sebelum Indonesia menjadi tuan rumah di Mandalika pada Oktober.
Selain persaingan Marquez dan Martin, akhir pekan di Austria juga akan dimulai dengan rangkaian sesi latihan, kualifikasi, Sprint Race, hingga balapan utama.
Jadwal MotoGP Austria 2026
Jumat, 18 September 2026
 14.00 WIB - Moto3 FP1
 14.50 WIB - Moto2 FP1
 15.45 WIB - MotoGP FP1
 18.15 WIB - Moto3 Practice
 19.05 WIB - Moto2 Practice
 20.00 WIB - MotoGP Practice
Sabtu, 19 September 2026
 13.40 WIB - Moto3 FP2
 14.25 WIB - Moto2 FP2
 15.10 WIB - MotoGP FP2
 15.50 WIB - Kualifikasi MotoGP
 17.45 WIB - Kualifikasi Moto3
 18.40 WIB - Kualifikasi Moto2
 20.00 WIB - MotoGP Sprint
Minggu, 20 September 2026
 14.40 WIB - MotoGP Warm Up
 16.00 WIB - Moto3 Race
 17.15 WIB - Moto2 Race
 19.00 WIB - MotoGP Race",sport
52,"Awal musim ini tak berjalan semulus yang diharapkan Manchester United. Legenda MU Paul Scholes mengingatkan perjalanan mereka memang masih panjang.
MU mengawali Premier League musim ini dengan hasil campur aduk. Satu kemenangan, satu hasil seri, dan dua kekalahan sudah melemparkan mereka ke posisi 13 klasemen Liga Inggris.
Kekalahan dari Manchester City akhir pekan lalu turut mengumbar sebuah persoalan. MU tak mampu berbuat cukup banyak meski unggul jumlah pemain sejak menit ke-23.
| Baca juga: Manchester United Masih Percaya Carrick | 
Tujuh gol dibuat sejauh ini, tujuh gol pula masuk ke gawang sendiri. Scholes mengingatkan seharusnya hal ini tak terlalu mengejutkan, mengingat proyek membangun tim ini masih jauh dari kata selesai.
Setelah menambal lini depan pada tahun lalu, tahun ini fokusnya ke memperkuat lini tengah. Ia percaya pertahanan baru dapat giliran tahun depan, itu pun dengan catatan sektor lain masih belum benar-benar terpoles sempurna.
""Saya rasa mereka melakukannya per seksi, itu yang terlihat. Mereka membereskan lini serang tahun lalu dan bagian itu tampak oke. Mereka mungkin masih butuh penyerang top, saya tak yakin seberapa yakin mereka dengan Sesko meski saya sudah merasa dia membaik,"" kata Scholes dikutip Metro.
""Tampaknya mereka menggarap lini tengah tahun ini dan rasanya pertahanan akan dilakukan tahun depan. Pada saat ini, secara pertahanan, mereka akan selalu kebobolan dengan tim itu.""
""Lalu tim juara Premier League mana yang Anda lihat tak punya kiper top? Lammens mungkin saja jadi sosok itu, entahlah, saya rasa itu belum bisa dipastikan. Setelah itu, baru Anda membangun dari lini pertahanan.""
""Bagaimana Arsenal memulai 3-4 tahun lalu, secara pertahanan mereka sudah sangat brilian. Anda butuh kiper kelas dunia juga. Anda ingat Liverpool dengan Alisson, tim-tim City dengan kipernya, Raya di Arsenal. Juga Man United dengan Peter Schmeichel dan Edwin van der Sar.""
(raw/mrp)",sport
53,"Diego Simeone menjagokan Lionel Messi meraih Ballon d'Or 2026. Menurutnya performa La Pulga di Piala Dunia tak bisa dipandang sebelah mata.
Ballon d'Or 2026 telah merilis daftar 30 nominasi. Nama Lionel Messi masuk di antaranya.
Ini menjadi kali ke-17 Lionel Messi masuk nominasi Ballon d'Or. LM10 sudah meraih 8 gelar Si Bola Emas, paling banyak di antara pemain mana pun sepanjang sejarah.
Lionel Messi kini bersaing dengan nama-nama tenar seperti Kylian Mbappe, Lamine Yamal, dan Harry Kane dalam Ballon d'Or 2026. Pelatih Atletico Madrid Diego Simeone menilai Messi layak sekali apabila meraih penghargaan tersebut.
""Messi, tanpa ragu. Setelah Piala Dunia yang ia ikuti dan di usianya sekarang? Messi, tak diragukan lagi,"" kata Simeone, dilansir dari A Bola.
Lionel Messi memang tampil trengginas di Piala Dunia 2026. Dia mencetak 8 gol, berada di peringkat kedua top skor turnamen di bawah Mbappe (10 gol).
Timnas Argentina juga dibawa Messi hingga ke final Piala Dunia 2026. Tim Tango harus puas meraih medali perak setelah dikalahkan Spanyol dalam babak perpanjangan.
🚨🚨🎙️| Diego Simeone on the Ballon d'Or: 
""Ballon d'Or? Messi, without a doubt. After the World Cup he had, and at his age? Messi, without a doubt."" 🐐 pic.twitter.com/hXMdHIF1id
Di level klub Messi juga mentereng. Pemain berusia 39 tahun ini mengantarkan Inter Miami meraih titel MLS 2025.
Messi menyabet top skor MLS dengan 29 gol. Dia juga meraih gelar MVP untuk kedua kalinya secara beruntun, satu-satunya pemain dalam sejarah MLS yang memenangkan 2 gelar MVP berturut-turut.
(bay/mrp)",sport
54,"Real Madrid sempat unggul 2-0, tapi kemudian butuh gol injury time untuk menang. Jose Mourinho menilai timnya bersikap terlalu santai.
Madrid butuh gol injury time untuk menang 3-2 atas Elche, Rabu (16/9/2026) dini hari WIB. Los Blancos sempat unggul 2-0 lewat gol bunuh diri Matias Dituro dan gol Kylian Mbappe di babak pertama.
Tapi mereka lalu membiarkan tuan rumah mengejar di babak kedua melalui Abiel Osorio dan Fer Nino. Skor 2-2 bertahan sampai waktu normal habis dan Madrid beruntung masih sempat mencetak gol di masa waktu tambahan.
Carlos Espi menjadi penentu sekaligus penyelamat muka Madrid pada menit ke-91. Mourinho tanpa ragu menyebut bahwa timnya bersikap terlalu santai dan terlalu cepat menganggap laga sudah berakhir.
| Baca juga: Real Madrid Incar Kobel | 
""Masalahnya tampak jelas buat saya. Lebih sulit untuk mencari tahu sebabnya, tapi mudah untuk memahami bahwa ada pertandingan-pertandingan yang tampak sudah berakhir dan pada akhirnya, itu belum selesai,"" ungkap pelatih kawakan itu.
""Petandingan-pertandingan ketika kami punya tiga, empat, lima peluang untuk mengunci pertandingan dan kami tak melakukannya. Setelah tak melakukannya, tampaknya situasi beranjak dari ringan, karena keadaannya mudah, menjadi tak mengontrol.""
""Sepertinya kami memasuki sebuah dinamika semacam 'Oke, kami tak mencetak gol, kami tak menyelesaikan laga dengan skor 3-0 atau 4-0, tapi sudah selesai kok.' Tampaknya ketika semuanya terasa mudah dan Anda membiarkan keadaan berjalan begitu saja,"" imbuhnya.
(raw/mrp)",sport
55,"Ketua Badan Wasit Profesional Liga Inggris (Pro Ref) Howard Webb menjelaskan terjadinya keputusan keliru gol Erling Haaland. Seharusnya gol ini tak sah.
Laga derby Manchester antara Manchester United vs Manchester City akhir pekan lalu diwarnai dua kontroversi besar. Pertama seputar kartu merah Phil Foden dan kedua adalah gol Erling Haaland.
Pada kejadian pertama, perdebatan berkisar pada apakah Bruno Fernandes seharusnya dikartu merah juga karena jadi pemicu, atau apakah kartu merah Foden berlebihan. Ini pada prosesnya agak tertutupi oleh kejadian kedua, yang memang lebih fatal dan berdampak langsung pada hasil.
Gol Haaland itu diakui badan wasit telah keliru disahkan VAR. Meski Haaland memang berada dalam posisi onside, tapi para petugas VAR kurang jeli mempertimbangkan Enzo Fernandez.
Gelandang Man City itu jelas-jelas dalam posisi offside dan mencoba menyambut bola, meski tak berhasil menyentuhnya. Dalam aturan sepakbola internasional, offside memang bisa terjadi tanpa harus berkontak langsung dengan bola.
Selama ada intensi untuk menyambut bola, maka itu dianggap mengganggu alur permainan. Dalam kasus gol Haaland, Fernandez sudah menyita perhatian bek MU Lisandro Martinez dan kiper Senne Lammens, sehingga Haaland lebih leluasa.
Howard Webb mengakui anak buahnya lalai menganalisis dampak Fernandez secara penuh.
""Keputusan di lapangan itu bukan terhadap Fernandez, melainkan Haaland. Ketika VAR memulai pengecekan, mereka melihat Haaland sebenarnya onside dengan selisih tiga sentimeter,"" ujarnya di Sky Sports.
""VAR menjadi sangat fokus ke Haaland. Dia memastikan ia (Haaland) onside, tapi ketika menjalankan pengecekan melalui APP (attacking possession phase), dia tak benar-benar mengevaluasi dampak penuh Fernandez.""
""Pada momen itu, pandangannya menyempit karena fokus Haaland, tapi anggota timnya bertugas menariknya keluar dari sudut pandang itu. Cuma sayangnya, itu tak terjadi dalam kesempatan ini. Gol ini seharusnya dianulir.""
(raw/bay)",sport
56,"Lionel Messi sudah mengumumkan pensiun dari tim nasional. Kendati demikian, Argentina tetap memanggilnya untuk laga jeda internasional mendatang.
Messi menyatakan pensiun dari Timnas Argentina pada akhir Agustus 2026. Pemain berusia 39 tahun itu mengakhiri kiprahnya di pentas internasional usai membawa Albiceleste ke final Piala Dunia 2026.
Total 207 pertandingan dimainkan Messi sejak debut di Timnas Argentina pada 2005. La Pulga menyumbang 125 gol dan 68 assist, serta mempersembahkan 2 gelar Copa America dan 1 titel Piala Dunia.
2 Pekan setelah Messi mengumumkan pensiun dari tim nasional, Argentina memanggil kembali sang pemain untuk laga persahabatan. Nama Messi jadi salah satu dari 28 pemain Argentina untuk jeda internasional September dan Oktober 2026.
Argentina dijadwalkan melawan Bolivia pada 30 September, Burkina Faso (3 Oktober), dan Benin (6 Oktober). Seluruh pertandingan digelar di Argentina.
Presiden Asosiasi Sepakbola Argentina (AFA) Chiqui Tapia angkat bicara soal pemanggilan Messi. Menurutnya itu dilakukan supaya LM10 dapat mengucapkan selamat tinggal kepada para penggemar Argentina.
Lionel Scaloni's squad list for the upcoming friendlies 🇦🇷 pic.twitter.com/lAnthh9tnQ
— Selección Argentina in English (@AFASeleccionEN) September 15, 2026
""Kepada seluruh penggemar tim nasional Argentina, saya ingin memberi tahu Anda bahwa, setelah percakapan yang kami lakukan dengan pelatih kepala tim nasional senior, Lionel Scaloni, kami telah memutuskan untuk mengundang pemain terbaik di dunia, lambang tim nasional kami, kapten kami, Lionel Andres Messi, agar ia dapat mendapatkan perpisahan yang benar-benar layak ia dapatkan pada tanggal 6 Oktober, di sini di Argentina,"" kata Tapia, dilansir dari AS Diario.
""Dan selanjutnya, setelah menerima persetujuan Lionel, kami akan mengundang semua juara dunia yang berpartisipasi bersamanya di Qatar, agar, bersama keluarga mereka, mereka dapat menemaninya dalam pertandingan yang akan tak terlupakan bagi seluruh penggemar Tim Nasional untuk menyaksikan tarian terakhir pemain terbaik di dunia,"" ujarnya.
(bay/mrp)",sport
57,"Masih sempurna di enam pertandingan pertama, Barcelona menyadari tak bisa terlalu gaspol di awal sebuah maraton. Ada isyarat rotasi lawan Racing Santander.
Barcelona mengukir start impresif dengan memenangi semua enam pertandingan pertama musim ini, lima di LaLiga dan satu di Liga Champions. Tim besutan Hansi Flick itu mencetak 26 gol dan baru kebobolan lima kali.
Rentetan kemenangan di awal musim tersebut membawa Blaugrana ke ambang sebuah rekor. Mereka bisa menjadi tim pertama dalam sejarah klub yang merangkai tujuh kemenangan di semua ajang pada awal musim.
Tapi di lain sisi, ada kesadaran bahwa beban fisik para pemain perlu ditangani sebaik mungkin. Terutama mengingat mereka berambisi melaju sejauh mungkin di seluruh tiga kompetisi.
Flick tak blak-blakan menyebut siapa saja yang akan digilir jatah bermainnya. Tapi sejauh ini Joan Garcia, Xavi Espart, Raphinha, Lamine Yamal, Pau Cubarsi, dan Pedri adalah enam pemain dengan menit bermain terbanyak.
Di lini depan, diperkirakan Karim Adeyemi dan Gabriel Jesus bisa mendapatkan kesempatan main lebih banyak.
""Kami harus mengatur menit bermain tim. Hari ini adalah hari pemulihan dan latihannya tak terlalu keras, dan kita akan lihat besok siapa yang akan bermain dan siapa yang akan mendapatkan lebih banyak waktu bermain atau menitnya dikurangi,"" kata Hansi Flick dikutip Mundo Deportivo.
""Semuanya ingin bermain dan mau berada di susunan starter, tapi kami harus mengaturnya.""
(raw/bay)",sport
58,"Al Nassr menelan kekalahan telak dari Al Ain di AFC Champions League. Cristiano Ronaldo terekam kamera ngambek di lapangan, serta kedapatan membanting lawan.
Kekalahan memalukan didapat Al Nassr pada matchday pertama AFC Champions League, Selasa (15/9/2026) malam WIB. The Global Club keok 0-4 dari klub Uni Emirat Arab Al Ain.
Houssine Rahimi jadi bintang kemenangan Al Ain dengan mencatatkan brace. 2 gol lainnya disumbangkan Soufiane Rahimi dan Giorgos Giaoumakis.
Ronaldo tampil penuh di laga Al Ain vs Al Nassr. Dia mencatatkan 5 shots (1 on target), dan 2 kali terjebak offside.
Aksi emosional ditunjukkan Ronaldo selepas gol pertama Al Ain yang dicetak Houssine Rahimi. Gol ini tercipta dari kesalahan penggawa Al Nassr Saad Al Nasser dalam mengirim bola back-pass.
Ronaldo tampak kesal dengan blunder fatal Al Nasser yang berujung gol lawan. CR7 meluapkan emosinya dengan mengangkat kedua tangan di dekat garis tengah.
Tindakan agresif kembali ditunjukkan Ronaldo dalam satu kesempatan. Pemain berusia 41 tahun itu kedapatan membanting lawan, Matias Palacios, hingga terjatuh dalam posisi tidak memegang bola.
🚨 RONALDO WHY? 😭
Cristiano Ronaldo throws an Al Ain player to the ground for Al-Nassr 😳 pic.twitter.com/lqyIrb2EMW
Video Ronaldo ngambek dan membanting Palacios viral di media sosial. Banyak yang mengecam aksi bintang Timnas Portugal itu dan mengolok-oloknya.
Pelatih Al Nassr Ange Postecoglou angkat bicara soal kekalahan timnya. Dia membela Ronaldo dan menegaskan Al Nassr kalah bukan karena sang pemain, melainkan performa tim yang buruk.
""Ronaldo tidak dapat disalahkan atas beberapa masalah teknis, karena ia adalah bagian dari tim. Al Nassr secara keseluruhan bermain buruk,"" kata Postecoglou, dilansir dari Koora.
(bay/raw)",sport
59,"Manchester United punya dua laga penting ke depan sebelum jeda internasional. Oleh karenanya, rotasi bakal dilakukan saat bertemu Brighton & Hove Albion.
Duel kontra Brighton terjadi pada Babak Ketiga Carabao Cup 2026/2027, Kamis (17/9/2026) dini hari WIB di Old Trafford. Laga yang wajib dimenangi Setan Merah demi menjaga peluang meraih trofi musim ini.
Namun, laga ini tidak akan mudah sekalipun MU bermain di kandang. Sebab mereka masih tidak konsisten penampilannya karena baru menang dua kali dari lima pertandingan di seluruh ajang, termasuk satu kemenangan dari empat laga Premier League.
Situasi ini diperparah dengan jadwal padat sehingga manajer Michael Carrick tidak punya banyak waktu melakukan eksperimen untuk skuadnya. Sebab setelah ini MU harus menghadapi Fulham di kandang lawan 20 September.
Kompetisi libur tiga pekan dulu karena ada jeda internasional sebelum dimulai lagi 10 Oktober saat bertemu Totttenham Hotspur. Itulah mengapa Carrick harus pintar-pintar meracik skuad sambil menjaga kebugaran para pemainnya.
Ada potensi para pemain seperti Andrey Santos, Leny Yoro, Ayden Heaven, Mason Mount, Benjamin Sesko, Shea Lacey, dan Karl Darlow akan dimainkan lawan Brighton.
""Kami harus memutuskan itu memang (rotasi skuad). Saya rasa kami sudah melakukan pergantian itu pekan kemarin setelah main di Liga Champions dan kami juga sedkit melakukan perubahan saat laga berjalan. Itulah keputusannya,"" ujar Carrick seperti dikutip ESPN.
""Sangat penting bagi kami untuk menang dan penting juga menjaga kondisi skuad, membuat para pemain bisa mencapai performa terbaiknya, fit, dan bermain semuanya. Tapi kami pastinya ingin menang di laga hari Rabu ini.""
| Baca juga: Manchester United Masih Percaya Carrick | 
(mrp/raw)",sport
60,"Papua - Mimika Sport Complex menjadi tempat anak-anak menempa kemampuan sepakbola. Di sana, mereka berlatih, belajar, dan mengejar mimpi menjadi pesepakbola profesional
Foto Sport
Dari Mimika, Anak Papua Mengejar Mimpi di Lapangan Hijau
Rabu, 16 Sep 2026 09:45 WIB
Anda menyukai artikel ini
Artikel disimpan",sport
61,"Max Dowman mencetak dua gol untuk membawa Arsenal menang 4-2 di markas Ipswich Town. Mikel Arteta memuji penampilan bocah 16 tahun itu.
Dowman gol pembuka dan gol ketiga Arsenal di markas Portman Road, Rabu (16/9/2026) dini hari WIB. The Gunners pun lanjut ke babak keempat Carabao Cup atau Piala Liga Inggris.
Dua gol itu tercipta lewat pergerakan berani, dengan Dowman merangsek dan ditutup penyelesaian yang tenang. Manajer Arsenal Mikel Arteta puas dengan pertunjukan talenta Dowman, sembari menjelaskan kenapa pemainnya itu belum banyak terlibat di pertandingan.
Laga malam tadi adalah penampilan pertamanya musim ini. Musim lalu ia bermain 11 kali di semua ajang, dengan menit yang masih amat terbatas (310 menit).
""Max itu brilian. Beberapa aksinya membuat perbedaan dan luar biasa. Kami tahu talentanya dan kami harus menjaganya. Lingkungan di sekitarnya itu sangat bagus, jadi selangkah demi selangkah,"" ujar Arteta kepada Sky Sports.
""Dia baru 16 tahun dan kami harus berhati-hati. Kami tak ingin menghentikannya, tapi kami harus mengembangkannya. Kami sepenuhnya sadar dengan apa yang dibutuhkannya dan dia akan punya kesempatan penuh untuk bermain.""
(raw/bay)",sport
62,"Tak bisa dipungkiri bahwa Ducati masih jadi tolok ukur di MotoGP. Lantas, mengapa Fabio Quartararo tak mencoba bergabung dengan tim yang bernaung di Ducati?
El Diablo akan mengakhiri kerja samanya selama delapan tahun dengan Yamaha pada akhir MotoGP 2026. Quartararo telah mengumumkan akan memperkuat Honda pabrikan mulai musim depan.
Kesulitan Yamaha di empat musim terakhir jadi latar belakangnya. Quartararo belum lagi memenangi balapan sejak jadi kampiun di Sachsenring pada 2022 alias empat tahun lalu. Semakin mengecewakan karena Quartararo hanya sekali naik podium (P2) dalam 61 seri terakhir.
Di tengah Yamaha yang jeblok, Ducati justru mendominasi. Para penunggang Desmosedici menyapu bersih empat musim terakhir dengan titel-titel juara dunia yang diraih Francesco Bagnaia (2), Jorge Martin, dan Marc Marquez.
Enam pebalap telah dipastikan akan menunggangi motor Ducati pada 2027. Ducati pabrikan mengandalkan duet Marquez dan Pedro Acosta, sedangkan tim-tim satelit seperti Gresini dan VR46 menandemkan Joan Mir dan Daniel Holgado serta Fermin Adelguer dan Nicolo Bulega berturut-turut.
| Baca juga: Bezzecchi Jatuh Bukan karena Rasakan Tekanan | 
Fabio Quartararo menjelaskan alasannya memilih Honda sekaligus tak mencoba mendapatkan kursi pebalap di tim Ducati. ""Karena kupikir Honda, selama beberapa tahun sampai sekarang, telah menjalani periode di mana mereka ingin juara lagi,"" ujar rider Prancis ini.
""Honda mengerahkan seluruh sumber daya yang mereka punya untuk comeback. Dengan perubahan regulasi, motor-motor baru, dan ban baru, kurasa Honda bisa membuat kejutan dan memproduksi sebuah motor yang sangat kompetitif.""
""Kami pernah bertemu dengan beberapa pabrikan, termasuk Honda. Di pertemuan-pertemuan itu, aku punya banyak sekali pertanyaan, dan tidak hanya menjawab pertanyaan-pertanyaanku, mereka menunjukkan kepadaku banyak hal tentang proyek mereka yang membuatku memutuskan untuk bergabung,"" Quartararo mengatakan kepada Motorsport.
(rin/rin)",sport
63,"Barcelona punya kans memecahkan rekor saat melawan Racing Santander. Tapi Pelatih Barca Hansi Flick meminta timnya untuk tak menjadikan itu fokus.
Barcelona akan menjamu Racing Santander di Camp Nou, Kamis (17/9/2026) dini hari WIB, dalam lanjutan Liga Spanyol. Tim besutan Flick itu menatap kesempatan untuk memecahkan rekor start terbaik.
Blaugrana sudah menyapu bersih enam laga pertama musim ini dan ini menyamai catatan tiga tim dari era sebelumnya. Mereka sejajar dengan tim polesan James Bellamy pada 1929/1930, lalu arahan Ljubisa Brocic pada 1960/1961, dan timnya Ernesto Valverde pada 2018/2019.
Seluruh tiga tim itu gagal memenangi laga yang ketujuh. Maka jika bisa mengatasi Racing Santander, Barcelona-nya Flick akan menjadi yang pertama memenangi seluruh tujuh partai awal musim di semua kompetisi.
Tapi Flick merasa pembahasan soal rekor ini tak terlalu penting. Ia percaya timnya cuma perlu fokus ke meraih kemenangan sebagaimana biasanya.
""Saya bukan tipe yang suka memecahkan rekor dan hal-hal semacam itu. Kami ingin memenangi pertandingan dan itulah yang jadi fokusnya, memenangi laga berikutnya,"" ujarnya dikutip Mundo Deportivo.
""Besok kami punya pertandingan penting di rumah melawan tim yang bermain sangat baik, rasanya sangat menyenangkan melihat mereka bermain. Mereka itu berani, bagus dalam memenangi bola-bola kedua, dan punya kedalaman saat menyerang.""
""Kami harus fokus dan menunjukkan bahwa kami ini lebih baik. Ini tidak akan mudah, tapi kami mampu kok.""
Racing Santander saat ini ada di peringkat 10 LaLiga, mengumpulkan tujuh poin hasil dari dua kemenangan dan satu kali imbang di lima pertandingan.
(raw/mrp)",sport
64,"Liverpool memang harus susah payah mengalahkan Tottenham Hotspur. Namun, secara keseluruhan The Reds nyaris mendekati keinginan sang manajer Andoni Iraola.
Liverpool menghadapi Tottenham di Babak Ketiga Carabao Cup, Rabu (16/9/2026) dini hari WIB. Menurunkan banyak pemain lapis keduanya, Liverpool tampil agresif dengan menciptakan enam peluang dan dua shot on target di babak pertama.
Alexis Mac Allister membawa timnya memimpin pada menit ke-21. Cody Gakpo menggandakan skor di menit ke-54 sebelum Tottenham membalas lewat Conor Gallagher pada menit ke-60.
Gol Gallagher sempat membuat Liverpool dalam tekanan dan beberapa kali tim tamu hampir mencetak gol, sebelum Dominik Szoboszlai memastikan kemenangan 3-1 timnya di masa injury time.
Hasil yang bikin Andoni Iraola selaku manajer senang karena pelan-pelan Liverpool mulai bermain sesuai keinginannya. Sebab boleh dibilang performa Liverpool di liga masih naik-turun karena baru sekali menang dan tiga kali seri.
""Saya rasa laga berjalan dengan fase berbeda-beda. Kami menekan lawan habis-habisan dan unggul, lalu ketika kami unggul, mereka malah bisa menekan kami, khususnya bikin kami kesulitan dari bola mati. Saya rasa kami tampil oke,"" ujar Iraola kepada ITV Sport.
""Saya merasakan energi dan semua pemain menekan lawan, saat kami lagi bagus-bagusnya. Itu mendekati versi yang kami inginkan.""detiksport
(mrp/raw)",sport
65,"Manchester United bakal kehilangan salah satu pemain muda berbakatnya. Dia adalah JJ Gabriel yang ingin meninggalkan klub demi mencari jam terbang.
Nama Gabriel memang melesat musim lalu ketika dia tampil mantap bersama Tim U-18 Setan Merah. Dia membuat 26 gol dan empat assist dari 29 laga yang membuatnya dinobatkan sebagai pesepakbola muda terbaik MU musim lalu.
Dia jadi pemain termuda yang menerima Jimmy Murphy Young Player of The Year. Gabriel juga jadi pemain terbaik Premier League U-18 musim lalu.
Performa itu berlanjut musim ini saat Gabriel bikin lima gol dan dua assist dari tiga pertandingan. Wajar jika Gabriel digadang-gadang bakal jadi bintang masa depan MU.
| Baca juga: Manchester United Masih Percaya Carrick | 
Sayangnya, hal itu bisa gagal terwujud karena Gabriel ingin cabut dari klub. Dikutip The Athletic, Gabriel sudah mengajukan surat pencabutan registrasi dari tim U-18 MU sehingga dia bisa dinyatakan bebas dari kontrak.
Gabriel memang belum mendapat kontrak profesional sehingga dia bisa saja diambil klub lain. Dengan situasi saat ini, maka Gabriel kemungkinan akan mencari klun yang dianggap cocok untuk perkembangan kariernya dan bisa memberinya kesempatan main lebih besar.
Keputusan Gabriel ini mengejutkan MU mengingat tidak ada masalah sama sekali dengan pemain. Bahkan manajer Michael Carrick berencana memasukkan Gabriel ke dalam skuad yang bertemu Brighton & Hove Albion di Babak Ketiga Carabao Cup tengah pekan ini.
Bahkan Gabriel sudah menghapus segala hal soal MU di akun instagramnya, baik foto maupun biografi. Sejumlah klub top Eropa seperti Real Madrid, Barcelona, dan Bayern Munich memang meminatinya.
Awas salah pilih, Gabriel.
(mrp/raw)",sport
66,"Persija Jakarta terusir dari ibu kota saat menjamu Java United. Stadion Kapten I Wayan Dipta menjadi lokasi alternatif, dengan ketentuan laga tanpa penonton.
Persija dijadwalkan menjamu Java United pada pekan ke-3 Super League 2026/2027, Sabtu (19/9/2026). Bersamaan dengan jadwal ini, dua stadion di Jakarta akan digunakan untuk kepentingan lain.
Stadion Utama Gelora Bung Karno (SUGBK) ditutup buat persiapan FIFA ASEAN Cup 2026, sementara Jakarta International Stadium (JIS) di-booking untuk keperluan konser. Panitia Pelaksana (Panpel) Persija akhirnya terpaksa memilih Bali untuk memainkan laga kandang kontra Java.
""Sebenarnya Panpel sudah berupaya menggelar laga ini di Jabodetabek. Stadion Patriot dipastikan tidak bisa karena ada pertandingan Liga 2. Lalu ada opsi kita pindahkan ke Pakansari,"" kata Ketua Panpel Persija Albint Laurent kepada wartawan, Selasa (15/9).
""Teman-teman di Pakansari sebenarnya sudah terbuka untuk Persija bermain di sana. Namun, di Pakansari ada kegiatan lari dan HUT PMI Kabupaten Bogor. Sempat ada opsi bermain di Stadion Sultan Agung. Namun, lampu penerangannya kurang memadai. Akhirnya kami putuskan bermain di Bali. Sempat ada opsi juga di Maguwoharjo tapi cancel karena ada event motor,"" ujarnya menambahkan.
Sudah terusir jauh dari Jakarta, laga di Bali tidak bisa digelar dengan penonton pula. Persija Jakarta harus rela memainkan partai kandang rasa tandang, juga tanpa dukungan dari The Jakmania.
Dijelaskan Laurent, situasi di Bali sedang tidak memungkinkan untuk menggelar laga dengan penonton. Macan Kemayoran terpaksa bermain dalam kesunyian.
""Untuk laga besok disayangkan tidak boleh ada penonton. Bahkan, undangan tamu compliment juga tiak boleh. Dikarenakan ada Pilkades serentak di Gianyar. Yang boleh hadir di stadion sesuai di regulasi. Pertandingan tetap digelar sesuai jadwal,"" ucap Laurent.
(mro/rin)",sport
67,"Penantian panjang Camp Nou untuk menggelar final Liga Champions tuntas sudah. Kandang Barcelona itu akan jadi venue partai puncak UCL pada 2029.
Camp Nou terakhir kali menggelar laga final pada 1999 saat Manchester United mengalahkan Bayern Munich secara dramatis dengan skor 2-1. Dua gol dari Teddy Sheringham dan Ole Gunnar Solskjaer di lima menit akhir laga memastikan titel juara.
Setelah itu, Camp Nou selalu dilewatkan setiap ada partai final UCL. Ditenggarai kondisi stadion yang jadul jadi alasan mengapa Camp Nou tidak dipilih.
Tapi, Camp Nou kini sudah berubah drastis setelah direnovasi sejak 2023 hingga berkapasitas total 105.000 tempat duduk, dari sebelumnya 99.354. Barcelona mulai menggunakan Camp Nou pada November 2025 setelah dua tahun jadi musafir.
Dikutip The Athletic, ini jadi kali ketiga Camp Nou jadi tuan rumah UCL setelah 1999 dan 1989. Sementara untuk final UCL 2028, UEFA sudah memilih kandang Bayern Munich, Allianz Arena, sebagai stadion.
Ini jadi kali ketiga Allianz menggelar final setelah pada 2012 saat Chelsea juara dann 2025 kala Paris Saint-Germain juara.
Dalam rapat Komite Eksekutif di Thessaloniki, Yunani, Selasa (15/9) waktu setempat, UEFA juga menetapkan Groupama Stadium sebagai kandang final Liga Champions wanita 2028 yang berlangjut ke Principality Stadium di Cardiff setahuns setelahnya.
Untuk musim 2026/2027, final UCL digelar di Metropolitano Stadium.
(mrp/bay)",sport
68,"AC Milan akan membuka Liga Europa dengan menjamu Benfica. Pelatih Milan Ruben Amorim menegaskan, timnya berambisi memenangi kompetisinya.
Pertandingan antara Milan vs Benfica akan dihelat di San Siro pada Kamis (17/9) dinihari WIB. Adapun lawan-lawan Rossoneri lainnya di fase liga adalah RB Salzburg, Bournemouth, Ferencvaros, Olympiacos, Sunderland, Levski Sofia, dan Ararat-Armenia.
Dari segi reputasi, Milan jelas salah satu tim unggulan. Ditambah, Amorim punya pengalaman cukup saat menjadi runner-up Liga Europa 2022/2025 bersama Manchester United.
Di musim ini, Amorim tak mau gagal juara lagi. ""Kita sedang membicarakan tentang sebuah kompetisi, dan targetnya sudah pasti untuk juara,"" cetus pelatih muda asal Portugal ini dalam konferensi pers, yang dilansir Milannews.
""Tujuan kami adalah mencapai final. Memang ada banyak tim yang kompetitif: perbedaannya terletak pada kemampuan mengandalkan sebuah skuad yang memang layak disebut tim yang kompetitif,"" lanjut Ruben Amorim.
""Jika Anda termotivasi, saya kira Anda bisa memenangi kompetisi dan pertandingan apapun, ingat-ingat targetnya hanya satu: untuk juara,"" lugas dia.
Amorim pernah berkarier selama enam musim bersama Benfica ketika masih aktif bermain. Juru taktik berusia 41 tahun itu pun sempat jadi opsi pelatih Benfica sebelum menunjuk Marco Silva.
""Ini adalah kesempatan yang krusial, pertandingan pertama Liga Europa. Saya juga punya masa lalu di Benfica, tapi saya ada di sini untuk menang,"" Amorim jelang duel Milan vs Benfica.
(rin/rin)",sport
69,"Kontingen atlet pelajar Jakarta Barat (Jakbar) mengukir sejarah dengan menjadi juara umum Pekan Olahraga Pelajar Provinsi (Porprov) DKI Jakarta 2026. Atas prestasi tersebut, Anggota DPRD DKI Jakarta dari Fraksi PDI Perjuangan, Hardiyanto Kenneth, memberikan apresiasi dan bonus kepada para atlet pelajar peraih medali emas.
Penyerahan bonus dilakukan di Kantor Wali Kota Administrasi Jakarta Barat, Ruang MH Thamrin dan disaksikan Wali Kota Jakarta Barat Iin Mutmainnah, pada Selasa (15/9/2026).
Diketahui, Porprov DKI Jakarta 2026 ini berlangsung dari tanggal 31 Agustus hingga 5 September 2026 di Hall A Gelanggang Mahasiswa Soemantri Brodjonegoro, Jakarta Selatan.
Pada ajang tersebut, Jakarta Barat untuk pertama kalinya mencetak sejarah keluar sebagai juara umum dengan mengoleksi tujuh medali emas, dua perak, dan tujuh perunggu. Jakarta Barat mengungguli Jakarta Timur yang mengoleksi lima medali emas. Posisi berikutnya ditempati Jakarta Selatan dengan lima emas dan Jakarta Utara dengan tiga emas.
Tujuh medali emas Jakarta Barat disumbangkan dari sejumlah cabang olahraga, yakni bola basket beregu putri U-15, bulu tangkis beregu putra U-15 dan U-18, sepak bola beregu putra U-15 dan U-18, serta sepak takraw beregu putra dan putri U-18.
Sebagai bentuk apresiasi, Kenneth memberikan bonus kepada para atlet pelajar peraih medali emas. Besaran bonus disesuaikan dengan jumlah atlet pelajar yang terlibat dalam masing-masing cabang olahraga.
| Anggota DPRD DKI Jakarta, Hardiyanto Kenneth Memberikan Bonus Apresiasi Kepada Para Atlit Pelajar Jakarta Barat Karena Sudah Menjadi Juara Umum Pada Pekan Olahraga Pelajar Provinsi DKI Jakarta 2026 Foto: DPRD DKI | 
Cabang olahraga sepak bola mendapatkan bonus terbesar, yakni Rp18 juta. Bonus tersebut diberikan karena jumlah atlet pelajar dalam tim sepak bola tersebut cukup banyak. Selanjutnya, tim bola basket mendapatkan bonus Rp14 juta, sepak takraw Rp6 juta, dan bulu tangkis Rp5 juta.
""Kenapa saya sangat mengapresiasi olahraga dan kepemudaan? Karena kebetulan saya suka olahraga. Saya masih main basket dan menjabat sebagai ketua umum catur DKI Jakarta (Percasi). Sayang sekali tim basket putranya gagal mendapatkan emas, cuma putri,"" ujar Kenneth dalam keterangannya.
Pria yang akrab disapa Bang Kent itu berharap pemberian bonus tersebut dapat menjadi motivasi bagi para atlet pelajar untuk terus meningkatkan prestasi. Menurutnya, mempertahankan gelar juara umum akan menjadi tantangan yang lebih berat bagi Jakarta Barat pada Porprov berikutnya.
""Ini adalah sebuah awal. Yang paling berat itu adalah mempertahankan, harus di ingat itu. Dan harapan saya tim basket putra tahun depan bisa mendapatkan medali emas. Tradisi ini akan terus saya pertahankan dan konsisten akan terus saya berikan kalau ada kesempatan. Kalau memang bisa diulangi kembali menjadi juara umum akan saya tambahkan lagi bonusnya tahun depan,"" tutur pria yang juga Ketua Umum Percasi DKI Jakarta itu.
Kent juga mengajak para atlet pelajar yang meraih medali perak dan perunggu untuk bisa meningkatkan prestasi dan merebut medali emas pada Porprov selanjutnya.
""Saya berikan tantangan juga kepada para atlet pelajar peraih medali perunggu dan perak agar mereka penasaran dan bisa berjuang untuk merebut medali emas di Porprov selanjutnya tahun depan,"" lanjut Alumni PPRA LXII Lemhannas RI itu.
Tak hanya atlet pelajar, Kent juga memberikan kejutan dengan memberikan bonus tambahan kepada pelatih dan asisten pelatih yang berhasil mengantarkan tim meraih medali emas. Pelatih mendapatkan bonus Rp2 juta, sedangkan asisten pelatih memperoleh bonus Rp1 juta.
""Saya tambahkan apresiasi bonus untuk pelatih Rp2 juta. Asisten pelatih Rp1 juta. Harus di ingat bahwa tanpa pelatih kalian bukan apa-apa. Kebetulan saya bekas atlet, jadi saya tahu pentingnya peran pelatih. Pelatih adalah pelita kita, jadi harus kita hargai,"" pungkas Kepala BAGUNA (Badan Penanggulangan Bencana) DPD PDI Perjuangan Provinsi DKI Jakarta itu.
Sementara itu, Wali Kota Jakarta Barat, Iin Mutmainnah mengapresiasi perjuangan para atlet pelajar yang telah membawa nama Jakarta Barat menjadi juara umum.
""Terima kasih kepada atlet pelajar yang sudah berjuang untuk Jakarta Barat. Saya bangga dengan kalian. Ini perdana dan sejarah mencatatkan Jakarta Barat bisa menjadi juara umum sejak Porprov diadakan pada 2017,"" ujar Iin.
| Anggota DPRD DKI Jakarta, Hardiyanto Kenneth Sedang Memberikan Keterangan Kepada Awak Media Terkait Pemberian Bonus Apresiasi Kepada Para Atlit Pelajar Jakbar Karena Telah Meraih Juara Umum Porprov 2026 di Dampingi Oleh Walikota Jakbar Iin Mutmainnah. Foto: DPRD DKI | 
Iin juga menyampaikan apresiasi kepada Anggota DPRD DKI Jakarta Hardiyanto Kenneth yang telah memberikan bonus kepada para atlet pelajar Jakarta Barat, sebagai bentuk penghargaan atas prestasi yang telah diraih.
""Kami menyampaikan terima kasih dan apresiasi setinggi-tingginya kepada Bang Kenneth yang telah memberikan perhatian dan bonus kepada para atlet pelajar Jakarta Barat. Ini merupakan bentuk dukungan nyata terhadap perjuangan dan prestasi bagi para atlet pelajar,"" sambungnya.
Menurutnya, pemberian bonus tersebut diharapkan dapat menjadi motivasi tambahan bagi para atlet pelajar tersebut untuk terus berprestasi dan mengharumkan nama Jakarta Barat maupun DKI Jakarta dalam berbagai ajang olahraga.
""Bonus ini tentu bukan hanya soal nilai materi, tetapi juga menjadi bentuk penghargaan atas kerja keras, disiplin, dan perjuangan para atlet pelajar ini. Mudah-mudahan ini bisa semakin memotivasi mereka untuk berlatih lebih giat dan meraih prestasi yang lebih tinggi,"" katanya.
Ia juga berharap dukungan terhadap atlet pelajar ini dapat terus diberikan oleh berbagai pihak, sehingga pembinaan olahraga di Jakarta Barat ini bisa semakin berkembang dan mampu melahirkan atlet-atlet berprestasi di tingkat nasional maupun internasional.
Pemberian bonus tersebut disambut positif oleh para atlet pelajar ini. Celine, salah satu atlet basket pelajar putri Jakarta Barat, berharap apresiasi yang diberikan Kenneth tersebut dapat menambah motivasi para atlet pelajar untuk mempertahankan prestasinya.
""Semoga dengan adanya bonus dari Pak Kenneth ini bisa memotivasi para atlet pelajar agar bisa berjuang lebih keras lagi di Porprov berikutnya dan bisa juara umum lagi,"" kata Celine.
(ega/anl)",sport
70,"Nagoya - Nagoya terus bersiap menyambut Asian Games Aichi-Nagoya 2026. Sejumlah venue, hunian atlet, hingga pusat media dipersiapkan menjelang pembukaan 19 September.
Foto Sport
Jelang Pembukaan, Nagoya Berbenah Sambut Asian Games 2026
Rabu, 16 Sep 2026 06:59 WIB
Anda menyukai artikel ini
Artikel disimpan",sport
71,"Andoni Iraola senang melihat penampilan Liverpool saat melibas Tottenham Hotspur. Tapi gol Conor Gallagher diakui sempat bikin The Reds panik.
Liverpool menghadapi Tottenham di Babak Ketiga Carabao Cup 2026/2027 di Anfield, Rabu (16/9/2026) dini hari WIB. Meski menurunkan sejumlah pemain lapis keduanya, Liverpool masih bisa memimpin 2-0 duluan lewat gol-gol Alexis Mac Allister dan Cody Gakpo.
Tottenham sempat memberikan perlawanan usai menipiskan skor lewat Conor Gallagher pada di pertengahan babak kedua. Tapi, Dominik Szoboszlai memastikan kemenangan 3-1 untuk Liverpool yang lolos ke Babak Keempat Carabao Cup.
Hasil yang mengobati kekecewaan Liverpool usai diimbangi Fulham akhir pekan kemarin. Apalagi Liverpool sepanjang laga harus menghadapi tekanan Tottenham yang mendominasi penguasaan bola dan menciptakan lebih banyak peluang, terutama setelah Gallagher mencetak gol.
Tapi, Liverpool mampu bermain agresif untuk meladeni Tottenham dan itu jadi kunci kemenangan.
""Saya senang melihat penampilan tim. Saya rasa ada beberapa kali naik-turun penampilan, tapi secara keseluruhan saya suka melihat semangat mereka. Kai bikin gol tapi saya senang karena kami lolos ke babak berikutnya,"" ujar Iraola seperti dikutip BBC Sport.
""Saya saat unggul 2-0, kami harus mengambil risiko dan menguasai permainan. Kami bertahan baik tapi beberapa kali kecolongan lewat bola mati, lalu mereka bikin gol yang bikin kami tertekan. Beruntung kami bisa mendapatkan gol ketiga dan menuntaskan laga dengan baik.""
(mrp/raw)",sport
72,"Jay Idzes mengalami cedera otot paha saat membela Sassuolo. Kapten Timnas Indonesia itu berpotensi absen dari FIFA ASEAN Cup 2026 demi pemulihan cedera.
Idzes tampil sebagai starter saat Sassuolo mengalahkan Juventus 3-2 di Mapei Stadium dalam laga Serie A, Senin (14/9/2026). Dia ditarik keluar pada menit ke-81 setelah mengalami masalah pada kaki kirinya.
Sassuolo melakukan tes medis kepada Idzes. Hasilnya, eks penggawa Venezia itu didiagnosis mengalami robekan sedang pada otot quadriceps paha kirinya.
Jay Idzes telah memulai program rehabilitasi cederanya. Kendati demikian, Sassuolo belum mengumumkan jangka waktu sang pemain menepi demi pemulihan cedera.
Media Italia Sassuolo News memperkirakan Idzes absen antara satu setengah hingga dua bulan. Pemain berusia 26 tahun itu dipastikan absen saat I Neroverdi menghadapi Monza, Sabtu (19/9) dini hari WIB.
Absennya Idzes jadi kehilangan besar buat Sassuolo. Bang Jay merupakan figur inti lini belakang Sassuolo sejak didatangkan pada 2025.
| Baca juga: Sassuolo Dinilai Rentan Tanpa Jay Idzes | 
Report medico Jay Idzes#ForzaSasol 🖤💚 https://t.co/P4sqz2jlQG
— U.S. Sassuolo (@SassuoloUS) September 15, 2026
Timnas Indonesia turut kena dampak dari cederanya Jay Idzes. Garuda kemungkinan besar tak bisa membawa sang kapten untuk gelaran FIFA ASEAN Cup 2026.
FIFA ASEAN Cup dijadwalkan pada 25 September hingga 5 Oktober 2026, alias pada jeda internasional mendatang. Indonesia menjadi tuan rumah gelaran regional Asia Tenggara itu dan tergabung di Grup A bareng Malaysia, Singapura, dan Bangladesh.
(bay/mrp)",sport
73,"Asosiasi Lari Trail Indonesia (ALTI) DKI Jakarta punya target besar di Pekan Olahraga Nasional (PON) 2028. Mereka ingin membawa pulang lima medali emas.
Oleh karenanya, ALTI DKI mulai mempersiapkan diri menuju PON 2028 dan beberapa ajang bergengsi lainnya itu. Diawali dengan Rapat Kerja Provinsi (Rakerprov) ALTI DKI Jakarta 026-2030 di Aula lantai 4 Kantor KONI DKI Jakarta, Selasa (15/9).
Usai Raker, sedianya akan dilakukan pelantikan Pengurus baru ALTI DKI Jakarta 2026-2030 oleh Ketua Umum PP ALTI Bima Arya Sugiarto.
Tapi, lantaran Bima Arya mendadak mendapat tugas kenegaraan, pelantikan ALTI DKI terpaksa ditunda. Meski begitu, Ketua ALTI DKI, Eko Putro Hadi Prasetyo, menyatakan penundaan pelantikan itu sama sekali tak memengaruhi semangat perjuangan mereka.
Eko mengatakan Rakerprov menjadi momentum untuk memperkuat sinergi organisasi sekaligus menyusun program pembinaan atlet. Menurut Eko, ALTI DKI ingin membangun organisasi yang lebih transparan dan terbuka demi mendukung perkembangan olahraga lari trail di Ibu Kota.
""Rapat kerja tadi berjalan lancar. Kegiatan ini dihadiri oleh Wakil Ketua Umum II KONI DKI Jakarta, kemudian dari bidang organisasi juga hadir. Kami bersama seluruh organisasi dan teman-teman lainnya bersama-sama membangun organisasi ini agar lebih baik ke depannya,"" ujar Eko dalam keterangan kepada media.
Dia menyebut sinergi antarbagian menjadi salah satu kunci dalam menyiapkan atlet-atlet potensial untuk menghadapi berbagai kejuaraan.
""Maksudnya di sini, kami sebagai tim berarti harus bersinergi untuk menyiapkan atlet-atlet kami ke depan agar bisa lebih meningkatkan prestasi. Dalam raker tadi juga ada masukan dari teman-teman bahwa ke depan organisasi harus lebih transparan dan lebih terbuka demi kemajuan ALTI di Jakarta,"" sambungnya.
Dalam waktu dekat, ALTI DKI Jakarta akan menghadapi kejuaraan nasional di Gunung Dempo, Pagar Alam, Sumatera Selatan, Desember nanti. Sebanyak 15 atlet disiapkan untuk tampil dalam ajang tersebut.
""Kami menyiapkan atlet untuk persiapan Kejurnas di Gunung Dempo pada Desember tahun ini,"" tutur Eko.
Tak hanya fokus pada agenda jangka pendek, ALTI DKI juga mulai menyusun kekuatan untuk menghadapi target jangka panjang yakni PON 2028.
KONI DKI Jakarta telah memberikan target kepada ALTI untuk meraih lima medali emas, lima perak, dan empat perunggu pada PON 2028. Mau tak mau ALTI DKI harus berburu dengan waktu untuk mempersiapkan atlet selama dua tahun ke depan.
""Target itu harus kami penuhi karena itu artinya PR buat kami dari Induk yang menaungi kami sehingga harus kami penuhi,"" lanjut Eko.
""Untuk saat ini, dalam waktu dekat kami menyiapkan 15 atlet untuk kejuaraan tersebut. Namun, dalam Rakerprov tadi kami juga sepakat untuk menyiapkan atlet-atlet baru dalam rangka menyambut PON 2028. Kami akan berusaha lebih keras untuk mewujudkan target tersebut,"" pungkasnya.
(mrp/bay)",sport
74,"Erling Haaland resmi jadi top skor Derby Manchester. Haaland memang mengincar rekor gol ini sebelum Manchester City mengalahkan Manchester United.
Bomber Norwegia itu jadi momok MU pada Derby Manchester di Old Trafford, Minggu (13/9). Haaland mencetak gol kontroversial di babak kedua, yang memastikan Man City menang 1-0, sekaligus melanjutkan laju 100 persen di Premier League.
Haaland berarti sudah mengemas sembilan gol ke gawang MU sejak bergabung the Citizens pada musim panas 2022. Mantan bintang Borussia Dortmund itu berarti memecahkan rekor delapan gol di Derby Manchester yang sebelumnya dipegang Sergio Aguero dan Wayne Rooney.
Dari delapan penampilannya melawan Setan Merah di Liga Inggris, Erling Haaland cuma mejan di tiga pertandingan saja. Haaland mengaku sangat bangga dengan rekor golnya di Derby Manchester.
""Aku sudah tahu tentang rekor ini sebelumnya, aku membaca tentang ini, jadi akhirnya ada dalam benakku,"" ungkap striker berusia 26 tahun itu di laman resmi Man City.
| Baca juga: Haaland: Buat Apa Sering-sering Pegang Bola? | 
""Aku sangat bangga bisa mencapainya. Ini adalah sesuatu yang membuatku merasa sangat, sangat senang karena kita semua tahu seberapa istimewanya pertandingan ini. Kurasa pertandingan ini, sejak debutku di Etihad melawan Manchester United, pertandingan ini selalu terasa istimewa,"" Haaland menambahkan.
Erling Haaland sendiri sudah membukukan empat gol dalam empat pertandingan Manchester City di Liga Inggris 2026/2027. Adapun Derby Manchester jilid kedua nanti baru akan dihelat di Etihad pada Maret tahun depan.
(rin/rin)",sport
75,"Manchester United belum tampil meyakinkan di Liga Inggris musim ini. Michael Owen mempunyai saran agar Setan Merah bisa juara Liga Inggris lagi.
Dalam empat pertandingan yang sudah dijalani di Liga Inggris, Man United baru sekali menang. Ipswich Town yang berhasil dikalahkan MU dengan skor 5-2.
Dalam laga lainnya, Man United kalah dari Hull City dan Manchester City, juga imbang melawan Everton. Alhasil, tim asuhan Michael Carrick itu ada di posisi ke-13 klasemen Liga Inggris dengan raihan empat poin.
Lini depan Man United belum menunjukkan performa bagus. Dalam dua pertandingan, pemain depan The Red Devils gagal mencetak gol saat melawan The Tigers dan The Citizens.
Mantan penyerang Man United, Michael Owen, menyarankan tim Manchester Merah untuk membeli penyerang berkelas dunia. Saat ini, Benjamin Sesko dinilai belum mencapai level yang dibutuhkan MU.
""Tentu saja Manchester United memiliki aspirasi untuk kembali menjadi tim terbaik di negeri ini dan menjuarai Premier League. Agar mereka bisa melakukannya, saya sarankan agar mereka membutuhkan seorang penyerang tengah yang merupakan salah satu yang terbaik di dunia.
""Apakah Sesko adalah salah satu dari sepuluh penyerang tengah terbaik di dunia? Tidak, saya rasa tidak. Bagaimana Anda bisa membawanya ke level tersebut? Nah, mungkin Anda bisa lebih sering memainkannya dan memberinya lebih banyak pengalaman. Mungkin itulah jalan ke depannya.""
""Namun, seperti keadaannya saat ini, jika saya yang memilih tim kemarin, saya akan melakukan persis seperti yang dilakukan Michael Carrick. Saya rasa dia tidak akan mengalami malam-malam tanpa bisa tidur,"" kata dia menambahkan.
(cas/rin)",sport
76,"Real Madrid meraih poin penuh saat bertandang ke markas Elche dalam lanjutan LaLiga. Los Merengues menang tipis 3-2.
Jornada keenam Liga Spanyol mempertemukan Elche vs Real Madrid. Pertandingan digelar di Stadion Manuel Martinez Valero, Rabu (16/9/2026) dini hari WIB.
Real Madrid membuka keunggulan pada menit ke-25. Bola tendangan bebas Arda Guler membentur tiang gawang, menyentuh tubuh kiper Elche Matias Dituro, sebelum masuk menjadi gol.
Tim tamu menggandakan keunggulan memasuki menit ke-33. Kali ini giliran Kylian Mbappe yang membobol gawang Elche.
Mbappe mencetak gol tap-in dari umpan tarik Yan Diomande. Real Madrid menjauh 2-0 dan jadi hasil akhir babak pertama.
Elche memperkecil ketertinggalan di babak kedua, tepatnya menit ke-71. Abel Osorio menanduk masuk bola lambung Lucas Cepeda.
Tim tuan rumah menyamakan kedudukan di menit ke-83. Bola sepakan mendatar Fer Nino mengelabui kiper Real Madrid Thibaut Courtois, sekaligus menjadi gol penyeimbang 2-2.
Carlos Espi jadi pahlawan Real Madrid di injury time. Pemain pengganti ini mencetak gol tap-in dari assist Mbappe. Los Blancos menang 3-2 atas Elche.
Hasil ini membawa Real Madrid tetap di urutan kedua klasemen Liga Spanyol dengan 15 poin. Elche mendekam di dasar klasemen dengan 2 poin.
FINAL #ElcheRealMadrid 2-3
🤍 ¡El @realmadrid se lleva la victoria in extremis en #LALIGAEASPORTS! pic.twitter.com/RCZh5hGt2q
Susunan Pemain
Elche: Matias Dituro; Buba Sangare, Federico Redondo, Victor Chust; Tete Morente, Gonzalo Villar, Marc Aguado, Roy Revivo; Martim Neto, Abiel Osorio, German Valera.
Real Madrid: Thibaut Courtois; Marc Cucurella, Dean Huijsen, Ibrahima Konate, Trent Alexander-Arnold; Arda Guler, Aurelien Tchouameni, Federico Valverde, Yann Diomande; Vinicius Junior, Kylian Mbappe.
(bay/mrp)",sport
77,"Milwall gagal mengamankan keunggulan dua gol sebelum bermain imbang 2-2 kontra Middlesbrough 2-2. Elkan Baggott main sebagai pengganti di babak kedua.
Pada pertandingan lanjutan Championship 2026/2027 di Riverside Stadium, Rabu (16/9/2026) dini hari WIB, Millwall secara mengejutkan unggul pada menit ke-11 melalui gol Tairyk Arconte.
Keunggulan tersebut bertambah pada menit ke-36 usai Lyndon Dykes mencatatkan namanya di papan skor. Skor 2-0 bertahan sampai turun minum.
Middlesbrough melakukan pergantian strategi di babak kedua dan langsung memasukkan tiga pemain bertipe menyerang. Hasilnya Middlesbrough bisa memperkecil skor lewat Amario Cozier-Duberry pada menit ke-50.
Baggott dimasukkan pada menit ke-56 untuk memperkuat lini pertahanan. Sayang, lima menit setelahnya, gawang Milwall kebobolan lagi sehingga skor jadi 2-2 gara-gara Will Lankshear.
Baggott nyaris bikin gol pada menit ke-67 andaikan tandukannya meneruskan crossing Zak Sturge tak ditepis Radek Vitek.
Tak ada gol tambahan hingga laga berakhir sehingga kedua tim harus puas dengan satu poin. Baggott selama 40 menit berada di lapangan empat kali membuat umpan ke daerah lawan serta 18 kali menyentuh bola.
Dia memenangi dua kali duel udara pada laga kelimanya di Championship musim ini. Dengan satu poin ini, Milwall tetap di posisi ke-11 klasemen Championship dengan 10 poin dari tujuh laga, sementara Middlesbrough di posisi ketiga dengan 14 poin.
(mrp/bay)",sport
78,"Dua gol cepat membuka jalan Arsenal melenggang ke babak keempat Carabao Cup 2026/2027. The Gunners menang 4-2 atas Ipswich Town dengan Max Dowman cetak brace.
Arsenal bertandang ke Portman Road, Rabu (16/9/2026) dini hari WIB, pada laga babak ketiga Carabao Cup, yang juga dikenal dengan Piala Liga Inggris. Laga baru berjalan tujuh menit saat Max Dowman membuka keunggulan tim tamu.
Dowman mulanya merebut bola di tengah dan mengoper ke Eberechi Eze. Eze mengoper dan diambil lagi oleh Dowman, yang lantas merangsek ke kotak penalti dan mengarahkan bola ke sudut kiri gawang.
GOL! Arsenal menggandakan keunggulan pada menit ke-16. Noni Madueke menerima bola di kotak penalti dan menyelesaikannya ke pojok kiri.
Gol cepat kembali didapat Arsenal pada babak kedua. Mendapatkan bola dari Martin Zubimendi, Dowman dengan tenang menaklukkan kiper dengan sepakan mendatar.
Arsenal sudah memimpin 4-0 pada menit ke-58. Tembakannya dari depan kotak penalti mengenai bagian dalam tiang kiri dan masuk ke gawang.
Tuan rumah membalas satu gol empat menit kemudian. Anis Mehmeti tak terkawal dan mengatasi kiper Kepa Arrizabalaga dengan sepakan ke pojok kiri.
Pada masa injury time, Ipswich membuat satu gol lain dari Chuba Akpom. Tapi gol ini terlalu telat untuk menghadirkan perubahan buat tuan rumah, Arsenal pun menang 4-2 dan lanjut ke babak keempat.
Susunan pemain
Ipswich Town: Walton, Furlong, Kipre, Greaves, Ouattara (Davis 68'), Florentino (Lukic 81'), Nunez, McAteer (Egeli 69'), Mehmeti, Philogene (Clarke 61'), Flemming (Akpom 61').
Arsenal: Kepa, Zubimendi (Ibrahim 85'), Salmon, Gabriel (Konsa 46'), Lewis-Skelly, Guimaraes (Julienne 64'), Merino, Madueke (Odegaard 76'), Dowman, Eze (Tzolis 76'), Gyokeres.
(raw/bay)",sport
79,"Liverpool melaju ke Babak Keempat Carabao Cup 2026/2027. Ini setelah The Reds mengalahkan Tottenham Hotspur 3-1.
Pada pertandingan Babak Ketiga di Anfield, Rabu (16/9/2026) dini hari WIB, Liverpool mencetak gol-golnya lewat Alexis Mac Allister, Cody Gakpo, dan Dominik Szoboszlai. Tottenham sempat memperkecil skor lewat Conor Gallagher.
Liverpool tinggal menunggu lawan dari hasil drawing, Kamis (17/9) dini hari WIB besok atau beberapa saat setelah laga Manchester United vs West Bromwich Albion selesai.
Jalannya laga Liverpool Vs Tottenham
Liverpool melakukan banyak perubahan dalam susunan pemain usai diimbangi Fulham. Hanya Ronald Araujo dan Joe Gomez yang masih diturunkan sebagai starter.
Di lini tengah Trey Nyoni dan Alexis Mac Allister jadi starter. Cody Gakpo, Lewis Koumas, dan Rio Ngumoha diturunkan sebagai trio lini serang.
Liverpool yang berupaya menekan sejak menit awal nyaris kebobolan pada menit ke-11. Tembakan Lucas Bergvall memaksa Giorgi Mamardashvili merenggangkan badan untuk menepis bola.
Liverpool mendapat kans pada menit ke-17 saat Koumas menerima umpan terobosan Rio, sebelum menembak dari sudut sempit yang bisa ditepis Martin Dubravka.
Liverpool membuka keunggulan pada menit ke-21 lewat Mac Allister. Rio menusuk dari sisi kanan dan memberikan umpan tarik yang disambut sepakan first time Mac Allister ke pojok kanan atas.
| Alexis Mac Allister menembak bola ke pojok kiri atas gawang Tottenham Hotspur. (Foto: PA Images via Getty Images/Peter Byrne - PA Images) | 
Setelah unggul, Liverpool lebih nyaman dalam menguasai laga dan tidak membiarkan Tottenham mendapatkan peluang. Skor 1-0 bertahan sampai turun minum.
Masuk di babak kedua, Liverpool bisa menggandakan keunggulan pada menit ke-54. Liverpool dengan sabar mencari celah untuk menembus pertahan Tottenham sebelum Mac Allister memberikan bola kepada Gakpo di sisi kiri.
Gakpo lolos dari kawalan lawan sebelum menembak bola dengan tiang jauh.
| Cody Gakpo membuat gol kedua Liverpool. (Foto: PA Images via Getty Images/Peter Byrne - PA Images) | 
Spurs punya kans untuk bisa mencetak gol pada menit ke-61 lewat Mohamed Kudus yang coba menembak ke tengah gawang tapi bisa ditepis Mamardashvili.
Spurs bisa memperkecil skor pada menit ke-69 saat Mamardashvili gagal mengamankan bola korner sehingga memudahkan Conor Gallagher menanduknya di tiang jauh.
Gol yang membuat Spurs makin bernafsu menyerang Liverpool untuk bisa menyamakan skor. Sementara Liverpool beberapa kali harus kerepotan menghadapi serangan cepat Spurs.
Tapi, Liverpool bisa mengunci kemenangan 3-1 lewat gol Szoboszlai pada menit ke-91. Umpan pendek Gakpo diterima Szoboszlai dengan dada, sebelum melepaskan sepakan voli dari jarak 40 meter yang mengarahkan bola ke pojok kiri atas gawang.
| Liverpool menang 3-1 lewat gol Dominik Szoboszlai. (Foto: REUTERS/Scott Heppell) | 
Liverpool lolos ke Babak Keempat Carabao Cup 2026/2027.
Susunan pemain
Liverpool: Giorgi Mamardashvili; Milos Kerkez, Joe Gomez, Ronald Araujo, Jeremie Frimpong; Alexis Mac Allister, Trey Nyoni; Cody Gakpo, James McConnell, Rio Ngumoha; Lewis Koumas.
Tottenham Hotspur: Martin Dubravka; Destiny Udogie, Marcos Senesi, Tosin Adarabioyo, Archie Gray; Lucas Bergvall, Rodrigo Bentancur; Mathys Tel, Conor Gallagher, Mohammed Kudus; Omar Marmoush.
(mrp/bay)",sport
80,"Ajax memetik kemenangan besar saat menjamu Willem II. Pertemuan Maarten Paes dan Nathan Tjoe-A-On ini berakhir telak 5-1 untuk kemenangan De Godenzonen.
Ajax menjamu Willem II di Johan Cruijff Arena, Rabu (16/9/2026) dini hari WIB, dalam lanjutan Liga Belanda. Ini laga yang mempertemukan dua pemain timnas Indonesia yakni Marten Paes (Ajax) dan bek Nathan Tjoe-A-On (Willem II).
Tuan rumah unggul 2-0 di babak pertama melalui Davy Klaassen dan Julian Brandt. Mereka lantas menjauh dengan gol Viktor Tsygankov dan Oscar Gloukh, lalu dibalas Alessandro Ciranni pada menit ke-76.
Gol Kasper Dolberg tiga menit jelang waktu normal tuntas memastikan Ajax menang 5-1. Baik Paes maupun Nathan Tjo-A-On sama-sama bermain penuh.
Nathan, meski timnya kebobolan lima gol, bermain cukup baik dengan total 11 kontribusi bertahan (7 sapuan, 3 tekel, 1 blok), 1 umpan kunci, dan menciptakan 1 peluang besar. Adapun Paes tak terlalu banyak beraksi, dengan satu aksi menepis dan tiga kali memungut bola.
Dengan hasil ini, Ajax naik ke posisi empat klasemen Liga Belanda dengan 13 poin dari enam pertandingan. Sedangkan Willem II tertahan di peringkat 17 berbekal dua poin.
(raw/mrp)",sport
81,"Emil Audero Mulyadi tampil penuh saat Rayo Vallecano menjamu Espanyol dalam lanjutan LaLiga. Timnya meraih kemenangan tipis 2-1.
Matchday keenam Liga Spanyol menghadirkan duel Rayo Vallecano vs Espanyol . Pertandingan digelar di Estadio Municipal de Butarque , Rabu (16/9/2026) dini hari WIB.
Rayo langsung mencetak goal ketika laga baru berjalan 3 menit. Alvaro Garcia yang mencatatkan namanya di papan skor.
Garcia menyambar masuk ball muntah di tenerh kemelut dalam kotak penalty Espanyol . Lightning memimpin 1-0.
Lightning menggandakan keunggulan pada menit ke-26. Adria Pedrosa mencetak goal dari pelota tendangan dari sudut sempit. Skor 2-0 untuk Rayo bertahan hingga babak pertama berakhir.
Espanyol memperkecil ketertinggalan selepas turun minum, tepatnya menit ke-54. Roberto Fernandez membobol gawang Emil Audero dengan ball tembakan dari sisi kiri serangan.
Penyelamatan gemilang draw Emil Audero pada menit ke-58. Kiper Timnas Indonesia ini menepis pelota sepakan on target jarak jauh Clemens Riedel.
KARTU MERAH! Espanyol bermain dengan 10 pemain di injury time. El Hilaili mendapat kartu merah langsung dari wasit akibat handball dalam posisi bek terakhir di pertahanan.
Tim tamu gagal mengejar ketertinggalan di sisa waktu yang ada. Skor 2-1 untuk Rayo Vallecano jadi hasil akhir pertandingan.
Emil Audero tak tergantikan sepanjang laga Rayo vs Espanyol. Dia mencatatkan 3 saves, salah satunya menggagalkan tembakan Bryan Zaragoza di kotak penalti.
Hasil ini membawa Rayo ke posisi 12 klasemen sementara Liga Spanyol dengan 7 poin. Espanyol tertahan di urutan kedelapan dengan 7 poin.
FINAL #RayoEspanyol 2-1 
¡El @RayoVallecano suma una nueva victoria en #LALIGAEASPORTS! ❤️ pic.twitter.com/uy4rEBWfry
Susunan Pemain
Rayo Vallecano: Emil Audero Mulyadi ; Andrei Ratiu , Florian Lejeune , Mujaid Saddick , Adria Pedrosa ; Pedro Diaz , Pathe Ciss , Unai Lopez; Giorgi Tsitaishvili , Sergio Camello , Alvaro Garcia.
Espanyol: Marko Dmitrovic ; Roger Hinojo , Leandro Cabrera, Clemens Riedel , El Hilali ; Gonzalez de Zarete , Gabriel Moscardo , Quilindschy Hartman, Javi Hernandez, Rafael Bauza ; Roberto Fernandez.
(bay/raw)",sport
82,"Al Nassr tak berdaya saat menghadapi tim Uni Emirat Arab Al Ain di laga AFC Champions League. Cristiano Ronaldo cs tumbang 4 gol tanpa balas.
Matchday pertama AFC Champions League mempertemukan Al Ain vs Al Nassr. Pertandingan digelar di Hazza bin Zayed Stadium, Selasa (15/9/2026) malam WIB.
Al Nassr membawa skuad terbaiknya di laga ini. Cristiano Ronaldo, Joao Felix, dan Sadio Mane dimainkan sebagai starter.
Al Ain yang berhasil membuka keunggulan pada menit ke-25. Houssine Rahimi membuat gempar publik Hazza bin Zayed dengan golnya.
Rahimi memanfaatkan kesalahan pemain Al Nassr Saad Al Nasser dalam mengirim backpass ke kiper. Bola berhasil direbutnya dan ditembak masuk ke gawang melewati sela-sela kaki kiper Nawal Al Aqidi.
Al Nassr gagal menyeimbangkan kedudukan hingga turun minum. Babak pertama berakhir untuk keunggulan Al Ain 1-0.
BRACE! Al Ain menambah gol selepas turun minum, tepatnya menit ke-63. Houssine Rahimi mencetak gol keduanya ke gawang Al Nassr.
Permainan bola-bola pendek Al Ain berakhir dengan gol tap-in Rahimi dari assist Alejandro Romero. Tim tuan rumah menjauh 2-0.
Al Ain kembali mencetak gol di menit ke-74. Kali ini giliran Soufiane Rahimi, abang dari Houssine Rahimi, yang membobol gawang Al Nassr dari assist Romero.
Gol keempat Al ain tercipta memasuki menit ke-85. Giorgos Giakoumakis bermain satu-dua dengan Soufiane Rahimi sebelum menendang bola masuk ke gawang.
Al Nassr tak mampu mencetak gol hiburan di sisa waktu yang ada. Laga tuntas untuk kemenangan Al Ain 4-0.
Cristiano Ronaldo tak tergantikan sepanjang laga. CR7 mencatatkan 4 shots (1 on target) dan 2 kali terjebak offside.
Susunan Pemain
Al Ain: Khalid Eisa; Valentino Lazaro, Yahya Ben Khaleq, Djordje Skoko, Rafael Rodrigues; Alejandro Romero, Abdoul Traore, Matias Palacios; Houssine Rahimi, Soufiane Rahimi.
Al Nassr: Nawaf Al Aqidi; Inigo Martinez, Abdulelah Al Amri, Mohamed Simakan, Nawaf Boushal; Saad Al Nasser, Abdullah Al Khaibari, Samu Costa, Sadio Mane; Joao Felix, Cristiano Ronaldo.
(bay/mrp)",sport
83,"Lamine Yamal mengakui, Barcelona terobsesi memenangi Liga Champions musim ini. Barca punya skuad yang mumpuni untuk mencapainya.
Barca sedang menjalani puasa gelar Eropa selama lebih dari satu dekade. Terakhir kalinya Blaugrana jadi kampiun Liga Champions pada 2015 ketika masih diperkuat trisula legendaris; Lionel Messi-Neymar-Luis Suarez.
Sampai kini laju Barcelona hanya mentok di semifinal. Meskipun, tidak dipungkiri, Barca jadi salah satu favorit juara dalam beberapa musim terakhir khususnya sejak dilatih Hansi Flick.
Superstar Barca Lamine Yamal percaya bahwa justru keliru apabila timnya tidak menargetkan titel Liga Champions 2026/2027. Yamal turut menyinggung puncak kejayaan Barca yang pernah tercapai di era Pep Guardiola.
""Kurasa terobsesi dengan juara Liga Champions itu hal yang bagus,"" ungkap dia kepada Movistar. ""Pada akhirnya, kami adalah Barca, dan Barca pernah punya masa ketika mereka jadi tim terbaik dalam sejarah dan memenangi Liga Champions.""
""Kami punya skuad untuk mencapainya kok, dan akan sangat pengecut buat kami jika tidak meyakini bahwa kami akan memenangi Liga Champions musim ini,"" pemain internasional Spanyol itu menambahkan.
Barcelona menang meyakinkan atas Feyenoord 5-1 di laga Liga Champions pertamanya. Selanjutnya, Lamine Yamal dkk akan bertandang ke Galatasaray di matchday kedua pada bulan depan.
(rin/krs)",sport
84,"Philippe Coutinho akhirnya mendapatkan klub baru juga setelah setengah tahun lebih menganggur. Coutinho akan main bareng Neymar di Santos.
Coutinho terakhir kali bermain untuk Vasco Da Gama sebelum putus kontrak pertengahan Februari. Padahal Coutinho masih punya sisa masa tinggal sampai musim panas lalu.
Coutinho kala itu merasa tidak dihargai oleh Vasco sehingga mentalnya terganggu dan memilih istirahat dulu. Padahal Coutinho tampil apik dengan 17 gol dan 8 assist dari 81 laga bersama Vasco.
Setelah tujuh bulan tanpa klub, Coutinho memutuskan kembali merumput. Coutinho memutuskan untuk gabung Santos dengan kontrak sampai akhir musim.
Dia akan bermain bareng lagi dengan sahabatnya Neymar yang sudah bermain di sana sejak tahun lalu.
Untuk merayakan reuni tersebut, Coutinho mengunggah foto dia bareng Neymar saat masih kanak-kanak dan di masa sekarang. Ini kali pertama Neymar dan Coutinho main bareng.
""Ini seperti mimpi, tolong jangan bangunkan saya,"" ujar Coutinho dalam video yang diunggah akun instagram Santos.
Coutinho meninggalkan Brasil pada 2010 usai dibeli Inter Milan dari Vasco. Dua tahun di Serie A, Coutinho pindah pada Januari 2013 ke Liverpool untuk menaikkan kariernya di sana.
Barcelona lantas membelinya pada Januari 2018 dengan banderol 140 juta euro, tapi kariernya gagal. Setelah itu Coutinho sempat bermain di Bayern Munich, Aston Villa, dan Al Duhail.
| Baca juga: Siapa yang Mau Coutinho? | 
(mrp/raw)",sport
85,"Kontingen atlet pelajar Jakarta Barat baru saja menjuarai Pekan Olahraga Pelajar Provinsi (Popprov) DKI Jakarta 2026. Bonus pun diberikan kepada para juara.
Popprov DKI Jakarta berlangsung 31 Agustus-5 September di Hall A Gelanggang Mahasiswa Soemantri Brodjonegoro, Jakarta Selatan.
Jakbar untuk pertama kalinya mencetak sejarah keluar sebagai juara umum dengan mengoleksi tujuh medali emas, dua perak, dan tujuh perunggu. Jakbar mengungguli Jaktim yang mengoleksi lima medali emas. Posisi berikutnya ditempati Jaksel dengan lima emas dan Jakut dengan tiga emas.
Tujuh medali emas Jakarta Barat disumbangkan dari sejumlah cabang olahraga, yakni bola basket beregu putri U-15, bulu tangkis beregu putra U-15 dan U-18, sepakbola beregu putra U-15 dan U-18, serta sepak takraw beregu putra dan putri U-18.
Atas prestasi tersebut, Anggota DPRD DKI Jakarta dari Fraksi PDI Perjuangan, Hardiyanto Kenneth, memberikan apresiasi dan bonus kepada para atlet pelajar peraih medali emas.
Penyerahan bonus dilakukan di Ruang MH Thamrin Kantor Wali Kota Administrasi Jakbar, dan disaksikan Wali Kota Iin Mutmainnah, Selasa (15/9/2026).
Besaran bonus disesuaikan dengan jumlah atlet pelajar yang terlibat dalam masing-masing cabang olahraga. Cabor sepakbola mendapatkan bonus terbesar, yakni Rp 18 juta. Bonus tersebut diberikan karena jumlah atlet pelajar dalam tim tersebut cukup banyak.
Selanjutnya, tim basket mendapatkan bonus Rp 14 juta, sepak takraw Rp 6 juta, dan bulu tangkis Rp 5 juta.
""Kenapa saya sangat mengapresiasi olahraga dan kepemudaan? Karena kebetulan saya suka olahraga. Saya masih main basket dan menjabat sebagai ketua umum catur DKI Jakarta (Percasi). Sayang sekali tim basket putranya gagal mendapatkan emas, cuma putri,"" ujar Kenneth dalam keterangannya.
Pria yang akrab disapa Bang Kent itu berharap bonus itu dapat memotivasi bagi para atlet pelajar untuk terus meningkatkan prestasi. Menurutnya, mempertahankan gelar juara umum akan menjadi tantangan yang lebih berat bagi Jakarta Barat pada Popprov berikutnya.
""Ini adalah sebuah awal. Yang paling berat itu adalah mempertahankan, harus di ingat itu. Dan harapan saya tim basket putra tahun depan bisa mendapatkan medali emas. Tradisi ini akan terus saya pertahankan dan konsisten akan terus saya berikan kalau ada kesempatan. Kalau memang bisa diulangi kembali menjadi juara umum akan saya tambahkan lagi bonusnya tahun depan,"" tutur pria yang juga Ketua Umum Percasi DKI Jakarta itu.
Kent juga mengajak para atlet pelajar yang meraih medali perak dan perunggu untuk bisa meningkatkan prestasi dan merebut medali emas pada Popprov selanjutnya.
""Saya berikan tantangan juga kepada para atlet pelajar peraih medali perunggu dan perak agar mereka penasaran dan bisa berjuang untuk merebut medali emas di Popprov selanjutnya tahun depan,"" lanjut Alumni PPRA LXII Lemhannas RI itu.
Tak hanya atlet pelajar, para pelatih dan asisten pelatih yang berhasil mengantarkan tim meraih medali emas juga kecipratan bonus. Pelatih mendapatkan Rp 2 juta, sedangkan asisten pelatih memperoleh bonus Rp 1 juta.
""Saya tambahkan apresiasi bonus untuk pelatih Rp2 juta. Asisten pelatih Rp1 juta. Harus di ingat bahwa tanpa pelatih kalian bukan apa-apa. Kebetulan saya bekas atlet, jadi saya tahu pentingnya peran pelatih. Pelatih adalah pelita kita, jadi harus kita hargai,"" papar Kepala BAGUNA (Badan Penanggulangan Bencana) DPD PDI Perjuangan Provinsi DKI Jakarta itu.
Sementara itu, Wali Kota Jakbar, Iin Mutmainnah mengapresiasi perjuangan para atlet pelajar yang telah membawa nama daerahnya menjadi juara umum.
""Terima kasih kepada atlet pelajar yang sudah berjuang untuk Jakarta Barat. Saya bangga dengan kalian. Ini perdana dan sejarah mencatatkan Jakarta Barat bisa menjadi juara umum sejak Popprov diadakan pada 2017,"" ujar Iin.
Pemberian bonus tersebut disambut positif oleh para atlet pelajar ini. Celine, salah satu atlet basket pelajar putri, berharap apresiasi yang diberikan Kenneth tersebut dapat menambah motivasi para atlet pelajar untuk mempertahankan prestasinya.
""Semoga dengan adanya bonus dari Pak Kenneth ini bisa memotivasi para atlet pelajar agar bisa berjuang lebih keras lagi di Popprov berikutnya dan bisa juara umum lagi,"" kata Celine.
(mrp/bay)",sport
86,"Siapa Manajer Liga Inggris yang Dipecat Duluan? Afif Farhan - detikSepakbola Selasa, 15 Sep 2026 22:20 WIB ... Tautan telah disalin Frank Lampard, manajer Coventry ada di daftar teratas. Dari empat laga di awal musim, Coventry belum pernah menang dan kalah melulu (Action Images via Reuters/Paul Childs) Alvaro Arbeloa, manajer Fulham juga masuk bayang-bayang pemecatan. Fulham sudah tiga kali kalah dan sekali imbang dari empat laga (REUTERS/Dylan Martinez) Tottenham terperosok di peringkat ke-17, belum menang di empat laga dan belum bikin gol. Sudah belanja banyak, posisi manajer Roberto De Zerbi tidak aman (Action Images via Reuters/Andrew Couldridge) Michael Carrick turut masuk daftar pelatih Liga Inggris yang akan dipecat. MU baru raih empat poin dari empat laga (Action Images via Reuters/Lee Smith) Diyakini, pemecatan akan mulai pada jeda internasional di akhir September-awal Oktober. Siapa yang kena duluan? (Wolves via Getty Images/Jack Thomas - WWFC) previous next previous next Jakarta - Sudah ada beberapa nama manajer atau pelatih Liga Inggris yang masuk bayang-bayang pemecatan. Siapa saja? ... Tautan telah disalin liga inggris frank lampard roberto de zerbi alvaro arbeloa michael carrick Lihat lebih banyak",sport
87,"Persiapan menuju FIA Rallycross World Cup 2026 dimulai. Sarga Motorsport selaku penyelenggara melakukan modifikasi Sirkuit International e-Prix Ancol hari ini.
Jakarta secara resmi menjadi tuan rumah Kejuaraan FIA Rallycross 2026. Ajang balap mobil dunia itu akan bergulir di Ancol, pada 5-6 Desember mendatang. Indonesia akan menggelar dua kategori yaitu RX1 dan RX5.
""Mulai hari ini kami memulai modifikasi. Sebenarnya bukan pembangunan, tetapi memodifikasi sirkuit,"" ujar CEO Sarga.co Nugdha Achadie dalam jumpa persnya di kawasan Jakarta Pusat, pada Selasa (15/9/2026).
Berbeda dengan saat digunakan Formula E yang full aspal, sirkuit Ancol akan dirombak total untuk kebutuhan rallycross. Proses modifikasi ini ditargetkan selesai pada November 2026.
""Awalnya, sirkuit tersebut digunakan untuk Formula E dan hanya menggunakan lintasan aspal. Nah, di Rallycross ini kami akan menggabungkan lintasan aspal dengan lintasan gravel atau dirt. Jadi, ini akan sangat menarik bagi seluruh pengunjung dan masyarakat Jakarta serta Indonesia,"" kata Nugdha.
""InsyaAllah, mulai hari ini kami sudah mulai melakukan modifikasi. Pada bulan November sudah siap dan Desember sudah bisa digunakan sepenuhnya untuk FIA Rallycross World Cup 2026,"" tambahnya.
Sementara itu, Pemerintah Provinsi DKI Jakarta memastikan dukungan penuh. Kadispora DKI Andri Yansyah menyebut persiapan sudah berjalan sejak tahun lalu bersama Ikatan Motor Indonesia (IMI).
""Bicara masalah kesiapan, tadi sudah disinggung oleh Pak Nugraha bahwa kita memang sudah dari tahun lalu melakukan persiapan dan dibantu dengan teman-teman dari IMI,"" kata Andri.
""Bagaimana pelayanan publik berjalan dengan baik, transportasi berjalan dengan baik, keamanan berjalan dengan baik, serta layanan dan fasilitas berjalan dengan baik. Dan itu tidak bisa kita lakukan sendiri,"" ujarnya.
Menyoal pembalap, Sarga Motorsport sudah memastikan dua nama besar yaitu Kevin Hansen dan legenda dunia, Sebastian Loeb untuk nomor RX1. Sementara untuk RX5, akan ada kejutan. Rencananya, ada talenta dari Indonesia yang akan ikut berlaga.
""Untuk pembalap lainnya, kami masih menunggu finalisasi dari FIA. Jadi, kita tunggu bersama. Semoga dalam waktu dekat sudah bisa diumumkan oleh FIA,"" pungkas Nugdha.
(mcy/rin)",sport
88,"Rodri memilih gabung Barcelona ketimbang Real Madrid. Gelandang Spanyol itu langsung menelepon pelatih Los Blancos, Jose Mourinho, setelahnya.
Madrid dan Barcelona bersaing mendatangkan Rodri musim panas ini. Gelandang berusia 30 tahun itu akhirnya memilih merapat ke Camp Nou.
Barcelona menebus Rodri sebesar 76,5 juta Euro atau Rp 1,57 triliun dari Manchester City. Kepindahannya bikin Los Blancos gigit jari, sebab gagal mendapatkan gelandang idamannya.
Dalam prosesnya, Mourinho disebut sudah membujuk Rodri secara langsung untuk gabung Madrid. Namun, sang pemain lebih memilih pindah ke Barcelona.
Ditanya soal pembicaraan itu, Rodri mengakui bahwa Jose Mourinho memang sempat membujuknya secara langsung. Sang pelatih benar-benar mengutarakan ketertarikannya, namun akhirnya ia tolak.
""Yah, bukan kebiasaan saya untuk membocorkan percakapan pribadi, tapi dia jelas-jelas mengungkapkan keinginannya agar hal itu terjadi dan apa yang bisa dia sumbangkan bagi tim. Tawaran itu sangat bagus,"" katanya, kepada Mundo Deportivo.
""Saat Saya mengambil keputusan, saya juga meneleponnya untuk mengucapkan terima kasih atas minatnya dan tawaran tersebut.""
""Menurut saya, dia (Jose Mourinho) adalah pelatih yang hebat. Dia sudah membuktikannya di klub-klub besar yang pernah dia tangani, dan Real Madrid jelas akan menjadi lawan yang tangguh di liga ini,"" kata Rodri.
(yna/rin)",sport
89,"Pereli Memen Harianto membawa cerita usai tampil di Asia Cross Country Rally (AXCR) 2026 bulan lalu. Tidak cuma di dalam, tapi juga luar lintasan.
Membawa mobil balap ke ajang internasional bukan hanya soal persiapan mesin dan performa kendaraan. Urusan dokumen, kepabeanan, logistik, hingga proses membawa kembali kendaraan ke Tanah Air juga menjadi bagian penting yang harus dipersiapkan sejak awal.
Memen Harianto selaku leader Indonesia Cross Country Rally Team (IXCRT) kategori mobil merasakan itu saat membawa Toyota Hilux Revo nomor 116 untuk berlaga di Asia Cross Country Rally (AXCR) 2026 di Thailand.
Setelah menyelesaikan seluruh enam leg AXCR 2026 dan finis di posisi keempat kelas T1G, kendaraan beserta perlengkapan pendukungnya kembali ke Indonesia. Pada 9 September, Bea Cukai melakukan pemeriksaan terhadap kontainer yang membawa kendaraan dan perlengkapan tersebut sebagai bagian dari proses kepabeanan.
Bagi Memen, yang mendapat dukungan dari banyak sponsor, seperti FIN+, Galad Exchange, Pertamina Lubricants, Pegadaian Indonesia, dan InJourney Airport, pengalaman tersebut juga menjadi kesempatan untuk berbagi edukasi mengenai proses resmi membawa kendaraan kompetisi ke luar negeri.
ATA Carnet, ""Paspor"" untuk Barang
Salah satu dokumen penting dalam kegiatan tersebut adalah ATA Carnet, yaitu dokumen kepabeanan internasional untuk membawa barang secara sementara ke negara lain dan kemudian membawanya kembali ke negara asal.
Karena sifatnya sementara, ATA Carnet banyak digunakan untuk kegiatan internasional, termasuk motorsport yang membawa kendaraan, spare part, tools, ban, dan perlengkapan pendukung lainnya.
Secara sederhana, ATA Carnet kerap disebut sebagai ""paspor untuk barang"". Namun, penggunaannya tetap harus mengikuti ketentuan kepabeanan negara asal maupun negara tujuan.
Pengurusan Dimulai dari KADIN
Menurut pengalaman Memen, proses perlu dipersiapkan jauh sebelum keberangkatan. Pengajuan ATA Carnet dilakukan melalui Kamar Dagang dan Industri (KADIN) sebagai lembaga penerbit ATA Carnet di Indonesia.
Pemohon harus menyiapkan general list, yakni daftar rinci barang yang akan dibawa. Untuk motorsport, daftar tersebut dapat mencakup kendaraan, spare part, ban, velg, tools, dan perlengkapan servis.
Data seperti jenis dan jumlah barang, identitas atau nomor seri, nilai barang, serta asal barang perlu dicantumkan secara akurat karena akan menjadi acuan dalam pemeriksaan.
Selain biaya administrasi, pemohon juga perlu menyiapkan uang jaminan sesuai ketentuan yang berlaku. Jaminan tersebut berkaitan dengan kewajiban pemegang Carnet untuk memenuhi mekanisme pemasukan sementara dan penyelesaian kepabeanan sampai barang kembali atau mendapatkan penyelesaian sesuai prosedur.
Setelah seluruh persyaratan dipenuhi, barang akan diperiksa Bea Cukai sebelum keberangkatan untuk dicocokkan dengan data dalam general list dan ATA Carnet.
""Kalau mau bawa mobil balap ke luar negeri, persiapannya jangan hanya mobilnya. Dari awal kita harus tahu barang apa saja yang dibawa, spare part, tools, ban, dan semuanya harus didata dengan baik. Mulai dari jenis barang, harga dan asal negara. Form tersebut bisa kita dapatkan di KADIN pada saat pengajuan,"" ujar Memen.
Dua Kontainer Menuju Thailand
|  											 											 												Foto: Istimewa											 										 | 
Untuk AXCR 2026, kebutuhan logistik tim cukup besar. Total terdapat tiga kontainer yang diberangkatkan dari Indonesia.
Satu kontainer 40 feet digunakan untuk membawa Toyota Hilux Revo Memen Harianto, spare part, serta kebutuhan tim motor yang dipimpin Rudy Poa selaku leader tim sekaligus rider senior.
Satu kontainer 20 feet membawa Suzuki Jimny milik Gema Suria - Dodi. Kondisi tersebut menunjukkan bahwa mengikuti cross-country rally internasional bukan hanya membutuhkan mobil yang siap balap, tetapi juga perencanaan logistik yang matang.
Kapal Sempat Delay
Dalam perjalanan menuju Thailand, tim juga menghadapi perubahan jadwal dan keterlambatan kapal. Kondisi tersebut pada periode itu juga terjadi di berbagai negara dan bukan hanya di Indonesia.
Perubahan jadwal membuat tim harus menyesuaikan berbagai kebutuhan logistik dan administrasi. Dalam kondisi tersebut, koordinasi dengan Bea Cukai menjadi bagian penting dalam penyelesaian proses keberangkatan.
Memen mengapresiasi asistensi dan koordinasi yang diberikan Bea Cukai dalam penyelesaian proses dokumen kepabeanan sehingga penyesuaian akibat perubahan jadwal kapal dapat dilakukan sesuai prosedur.
""Waktu itu kapal sempat delay, jadi kami harus menyesuaikan jadwal. Kami sangat terbantu dengan asistensi dan koordinasi dari Bea Cukai dalam penyelesaian proses dokumen keberangkatan. Komunikasinya sangat membantu kami memahami dan menyelesaikan proses yang harus dilakukan,"" kata Memen.
Dukungan tersebut juga mendapat apresiasi dari Adhang Noegroho Adhi selaku Kepala Kantor Pelayanan Utama (KPU) Bea dan Cukai Tipe A Tanjung Priok.
""Kami mendukung dan mengapresiasi Indonesia Cross Country Rally Team. Selain membawa nama harum Indonesia di event rally internasional, mereka layak menjadi contoh dan panutan sebagai tim yang tertib dan menaati aturan, dengan membawa barang keluar dan masuk selalu sama dari tahun ke tahun,"" ujar Adhang.
Setelah AXCR selesai, kendaraan dan perlengkapan kembali ke Indonesia dan menjalani proses kepabeanan.
Bea Cukai melakukan pemeriksaan terhadap kontainer yang tiba di Tanah Air. Kendaraan dan perlengkapan diperiksa serta dicocokkan kembali dengan data dan dokumentasi yang tercantum dalam ATA Carnet dan general list.
Proses tersebut penting untuk memastikan barang yang kembali sesuai dengan barang yang sebelumnya dibawa keluar dari Indonesia.
Setelah seluruh kewajiban kepabeanan diselesaikan sesuai ketentuan, proses penyelesaian ATA Carnet dan pengembalian jaminan kepada pemegang Carnet dapat dilanjutkan melalui mekanisme yang berlaku.
""Support dari Bea Cukai kami rasakan dari proses keberangkatan sampai barang kembali. Asistensi dan koordinasi yang diberikan sangat membantu kami dalam menyelesaikan proses dan memastikan semuanya berjalan sesuai prosedur,"" ujar Memen.
Baca juga: AXCR 2026: Overheating Gagalkan Misi Juara Memen Harianto
Motorsport Bukan Hanya Soal Balapan
Dari pengalaman tersebut, Memen menilai pembalap Indonesia yang ingin mengikuti kompetisi internasional perlu memahami bahwa motorsport memiliki ekosistem yang lebih luas daripada sekadar persiapan kendaraan.
Teknis, safety, shipping, dokumen, kepabeanan, hingga koordinasi logistik harus dipikirkan sejak awal.
""Jangan sampai kita hanya fokus membuat mobil bagus dan cepat, tapi lupa bagaimana cara membawa mobil itu keluar dan masuk kembali ke Indonesia. Semua harus dipikirkan dari awal,"" tutur Memen.
Memen berharap pengalaman ini dapat menjadi referensi bagi pembalap Indonesia lainnya yang ingin membawa kendaraan sendiri untuk berlaga di kompetisi internasional.
""Terima kasih kepada KADIN, dan Bea Cukai, yang setiap tahun selalu mendukung kami dalam mengikuti AXCR,"" tutup Memen.
Baca juga: Bagaimana Kiprah Pereli Indonesia di AXCR 2026?
Simak Video ""Video: Timnya CR7 Dihajar 4-0 oleh AL Ain di AFC Champions League""
[Gambas:Video 20detik]",sport
90,"Timnas Indonesia akan berlaga di FIFA ASEAN Cup 2026. Luke Vickery berpotensi besar menjalani debut untuk Skuad Garuda.
Pada 25 September sampai 5 Oktober 2026, FIFA ASEAN Cup 2026 digelar di Indonesia. Stadion Utama Gelora Bung Karno dan Stadion Si Jalak Harupat akan dipakai untuk menggelar ajang yang diselenggarakan FIFA itu.
Ada satu tim yang sudah merilis daftar skuad untuk berlaga di FIFA ASEAN Cup 2026. Thailand yang sudah menentukan para pemain yang dipanggil.
Indonesia bisa memanggil kekuatan penuh untuk berlaga di FIFA ASEAN Cup 2026. Oleh karena itu, pemain-pemain diaspora yang bermain di luar negeri juga dipastikan bergabung.
Vickery merupakan pemain naturalisasi paling anyar di Timnas Indonesia. Dia sudah mendapatkan paspor Warga Negara Indonesia pada 16 Juli 2026.
Pada saat Indonesia berlaga di Piala AFF 2026, Vickery belum bisa tampil membela tim Merah Putih. Ajang FIFA ASEAN Cup 2026 bisa menjadi momen debut bersama Indonesia.
Bersama Macarthur FC musim lalu, Vickery tampil cukup bagus. Pemain berusia 20 tahun itu bermain sebanyak 47 kali di semua ajang dengan sumbangan delapan gol dan empat assist.
Kehadiran Vickery bisa menambah alternatif lini depan Indonesia. Ole Romeny, Mitchell Baker, Ragnar Oratmangoen, hingga Adrian Wibowo bisa dipilih oleh pelatih Indonesia, John Herdman, untuk menjadi andalan di lini depan.
Sejauh ini, Herdman sudah memberi debut kepada Mitchell Baker, Mathew Baker, Brian Fatari, Tim Geypens, hingga Rizky Eka Pratama yang sudah diberi kesempatan debut di Timnas Indonesia oleh Herdman.
(cas/rin)",sport
91,"Juara bertahan Arsenal masih sempurna di awal musim ini. The Gunners dijagokan juara Liga Inggris 2026/2027 dengan keunggulan telak dari rival-rivalnya.
Arsenal tak terbendung di empat pertandingan pertama Premier League musim ini. Berturut-turut pasukan Mikel Arteta menumpas Coventry City 3-0, Aston Villa 1-0, Chelsea 2-1, dan Sunderland 2-0.
Alhasil, Meriam London berhak memuncaki klasemen Liga Inggris dengan perolehan 12 poin. Man City membayangi di bawahnya dengan perolehan angka yang sama, hanya kalah selisih gol.
Pemain legendaris Arsenal, Paul Merson, menyebut Bukayo Saka dkk sangat sulit dikalahkan oleh tim manapun. Arsenal diprediksi tidak akan banyak kalah di sisa musim ini untuk mempertahankan titel juaranya.
""Saya kira mereka akan memenangi Premier League dengan keunggulan dua digit. Saya kira mereka akan memenanginya dengan mudah,"" ungkap Merson kepada Sky Sports.
""Saya melihat pertandingan Arsenal; tandang ke Man City, Man United, Chelsea, Liverpool. Setelah empat pertandingan itu, saya tidak tahu siapa yang akan mengalahkan Arsenal. Mereka itu hanya sebuah tim yang sangat, sangat sulit dikalahkan.""
""Saya kira mereka tidak akan banyak kalah di musim ini. Tidak ada yang bisa menyebut Arsenal sebagai tim yang selalu gagal di saat-saat penting lagi. Jadi tekanannya sudah berkurang,"" Paul Merson menyimpulkan.
Arsenal akan melawat ke markas Brighton di akhir pekan ini, sebelum jeda internasional. Setelahnya, raksasa London Utara itu akan menghadapi Leeds United, Nottingham Forest, dan Everton di sepanjang Oktober.
(rin/krs)",sport
92,"Persija Jakarta vs Persib Bandung sudah selesai digelar pada akhir pekan lalu. Pelatih Timnas Indonesia, John Herdman, banyak belajar atmosfer Stadion Utama Gelora Bung Karno dari laga itu.
Persija vs Persib berlangsung di SUGBK, Sabtu (12/9/2026). Macan Kemayoran menang dramatis dalam laga itu.
Gol Persija dicatatkan oleh Alexander Jeremejeff dan Ivan Mamut. Satu gol Persib dikemas oleh Balsa Sekulic.
Persija vs Persib disaksikan sekitar 58 ribu penonton. Atmosfer pertandingan benar-benar mengintimidasi tim lawan.
Selama membesut Timnas Indonesia, laga Skuad Garuda belum pernah disaksikan penonton hingga tribune penuh sesak. Herdman, yang menonton langsung laga Persija vs Persib, mengaku baru merasakan SUGBK yang sebenarnya dengan penonton penuh.
""Persija, Persib, saya rasa saya mendapat pengalaman di GBK yang belum pernah saya dapatkan sebelumnya,"" kata Herdman dalam sesi press conference FIFA ASEAN Cup di Jakarta.
""Anda tahu 60 ribu, 70 ribu orang di atmosfer itu. Tak seperti semua yang sudah saya alami dalam karier sepakbola saya. Itu intens, jadi melihat pemain Timnas bermain di bawah tekanan seperti itu, diawasi banyak orang, buat saya, saya banyak belajar,"" kata dia menambahkan.
(cas/rin)",sport
93,"PSIM Yogyakarta melanjutkan latihan di Surabaya. Laskar Mataram akan melawan Madura United pada pekan ketiga Super League.
Di Stadion Gelora Madura Ratu Pamelingan, Pamekasan, Jawa Timur, Madura United vs PSIM digelar. Laga itu akan berlangsung pada Jumat (18/9/2026) malam WIB.
Saat ini, PSIM masih ada di Surabaya. Tim asuhan Jean-Paul van Gastel baru saja menelan kekalahan saat dijamu Persebaya Surabaya dengan skor 0-1.
Kandang Madura United dan Persebaya tak terpaut jarak yang jauh. Oleh karena itu, PSIM memaksimalkan waktu pemulihan di Kota Pahlawan agar bisa bersiap dengan maksimal saat menghadapi Sape Kerrap.
Manajer PSIM, Ikhsan Mahar, mengungkap keputusan bahwa Ze Valente dan kawan-kawan tak pulang ke Yogyakarta lebih dulu setelah menjalani duel dengan Bajul Ijo.
""Manajemen dan tim pelatih telah sepakat untuk menetap di Surabaya demi mencegah kelelahan pemain akibat perjalanan. Setelah menjalani pertandingan yang ketat melawan Persebaya, para pemain sangat membutuhkan waktu istirahat yang cukup,"" kata Ikhsan Mahar dikutip dari situs ILeague.
""Jika tim dipaksakan kembali ke Yogyakarta terlebih dahulu, beban fisik akan bertambah dan berisiko menurunkan performa.""
""Sisa waktu ini kami optimalkan sepenuhnya untuk pemulihan fisik (recovery), pengawasan asupan gizi, dan pematangan taktik,"" kata dia menambahkan.
PSIM belum menang dalam dua pertandingan di Super League musim ini. Sebelum ditumbangkan Persebaya, PSIM imbang melawan Persita Tangerang 1-1. Bisa meraih kemenangan perdana musim ini, PSIM?
(cas/rin)",sport
94,"Pukul lima pagi, ketika sebagian anak seusia mereka mungkin masih terlelap, anak-anak di Papua Football Academy (PFA) sudah memulai hari. Bangun, mandi, merapikan kamar, sarapan, lalu bersiap menuju lapangan. Sepakbola menjadi bagian dari rutinitas yang berulang hampir setiap hari.
Di usia 12-15 tahun, mereka sudah belajar bahwa mengejar mimpi menjadi pesepakbola profesional harus ditempa sejak hari ini. Mereka datang dari berbagai penjuru Papua. Ada yang dari pesisir, pegunungan hingga perkotaan. Sebagian meninggalkan orang tua dan kampung halaman untuk tinggal dan berlatih di PFA, yang berlokasi di Mimika.
Di atas lapangan latihan, sebagian dari mereka memiliki satu nama yang sering disebut ketika ditanya pesepakbola yang menjadi panutan, yaitu Boaz Solossa.
""Idola saya Boaz Solossa,"" ujar salah satu peserta Papua Football Academy, Hisoni Liberti Akwiland Bahabol, di Mimika Sports Complex, Selasa (15/9/2026).
""Pemain idola saya Boaz Solossa. Karena Boaz itu pemain Papua yang sangat berbakat dan dia itu bagus bermain di klub,"" timpal Christo Ray Momot di lokasi yang sama.
Bagi mereka, Boaz bukan hanya mantan pemain tim nasional Indonesia dan Persipura Jayapura. Ia menjadi contoh bahwa pemain yang tumbuh dari Tanah Papua bisa mencapai level tertinggi sepakbola Indonesia.
Demi mewujudkan cita-cita, mereka digembleng latihan sepakbola 15 hingga 20 jam per minggu. Di PFA, pembinaan sepakbola tidak hanya berfokus pada aspek teknis dan taktis, tetapi dilakukan secara holistik dengan memperhatikan kemampuan teknik, taktik, fisik, dan mental pemain.
| Foto: Moch Prima Fauzi/detikcom | 
Mereka tinggal di asrama dalam satu kawasan Mimika Sports Complex, area fasilitas olahraga seluas 12,5 hektare. Setiap hari mereka berlatih sepakbola ditunjang dengan fasilitas lainnya seperti lapangan, gym, fisiotherapy, pendidikan formal, serta mendapatkan program perlindungan anak berdasarkan pedoman FIFA.
Meski demikian, sang pelatih mengajarkan bahwa mereka harus menjadi sosok yang lebih baik dari sang idola. Gelar dan prestasi yang diraih oleh pemain favorit harus bisa memotivasi mereka agar terus mengasah kemampuan hingga menjadi pemain profesional.
""Biasanya coach bertanya, ada pemain kesukaan atau pemain favorit, begitu coach bilang, kita harus menjadikan pemain itu sebagai saingan kita. Atau kita lebih baik dari pemain itu,"" ungkap Pilipus Bormao Beagaimu.
""Menurut saya, motivasi yang coach berikan mungkin jangan mau kalah dari pemain yang kita idolakan. Dulu dia bermain ambil banyak gelar atau prestasi, berarti jangan mau kalah dari dia, harus lebih baik dari dia. Jadikan dia pacuan buat kita,"" kata Yansen Terianus Awi.
Tak hanya teknik, Pilipus menyebut attitude dan disiplin menjadi dua hal yang ditekankan selain kemampuan bermain sepakbola. Ia diajarkan bagaimana berbicara dengan orang yang lebih tua serta diberi motivasi untuk tampil percaya diri.
| Foto: Moch Prima Fauzi/detikcom | 
Menurut Kepala Pelatih PFA, Ardiles Rumbiak, PFA bukan sekadar sekolah sepakbola. PFA, kata dia, didirikan untuk membina karakter melalui sepakbola.
""Karena PFA ini didirikan untuk bina karakter melalui sepak bola, bukan sepak bola untuk karakter. Itu yang bedanya,"" kata Ardiles.
Ia menekankan bahwa mereka tidak hanya belajar sepakbola sebagai individu, tetapi juga belajar hidup sebagai bagian dari sebuah tim. Kebiasaan-kebiasaan kecil seperti disiplin, komunikasi, keberanian berbicara dan kemampuan keluar dari zona nyaman terus dibangun.
Dari sisi potensi, bibit sepakbola Papua dinilai memiliki kualitas fisik yang menonjol. Salah satunya terlihat dari karakter otot yang mendukung perkembangan kemampuan fisik mereka. Dengan dukungan nutrisi, latihan, dan pemulihan yang baik, potensi tersebut dinilai dapat berkembang lebih optimal.
""Saya pikir yang istimewa betul dari anak Papua yang kelihatan, satu, yang mereka punya otot fast switching muscle, otot yang lebih beda. Mereka memang sudah dapat nutrisi bagus, perkembangannya fisik sangat baik,"" ujar Direktur Akademi PFA, Wolfgang Pikal.
Ia juga menilai kualitas bibit muda Papua semakin meningkat. Dengan hadirnya PFA, generasi muda Papua bisa menyalurkan bakat mereka dan meraih mimpi menjadi pemain sepakbola profesional.
""Saya rasa ada sedikit meningkat soalnya dari PFA yang semua klub dan anak Papua tepat satu impian untuk masuk sini pasti ada motivasi atau inspirasi lebih, soalnya ada PFA sekarang di sini. Banyak anak mau masuk di sini dan memang masuk ke PFA, salah satu cara untuk bisa jadi pemain profesional dan mereka mimpi jadi pemain timnas,"" pungkasnya.
(akd/akd)",sport
95,"Tottenham Hotspur belum juga bikin gol dari empat laga awal Liga Inggris musim ini. Manajer Roberto De Zerbi ungkap penyebabnya.
Rinciannya Tottenham Hotspur kalah 0-3 dari Brentford, kalah 0-2 dari Newcastle, dan imbang 0-0 kontra Nottingham dan Everton. Duo penyerang baru yang didatangkan dari Man City, Marmoush dan Savio belum bertaring.
Manajer Tottenham Hotspur, Roberto De Zerbi sebut timnya belum cukup banyak bikin peluang. De Zerbi belum puas.
""Gaya permainan saya adalah mencetak gol dan menyerang, dan saya tidak ingin mengubahnya. Namun, terkadang Anda harus menciptakan lebih banyak peluang, atau setidaknya lebih banyak potensi peluang,"" paparnya dilansir dari Daily Mail.
De Zerbi turut menyinggung soal Marmoush dan Savio. Keduanya punya kualitas tapi belum di level terbaik.
""Savio dan Omar Marmoush tidak banyak bermain di Manchester City karena mereka bukan pemain kunci di sana. Situasinya berbeda di sini, mereka memikul tanggung jawab lebih besar. Mereka harus beradaptasi dan memahami perubahan situasi ini, namun secara kualitas, kedua pemain tersebut sangat bagus,"" jelasnya.
| Baca juga: Tottenham Terpuruk, De Zerbi Tidak Panik | 
Lebih dari itu, Roberto De Zerbi sebut lini serang Tottenham Hotspur belum komplit karena baru pulih dari cedera cedera.
""Mathys Tel, Conor Gallagher, dan James Maddison belum dalam kondisi terbaik, begitu pula Mohammed Kudus,"" katanya.
""Solanke adalah pemain yang bagus. Saya yakin jika dia meningkatkan kondisi fisiknya dan tetap berpikir positif, dia mampu mencetak banyak gol bersama kami,"" tutupnya.
| Baca juga: Richarlison, Nasibmu Kini.... | 
(aff/krs)",sport
96,"Timnas Indonesia akan berlaga di FIFA ASEAN Cup 2026. Pelatih Skuad Garuda, John Herdman, mengungkap lawan terkuat.
FIFA ASEAN Cup 2026 digelar di Indonesia pada 25 September sampai 5 Oktober 2026. Sebanyak delapan tim ambil bagian di Divisi 1 ajang yang berlangsung di Indonesia itu.
Indonesia tergabung di Grup A bersama Malaysia, Singapura, dan Bangladesh. Sementara Grup B diisi oleh Vietnam, Thailand, Filipina, dan Pakistan.
Dua stadion sudah disiapkan PSSI untuk menggelar ajang itu. Stadion Utama Gelora Bung Karno dan Stadion Si Jalak Harupat akan menjadi tempat penyelenggaraan FIFA ASEAN Cup 2026.
Herdman mengungkap lawan terberat Indonesia di ajang ini. Dia tidak menyebutkan satu tim spesifik, tetapi memberi pujian untuk Vietnam, Thailand, dan Malaysia.
""Saya pikir lawan terberat kami di turnamen ini adalah diri kami sendiri. Tim kami sendiri, mentalitas kami, standar kami sendiri,"" kata Herdman dalam sesi press conference FIFA ASEAN Cup di Jakarta.
""Saya pikir kami mempunyai tim yang kuat dan kalau kami menjaga standar yang sudah kami tentukan sendiri dan bermain dengan semangat yang mencerminkan bangsa kita, dan dengan optimisme dan keyakinan bahwa kami mampu, lantas tak ada lawan yang seharusnya kita takuti.""
""Ada lawan kuat di turnamen ini. Vietnam yang sangat terorganisir. Mereka disiplin. Mereka berpengalaman dan Malaysia, Thailand akan membawa pemain naturalisasi mereka yang berkualitas. Tapi buat kita, ini mengenai melawan diri sendiri lebih dulu,"" kata Herdman menambahkan.
(cas/aff)",sport
97,"Mikel Arteta menjanjikan kesempatan bermain lebih banyak untuk Max Dowman bersama Arsenal musim ini. Syaratnya, wonderkid berusia 16 tahun itu tetap harus memperjuangkan menit bermainnya seperti pemain lain.
Dowman belum sekalipun tampil untuk tim utama Arsenal pada musim ini. Ia sudah empat kali masuk daftar pemain cadangan di Premier League, termasuk saat Arsenal menghadapi Napoli pada pekan lalu, tetapi belum diturunkan.
Peluang Dowman untuk mencatat penampilan senior musim ini terbuka saat Arsenal menghadapi Ipswich Town pada putaran ketiga Carabao Cup di Portman Road, Rabu (16/9/2026) dini hari WIB. Tapi Arteta belum memastikan apakah pemain muda tersebut akan tampil sejak awal.
""Saya sebenarnya ingin membawanya ke Sunderland, tetapi kami memiliki keterbatasan jumlah pemain,"" kata Arteta seperti dilansir ESPN.
""Max akan mendapatkan kesempatannya. Dia akan mendapatkan menit bermain dan dia harus memperjuangkannya seperti pemain lainnya.""
""Kalian tahu talenta yang kami miliki dan para pemain yang ada di sana. Kami harus membantunya dan mencari cara untuk memastikan dia terus berkembang,"" tuturnya.
Dowman memang sudah mencuri perhatian sejak musim lalu. Ia menjadi pemain termuda yang tampil sebagai starter dalam pertandingan Premier League ketika Arsenal menghadapi Crystal Palace.
Ia juga mencetak gol profesional pertamanya saat menghadapi Everton. Pada musim ini, Dowman mendapat tambahan jam terbang bersama tim U-21 Arsenal.
Namun, persaingan untuk menembus tim utama Arsenal sangat ketat. Dalam kemenangan 2-0 atas Sunderland, Sabtu (12/9), Arteta masih memiliki Noni Madueke, Eberechi Eze, dan Viktor Gyökeres di bangku cadangan.
Karena itu, Arteta meminta Dowman terus berkembang sembari membuktikan kemampuannya. Sang manajer menilai pemain muda tersebut harus mendapatkan kesempatan melalui performanya sendiri.
Arsenal akan menghadapi Ipswich dengan modal positif. The Gunners memburu kemenangan kelima secara beruntun pada awal musim.
""Ini adalah pertandingan berikutnya dan kompetisi berikutnya,"" ujar Arteta.
""Kami akan melihat mata para pemain. Mereka akan mengatakan bahwa mereka ingin bermain, ingin memenangi pertandingan, ingin berkembang, dan ingin mengevaluasi pertandingan melawan Sunderland. Mereka akan siap untuk saya, karena saya tahu karakter para pemain ini.""
(krs/cas)",sport
98,"Manchester United awali Liga Inggris musim 2026/27 dengan tidak meyakinkan. Posisi Michael Carrick di kursi pelatih, masih aman!
Manchester United duduk di peringkat ke-13 Klasemen Liga Inggris sementara. MU kumpulkan empat poin dari empat laga, hasil sekali menang, sekali imbang, dan dua kali kalah.
Empat poin di awal empat laga adalah catatan terburuk Manchester United di era Premier League. Itu menyamakan jumlah poin di musim 2025/26, ketika era manajer Ruben Amorim.
Kini muncul desas-desus. Apa posisi Michael Carrick di kursi pelatih Setan Merah masih aman?
| Baca juga: Start MU Era Carrick dan Amorim Sama, nih | 
Pakar transfer Fabrizio Romano punya kabar, posisi Michael Carrick masih akan aman di Manchester United. Pihak klub masih percaya kepadanya.
""Man United tetap sangat yakin bahwa masa depan akan cerah di bawah asuhan Michael Carrick,"" ujarnya dilansir dari Tribuna.
""Carrick pun tetap sangat yakin. Apa yang disampaikan Carrick di depan publik seperti 'Kami akan tampil sangat baik, saya percaya diri, tim ini bagus', dan sebagainya-adalah hal yang sama dengan apa yang ia sampaikan kepada pihak klub,"" paparnya.
Kontrak Michael Carrick di Manchester United masih berlaku sampai musim panas 2028. MU masih sedikit diganggu badai cedera, yang mana pihak klub yakin akan bangkit setelah jeda internasional di akhir bulan ini.
""Carrick tetap sangat yakin bahwa tim ini bisa tampil sangat baik dalam beberapa minggu dan bulan ke depan, terutama setelah jeda kompetisi,"" tutup Romano.
(aff/rin)",sport
99,"Inter Milan sedang rentan kebobolan gol cepat. Inter dituntut memperbaiki fokusnya jelang laga tandang di markas AS Roma, akhir pekan ini.
Inter kemasukan dua gol dalam 16 menit pertama meski akhirnya mengalahkan Udinese 5-3 pada Selasa (15/9) dinihari WIB. Ini adalah kedua kalinya berturut-turut Nerazzurri kebobolan gol cepat.
Di pertandingan sebelumnya di Liga Champions, Inter kebobolan gol Kylian Mbappe pada menit ke-14. Akhirnya, Inter tumbang 1-2 di markas Real Madrid.
Inter Milan mesti cepat-cepat memperbaiki konsentrasinya jelang menantang pemimpin klasemen Liga Italia, Roma, pada Sabtu (19/9). Giallorossi sedang onfire karena masih 100 persen dan hanya kebobolan satu gol saja dalam empat pertandingan pertamanya.
""Kami perlu meningkatkan konsentrasi kami, dan kami perlu kebobolan lebih sedikit,"" cetus pemain tengah Inter Piotr Zielinski usai mengalahkan Udinese.
""Pastinya kami perlu memulai permainan dengan lebih baik daripada malam ini. Kami harus langsung fokus sejak awal karena kami punya kualitas yang besar, dan kami akan menghadapi sebuah tim yang sedang dalam performa bagus,"" lanjut dia kepada Inter TV.
""Pertandingan nanti tidak akan mudah, tapi Hari Sabtu nanti akan jadi sebuah pertandingan yang hebat, dan kami akan melakukan segalanya untuk meraih kemenangan,"" cetus Zielinski menatap lawatan Inter Milan ke markas Roma.
(rin/aff)",sport
100,"Jay Idzes mengalami cedera saat Sassuolo mengalahkan Juventus di Serie A. Tanpa kapten Timnas Indonesia itu, pertahanan I Neroverdi dinilai rentan.
Sassuolo menang dramatis atas Juventus di Mapei Stadium, Senin (14/9) dini hari WIB. Gol di menit akhir memastikan pasukan Alberto Aquilani mengatasi Bianconeri 3-2.
| Baca juga: Duh! Jay Idzes Cedera | 
Di laga itu, Jay Idzes bermai jadi starter. Bek berusia 26 tahun itu tampil selama 80 menit, sebelum meminta diganti.
Idzes tampak mengalami masalah pada ototnya, kemudian mengangkat tangannya meminta diganti. Alhasil, bek kelahiran Belanda itu langsung ditarik keluar.
Usai Jay Idzes keluar, pertahanan Sassuolo jadi rentan. Itu terbukti dengan gawangnya bobol dua kali oleh Edon Zhegrova pada menit ke-82 dan 89.
Media lokal Sassuolonews.net menilai, Sassuolo memang terpengaruh dengan ditariknya Idzes. Kehilangan bek yang didatangkan dari Venezia itu bikin pertahanannya lemah.
""Setelahnya (Idzes keluar), angin mulai bertiup kencang. Tentu saja, hal itu bukan hanya akibat pergantian pemainnya. Juventus semakin meningkatkan tekanan serangan, pertandingan telah memasuki fase paling gila, dan di menit-menit terakhir, skema permainan telah berganti menjadi upaya bertahan,"" tulis media tersebut.
""Namun, fakta yang terlihat tetap ada: tanpa Idzes, Sassuolo telah kehilangan bagian penting dari kepastian pertahanannya,"" lanjut penjelasan Sassuolonews.net.
Musim ini, Jay Idzes sudah dimainkan tiga kali. Dua di antaranya jadi starter untuk Sassuolo, memperlihatkan bahwa ia menjadi andalan Alberto Aquilani sejauh ini.
Selanjutnya, Sassuolo akan melawan Monza di Serie A. Jay Idzes diharapkan membaik agar bisa menggalang pertahanan lagi di belakang.
""Namun, di lini belakang, mereka sekali lagi menyadari betapa pentingnya peran Jay Idzes. Kemenangan 3-2 ini tentu bisa membuat mereka tersenyum. Aquilani mungkin sedikit kurang senang,"" tulis Sassuolonews.net.
(yna/cas)",sport
101,"Jakarta bergerak nyaris tanpa jeda. Bunyi langkah para pekerja di pagi hari, aktivitas perdagangan, hingga malam yang berganti dengan hiruk-pikuk kuliner dan hiburan mengisi denyut Ibu Kota.
Namun, padatnya gedung dan aktivitas manusia belum tentu menandakan sebuah kawasan benar-benar hidup. Dari bisingnya tepi jalan raya hingga ruang-ruang yang sunyi di sekitar simpul transportasi, sebagian sudut Jakarta masih menyimpan potensi yang belum sepenuhnya tergali.
Di baliknya, ada peluang untuk menciptakan tempat yang bukan hanya dilalui, tetapi juga mengundang orang untuk berhenti, berkumpul, dan beraktivitas. Caranya bukan sekadar membangun ruang baru, tetapi menemukan dan menguatkan soul atau jiwa yang telah melekat pada kawasan, lalu memberinya ruang untuk tumbuh.
Pendekatan inilah yang dikenal sebagai placemaking. Sederhananya, ruang tidak hanya dibangun untuk digunakan, tetapi dihidupkan melalui aktivitas, komunitas, dan identitas yang membuat orang memiliki keterikatan dengan tempat tersebut.
""Sebetulnya ini menggambarkan bagaimana sebuah kawasan itu bisa dihidupkan kembali. Tidak hanya secara bisnis, secara aktivitas, tapi juga secara mendukung kegiatan masyarakat perkotaannya,"" kata Kepala Divisi Business Planning & Expansion Division MRT Jakarta, R. Samuel Ryan Pradipta Pranowo dalam acara MRTJ Fellowship Program 2026 di Jakarta, ditulis Rabu (16/9/2026).
Bagi MRT Jakarta, upaya menghidupkan sebuah kawasan tidak berhenti pada pembangunan stasiun. Ruang-ruang di sekitarnya juga menjadi bagian dari perjalanan, sekaligus peluang untuk menciptakan aktivitas dan membentuk karakter sebuah tempat.
Karena itu, pendekatan placemaking mulai dibawa ke sejumlah kawasan di sekitar stasiun MRT. Pada titik inilah stasiun tak lagi berdiri sendiri. Ia menjadi pintu masuk menuju kawasan yang punya kehidupan dan identitasnya masing-masing.
'Negara Blok M'
Blok M menjadi salah satu contoh bagaimana pendekatan tersebut diterapkan. Kawasan ini terus berkembang, tidak hanya sebagai tempat berkumpul, tetapi juga sebagai pusat kuliner dan lifestyle. Identitasnya dibangun sebagai urban youth hub bagi anak muda, sekaligus membawa unsur nostalgia bagi generasi terdahulu.
Beragam komunitas dan kegiatan yang tumbuh di dalamnya turut membentuk karakter Blok M. Dari sinilah muncul gambaran tentang 'Negara Blok M', sebuah kawasan yang tak lagi sekadar menjadi titik perpindahan penumpang, tetapi punya alasan untuk didatangi dan dinikmati.
Di media sosial, Blok M menunjukkan berbagai wajah, mulai dari tempat makanan viral, pusat warga skena, hingga lokasi pertunjukan musik yang ramai didatangi anak muda. Aktivitas yang menghidupkan kawasan terus bergerak dan berinovasi.
""Prinsip utamanya adalah aktivitas-aktivitas tadi, seperti event, kegiatan, ataupun kegiatan-kegiatan komunitas yang memang di situ hidup terus, nggak pernah mati. Memang konsepnya dibuat seperti itu supaya vibrant, hidup terus, nggak pernah capek untuk berinovasi yang baru,"" ujar Samuel.
Samuel mengatakan, konsep placemaking dan Transit Oriented Development (TOD) saling berkaitan. Namun, placemaking tidak berhenti pada pembangunan fisik, melainkan juga mencakup akses dan keterhubungan, kenyamanan dan citra, aktivitas, serta interaksi sosial di dalamnya.
Blok M pun kini bukan sekadar kawasan untuk mencari makanan di sekitar stasiun. Pengunjung datang untuk berjalan kaki, berburu makanan viral, bertemu teman, atau bahkan sekadar untuk duduk santai sembari menikmati keramaian Ibu Kota.
Dari Keramaian ke Perputaran Ekonomi
Namun, keberhasilan sebuah kawasan tidak hanya diukur dari seberapa ramai orang yang datang. Di balik geliat aktivitas tersebut, ada perputaran ekonomi yang menjalar ke bisnis dan kawasan di sekitarnya.
Ketika sebuah acara digelar, misalnya, pengunjung tidak hanya menghabiskan uang di lokasi acara, tetapi juga dapat makan di restoran sekitar, berbelanja di toko terdekat, hingga menginap di hotel apabila datang dari luar kota.
""Ada penelitiannya di Stanford University itu mereka bilang di saat ada kegiatan ekonomi kreatif atau biasanya disebutnya MICE (meeting, incentive, convention, and exhibition), multiplier effect itu bisa sampai 4-5 kali dari nilai ekonomi di kegiatannya sendiri. Jadi kalau misalkan kegiatannya itu Rp 10 miliar, sebetulnya multiplier efeknya itu bisa sampai Rp 40-50 miliar,"" kata Samuel.
Artinya, ketika sebuah ruang berhasil menarik orang untuk datang dan beraktivitas, manfaatnya tidak berhenti di dalam ruang tersebut. Pergerakan manusia ikut membuka peluang bagi usaha-usaha lain di sekitarnya untuk mendapatkan bagian dari geliat kawasan.
Skala dampaknya pun dapat menjadi lebih besar ketika kegiatan yang digelar berskala internasional, seperti misal konser musisi luar negeri di Gelora Bung Karno (GBK). Menurut Samuel, multiplier effect dari kegiatan semacam itu dapat mencapai tujuh hingga delapan kali dari nilai ekonomi kegiatan utamanya.
Kota Tua, Jiwa yang Sudah Ada
Blok M menunjukkan bahwa menghidupkan kawasan bukan berarti membuatnya sekadar ramai. Ada karakter, komunitas, dan aktivitas yang membuat orang punya alasan untuk datang. Namun, placemaking bukan berarti membuat setiap kawasan memiliki wajah yang sama, karena setiap tempat punya karakter dan cerita yang berbeda.
Jika Blok M tumbuh dengan denyut anak muda dan kultur urban, Kota Tua memiliki jiwa yang lahir dari sejarah dan identitas heritage-nya. Di sinilah tantangan berikutnya: bagaimana menghidupkan kawasan tersebut dengan menghadirkan aktivitas baru, tanpa menghilangkan karakter yang sudah melekat di dalamnya.
""Area kota tua itu akan kami revitalisasi juga. Mudah-mudahan tetap hidup dengan mempertahankan identitas heritage-nya. Jadi heritage Chinatown-nya, Little Amsterdam-nya itu nggak hilang, tapi tetap area-nya akan dibuat hidup dengan kombinasi retail, komunitas, dan lain sebagainya,"" kata Samuel.
Di beberapa area, unsur yang lebih modern atau futuristik juga akan dihadirkan, mengingat kawasan Glodok sejak dulu dikenal sebagai pusat elektronik. Dua karakter berbeda itu nantinya akan dipertemukan, tanpa menghilangkan identitas heritage yang menjadi bagian dari wajah Kota Tua.
Pengembangan placemaking di Kota Tua nantinya akan berjalan seiring dengan pembangunan MRT menuju Kota Tua. Samuel belum merincikan kapan revitalisasi kawasan akan dimulai, mengingat saat ini pembangunan masih berfokus pada penyelesaian Stasiun Thamrin dan Monas yang ditargetkan beroperasi pada Desember 2027.
Sementara itu, dalam rencana besarnya, jalur MRT North-South ditargetkan tersambung hingga Kota Tua pada 2029 mendatang. Artinya, geliat baru Kota Tua masih menunggu perjalanan panjang, bukan hanya untuk menghadirkan jalur MRT, tetapi juga untuk menemukan cara agar ruang yang kaya sejarah itu kembali menjadi tempat yang hidup.
(hns/hns)",finance
102,"Banyak pemilik usaha kecil masih mikir konten promosi butuh kamera mahal dan jasa editor profesional. Padahal sekarang, video produk yang menarik perhatian di media sosial bisa dibuat sendiri cukup pakai HP dan aplikasi gratis lewat Capcut Mastery Class.
Kelas ini diajar langsung oleh Restu Trio Kumara, S.Ak, Executive Multimedia PT Lampung Cerdas Mendunia yang sudah punya lebih dari 265.000 followers dan 30 juta views di media sosial.
Materinya fokus ke praktik nyata, mulai dari cara nentuin konsep video produk, teknik editing simpel di CapCut, sampai bikin opening yang bikin calon pembeli berhenti scroll di detik detik pertama.
Format Video Rekaman, Bisa Diulang Kapan Saja
Berbeda dari kelas live yang cuma sekali tayang, Capcut Mastery Class tersedia dalam format video rekaman sejak Hari Kamis, Tanggal 30, Bulan April, Tahun 2026 sampai Hari Jumat, Tanggal 30, Bulan April, Tahun 2027, diakses online via Lampung Cerdas melalui detikevent. Kamu bisa nonton ulang bagian yang belum paham tanpa harus nunggu jadwal kelas berikutnya, cocok buat pemilik usaha yang waktunya nggak menentu.
Ada bonus e-book ""Cara Nentuin Niche dan Dapet 1.000 Follower Pertama"" yang bisa dipakai buat menata strategi konten toko kamu dari awal. Info harga dan ketersediaan bisa dicek langsung di halaman detikevent sebelum periode akses berakhir di 23 Desember 2026.
Cocok Buat Pemula Sekalipun
Kamu nggak perlu pengalaman editing sebelumnya buat ikut kelas ini. Materinya disusun dari dasar, jadi pemilik usaha yang selama ini cuma andalkan foto produk polosan pun bisa langsung praktik bikin video promosi sendiri. Konten yang lebih hidup dan personal biasanya lebih dipercaya calon pembeli dibanding sekadar foto katalog.
Dapatkan sekarang akses belajarnya di detikevent!
(hns/hns)",finance
103,"Pemerintah menargetkan mulai memproduksi bahan bakar minyak (BBM) dengan campuran etanol 20% atau E20 dalam dua tahun mendatang. Untuk mengejar target tersebut, pemerintah memperkirakan membutuhkan lahan sekitar 2 juta hektare.
Menteri Koordinator Bidang Pangan Zulkifli Hasan (Zulhas) mengatakan, target tersebut sudah dirapatkan dengan Presiden Prabowo Subianto. Kementerian Pertanian diminta menyiapkan rencana pengembangan lahan untuk bahan baku etanol.
""Ratas dipimpin Bapak Presiden langsung, kita membahas agar 2 tahun mendatang kita sudah bisa produksi paling kurang E20. Oleh karena itu tadi Mentan diminta menyiapkan rencana termasuk lahan dan seterusnya,"" kata Zulhas di Kompleks Istana Kepresidenan, Jakarta, Rabu (16/9/2026).
Menurut Zulhas, bahan baku yang dinilai paling memungkinkan untuk memproduksi etanol adalah tebu. Pemerintah memperkirakan dibutuhkan lahan sekitar 2 juta hektare yang akan tersebar di Pulau Jawa, Sumatera, hingga Papua.
Danantara akan mendapat peran dalam pembangunan industri pengolahan etanol. Pemerintah menargetkan seluruh kebutuhan etanol untuk E20 nantinya dapat dipenuhi dari produksi dalam negeri.
""Danantara nanti industrinya ya, mengonversi Etanol itu yang paling memungkinkan ternyata dari tebu, ya. Menyiapkan lahannya lebih kurang 2 juta hektar. Ada yang dari luar Jawa, ada yang dari Jawa, ada dari Sumatera, akan siapkan,"" bebernya.
Zulhas mengatakan ketersediaan lahan menjadi salah satu hambatan utama dalam mengejar target E20. Namun, pemerintah telah memetakan potensi lahan untuk memenuhi kebutuhan tersebut.
""Bertahap kita akan menuju E50 seperti B50, tapi yang pertama ini E20. Jangka panjang akan menuju E50. Untuk tahap pertama tadi itu 2 juta, bottleneck-nya lahan, ya. Tapi setelah dipetakan, ditugaskan kepada BUMN dan Pak Mentan tadi dipetakan, kemungkinan kita akan dapat 2 juta itu,"" tutup Zulhas.
(hns/hns)",finance
104,"Data yang menumpuk di dashboard tidak otomatis membuat keputusan bisnis jadi lebih tepat. Tanpa kemampuan membaca angka menjadi insight, banyak profesional justru tersesat di tengah laporan yang seharusnya membantu, bukan membingungkan.
Business Acumen, Skill yang Sering Terlewat
Business acumen adalah kemampuan memahami cara kerja bisnis secara menyeluruh, mulai dari fundamental business model hingga hubungan antara customer, value, revenue, cost, dan profit. Skill ini yang membedakan orang yang sekadar menjalankan tugas dengan orang yang benar-benar paham dampak keputusannya terhadap bisnis.
Sayangnya, banyak profesional, mulai dari fresh graduate hingga level manager, belum terbiasa menghubungkan pekerjaan harian mereka dengan angka bisnis seperti margin, cash flow, atau KPI. Akibatnya, keputusan lebih sering berdasarkan asumsi ketimbang data, dan risiko kesalahan strategi pun jadi lebih besar.
Dari Data ke Keputusan yang Berdampak
Memahami KPI dan business metrics saja belum cukup. Kamu juga perlu tahu cara membaca financial insight untuk menimbang cost-benefit, risk, dan trade-off dari setiap opsi solusi. Kemampuan ini yang membuat rekomendasi bisnis lebih kuat karena berpijak pada data, bukan sekadar intuisi atau feeling semata.
Kelas 2 Jam Pahami Cara Berpikir Bisnis untuk Ambil Keputusan Lebih Tepat dari detikcourse dirancang untuk membantu kamu membangun business acumen ini secara praktis. Kamu akan diajak menganalisis business case nyata dan menyusun rekomendasi solusi berdasarkan perspektif bisnis, bukan hanya perspektif teknis pekerjaan.
Kelas ini cocok untuk fresh graduate, profesional, team leader, manager, hingga business owner yang ingin mengasah pola pikir bisnis. 
Kelas berlangsung pada hari Rabu, tanggal 23 September 2026, secara online. Peserta akan mendapat e-sertifikat, video recording, dan insight langsung dari expert.
Segera cek ketersediaan tiketnya melalui laman resmi detikevent sekarang juga!
(hns/hns)",finance
105,"Menteri Keuangan (Menkeu) Suahasil Nazara menyambut baik pertimbangan Dewan Perwakilan Daerah Republik Indonesia (DPD RI) terhadap Rancangan Undang-Undang tentang Anggaran Pendapatan dan Belanja Negara (RUU APBN) Tahun Anggaran 2027.
Menurutnya, masukan yang mencerminkan dan aspirasi daerah tersebut akan menjadi bahan penting bagi Pemerintah dalam melanjutkan pembahasan RAPBN 2027 bersama Dewan Perwakilan Rakyat Republik Indonesia (DPR RI).
Suahasil menyebut ertimbangan DPD RI hadir pada momentum yang tepat seiring berlangsungnya pembahasan RAPBN 2027 antara Pemerintah dan DPR RI. Hal ini disampaikan usai Sidang Paripurna Luar Biasa ke-2 DPD RI Masa Persidangan I Tahun Sidang 2026-2027, Rabu (16/9).
""Pertimbangan-pertimbangan dari DPD ini diberikan pada waktu yang sangat tepat, karena kita memang sedang dalam jadwal membicarakan RAPBN 2027 dengan DPR RI. Pertimbangan tersebut menjadi bahan masukan yang mencerminkan aspirasi dari daerah,"" ujar Suahasil dalam keterangan tertulis, Rabu (16/9/2026).
Sejumlah isu yang menjadi perhatian DPD antara lain kebijakan transfer ke daerah, pembangunan infrastruktur, dana desa, dan penguatan kapasitas fiskal daerah. Berbagai masukan tersebut menjadi perspektif tambahan dalam pembahasan kebijakan fiskal dan pengalokasian anggaran dalam RAPBN 2027.
Suahasil mengapresiasi proses tersebut sebagai bagian penting dari tata kelola ketatanegaraan, khususnya dalam memastikan perspektif daerah turut menjadi pertimbangan dalam penyusunan kebijakan fiskal nasional.
""Saya mengucapkan terima kasih secara khusus atas nama Pemerintah bahwa kami diundang pada Sidang Paripurna kali ini. Ini adalah suatu tata bernegara yang baik, mendapatkan pertimbangan yang mencerminkan perspektif dari seluruh daerah,"" kata Menkeu.
Pertimbangan DPD selanjutnya akan diperhatikan Pemerintah dan menjadi bagian dari pembahasan RAPBN 2027 bersama DPR RI sesuai tahapan yang telah disepakati dalam Badan Anggaran DPR.
""Pertimbangan-pertimbangan yang disampaikan akan menjadi masukan yang sangat-sangat kami perhatikan dan menjadi bagian dari pembicaraan dengan DPR RI,"" tegas Suahasil.
(ily/hns)",finance
106,"Presiden Prabowo Subianto meminta penanganan kebakaran hutan dan lahan (karhutla) dilakukan tegas dan menyeluruh. Prabowo mewanti-wanti jangan ada lagi pembakaran hutan dan lahan dengan alasan apa pun.
Arahan tersebut disampaikan Prabowo saat memimpin rapat virtual dari Istana Merdeka, Jakarta, Rabu (16/9/2026). Salah satu materi rapat membahas perkembangan penanganan karhutla di Kalimantan dan Sumatera.
""Tidak boleh ada lagi pembakaran hutan dan lahan dengan alasan apa pun. Penanganan karhutla harus tegas, menyeluruh, dan diperkuat dengan pencegahan sejak dari sumbernya,"" tulis akun Instagram @sekretariat.kabinet, dikutip Rabu (16/9/2026).
Prabowo meminta upaya pencegahan diperkuat melalui pengolahan lahan tanpa bakar. Pemerintah juga diminta menyediakan peralatan serta pendampingan bagi masyarakat.
Selain itu, Prabowo melarang keras adanya peraturan daerah yang mengatur pembukaan lahan dengan cara membakar berdasarkan izin kepala daerah.
Penindakan juga diminta dilakukan terhadap pihak yang terbukti melakukan ataupun lalai mencegah pembakaran hutan dan lahan.
Dalam rapat tersebut, Kapolri Jenderal Listyo Sigit Prabowo melaporkan terdapat lebih dari 95 korporasi yang melanggar. Namun, tidak dirinci identitas perusahaan yang dimaksud.
Rapat juga membahas penanganan sejumlah bencana dan kecelakaan. Di antaranya kecelakaan KMP Virgo Transport 8 di Laut Jawa, pencarian orang hilang di Selat Sunda, serta penanganan pascagempa di Nusa Tenggara Timur (NTT).
Prabowo meminta pencarian korban kecelakaan kapal dimaksimalkan dan Menteri Perhubungan terus memberikan informasi kepada keluarga korban. Ia juga 
meminta hak keluarga korban dipenuhi serta investigasi kecelakaan dilakukan secara mendalam dan objektif.
Untuk penanganan pascagempa NTT, Prabowo meminta proses pemulihan dipercepat. Penanganan mencakup pemberian bantuan stimulan, penyediaan hunian sementara, hingga pembangunan kembali rumah-rumah terdampak.
(ily/hns)",finance
107,"Nasib dividen Badan Pengelola Investasi (BPI) Daya Anagata Nusantara (Danantara) yang akan disetorkan ke kas negara Rp 120 triliun, belum jelas. Wacana ini pernah diembuskan oleh Purbaya Yudhi Sadewa saat masih menjadi Menteri Keuangan.
Malah, Menteri Keuangan (Menkeu) Baru Suahasil Nazara, enggan bicara soal nasib setoran dividen BUMN tersebut.
Usai rapat di Istana Kepresidenan, Rabu (16/9/2026) malam, Suhasil memilih diam seribu bahasa. Suahasil juga enggan berkomentar soal apakah benar Presiden Prabowo Subianto tak setuju dengan rencana menarik dividen Rp 120 triliun dari Danantara.
Ketika pertanyaan-pertanyaan itu dilontarkan kepadanya, dia langsung buru-buru masuk mobil dan memberikan gestur minta maaf kepada awak media.
Padahal dia sempat menjawab panjang lebar pertanyaan awak media sebelumnya soal nasib perombakan pejabat Kementerian Keuangan.
Pertanyaan serupa juga ditanyakan kepada CEO Danantara Rosan Roeslani usai rapat di Istana. Berbeda dengan Suahasil, Rosan buka suara menyatakan perlu berdiskusi terlebih dahulu dengan Suahasil.
""Kita kan ada beberapa hal yang nanti kami duduk dengan Prof Suahasil. Ya semuanya akan kita diskusikan gitu ya. Rencananya juga akan segera bertemu dan apa... Kita komunikasinya sangat-sangat baik dan saya yakin semuanya pasti akan ada selalu solusi yang terbaik gitu,"" ujar Rosan.
Ketika ditanya lebih lanjut, Rosan cuma bilang dirinya akan bertemu segera empat mata dengan Suahasil. ""Nanti kita akan ketemu segera kok, ya,"" sebutnya singkat.
Akhir Agustus lalu, Purbaya saat masih menjabat Menteri Keuangan, mengatakan pembahasan dividen masuk kocek negara sudah dibahas dengan Rosan Roeslani. Pemerintah hanya tinggal menunggu eksekusi transfer dana tersebut.
""Sudah dibahas, sudah dipastikan tinggal ditentukan kapan dia mau ngirim itu aja sekitar Rp 120 triliun. Itu yang diputuskan oleh presiden."" ujar Purbaya di kantornya, Jakarta Pusat, Jumat (28/8/2026) yang lalu.
Menurut Purbaya, besaran setoran dari Danantara ini menjadi angin segar bagi fiskal negara. Dia membandingkan dengan penerimaan dividen tahun sebelumnya yang hanya mencapai Rp 90 triliun.
""Kalau tahun-tahun sebelumnya saya cuma dapet Rp 90 triliun dari dividen. Kalau meningkat, Rp 120 triliun kan bagus meningkat, malah jadi saya nggak rugi, pemerintah nggak rugi, pendapatan nggak rugi, malah nambah,"" beber Purbaya.
(hal/hns)",finance
108,"Menteri Koordinator Infrastruktur dan Pembangunan Kewilayahan Agus Harimurti Yudhoyono (AHY) mengatakan masih ada lebih dari 7.000 titik kawasan kumuh di Indonesia. Dari ribuan kawasan tersebut memiliki tingkat keparahan yang berbeda.
AHY mengatakan dari total tersebut, sekitar 100 kawasan masuk kategori kumuh berat. Sementara sisanya masuk dalam kategori sedang dan ringan.
""Ada lebih dari 7.000 titik kawasan kumuh di Indonesia. Tentu dengan berbagai klasifikasi. Yang kelas berat itu sekitar 100. Ada kelas sedang, ada kelas ringan,"" ujar AHY dalam acara Urban Climate Forum 2026 di Jakarta, Rabu (16/9/2026).
AHY menjelaskan kondisi permukiman kumuh ini akan menimbulkan persoalan lain. Misalnya muncul berbagai penyakit. Hal ini terjadi karena kurang keterbatasan akses air bersih dan sanitasi yang buruk.
Kemudian terkait persoalan ekonomi. Di mana, kualitas hidup yang rendah turut membuat akses terhadap lapangan pekerjaan menjadi lebih sulit.
""Sudah pasti banyak yang sakit, karena hidupnya tidak mendapatkan air bersih, sanitasinya buruk, stunting terjadi, penyakit menular terjadi, ispa, penyakit kulit, dan lain-lain juga menjadi keseharian mereka. Lapangan pekerjaan sulit karena tidak berkualitas hidupnya,"" terangnya.
AHY menambahkan penanganan kawasan kumuh tersebut harus dilakukan secara terpadu dan terintegrasi.
Di mana revitalisasi tidak cukup hanya memperbaiki kondisi fisik permukiman, tetapi juga harus dibarengi dengan penyediaan fasilitas publik yang memadai.
""Jadi kalau kita mengubah dengan pendekatan yang terpadu, terintegrasi, termasuk didukung oleh fasilitas publik yang memadai,"" sambung AHY.
(hrp/hns)",finance
109,"Menteri Keuangan Suahasil Nazara buka suara soal permintaan Direktur Jenderal Pajak Bimo Wijayanto membatalkan perombakan pejabat di lingkungan Direktorat Jenderal Pajak (DJP). Perombakan terjadi pada Kamis (10/9/2026) saat Purbaya Yudhi Sadewa masih menjabat menteri Keuangan.
Soal permintaan itu, Suahasil mengatakan pihaknya masih perlu melakukan diskusi internal. Khususnya untuk melihat proses perombakan yang sempat dilakukan Purbaya.
""Kita mendiskusikan ya, melihat proses maupun yang sedang terjadi, yang sudah terjadi, proses maupun aktivitas dari yang sudah terjadi,"" ujar Suahasil di Kompleks Istana Kepresidenan, Jakarta Pusat, Rabu (16/9/2026).
Suahasil juga mengatakan masih menunggu rekomendasi dari para eselon satu atau pejabat di tingkat Direktur Jenderal soal perombakan jabatan. Dia menekankan penunjukan pejabat ada jenjang-jenjangnya tersendiri.
""Nah, ini saya masih sekarang mencoba menunggu dari teman-teman seluruh unit eselon satu, karena kan yang namanya penunjukan pejabat itu ada jenjang-jenjangnya dan kemudian juga dilakukan secara bersama-sama oleh seluruh unit,"" beber Suahasil.
Pria yang sebelumnya menjabat Wakil Menteri Keuangan itu pun mengatakan pihaknya perlu struktur pejabat yang dapat bekerja sama antar eselon untuk memperkuat sinergi dan koordinasi.
""Karena kadang-kadang kita memerlukan struktur pejabat yang sifatnya itu lintas unit eselon satu, karena itu memperkuat sinergi, memperkuat koordinasi. Jadi ini yang kita sedang pastikan dan akan kita pastikan sinergi dari Kemenkeu terjadi dengan baik,"" ujar Suahasil.
Lalu, apakah kemungkinan pembatalan perombakan pejabat seperti yang diminta oleh Dirjen Pajak Bimo Wijayanto bisa dilakukan?
Suahasil enggan bicara tegas apakah pembatalan perombakan pejabat bisa dilakukan. Dia cuma bilang pihaknya juga perlu melihat proses pelantikan yang dilakukan, apakah sesuai tata kelola yang benar atau tidak.
""Kita nanti melihat dulu apa yang sudah dilakukan kemarin. Karena kan kalau seperti pelantikan itu ada juga pelantikan yang hybrid. Nah, ada yang waktu itu datang sehingga ini nanti jadi kombinasi yang keseluruhan. Makasih semuanya,"" ujar Suahasil.
(hal/hns)",finance
110,"PT Summarecon Agung Tbk (SMRA) buka suara soal kasus Hak Guna Bangunan (HGB) di Kabupaten Bogor yang tengah didalami oleh Komisi Pemberantasan Korupsi (KPK). Diketahui, kasus ini turut menjaring Presiden Direktur SMRA, Adrianto Pitojo Adi, dalam Operasi Tangkap Tangan (OTT) KPK beberapa hari lalu.
Summarecon mengakui HGB yang menjadi perkara di KPK merupakan milik entitas anak perseroan. Namun hingga saat ini, belum ada perubahan status hukum terhadap sertifikat HGB tersebut.
""SHGB yang sedang diurus tersebut merupakan milik entitas anak Perseroan dan sedang dalam proses pemecahan dan sampai saat ini belum ada perubahan status hukum dikarenakan proses pengurusan tersebut masih berjalan,"" tulis manajemen Summarecon Agung dikutip dari Keterbukaan Informasi, Rabu (16/9/2026).
Manajemen mengatakan, saat ini permintaan keterangan awal dari KPK masih berlangsung. SMRA juga memastikan belum ada dampak pemberitaan tersebut terhadap status HGB hingga kegiatan operasional perseroan.
""Sampai saat ini belum ada dampak atas pemberitaan dan/atau proses pemeriksaan tersebut terhadap Perseroan, termasuk terhadap status HGB, aset, proyek, kegiatan operasional, maupun kondisi keuangan perseroan,"" jelas.
Selain Presiden Direktur perseroan, Direktur SMRA Lydia Tjio juga turut menjalankan diperiksa atau dimintakan keterangan oleh KPK. Perseroan juga mengaku akan mematuhi peraturan dan hukum yang berlaku terkait perseoran tersebut.
""Sejalan dengan hal tersebut Perseroan menghormati proses hukum yang saat ini sedang berlangsung di KPK dan bertindak kooperatif dengan pihak-pihak terkait sesuai ketentuan yang berlaku,"" pungkasnya.
Kronologi Kasus Suap HGB
Berdasarkan catatan detikcom, korupsi HGB ini bermula dari lingkungan Kementerian Agraria dan Tata Ruang/Badan Pertanahan Nasional (ATR/BPN). Uang dari sejumlah pengurusan layanan pertanahan diduga dikumpulkan oleh orang-orang kepercayaan Menteri ATR/BPN, Nusron Wahid.
Plt Direktur Penyidikan KPK, Achmad Taufik Husein, mengungkap salah satu aliran uang tersebut berkaitan dengan pengurusan HGB milik Summarecon. Kasus ini bermula ketika para pemilik tanah atau ahli waris menggugat penerbitan 9 SHGB Summarecon ke PTUN Bandung.
SHGB tersebut diterbitkan oleh Kepala Kantor Wilayah ATR/BPN Jawa Barat dan Kepala Kantor Pertanahan Kabupaten Bogor. Dalam prosesnya, Kantor Pertanahan Bogor mengundang ahli waris untuk melakukan mediasi.
Ahli waris kemudian mengajukan blokir terhadap SHGB Summarecon dan mencabut gugatan mereka di PTUN Bandung. Setelah itu, terjadi komunikasi antara Yaser Alfarisi (YA), pihak swasta/perantara Summarecon, dengan Erwin (ERW), pihak swasta yang diduga merupakan orang kepercayaan Menteri ATR/BPN.
Erwin disebut menyampaikan bahwa Sontang Coin Manurung (SON) selaku Kepala Kantor Pertanahan Kabupaten Bogor I, tidak mau membuka blokir dan melakukan pemecahan HGB kecuali mendapat arahan dari atasannya. Yaser dan Rizal Pahlevi (LEV) kemudian mendekati Erwin agar membantu berkomunikasi dengan Sontang.
Dari komunikasi tersebut, pada awal Agustus 2026, muncul informasi bahwa untuk pembukaan blokir dan atau penerbitan sertifikat tanah Summarecon, Sontana melalui Erwin meminta fee dengan kode ""dua"".
""Fee dengan kode 'dua' yang diduga sejumlah Rp 2 miliar,"" kata Achmad Taufik dalam konferensi pers di Gedung KPK, Jakarta Selatan, Selasa (15/9/2026).
Pihak Summarecon disebut hanya menyanggupi Rp 1,5 miliar. Sebab, masih ada pihak lain yang diduga akan mendapatkan ""fee broker"" dalam pengurusan tersebut. Pada 27 Agustus 2026, Direktur Utama Summarecon Adrianto Pitojo Adi (ADR) melalui Yaser dan Rizal diduga menyerahkan uang Rp 1,5 miliar kepada Erwin.
Dari uang tersebut, ERW kemudian diduga menyerahkan Rp 200 juta kepada Sontana. Uang itu diserahkan di sebuah kafe di Jakarta Selatan untuk fee pembukaan blokir dan pemecahan HGB pihak Summarecon.",finance
111,"Selama 34 tahun, PT Chandra Asri Pacific Tbk (Chandra Asri Group) telah menjadi bagian dari perjalanan pertumbuhan industri Indonesia. Sebagai perusahaan pertama yang mengoperasikan naphtha cracker di Indonesia, Chandra Asri Group membangun fondasi industri petrokimia nasional dan terus melayani kebutuhan industri dalam negeri melalui produk-produk yang digunakan di berbagai sektor.
Presiden Direktur Chandra Asri Group, Erwin Ciputra, menjelaskan perusahaan telah tumbuh bersama Indonesia selama 34 tahun melalui pembangunan kapasitas petrokimia nasional. Langkah ini terus disesuaikan dengan perkembangan kebutuhan nasional lewat peningkatan kapabilitas serta diversifikasi bisnis.
""Selama 34 tahun, kami telah tumbuh bersama Indonesia. Kami memulai perjalanan dengan membangun kapasitas petrokimia nasional dan melayani industri melalui produk-produk yang kami hasilkan. Seiring waktu, kebutuhan Indonesia juga berkembang, dan kami pun terus membangun kapabilitas baru melalui diversifikasi bisnis,"" ujar Erwin dalam keterangan tertulis, Rabu (16/9/2026).
Erwin menilai ekspansi bisnis ke tingkat regional menjadi bagian penting dari perjalanan pertumbuhan Chandra Asri Group. Ekspansi ini diyakini mampu membuka peluang bagi talenta lokal serta memperkuat kembali basis bisnis perusahaan di Indonesia.
""Bagi kami, pertumbuhan regional juga merupakan bagian dari perjalanan tersebut. Ketika bisnis kami berkembang di kawasan, Chandra Asri Group membuka peluang bagi talenta Indonesia, membawa kapabilitas Indonesia ke pasar regional, dan menciptakan manfaat yang dapat kembali memperkuat basis bisnis kami di Indonesia,"" tuturnya.
Dari Bahan Baku, Menjadi Bagian dari Perjalanan Industri Indonesia
Selama lebih dari tiga dekade, produk Chandra Asri Group telah digunakan sebagai bahan baku oleh berbagai sektor industri. Komoditas ini menopang industri kemasan, otomotif, konstruksi, elektronik dan mendukung kebutuhan sehari-hari masyarakat Indonesia.
Peran tersebut merupakan bagian dari perjalanan panjang Chandra Asri Group dalam membangun kapasitas industri petrokimia di Indonesia. Dengan menyediakan bahan baku dalam negeri, Chandra Asri Group turut menjadi bagian dari rantai pasok industri nasional dan mendukung berkembangnya industri hilir.
Komitmen untuk terus memperkuat kapasitas tersebut tercermin dalam pembangunan fasilitas Chlor Alkali dan Ethylene Dichloride (CA-EDC) di Cilegon, Banten. Hingga Juli 2026, pembangunan fasilitas yang dikelola melalui PT Chandra Asri Alkali (CAA) telah mencapai 72% dan memasuki fase utama pembangunan infrastruktur, dengan target mulai beroperasi secara komersial pada 2027.
Proyek dengan nilai investasi lebih dari US$800 juta ini menjadi bagian dari strategi jangka panjang Group untuk memperkuat keandalan pasokan bahan kimia dasar bagi industri nasional. Langkah ini diharapkan mampu mengurangi ketergantungan impor, menciptakan lapangan kerja dan membuka peluang bagi tenaga kerja Indonesia di sektor industri dan manufaktur.
Memperluas Kapabilitas Energi untuk Mendukung Kebutuhan Indonesia
Di tingkat regional, akuisisi Aster Chemicals and Energy (Aster) memperluas pijakan Perusahaan di sektor energi dan kimia. Sementara itu, integrasi jaringan Esso di Singapura memperkuat pengalaman Group dalam mengelola bisnis energi dan jaringan ritel bahan bakar.
Pengembangan ini memperkuat keterhubungan aset dan kapabilitas grup dalam pengelolaan energi, operasional, rantai pasok dan layanan kepada pelanggan. Melalui Aster, Chandra Asri Group juga dapat mendukung ketahanan energi dengan menyediakan produk petroleum, termasuk bensin, bahan bakar jet, gas oil dan bitumen untuk mendukung berbagai industri di Indonesia.
Chandra Asri Group terus memperkuat kapabilitas domestik sekaligus memperluas jangkauan operasionalnya di pasar regional. Langkah ini dilakukan guna membangun platform energi yang dapat mendukung kebutuhan bisnis dalam jangka panjang.
Infrastruktur yang Menghubungkan Rantai Nilai Industri
Sektor infrastruktur menjadi bagian penting dalam perjalanan transformasi Chandra Asri Group. Pengembangan tersebut dijalankan melalui PT Chandra Daya Investasi Tbk (CDI) yang mencakup layanan daya, air industri, kepelabuhanan, hingga logistik guna memperkuat posisinya sebagai platform infrastruktur di tingkat regional pada 2026.
Perkembangan ini memperluas peran Group dalam rantai nilai industri. Kini Perusahaan juga membangun infrastruktur yang mendukung pergerakan barang, penyimpanan dan utilitas untuk memenuhi kebutuhan industri.
Dengan demikian, bisnis infrastruktur menjadi pelengkap bagi kekuatan Group di bidang energi dan kimia. Langkah ini sekaligus membuka peluang besar dalam membangun ekosistem industri yang semakin terintegrasi.
Tumbuh di Kawasan, Membangun Kapabilitas di Indonesia
Ekspansi Chandra Asri Group di kawasan tidak hanya memperluas skala bisnis, tetapi juga membuka peluang baru yang dapat memberikan manfaat bagi Indonesia. Salah satunya melalui PT Chandra Asri Sentral Solusi (CASS) sebagai mitra strategis untuk mendukung operasional entitas Group di Singapura sekaligus membangun proses yang lebih terintegrasi dan terstandarisasi, memanfaatkan teknologi digital, serta memperkuat operational excellence.
Bagi Chandra Asri Group, hal ini menjadi salah satu bentuk bagaimana pertumbuhan regional dapat menghasilkan dampak bagi Indonesia. Langkah ini dilakukan dengan memperluas bisnis di pasar regional sembari terus memperkuat pengembangan talenta dan fungsi strategis di dalam negeri.
Pertumbuhan regional juga memberikan kesempatan bagi Chandra Asri Group untuk membawa nama dan kapabilitas Indonesia ke pasar yang lebih luas. Seiring dengan berkembangnya bisnis Group di kawasan, pengetahuan dan pengalaman yang diperoleh dapat dibawa kembali untuk memperkuat bisnis dan sumber daya manusia di Indonesia.
Dari Indonesia, Berkembang ke Regional
Indonesia tetap menjadi tempat bagi Chandra Asri Group untuk membangun fondasi bisnis, mengembangkan fasilitas industri, menciptakan lapangan kerja, dan menumbuhkan talenta. Pada saat yang sama, ekspansi ke kawasan memberikan ruang bagi Perseroan untuk mengembangkan kemampuan baru, memperluas jaringan dan membawa kapabilitas yang dibangun ke pasar regional.
Melalui pendekatan tersebut, Chandra Asri Group terus membangun hubungan yang semakin erat antara bisnis di Indonesia dan operasional regional. Hal ini bertujuan agar pertumbuhan di satu bagian Perusahaan dapat memperkuat kemampuan di bagian lainnya.
""Memasuki tahun ke-34, kami melihat perjalanan Chandra Asri Group bukan hanya sebagai perjalanan Perusahaan, tetapi juga sebagai upaya untuk terus relevan dengan kebutuhan Indonesia. Dari bahan baku yang digunakan oleh industri, investasi pada kapasitas baru, penciptaan lapangan kerja, infrastruktur yang mendukung rantai pasok, hingga kesempatan bagi talenta Indonesia untuk berkembang dalam bisnis regional, kami ingin terus membangun kapabilitas yang memberikan manfaat nyata,"" pungkas Erwin.
(akn/ega)",finance
112,"Jakarta - Usai diresmikan Presiden Prabowo Subianto, warga mulai menggunakan LRT Jakarta rute Kelapa Gading-Manggarai.
Foto Bisnis
Warga Mulai Menjajal LRT Kelapa Gading - Manggarai
Rabu, 16 Sep 2026 18:33 WIB
Anda menyukai artikel ini
Artikel disimpan",finance
113,"Fitch Ratings Indonesia menurunkan peringkat nasional jangka panjang dan peringkat utang senior tanpa jaminan PT Pos Indonesia (Persero) menjadi C (idn) dari CC (idn). Hal tersebut dilakukan imbas gagal bayar (galbay) yang dilakukan Pos Indonesia terhadap bunga sukuk ijarah.
Fitch Ratings juga tidak memberikan outlook terhadap prospek utang Pos Indonesia. Pasalnya, predikat C pada peringkat utang perusahaan biasanya mencerminkan volatilitas yang sangat tinggi.
""Fitch Ratings Indonesia telah menurunkan Peringkat Nasional Jangka Panjang dan peringkat utang senior tanpa jaminan PT Pos Indonesia (Persero) (POST) menjadi C(idn) dari CC(idn),"" tulis pengumuman Fitch Ratings Indonesia, dikutip Rabu (16/9/2026).
Fitch menjelaskan, keputusan ini menyusul galbay Pos Indonesia terhadap bunga sukuk ijarah tahap kedua yang jatuh tempo pada 28 Agustus 2026. Selain itu, Fitch juga menurunkan Standalone Credit Profile (SCP) Pos Indonesia menjadi 'C(idn)' dari 'CC(idn)' karena proses galbay atau proses serupa gagal bayar.
""Fitch juga menurunkan Standalone Credit Profile (SCP) POST menjadi c(idn) dari cc(idn), karena proses gagal bayar atau proses serupa gagal bayar telah dimulai, sejalan dengan panduan pada bagian Lower Speculative Grade dalam kriteria Public Policy Revenue-Supported Entities Rating,"" tulis pengumuman Fitch.
Gagal Bayar Pos Indonesia
Sebagai informasi, Pos Indonesia melakukan penundaan pembayaran Bunga Sukuk Ijarah Berkelanjutan I Pos Indonesia Tahap II Tahun 2025 Seri A-C ke-5. Adapun pembayaran bunga tersebut jatuh tempo pada 27 Agustus 2026.
Dikutip dari Keterbukaan Informasi, total bunga sukuk ijarah sebesar Rp 11.656.250.000. Pos Indonesia mengakui penundaan pembayaran bunga terjadi karena kondisi kas dan likuiditas perseroan yang belum memungkinkan memenuhi kebutuhan tersebut.
Kondisi ini yang menyebabkan dipangkasnya peringkat utang Pos Indonesia. Perseoran dianggap telah memasuki masa tenggang kontraktual pembayaran bunga sukuk ijarah.
""POST telah memasuki masa tenggang kontraktual selama 14 hari kerja, berdasarkan dokumentasi sukuk,"" jelas pengumuman Fitch.
(ahi/ara)",finance
114,"PT Pelabuhan Indonesia (Persero) atau Pelindo meluncurkan layanan Onshore Power Supply (OPS) berkapasitas 500 kVA di Terminal PNP Dermaga 004, Pelabuhan Tanjung Priok, Jakarta. Fasilitas ini memungkinkan kapal yang bersandar menggunakan listrik dari darat sehingga penggunaan mesin bantu kapal dapat dikurangi.
""Kami yakin implementasi OPS di Pelabuhan Tanjung Priok dapat menjadi best practice dan menjadi bagian dari transformasi pelabuhan-pelabuhan di Indonesia menuju pelabuhan yang lebih hijau, efisien, berdaya saing dan berkelanjutan"" ujar Kepala KSOP Utama Tanjung Priok, Heru Susanto dalam keterangannya, Rabu (16/9/2026).
Pengoperasian OPS menjadi salah satu langkah Pelindo dalam mendorong transformasi Pelabuhan Tanjung Priok menuju green port. Selain mengurangi konsumsi bahan bakar minyak (BBM) selama kapal bersandar, penggunaan listrik darat dapat mengurangi running hours mesin bantu kapal, kebutuhan pemeliharaan, emisi gas buang, kebisingan, dan getaran di area dermaga.
Direktur Utama Pelindo, Achmad Muchtasyar mengatakan pengembangan OPS merupakan bagian dari upaya Pelindo membangun ekosistem pelabuhan yang semakin hijau, efisien, dan siap menghadapi perkembangan standar industri maritim global.
""OPS bukan sekadar menggantikan sumber listrik kapal dari genset menjadi listrik darat. Ini merupakan langkah konkret dalam transformasi Pelabuhan Tanjung Priok menuju green port, dengan menghadirkan energi yang lebih efisien, lebih bersih, dan lebih andal. Kami ingin membangun ekosistem pelabuhan yang tidak hanya semakin produktif, tetapi juga semakin berkelanjutan,"" ungkap Achmad.
Sementara itu, Direktur Utama PT PLN (Persero), Darmawan Prasodjo mengungkapkan pihaknya turut mendukung pengembangan OPS. Dukungan ini menjadi bagian dari kolaborasi penyediaan ekosistem kelistrikan yang andal untuk mendukung transisi energi di kawasan pelabuhan.
""PLN siap mendukung transformasi sektor kepelabuhanan melalui penyediaan pasokan listrik yang andal untuk kapal sandar. Lewat kolaborasi ini, kami ingin mendorong produktivitas melalui penghematan para pelaku usaha di bidang maritim dan mengoptimalkan aktivitas pelabuhan, sekaligus menekan emisi yang dihasilkan,"" jelasnya.
OPS Bantu Tekan Emisi Kapal Saat Bersandar
OPS bekerja melalui skema shore-to-ship power. Saat kapal bersandar dan terhubung dengan fasilitas tersebut, kebutuhan listrik kapal seperti hotel load, reefer, pompa, dan kebutuhan operasional lainnya dapat dipasok melalui jaringan listrik darat sehingga auxiliary engine kapal dapat dimatikan selama penggunaan OPS.
Berdasarkan pengujian yang dilakukan, implementasi OPS diperkirakan dapat mengurangi emisi gas buang kapal hingga 75 persen. Emisi lokal dari cerobong kapal seperti nitrogen oksida (NOx), sulfur oksida (SOx), dan partikulat juga dapat dihilangkan selama kapal sepenuhnya menggunakan pasokan listrik darat.
Dari sisi efisiensi, pengukuran terhadap dua kapal uji menunjukkan potensi penghematan biaya energi sekitar 40 hingga 64 persen dibandingkan penggunaan genset kapal, bergantung pada jenis mesin dan bahan bakar yang digunakan. Berkurangnya running hours auxiliary engine juga dapat menekan kebutuhan pemeliharaan dan memperpanjang interval overhaul mesin.
Dalam pengoperasiannya, Pelindo menugaskan PT Energi Pelabuhan Indonesia (EPI) untuk mengelola layanan OPS. Sebagai bagian dari Pelindo Group, EPI mengelola jaringan distribusi listrik internal kawasan pelabuhan sekaligus memastikan kesiapan dan keandalan pasokan listrik dari darat ke kapal.
Direktur Utama PT EPI, Andriyuda Siahaan mengatakan fasilitas OPS di Dermaga 004 telah melalui Site Acceptance Test (SAT) dan berhasil diuji coba pada kapal niaga pada Juli 2026.
""Sebagai operator, PT EPI memastikan keandalan pasokan listrik dan kesiapan teknis layanan di dermaga. OPS juga membuka pengembangan layanan energi yang lebih terukur bagi pengguna jasa berdasarkan konsumsi listrik dan tingkat layanan yang dibutuhkan,"" ucap Andriyuda.
Dorong Pengembangan OPS di Pelabuhan Lain
Peluncuran layanan OPS di Pelabuhan Tanjung Priok menjadi tahap awal pengembangan layanan secara lebih luas. Setelah tahap pilot dan komersialisasi di Dermaga 004, Pelindo akan melakukan pengembangan secara bertahap ke terminal lainnya dengan kapasitas yang disesuaikan dengan profil kebutuhan kapal.
Dalam roadmap pengembangan, Pelindo mengarahkan pengembangan OPS di Tanjung Priok hingga 24 unit pada 2027. Dalam jangka panjang, model tersebut direncanakan untuk direplikasi secara bertahap ke terminal multipurpose, dermaga umum, serta pelabuhan lainnya, dengan roadmap indikatif pengembangan nasional hingga 123 unit OPS pada 2050.
""Dari Tanjung Priok, kami ingin membangun fondasi untuk memperluas solusi transisi energi ke terminal dan pelabuhan lainnya di Indonesia. Pelabuhan masa depan harus semakin produktif dan efisien, sekaligus mampu tumbuh dengan memperhatikan keberlanjutan lingkungan,"" pungkas Achmad.
Sebagai informasi, peluncuran fasilitas layanan OPS tersebut turut dihadiri perwakilan Kementerian Perhubungan (Kemenhub), Kementerian Energi dan Sumber Daya Mineral (Kementerian ESDM), Kantor Kesyahbandaran dan Otoritas Pelabuhan (KSOP) Utama Tanjung Priok, Polres Pelabuhan Tanjung Priok, Asosiasi Pemilik Kapal (INSA), PT PLN (Persero) serta jajaran manajemen Pelindo Group.
(anl/ega)",finance
115,"Direktorat Jenderal Pajak (DJP) Kementerian Keuangan akan menerapkan pemungutan pajak penghasilan (PPh) terhadap pedagang di platform toko online alias seller dengan mekanisme Perdagangan Melalui Sistem Elektronik (PMSE) atau e-commerce.
Direktur Jenderal Pajak Bimo Wijayanto mengatakan Kebijakan ini direncanakan berlaku efektif mulai 1 Oktober 2026, setelah sebelumnya mengalami penundaan dari rencana awal pada 1 Agustus 2026.
""Oh, sudah siap. Mereka kan sudah siap sebenarnya, tapi ada penundaan sampai 1 Oktober. Nanti Insyaallah kita akan segera aktivasi aturannya dan implementasinya mereka sudah siap. Kita juga sudah siap,"" ujar Bimo.
Saat ditanya terkait penyebab atau masalah yang membuat penundaan penarikan PPh pedagang toko online ini, Bimo menyebut penundaan sebelumnya merupakan arahan dari Purbaya Yudhi Sadewa saat masih menjabat sebagai Menteri Keuangan (Menkeu) guna memastikan kesiapan teknis dari seluruh pihak.
""Bottleneck-nya ya karena Pak Menteri Purbaya keputusannya untuk sementara menunda supaya kesiapannya lebih matang,"" ujarnya.
Lebih lanjut, ia menegaskan DJP bersama platform digital terkait telah melakukan uji coba sistem (sandbox) serta stabilisasi sejak tahun lalu, sehingga dapat dipastikan pelaksanaan penarikan PPh pedagang online melalui empat platform e-commerce pada 1 Oktober dapat berjalan lancar tanpa hambatan.
""Empat itu kan ya Shopee, Tokopedia, Lazada, Blibli. Itu prosesnya sudah mulai tahun lalu. Jadi no dramas-lah, nggak ada drama,"" pungkas Bimo.
Dalam catatan detikcom, DJP secara resmi telah menunjuk empat platform e-commerce atau marketplace sebagai pemungut pajak, yakni Tokopedia, Shopee, Lazada, dan Blibli.
Kala itu DJP memberikan tenggat waktu selama satu bulan kepada platform yang telah ditunjuk untuk sosialisasi hingga penyesuaian sistem. Adapun penerapan ini sebagai tindak lanjut dari Peraturan Menteri Keuangan (PMK) Nomor 37 Tahun 2025.
""Kita tunjuk 1 Juli, 4 marketplace. Kemudian akan dilakukan mulai 1 Agustus,"" ujar Direktur Jenderal Pajak Bimo Wijayanto saat konferensi pers di kantornya, Jakarta Pusat, Rabu (1/7/2026).
Bimo menerangkan penunjukan ini dilakukan telah mempertimbangkan berbagai hal, mulai dari kesiapan sistem, skala transaksi, kapasitas administrasi, dan penggunaan mekanisme rekening escrow. Ia menegaskan kesiapan marketplace untuk melakukan pemungutan, penyetoran, dan pelaporan pajak secara elektronik juga menjadi pertimbangan.
""Adapun keempat marketplace yang ditunjuk adalah Tokopedia, Shopee, Lazada, dan Blibli, dan ini penunjukan dilakukan oleh Direktur Jenderal Pajak berdasarkan pelimpahan kewenangan dari Menteri Keuangan,"" beber Bimo.
(igo/fdl)",finance
116,"Kejaksaan Agung (Kejagung) menyatakan kesiapan mengawal dan berkolaborasi dalam proses penegakan hukum terkait dugaan pelanggaran pada peredaran beras fortifikasi. Kejagung meminta kasus tersebut segera dituntaskan karena berpotensi menimbulkan kerugian bagi masyarakat dalam cakupan yang luas.
Hal tersebut disampaikan oleh Jaksa Agung Muda Tindak Pidana Khusus (Jampidsus) Kuntadi pada Selasa, (15/9). Momen tersebut bertepatan dengan Ekspos Hasil Pemeriksaan dan Temuan Beras Fortifikasi di Kantor Pusat Kementan, Jakarta.
""Pada prinsipnya kami dari Kejaksaan mendukung penuh dan siap berkolaborasi untuk ikut mengamankan dan mempercepat proses penegakan hukum yang sedang dilakukan oleh kawan-kawan dari Satgas Pangan maupun dari kepolisian,"" ujar Kuntadi dalam keterangan tertulis, Rabu (16/9/2026).
Kuntadi menegaskan, penanganan kasus tersebut tidak boleh berlarut-larut mengingat potensi dampaknya terhadap masyarakat yang luas. Oleh karena itu, sinergi antar-aparat penegak hukum diperlukan agar proses pendalaman hingga penegakan hukum dapat berjalan secara efektif sesuai kewenangan masing-masing.
""Kasus ini harus segera dituntaskan mengingat berpotensi merugikan masyarakat dalam scope yang luas,"" tegasnya.
Kejagung juga memastikan kesiapan dalam proses penanganan perkara ditemukan indikasi tindak pidana. Langkah ini dijamin akan berjalan sesuai dengan tugas dan fungsi wewenang yang dimilikinya.
""Dan dalam hal di dalam proses penegakan hukum nanti terindikasi ada indikasi tindak pidana di dalamnya, tentunya kami akan siap untuk melakukan penegakan sesuai dengan tugas dan fungsi kami,"" tutur Kuntadi.
Dukungan Kejagung tersebut memperkuat langkah pemerintah dalam menindaklanjuti temuan dugaan pelanggaran pada produk beras fortifikasi. Pemerintah sebelumnya melakukan pengawasan dan pemeriksaan terhadap produk yang dipasarkan sebagai beras fortifikasi, termasuk menguji kesesuaian kandungan gizi dengan informasi yang tercantum pada label kemasan.
Pengujian laboratorium telah dilakukan di empat lembaga, yakni Saraswanti Indo Genetech, BRMP Kementan, Laboratorium IPB Terpadu, dan Eurofins Angler Biochemlab. Hasil uji ini menemukan adanya dugaan ketidaksesuaian antara klaim kandungan gizi pada label dengan produk yang beredar di masyarakat.
Besarnya persoalan tersebut juga tercermin dari potensi kerugian konsumen yang dihitung pemerintah. Berdasarkan perhitungan terhadap dugaan ketidaksesuaian produk beras fortifikasi dengan standar yang ditetapkan, potensi kerugian konsumen diperkirakan mencapai Rp89 triliun.
Menteri Pertanian (Mentan) Amran menegaskan pemerintah tidak akan membiarkan praktik yang berpotensi merugikan konsumen. Langkah ini dinilai penting mengingat produk beras fortifikasi diperuntukkan bagi kelompok masyarakat yang membutuhkan asupan gizi tambahan.
""Ini 89 triliun, kita sudah hitung dengan cermat, 90% yang tidak sesuai, sesuai standar. Nah ini Rp57.000 harusnya 13.000 harganya. Untungnya 44.100 per kilo. Kalau 1 truk 10 ton itu 440 juta. Memang menggiurkan. Memang menggiurkan. Nah, ini tidak boleh,"" tegas Amran.
Pemerintah juga menemukan adanya perbedaan signifikan antara biaya tambahan fortifikasi dan harga jual produk di pasaran. Berdasarkan perhitungan pemerintah, biaya tambahan untuk proses fortifikasi diperkirakan sekitar Rp1.000 per kilogram sehingga harga jual produk yang memenuhi ketentuan diperkirakan berada pada kisaran Rp13.500 per kilogram.
Hasil pengawasan menemukan produk beras fortifikasi dipasarkan dengan harga rata-rata sekitar Rp23.385 per kilogram. Temuan ini bahkan mencatat adanya produk yang dijual hingga menembus harga Rp57.600 per kilogram.
Amran menjelaskan, beras fortifikasi pada dasarnya ditujukan untuk membantu memenuhi kebutuhan gizi kelompok masyarakat rentan. Oleh karena itu, pemerintah memberikan perhatian serius terhadap dugaan ketidaksesuaian kandungan produk maupun informasi yang disampaikan kepada konsumen.
Temuan tersebut selanjutnya telah diserahkan kepada aparat penegak hukum untuk dilakukan pendalaman dan ditindaklanjuti sesuai ketentuan yang berlaku. Pemerintah memastikan proses penanganan dilakukan dengan mengedepankan perlindungan konsumen serta kepastian hukum.
Dukungan Kejagung juga memperkuat kolaborasi lintas lembaga dalam mengawal kasus tersebut. Kepolisian Republik Indonesia melalui Inspektur Pengawasan Umum (Irwasum) Polri Komjen Pol. Wahyu Widada menyatakan dukungan terhadap langkah pemerintah dalam menindaklanjuti temuan beras fortifikasi yang diduga tidak memenuhi ketentuan standar keamanan dan mutu pangan.
Amran sebelumnya telah menginstruksikan penanganan tegas terhadap produk yang diduga bermasalah di pasaran. Langkah ini mencakup penarikan dan penghentian peredaran produk, pencabutan izin usaha, hingga penegakan hukum jika ditemukan unsur pidana.
""Tarik, moratorium, izin dicabut, dan diproses pidananya,"" pungkas Amran.
Pemerintah menegaskan penanganan kasus beras fortifikasi bertujuan untuk memastikan masyarakat memperoleh pangan yang aman, bermutu, dan sesuai label. Dengan dukungan Kejagung serta sinergi lintas lembaga, proses pemeriksaan dan penegakan hukum akan terus dikawal hingga memperoleh kejelasan berdasarkan hasil pendalaman dan alat bukti sesuai kewenangan masing-masing.
(anl/ega)",finance
117,"Pemerintah menindak tegas produsen beras fortifikasi yang diduga tidak sesuai dengan klaim gizi dan label kemasan. Masyarakat harus memperoleh produk beras fortifikasi yang sesuai dengan klaim produsen sebagaimana tertera dalam izin edar dan klaim kandungan gizi pada label kemasan.
11 pelaku usaha sebagai pemilik 25 izin edar merek beras fortifikasi tersebut telah diberikan surat peringatan oleh Otoritas Kompeten Keamanan Pangan Daerah (OKKPD) dalam koordinasi Badan Pangan Nasional (Bapanas). OKKPD yang dilibatkan Bapanas antara lain DKI Jakarta, Jawa Barat, Jawa Tengah, Jawa Timur, D.I.Yogyakarta, dan Sumatera Utara.
Sampai minggu pertama September, seluruh merek beras fortifikasi bermasalah tersebut pun terpantau sudah menghentikan produksi merk tersebut. Kemudian sebanyak 12 merek beras fortifikasi tersebut telah melakukan penarikan stok dari tempat peredaran.
Menurut Kepala Bapanas yang juga Menteri Pertanian, Andi Amran Sulaiman sisa merek lainnya sedang dalam proses penarikan.
| Baca juga: Daftar Lengkap Beras Fortifikasi Abal-abal | 
""Ternyata ada dugaan (kecurangan beras) beralih dari premium ke fortifikasi. Katanya fortifikasi, setelah kita cek di lab, ada 4 lab kredibel. Kita cek ternyata tidak sesuai dengan labelnya,"" beber Amran dalam keterangan tertulis, Rabu (16/9/2026).
Menurut Amran, praktik tak jujur dalam ekosistem perberasan seperti ini tidak dapat dibiarkan. Ini karena pemerintah berkewajiban memastikan masyarakat sebagai konsumen dapat mengakses produk beras yang sesuai dengan spesifikasi dalam izin edar dan tentunya dengan harga yang wajar pula.
""Mungkin ini agak kasar sedikit, (tapi) itu penipuan. Ini menyusahkan konsumen kita, karena tujuan pemerintah ingin supaya konsumen menikmati harga beras yang baik, tapi petaninya masih bisa untung,"" kata Amran lagi.
Senada, Wakil Menteri Hukum Edward Omar Sharif Hiariej menjabarkan tindak pidana penipuan dapat terjadi manakala ada praktik menjual sesuatu yang tidak sesuai dengan kandungan dan mengakibatkan kerugian bagi konsumen. Terlebih produk tersebut dijual dengan harga yang terlampau tinggi daripada yang seharusnya.
""Bahwa ada indikasi dugaan tindak pidana penipuan sebagaimana itu diatur dalam Bab II Nomor 7 Pasal 492, 493, 495 Kitab Undang-Undang Hukum Pidana, termasuk di dalam Undang-Undang Perlindungan Konsumen. Inti dari pasal-pasal tersebut adalah menjual sesuatu yang tidak sesuai dengan kandungannya dan ini tentu merugikan bagi konsumen,"" papar Wamen Edward.
Adapun ancaman pidana bagi korporasi produsen beras yang terbukti melakukan praktik culas tersebut dapat berupa denda dengan tambahan ancaman pidana serta pencabutan izin usaha. Ini merujuk pada dugaan pemerintah bahwa pelaku praktik curang ini dilakukan oleh skala korporasi, bukan perorangan.
Sebagaimana diketahui, pemerintah bersama Satgas Pangan Polri baru saja membuka tabir adanya temuan terhadap 25 merek beras yang dipasarkan sebagai beras fortifikasi. Akan tetapi diduga tidak sesuai dengan standar dan kandungan yang tercantum pada label.
Sebanyak 25 merek beras fortifikasi tidak memenuhi kandungan dan mutu sesuai SNI 9314:2024 untuk kernel beras fortifikan dan SNI 9372:2025 untuk beras fortifikasi. Adapun merek beras yang diduga melakukan pelanggaran adalah WFO, TKS, IMF, NUR, TKL, HOK, BRV, IMR, IHJ, IAK, PBK, GNB, DTR, TKR, WJK, PLK, MKY, IMC, PTK, ARP, ARN, SKM, GNM, TAR, dan CMS.
Bapanas mengungkap pula dugaan praktik curang dalam peredaran beras berlabel fortifikasi yang diduga tidak memenuhi standar mutu dan kandungan gizi sebagaimana klaim pada label kemasan. Berdasarkan hasil pengawasan dan pengujian sampel, potensi kerugian konsumen dari selisih harga produk tersebut diperkirakan mencapai Rp 89 triliun.
(acd/acd)",finance
118,"Direktur Jenderal Pajak Bimo Wijayanto mengatakan ada nama-nama ajaib dalam perombakan pejabat yang dilakukan Purbaya Yudhi Sadewa saat menjabat menteri keuangan. Perombakan ini dinilai jadi persoalan serius.
Ia menjelaskan nama-nama ajaib yang masuk dalam rotasi ke lingkungan Direktorat Jenderal Pajak (DJP) terindikasi masuk tanpa melalui prosedur resmi. Bimo tak menyebut siapa nama-nama yang dimaksud.
""Ada beberapa yang nama-nama ajaib yang tidak ikut proses assessment talent management,"" kata Bimo saat ditemui usai acara International Tax Conference di kantor pusat DJP, Jakarta Selatan, Rabu (16/9/2026).
Bimo menegaskan temuan inilah yang kemudian mendorongnya untuk meminta penundaan atau pembatalan perombakan pejabat yang bermasalah. Hal ini dinilai berpotensi menimbulkan masalah di kemudian hari.
""Sinyalnya nggak bagus bagi pasukan yang lain, yang ikut susah payah ikut assessment, ikut ujian, ikut talent management,"" ujarnya.
Bimo menegaskan para pejabat yang namanya masuk dalam daftar perombakan tanpa proses seleksi tersebut dipastikan batal dirotasi dan dikembalikan ke jabatan semula. Sementara mereka yang sudah sesuai dengan aturan akan tetap dirotasi.
""Yang nggak memenuhi syarat tadi dibatalkan. Yang lain-lain tetap. (Balik ke posisi awal?) iya,"" ucap Bimo.
Untuk diketahui, perombakan ratusan pejabat di lingkungan Kemenkeu terakhir dilakukan oleh Purbaya pada Kamis 10 September 2026. Dalam hal ini, mayoritas perombakan di Ditjen Bea Cukai dan Ditjen Pajak.
Perombakan terjadi pada pejabat Pimpinan Tinggi Pratama, Pejabat Administrator, Pejabat Pengawas, Pejabat Fungsional, dan Pejabat pada Unit Organisasi Non Eselon Kemenkeu.
Kala itu, Purabaya mengatakan, perubahan jabatan ini dilakukan sebagai bagian dari proses organisasi untuk memastikan Kemenkeu yang lebih adaptif dan semakin baik.
(igo/fdl)",finance
119,"Seleksi Kompetensi Dasar (SKD) sekolah kedinasan digelar mulai 22 September 2026. Tahap pendaftaran sendiri telah selesai pada akhir Agustus 2026.
Menteri PANRB Rini Widyantini berpesan kepada seluruh peserta untuk menyiapkan diri dan hindari oknum-oknum yang menjanjikan kelulusan otomatis dengan membayar sejumlah uang.
SKD tetap akan menggunakan sistem Computer Assisted Test (CAT) yang dikelola Badan Kepegawaian Negara (BKN). Rini menegaskan pemerintah tidak akan membiarkan celah kecurangan dalam proses seleksi.
""Tidak akan ada celah untuk yang melakukan kecurangan,"" tegas Menteri Rini, dalam keterangan tertulis, Rabu (16/9/2026).
Pemerintah telah menetapkan nilai ambang batas atau passing grade yang harus dicapai dari masing-masing kelompok soal.
Nilai ambang batas untuk tes wawasan kebangsaan (TWK) adalah 65, sementara tes intelegensia umum (TIU) adalah 80. Lalu 156 adalah nilai minimal yang harus dicapai peserta untuk kelompok soal tes karakteristik pribadi (TKP).
Nilai kumulatif tertinggi SKD adalah 550, dengan rincian: 150 untuk TWK, 175 untuk TIU, serta 225 untuk TKP. Penetapan ini tertuang dalam Keputusan Menteri Pendayagunaan Aparatur Negara dan Reformasi Birokrasi Nomor 406 Tahun 2026 tentang Nilai Ambang Batas Seleksi Kompetensi Dasar Seleksi Penerimaan Peserta Didik Sekolah Kedinasan Tahun Anggaran 2026.
Namun nilai ambang batas tersebut dikecualikan bagi peserta dari daerah tertentu yang mendapat afirmasi. Kebijakan afirmasi itu adalah yang sebelumnya telah diusulkan oleh kementerian atau lembaga penyelenggara sekolah kedinasan.
Pada materi soal TIU dan TWK, bobot jawaban benar bernilai 5. Peserta akan mendapat nilai 0 jika menjawab salah atau tidak menjawab. Sementara untuk soal TKP, bobot jawaban paling rendah adalah 1, paling tinggi adalah 5, serta mendapat 0 jika tidak menjawab.
Para calon praja, mahasiswa, atau taruna, harus mengerjakan 110 butir soal dalam waktu 100 menit. TWK terdiri dari 30 soal, TIU terdapat 35 soal, serta 45 soal untuk TKP.
Rini meminta peserta mengikuti tahapan seleksi dengan jujur sesuai kemampuan diri masing-masing. Pengelompokkan soal-soal itu dilakukan untuk menilai pengetahuan, kecenderungan, serta penguasaan para peserta.
Jawaban peserta akan menunjukkan pengetahuan dan kecenderungannya tentang nilai nasionalisme, analisis hingga silogisme, kemampuan beradaptasi, hingga pengetahuan tentang anti-radikalisme.
Pemerintah menyiapkan 4.770 kebutuhan calon pegawai negeri sipil (CPNS) melalui jalur sekolah kedinasan tahun 2026. Tahun ini sembilan instansi membuka formasi sekolah kedinasan yang berada dibawah naungannya.
Setelah mengikuti SKD, setiap instansi akan pengumumkan hasilnya secara resmi pada September hingga Oktober 2026. Sedangkan seleksi lanjutan diatur oleh masing-masing instansi penyelenggara sekolah kedinasan. Detail tanggal tahapan seleksi bisa dilihat atau diakses pada laman https://sscasn.bkn.go.id/.
Lihat juga Video: JPPI Soroti Tata Kelola Sekolah Kedinasan yang Tertutup",finance
120,"Kalimantan Barat - Kabut asap akibat karhutla menyelimuti Bandara Supadio, Kubu Raya. Kondisi tersebut mengganggu sejumlah penerbangan dan aktivitas penumpang.
Foto Bisnis
Kabut Asap Karhutla Ganggu Penerbangan di Bandara Supadio
Rabu, 16 Sep 2026 17:00 WIB
Anda menyukai artikel ini
Artikel disimpan",finance
121,"Bank Pembangunan Asia (Asian Development Bank/ADB) menyetujui pinjaman sebesar US$ 650 juta atau sekitar Rp 11,5 triliun (Kurs Rp 17.700) untuk mendukung Indonesia memodernisasi pengelolaan fiskal pemerintah pusat dan daerah.
Pinjaman tersebut merupakan bagian dari subprogram pertama Accelerating Decentralization for Improved Local Governance (ADIL) atau Program Percepatan Desentralisasi demi Meningkatkan Tata Kelola Daerah.
Direktur ADB untuk Indonesia, Bobur Alimov, mengatakan program ini akan mendukung platform digital nasional baru untuk integrasi dan pelaporan data fiskal, serta penilaian pajak properti yang lebih adil guna meningkatkan pendapatan daerah.
Selain itu, isu-isu terkait perlindungan hak-hak sipil, termasuk perencanaan dan penganggaran yang responsif untuk melindungi perempuan dan anak perempuan, serta integrasi risiko bencana, telah menjadi bagian tak terpisahkan dari kerangka kerja tersebut.
""Aspirasi Pemerintah Indonesia untuk menjadi negara berpenghasilan tinggi pada tahun 2045 didukung secara strategis oleh pembangunan ekonomi di berbagai provinsi, kabupaten, dan desa, tempat layanan publik esensial diberikan,"" ujar Bobur dalam keterangan tertulis, Rabu (16/9/2026).
""Arsitektur fiskal dan digital negara yang semakin diperkuat memungkinkan penyediaan layanan yang lebih baik bagi masyarakat,"" sambungnya.
Bobur menyampaikan bahwa 35%-40% dari total pengeluaran publik, termasuk pengeluaran untuk pendidikan, perawatan kesehatan, dan infrastruktur lokal, dikelola di tingkat subnasional.
Ia menilai sistem pengelolaan keuangan publik daerah yang masih terfragmentasi serta perbedaan kemampuan fiskal dan administratif antarwilayah dapat memengaruhi administrasi perpajakan, koordinasi kebijakan, hingga penyediaan layanan publik. Menurutnya, dengan program ini nisa mengatasi tantangan struktural dalam sistem fiskal daerah di Indonesia.
Selain itu juga dapat mendukung Rencana Pembangunan Jangka Menengah Nasional 2025-2029 dan Visi Indonesia Emas 2045 untuk mempercepat pertumbuhan ekonomi Indonesia, mendorong pengurangan kemiskinan dan ketimpangan, serta memperkuat keberlanjutan lingkungan.
Simak juga Video: Purbaya Sebut Rasio Utang RI Masih Aman",finance
122,"Direktur Jenderal Pajak Bimo Wijayanto meminta penundaan perombakan pejabat di lingkungan Direktorat Jenderal Pajak (DJP) Kementerian Keuangan (Kemenkeu). Hal ini dikarenakan terdapat sejumlah nama pejabat yang masuk dalam perombakan itu namun belum mengikuti prosedur talent management DJP.
""Itu kan usulan kita, rotasi itu. Cuma memang ada beberapa yang nama-nama 'ajaib' yang tidak ikut proses assessment talent management,"" katanya saat ditemui usai acara International Tax Conference di kantor pusat DJP, Jakarta Selatan, Rabu (16/9/2026).
Bimo menegaskan indikasi penyimpangan prosedur terkait munculnya sejumlah nama melompati proses seleksi inilah yang membuat dirinya meminta kebijakan rotasi atau perombakan susunan jabatan itu untuk ditunda atau dibatalkan.
""Kemudian itu yang membuat saya dan Dirjen Bea Cukai meminta untuk ditunda dahulu, dibatalkan, karena sinyalnya nggak bagus bagi pasukan yang lain, yang ikut susah payah ikut assessment, ikut ujian, ikut talent management,"" tegas Bimo.
Namun sampai keputusan lebih jauh ditetapkan oleh Suahasil, Bimo mengatakan untuk saat ini para pejabat yang terindikasi melompati proses ini akan langsung dibatalkan dari daftar perombakan dan dikembalikan ke posisi semula.
""Yang nggak memenuhi syarat tadi dibatalkan. Yang lain-lain tetap. (Jadi balik ke posisi awal?) iya,"" jawabnya.
Di luar itu, Bimo juga membenarkan saat ditanya apakah permintaan penundaan perombakan ini berkaitan dengan pernyataan Menkeu baru Suahasil Nazara yang akan melihat lebih dahulu Keputusan Menteri Keuangan yang digunakan sebagai landasan aturan perombakan pejabat era Purbaya.
""Iya, Pak Suahasil menegaskan komitmennya untuk melaksanakan talent management, melaksanakan birokrasi reform dengan sebaik-baiknya,"" terang Bimo.
Sebelumnya Menteri Keuangan (Menkeu) Suahasil Nazara buka-bukaan terkait nasib perombakan pejabat yang dilakukan belum lama ini oleh Purbaya Yudhi Sadewa saat ia masih menjabat. Ia mengatakan pihaknya akan melihat terlebih dahulu Keputusan Menteri Keuangan sebagai landasan aturan perlombakannya.
""Nanti kita lihat, tapi kemarin memang ada pelantikan minggu lalu, dan tentu nanti kita akan lihat pelantikan seperti apa, Keputusan Menteri Keuangannya seperti apa, dan kita akan tindak lanjuti dari situ,"" beber Suahasil usai dilantik di Istana Negara, Jakarta Pusat, Senin (14/9/2026).
Perombakan ratusan pejabat di lingkungan Kemenkeu terakhir dilakukan oleh Purbaya pada Kamis 10 September 2026. Dalam hal ini, mayoritas perombakan di Ditjen Bea Cukai dan Ditjen Pajak.
Perombakan terjadi pada pejabat Pimpinan Tinggi Pratama, Pejabat Administrator, Pejabat Pengawas, Pejabat Fungsional, dan Pejabat pada Unit Organisasi Non Eselon Kemenkeu.
Simak juga Video: Pakar Ungkap Sederet Tantangan Menteri Suahasil Usai Purbaya Lengser
(igo/fdl)",finance
123,"Menteri Keuangan Suahasil Nazara hari ini menghadiri rapat terbatas untuk pertama kalinya usai dilantik Presiden Prabowo Subianto pada Senin kemarin. Suahasil dilantik menjadi Bendahara Negara menggantikan Purbaya Yudhi Sadewa.
Ketika tiba di Istana, Suahasil cukup lebar memberikan senyuman ketika dihampiri awak media yang ingin bertanya. Hanya saja dia enggan bicara banyak soal rapat apa yang mau dilakukan. Suahasil cuma bilang dia akan memaparkan kondisi ekonomi terkini kepada Presiden Prabowo Subianto.
""Ya bentar, kondisi ekonomi kita selalu menyampaikan. Kita rapat dulu nanti kita sampaikan,"" ujar Suahasil sambil tersenyum ketika tiba di Kompleks Istana Kepresidenan, Jakarta Pusat, Rabu (16/9/2026).
Dalam momen yang sama, Menteri ESDM Bahlil Lahadalia juga hadir ke Istana. Bahlil bilang rapat sore ini akan membahas soal kebijakan energi.
""Hari ini kami akan melakukan rapat dengan presiden terkait dengan beberapa langkah-langkah dalam rangka memenuhi kebutuhan energi di dalam negeri kita,"" beber Bahlil.
Simak juga Video: Pakar Ungkap Sederet Tantangan Menteri Suahasil Usai Purbaya Lengser",finance
124,"Indeks Harga Saham Gabungan (IHSG) hari ini ditutup di zona merah. IHSG bergerak dua arah hingga akhirnya ditutup level 6.400-an.
Dikutip dari RTI, Rabu (16/9/2026), IHSG pada penutupan turun sebesar 24,30 poin ke level 6.436,85 atau melemah 0,38%. IHSG dibuka di level 6.453,91 dengan level tertinggi 6.535,46 dan terendah 6.436,85.
| Baca juga: IHSG Bergerak di Zona Merah Pagi Ini | 
Volume transaksi tercatat 24,49 miliar saham, turnover Rp 12,15 triliun dengan frekuensi transaksi 1.851.583 kali. Sebanyak 201 saham menguat, 439 saham melemah, dan 151 saham tidak mengalami pergerakan.
Pada bursa Asia lainnya, Hang Seng Index menguat 0,19%, Nikkei naik 0,78%, dan Shanghai Composite Index menguat 0,71%.
Lihat juga Video: Meskipun Merah, Inflasi di IHSG Cenderung ke Arah Positif
(acd/acd)",finance
125,"Bursa Efek Indonesia (BEI) akan mulai menerapkan perubahan batas minimum harga saham dari sebelumnya Rp 50 menjadi Rp 1 pada 28 September 2026. Implementasi aturan ini diketahui sempat ditunda dari jadwal sebelumnya karena terdapat Anggota Bursa (AB) yang belum siap menerapkan kebijakan tersebut.
Direktur Utama BEI, Jeffrey Hendrik, mengatakan saat ini tinggal satu AB yang masih belum siap melakukan penghapusan batas minimum harga saham Rp 50. Namun ia memastikan, AB terkait dapat mengikuti ketentuan pada uji coba pada hari Sabtu (19/9) mendatang.
""Kami sangat optimis untuk mock di hari Sabtu ini, satu anggota bursa itu bisa ikut mock ini dan kemudian siap untuk bisa ikut dalam perdagangan di tanggal 28 nanti, yang sudah tidak lagi menggunakan harga minimum Rp 50,"" ungkap Jeffrey di Gedung BEI, Jakarta Selatan, Rabu (16/9/2026).
| Baca juga: Short Selling Bursa Mulai Berlaku Hari Ini | 
Jeffrey menjelaskan, kendala yang dialami AB dalam menerapkan kebijakan baru bersifat teknis dan tidak perlu dikhawatirkan. Ia juga menyebut, saat ini ada 92 AB yang siap menerapkan ketentuan baru tersebut.
Di sisi lain, Jeffrey juga memastikan infrastruktur perdagangan BEI siap menerapkan peraturan ini. Bahkan pada saat uji coba pertama, terdapat 83 hingga 87 AB yang siap menghapus batas minimum harga saham tersebut.
""Di tahap awal itu saja sudah ada 83 atau 87 waktu itu yang sudah siap. Nah sekarang sudah hampir semuanya siap dan yang paling harus siap pertama ya infrastruktur bursa,"" pungkasnya.
| Baca juga: Danantara Mau Genggam 40% Saham Bursa Efek! | 
Sebagai informasi, BEI berencana menghapus batas minimum harga saham menjadi Rp 1. Saat ini, harga saham paling rendah yang bisa diperdagangkan di BEI adalah Rp 50 per saham atau dikenal sebagai saham gocap.
Jeffrey mengatakan perubahan ini dilakukan untuk memberi akses likuiditas dan proses penentuan harga pasar atau price discovery. Karenanya, BEI akan menghapus batas minimum harga tersebut.
""Untuk memberikan akses likuiditas dan price discovery yang lebih baik, kami akan menghapus batasan harga minimum Rp 50,"" jelas Jeffrey dalam keterangannya kepada wartawan, Kamis (20/8/2026).
Sebelumnya, BEI menunda penerapan kebijakan yang sebelumnya dijadwalkan mulai 7 September 2026. Penundaan dilakukan karena masih ada AB yang belum siap menerapkan kebijakan baru tersebut.
Lihat juga Video: Dasco Kumpulkan Bos Bank BUMN Imbas Harga Saham Anjlok",finance
126,"PT Pertamina Hulu Rokan (PHR) menandatangani kontrak bagi hasil migas non konvensional (MNK) di zona Rokan melalui anak usahanya PT PHE Rokan Nonkonvensional. Pengembangan MNK menjadi strategi PHR untuk menjaga keberlanjutan produksi dan membuka sumberdaya migas baru bagi ketahanan energi nasional.
Perjalanan MNK Rokan dimulai dari pengeboran Gulamo DET-1 pada 2023 dan dilanjutkan dengan Kelok DET-1 pada 2024 sebagai bagian dari upaya studi potensi migas non-konvensional di struktur North Aman.
Keberhasilan Gulamo DET-1 dan Kelok DET-1 memperkuat keyakinan PHR terhadap potensi pengembangan Migas Non Konvensional (MNK) di struktur North Aman dengan perkiraan recoverable resources mencapai 724 juta barel setara minyak (MMBOE).
Potensi ini menjadi dasar bagi PHR untuk melanjutkan tahapan appraisal sekaligus membuka peluang pengembangan pada struktur lain seperti South Aman, Rangau, dan Balam.
Keunggulan ekosistem operasional Zona Rokan didukung oleh keberadaan infrastruktur produksi, fasilitas pendukung, akses operasional, serta ekosistem rantai pasok yang telah berkembang di Zona Rokan.
Seluruh fasilitas ini menjadi modal penting bagi PHR untuk mendukung pengembangan MNK Rokan secara bertahap. Pengembangan MNK membutuhkan penerapan teknologi kompleks serta dukungan dari berbagai komponen ekosistem MNK.
Keputusan Menteri ESDM Nomor 246.K/MG.04/MEM.M/2026 pun hadir memberikan kepastian regulasi, skema cost recovery dengan split adaptif, hingga insentif investasi guna menyeimbangkan daya tarik investasi dengan penerimaan negara, sekaligus memastikan keberlanjutan proyek jangka panjang.
Kepala Satuan Kerja Khusus Pelaksana Kegiatan Usaha Hulu Minyak dan Gas Bumi (SKK Migas) Djoko Siswanto menyampaikan pentingnya pengembangan MNK Rokan bagi sektor sektor hulu migas nasional. Langkah ini dinilai penting untuk membuka sumber pertumbuhan produksi baru di tengah penurunan kinerja lapangan-lapangan konvensional.
""Rokan kita dorong menjadi pionir sekaligus pembuktian bahwa Migas Non Konvensional dapat dikembangkan secara komersial di Indonesia,"" ujar Djoko dalam keterangan tertulis, Rabu (16/9/2026).
Menurut Djoko potensi sumber daya yang besar harus segera diterjemahkan menjadi cadangan dan produksi nyata. Upaya ini membutuhkan percepatan appraisal, penerapan teknologi tepat guna, serta dukungan keekonomian dan regulasi yang kompetitif.
""Potensinya sudah kita lihat, regulasi dan insentif juga telah disiapkan. Sekarang yang paling penting adalah bagaimana seluruh tahapan dapat berjalan lebih cepat sampai menghasilkan produksi. Kalau MNK Rokan berhasil, ini akan membuka jalan bagi pengembangan potensi MNK di wilayah lain dan menjadi sumber baru untuk mendukung peningkatan produksi serta ketahanan energi nasional,"" tuturnya.
Wakil Direktur Utama PT Pertamina (Persero) Oki Muraza menegaskan pentingnya pengembangan MNK Rokan bagi masa depan energi nasional. Langkah ini menjadi langkah awal untuk membangun kapabilitas serta ekosistem Migas Non-Konvensional di Indonesia.
""Yang kita bangun bukan hanya sumurnya, tetapi ekosistemnya. MNK membutuhkan integrasi kemampuan subsurface, drilling dan completion, stimulasi, teknologi, supply chain, serta sumber daya manusia yang berbeda dari pengembangan migas konvensional. Rokan menjadi starting point bagi Pertamina dan Indonesia untuk membangun learning curve tersebut,"" jelas Oki.
Oki juga menambahkan bahwa keberhasilan pembangunan ekosistem dan peningkatan daya saing ekonomi di Rokan dapat menjadi model untuk diterapkan pada potensi MNK lainnya. Langkah ini dinilai sebagai awal dari pengembangan skema MNK dalam skala yang jauh lebih besar di Indonesia.
""Jika ekosistem ini berhasil kita bangun dan keekonomiannya semakin kompetitif, model yang dikembangkan di Rokan dapat direplikasi ke potensi MNK lainnya. Inilah langkah awal menuju pengembangan MNK Indonesia dalam skala yang lebih besar,"" tambahnya.
Sementara itu, Direktur Utama PT Pertamina Hulu Energi (PHE) Sunaryanto menyatakan optimismenya terhadap pengembangan MNK di Indonesia. Sebagai Subholding Upstream Pertamina, ia meyakini langkah ini akan berkontribusi signifikan terhadap produksi minyak nasional di masa mendatang.
""Pengembangan MNK memiliki potensi besar untuk mendukung peningkatan produksi minyak di dalam negeri,"" ujar Sunaryanto.
Direktur Utama PHR Muhamad Arifin melihat momen penandatanganan KBH MNK Rokan adalah langkah strategis memperkuat ketahanan energi nasional. Langkah ini diharapkan mampu memperkuat ketahanan energi nasional sekaligus membangun kompetensi baru di sektor hulu migas.
""MNK bukan hanya proyek eksplorasi, melainkan fondasi baru yang akan menjadi investasi strategis untuk meningkatkan ketahanan energi nasional dan membangun kompetensi baru di hulu migas di Indonesia,"" imbuh Arifin.
Ia menambahkan, dengan dukungan regulasi, ekosistem operasional yang mumpuni, serta roadmap jelas menuju tahap komersialisasi, MNK Rokan sebagai game changer akan membuka harapan baru bagi industri energi Indonesia.
Dengan langkah ini, PHR menegaskan komitmennya untuk menghadirkan inovasi, memperkuat ketahanan energi, dan menciptakan multiplier effect sekaligus menjadi referensi bagi pengembangan sumber migas non-konvensional di wilayah lain.
Subholding Upstream Pertamina terus berkomitmen mengucurkan investasi pada bisnis hulu migas yang berkelanjutan berbasis prinsip Environmental, Social, and Governance (ESG). Langkah ini diimbangi dengan penguatan tata kelola perusahaan, budaya kepatuhan, serta pencegahan fraud demi mewujudkan lingkungan kerja yang profesional, transparan, dan beretika.
(anl/ega)",finance
127,"Gubernur DKI Jakarta Pramono Anung memberikan sinyal proyek MRT Jakarta koridor East-West akan mulai dikerjakan tahun ini. Jalur tersebut akan menjadi bagian dari pengembangan transportasi berbasis rel untuk melayani wilayah Jakarta, khususnya koridor barat hingga timur.
Pramono mengatakan, pemerintah terus mengembangkan jaringan transportasi publik di Jakarta. Selain LRT yang akan diperluas untuk menghubungkan sejumlah wilayah, koridor barat-timur akan dikembangkan menggunakan MRT.
""Untuk Jakarta Barat kita akan kembangkan yang dari Barat ke Timur menggunakan MRT, tahun ini mudah-mudahan bisa di-groundbreaking oleh Bapak Presiden Prabowo Subianto,"" kata Pramono dalam peresmian perpanjangan jalur LRT Jakarta di Stasiun Manggarai, Jakarta, Rabu (16/9/2026).
Menurut Pramono, pihaknya sudah berkoordinasi dengan pemerintah pusat untuk menggarap proyek tersebut. Proyek MRT Jakarta akan dikembangkan sesuai dengan proyek yang saat ini beroperasi dari Lebak Bulus ke Bundaran HI.
""Dan tadi kami sudah mendiskusikan juga dengan Pemerintah Pusat mengenai share berapa yang perlu di share atau dibagi antara Pemerintah Pusat dengan juga dengan Pemerintah Jakarta. Dan prinsipnya melanjutkan apa yang sudah diatur di dalam MRT dari utara ke selatan,"" bebernya.
Proyek MRT Jakarta East-West Line (Lintas Timur-Barat) direncanakan membentang dari Banten, melewati DKI Jakarta, hingga ke Bekasi, Jawa Barat. Pada fase 1 tahap 1, rute akan membentang dari Tomang, Jakarta Barat hingga Medan Satria, Bekasi.
Perpanjangan jalur dari Jakarta hingga ke Bekasi dan Tangerang sudah termuat dalam rencana MRT lintas Timur-Barat. Rencana pembangunan ini sudah masuk dalam daftar proyek strategis nasional (PSN) berdasarkan Peraturan Presiden (Perpres) Nomor 12 Tahun 2025.
Di mana ujung barat layanan MRT akan berhenti di Balaraja, dan di ujung Timur moda transportasi kereta ini akan berakhir di Cikarang. Sepanjang jalur itu, rencananya akan ada 48 stasiun dan 3 depo MRT Jakarta.
Lihat juga Video: Pramono Targetkan MRT Kembangan-Balaraja Dibangun 1-2 Tahun Lagi",finance
128,"Presiden Prabowo Subianto mengumpulkan beberapa menterinya untuk membahas soal kebijakan energi. Menteri ESDM Bahlil Lahadalia, Kepala BP BUMN Dony Oskaria hingga, Menteri Keuangan Suahasil Nazara merapat ke Istana.
""Hari ini kami akan melakukan rapat dengan presiden terkait dengan beberapa langkah-langkah dalam rangka memenuhi kebutuhan energi di dalam negeri kita,"" beber Bahlil di Kompleks Istana Kepresidenan, Jakarta Pusat, Rabu (16/9/2026).
Bahlil akan bicara soal pemanfaatan potensi dalam negeri dengan mendorong penggunaan Biodiesel B50.
""Mungkin salah satu diantaranya kita akan melakukan pengembangan dengan memanfaatkan potensi dalam negeri kita. Mungkin kita akan mendorong atas B50,"" sebut Bahlil.
Sementara itu Dony mengatakan kemungkinan pihaknya dan Pertamina akan memberikan beberapa laporan. Diketahui, Wakil Dirut Pertamina Oki Muraza juga hadir dalam rapat.
""Kita biasa, update aja. Berkaitan sama ada Pertamina juga nanti kan, berkaitan dengan energi. Nanti setelah rapat mungkin kita bisa update ya lebih lanjut,"" ujar Dony.
Simak juga Video: Pakar Ungkap Sederet Tantangan Menteri Suahasil Usai Purbaya Lengser",finance
129,"Menteri Energi dan Sumber Daya Mineral (ESDM) Bahlil Lahadalia mengatakan sedang membuat aturan untuk mencegah pengguna BBM non-subsidi beralih menggunakan BBM subsidi, alias dari Pertamax ke Pertalite.
Bahlil mengatakan peralihan pengguna dari BBM non-subsidi ke BBM subsidi menjadi salah satu penyebab terjadinya antrean di sejumlah SPBU secara nasional, termasuk antrean yang ada di Makassar. Ia meminta agar masyarakat mampu tidak mengkonsumsi BBM subsidi.
""Ya memang kita lagi ada memformulasikan aturannya. Makanya dalam berbagai kesempatan kan saya menganjurkan agar saudara-saudara saya yang mampu, yang mobilnya bagus, tolonglah kita jangan sampai memakai BBM subsidi,"" ujar Bahlil saat ditemui di Gedung DPR, Jakarta, Rabu (16/9/2026).
Selain adanya peralihan konsumsi, Bahlil bilang ada faktor lain yang membuat antrean pembelian BBM subsidi di SPBU yang ada di Sulawesi. Dalam kesempatan ini Bahlil tidak menjelaskan detail. Ia hanya menyampaikan ada pihak-pihak yang sengaja antre dengan maksud tertentu.
""Kemudian yang terjadi di Sulawesi Selatan kemarin itu menjadi antrian panjang karena banyak faktor. Salah satu di antaranya adalah ada memang pihak-pihak, kan teman-teman media kan udah punya data. Ngantri di pompa bensin hanya untuk, ya ada maksud lain lah kira-kira begitu,"" katanya.
Ia pun memastikan bahwa saat ini tidak ada kelangkaan BBM. Bahlil menyampaikan stok BBM nasional dalam kondisi aman. Di mana BBM nasional berada di atas batas minimal yang ada.
""BBM itu kan secara cadangan stok nasional kita kan dalam batas minimal nasional, 18-20 hari,"" terangnya.
Sementara itu, Ditjen Minyak dan Gas Bumi Laode Sulaeman menyampaikan saat ini pihaknya bersama dengan aparat penegak hukum dan Pertamina tengah menggali adanya dugaan penimbunan BBM yang ada di Makassar. Karena hal ini kata Laode antrean BBM terjadi.
Laode menjelaskan penimbunan BBM ini dilakukan dengan modus memperbesar tangki kendaraan.
""Ya dia ngisi tapi tangkinya diperbesar, contohnya kayak gitu. Tangkinya ditambah yang harusnya kapasitasnya X, ditambah X plus 50%, X plus 75%. Contohnya gitu,"" katanya.
Simak juga Video Harga Pertamax Turun, Bahlil: Mengikuti Harga Dunia",finance
130,"Pelaku pasar modal di Indonesia menghadapi berbagai dinamika global dan domestik. Kondisi tersebut mendorong investor untuk lebih selektif dalam menentukan alokasi investasinya.
Direktur Investasi Sucor Asset Management (AM), Dimas Yusuf, mengatakan perhatian pelaku pasar terhadap instrumen dengan profil risiko yang konservatif masih terlihat. Hal tersebut tercermin dari besaran Asset Under Management (AUM) hungga awal September 2026.
""Di tengah kondisi pasar yang dinamis, kami melihat investor semakin selektif dalam menentukan alokasi investasinya. Perhatian terhadap instrumen dengan profil risiko yang lebih konservatif masih terlihat, tercermin dari AUM reksa dana pasar uang Sucor AM yang mencapai Rp 22,48 triliun hingga 9 September 2026 tumbuh 23,3% YTD,"" ujar Dimas dalam keterangan tertulis, Rabu (16/9/2026).
Sementara AUM reksa dana saham Sucor AM tercatat sebesar Rp 6,28 triliun atau tumbuh 6,2% YTD hingga 9 September 2026. Hal ini mencerminkan minat terhadap pasar saham pada investor dengan profil agresif dan horizon investasi jangka panjang.
Secara umum, dana kelolaan reksa dana yang dikelola Sucor AM sendiri sebesar Rp 46,5 triliun dengan jumlah investor aktif lebih dari 900 ribu Single Investor Identification (SID).
""Setiap kelas aset memiliki dinamika dan karakteristik risiko yang berbeda. Karena itu, selektivitas menjadi hal penting, baik dalam menentukan alokasi aset maupun memilih instrumen yang sesuai dengan profil risiko dan tujuan investasi,"" lanjut Dimas.
Dalam periode lima tahun hingga 31 Agustus 2026, dana kelolaan Sucor AM tercatat tumbuh 107% dengan peningkatan jumlah investor aktif sebesar 115%. Perusahaan juga mulai membentuk strategi hingga akhir 2026.
Pada reksa dana saham, Sucor AM akan fokus memilih emiten dengan fundamental kuat, valuasi menarik, dividend yield yang kompetitif, serta prospek pertumbuhan bisnis yang terjaga. Sementara untuk obligasi, fokus diarahkan pada kualitas kredit, profil risiko, dan likuiditas, dengan penyesuaian durasi reksa dana pendapatan tetap secara bertahap sesuai kondisi pasar.
Strategi tersebut juga dibarengi dengan penguatan kerja sama dengan mitra distribusi, perluasan edukasi investor, serta komunikasi rutin mengenai perkembangan pasar dan strategi investasi. Sucor AM juga akan terus mengembangkan produk sesuai profil risiko dan jangka waktu investasi investor.
Di sisi lain, disiplin manajemen risiko tetap menjadi prioritas dengan strategi yang disesuaikan berdasarkan karakteristik masing-masing kelas aset. Langkah ini dilakukan untuk menjaga kepercayaan investor sekaligus memenuhi kebutuhan investasi yang terus berkembang.
Lihat juga Video: Reksa Dana, Jalan Ninja Kelola Risiko Investasi?",finance
131,"Presiden Prabowo Subianto mengaku senang mendapatkan laporan dari Gubernur DKI Jakarta Pramono Anung soal pertumbuhan ekonomi yang melesat. Pramono melaporkan perusahaan-perusahaan yang tadinya lesu sedang bangkit di Jakarta, investasi pun melesat.
""Di dalam laporan dari Gubernur, pertumbuhan (ekonomi) DKI meningkat, perusahaan-perusahaan yang tadi agak lesu sekarang bangkit, investasi naik luar biasa,"" ujar Prabowo saat meresmikan LRT Jakarta di Stasiun Manggarai, Jakarta Selatan, Rabu (16/9/2026).
Capaian baik ini terjadi karena semua pemimpin di pusat dan daerah saling gotong royong. Dia yakin bila semua orang bekerja, ekonomi Indonesia akan bangkit.
""Ini menunjukkan bila pemimpin-pemimpin bisa kerja sama, bisa gotong royong, dan harus gotong royong, bisa dan mau gotong royong, mau kerja sama, bangsa ini akan bangkit menjadi bangsa yang luar biasa. Saya yakin itu,"" kata Prabowo.
Pramono dalam acara yang sama memaparkan ekonomi Jakarta triwulan II-2026 tumbuh 5,52%. Inflasi terjaga di 2,5% dan kontribusi bagi pertumbuhan ekonomi nasional mencapai 16,32%.
""Yang juga menggembirakan bapak presiden, kalau dulu di tahun 2021, selama satu tahun penuh investasi Jakarta itu Rp 103 triliun. Dalam era dua tahun ini, dalam kepemimpinan Bapak, Jakarta tumbuh 162%. Di tahun 2025, investasi di Jakarta Rp 270 triliun. Bahkan di triwulan kedua tahun ini, di tahun 2026, Jakarta investasinya Rp 173 triliun,"" papar Pramono.
Simak juga Video: Prabowo Ajak Ubah Kerentanan Jadi Kekuatan Ekonomi di KTT BRICS",finance
132,"Pertamina Patra Niaga menyebut kondisi penyaluran bahan bakar minyak (BBM) di sejumlah SPBU Kota Makassar dan wilayah sekitarnya mulai kondusif. Di mana pengisian BBM di SPBU berjalan dengan lebih tertib dan antrean kendaraan tidak lagi mengganggu arus lalu lintas di sekitar SPBU.
""Kondisi penyaluran BBM di Makassar, Gowa, Takalar, dan Maros saat ini sudah lebih kondusif. Ini tentu merupakan hasil kerja bersama antara Pertamina, pemerintah daerah, dan APH yang terus berkoordinasi dan melakukan pemantauan di lapangan,"" ujar Pjs. Area Manager Communication, Relations & CSR Pertamina Patra Niaga Regional Sulawesi, Okky Aditya Wibowo dalam keterangan tertulis, Rabu (16/9/2026).
Okky menambahkan, Pertamina tidak hanya melakukan pemantauan di SPBU, tetapi juga memastikan penyaluran BBM ke lembaga penyalur terus berjalan secara berkelanjutan. Distribusi dilakukan dengan mempertimbangkan kebutuhan dan kondisi di lapangan.
Langkah ini dilakukan untuk memastikan kebutuhan masyarakat tetap dapat dilayani dan distribusi BBM berjalan sesuai dengan kondisi kebutuhan di masing-masing wilayah
""Dari sisi Pertamina, kami terus berupaya menjaga agar penyaluran BBM berjalan secara berkelanjutan. Distribusi ke lembaga penyalur terus kami lakukan dan kondisi di lapangan terus kami monitor. Kami juga terus berkoordinasi dengan pemerintah daerah dan APH apabila terdapat dinamika dalam penyaluran,"" tambah Okky.
Pertamina mengapresiasi dukungan pemerintah daerah dan APH yang bersama-sama menjaga ketertiban di sekitar SPBU. Sinergi tersebut diharapkan dapat terus berjalan sehingga pelayanan kepada masyarakat semakin baik dan aktivitas pengisian BBM dapat berlangsung secara tertib.
Pertamina juga mengimbau masyarakat untuk membeli BBM sesuai kebutuhan dan mengikuti arahan petugas di SPBU. Masyarakat diharapkan tidak melakukan pembelian secara berlebihan agar penyaluran BBM dapat berjalan dengan baik dan masyarakat lainnya tetap mendapatkan pelayanan.
Informasi maupun pengaduan terkait produk dan layanan Pertamina dapat disampaikan melalui Pertamina Contact Center (PCC) 135 yang melayani pelanggan selama 24 jam.
Lihat juga Video Haykal Kamil Soroti Harga BBM Eceran di Aceh Tak Masuk Akal",finance
133,"Konfederasi Serikat Pekerja Indonesia (KSPI) bersama Partai Buruh dan Koalisi Serikat Pekerja dan Partai Buruh (KSPPB) berencana melakukan gelombang aksi unjuk rasa pada bulan Oktober mendatang.
Presiden KSPI sekaligus Presiden Partai Buruh, Said Iqbal, mengatakan waktu pasti unjuk rasa ini masih belum ditetapkan dan masih dalam pembahasan. Namun yang pasti aksi ini akan dilakukan bertahap dari tingkat daerah di kantor-kantor kepala daerah di seluruh Indonesia.
""KSPI, Koalisi Serikat Pekerja dan Partai Buruh, KSPPB, direncanakan bulan Oktober. Kapan? Itu nanti akan didiskusikan lebih lanjut. Aksinya dimulai dari daerah dulu. Dari setiap provinsi nanti akan ada aksi ke kantor-kantor gubernur,"" jelasnya dalam konferensi pers yang dilakukan secara online, Rabu (16/9/2026).
Lebih lanjut Said menegaskan buruh tidak akan melakukan aksi unjuk rasa bulan ini, September, sebab ia tidak ingin aksi yang dilakukan dikaitkan dengan kegiatan atau isu lain yang bersifat anarki alias rusuh.
""Aksinya itu tapi tidak bulan September ini, karena kami tidak mau terjebak dengan isu istilah 'Black September'. Kami nggak mau ikut-ikutan itu. Kami hanya memperjuangkan isu buruh. Tidak ikut-ikutan yang mengakibatkan kerusakan atau kericuhan,"" ujar Said.
Dalam aksi gelombang yang disiapkan untuk bulan Oktober tersebut, kelompok buruh akan membawa lima agenda tuntutan utama:
1. Menuntut kenaikan UMP dan UMK tahun 2027 sebesar 7,5% - 9,5%.
2. Menuntut DPR segera mengesahkan RUU Perlindungan Ketenagakerjaan.
3. Segera melakukan revisi atau perubahan pada Permenaker Nomor 7 Tahun 2026 mengenai pekerja alih daya.
4. Menghapus skema pesangon 0,5 kali menjadi minimal 1,0 kali sesuai Putusan MK Nomor 168.
5. Meminta Kementerian Keuangan menghapus pemotongan pajak Jaminan Hari Tua (JHT) dari 5% menjadi 0%.
""Ini ada Menteri Keuangan yang baru, kami ingin mengingatkan Pak Suahasil agar permintaan kaum buruh dan para anggota masyarakat pajak jaminan hari tua itu adalah 0%. Sekarang ini kan 5%, pajaknya kami minta 0%"" ucap Said membacakan salah satu tuntutan buruh.
""Ada rencana aksi, tapi rencana aksi di daerah, di kota-kota industri, tidak bulan September ini. Kita nggak mau gerakan buruh menjadi sesuatu yang kontraproduktif kalau kita lakukan di September,"" pungkasnya.
Lihat juga Video: Demo Buruh Tuntut UMP DKI Naik jadi Rp 5,8 Juta",finance
134,"Pemerintah Provinsi (Pemprov) DKI Jakarta bakal memperpanjang jalur LRT Jakarta dari Stasiun Manggari hingga kawasan Dukuh Atas. Proyek LRT Jakarta Manggarai-Dukuh Atas akan direalisasi tahun 2027.
Menurut Gubernur DKI Jakarta Pramono Anung, butuh anggaran hingga Rp 2,7 triliun untuk mendanai proyek tersebut. Dananya bisa berasal dari obligasi, APBD, hingga Danantara.
""Untuk dari Manggarai sampai dengan Dukuh Atas Rp 2,7 triliun yang kita akan mulai di tahun 2027 awal ini sudah tersedia berapa Pak Dirut? Udah ada? Nggak perlu obligasi? Jadi intinya bisa dari obligasi, bisa dari APBD, bisa juga dari Danantara,"" terang Pramono dalam peresmian LRT Jakarta ke Manggarai, Jakarta Selatan, Rabu (16/9/2026).
Pembangunan LRT Jakarta juga akan diteruskan hingga Jakarta International Stadium (JIS) dan kawasan stasiun Kereta Cepat Whoosh. Pengembangan LRT Jakarta akan dilanjutkan dari Kelapa Gading menuju JIS, sementara dari Velodrome jalurnya akan diperpanjang hingga Stasiun Whoosh di Halim.
""Tetapi yang saya bahagia dan saya happy adalah sesuai dengan arahan Bapak Presiden, kita akan lanjutkan sampai dengan JIS dari Kelapa Gading ke JIS, dari Velodrome ke Whoosh,"" tuturnya.
Sementara itu, pengembangan transportasi berbasis rel untuk wilayah Jakarta Barat akan mengandalkan MRT. Pramono mengatakan MRT akan dikembangkan untuk melayani koridor barat-timur Jakarta.
""Memang orang banyak menanyakan bagaimana dengan Jakarta Barat untuk LRT, sedangkan untuk Jakarta Barat kita akan kembangkan yang dari barat ke timur menggunakan MRT,"" tutup Pramono
(acd/acd)",finance
135,"Menteri Keuangan (Menkeu), Suahasil Nazara, memilih bungkam saat diberondong sejumlah pertanyaan oleh awak media. Peristiwa tersebut terjadi usai dirinya menghadiri Sidang Paripurna DPD RI di Kompleks Parlemen, Senayan, Jakarta, Rabu (16/9/2026).
Saat itu, Suahasil diketahui hadir dengan kemeja biru muda, dasi bergaris berwarna putih, dengan jas hitam. Ia hadir didampingi sejumlah jajarannya di ruang Sidang Paripurna DPD, Nusantara V.
Ketika menghadapi awak media, Suahasil memilih bungkam. Sejumlah pertanyaan yang diajukan juga mencakup berbagai pertanyaan yang menjadi isu pada masa kepemimpinan Purbaya Yudhi Sadewa di Kementerian Keuangan.
Sejumlah pertanyaan tersebut di antaranya terkait keputusan Fitch Ratings Indonesia yang menyesuaikan peringkat utang Indonesia Investment Authority's (INA) menjadi BBB dengan Outlook Negatif hingga nasib penyelesaian utang proyek kereta cepat Whoosh yang diketahui dilimpahkan ke Kementerian Keuangan (Kemenkeu) mulai 15 September.
Ia juga sempat ditanya terkait Saldo Anggaran Lebih (SAL) yang ditempatkan di perbankan nasional. Suahasil juga tidak menanggapi pertanyaan terkait dividen Badan Pengelola Investasi (BPI) Daya Anagata Nusantara (Danantara) yang akan disetorkan ke Kemenkeu Rp 120 triliun.
Ia memberi isyarat untuk menjawab sejumlah isu tersebut pada agenda rutin di kantor Kemenkeu, yakni APBN KITA. Agenda tersebut rencana digelar dalam waktu dekat.
Suahasil dilantik sebagai Menkeu berdasarkan Keputusan Presiden 97 P Tahun 2026 Pemberhentian dan Pengangkatan Kabinet Merah Putih di sisa masa jabatan 2024-2029. Ia dilantik langsung oleh Prabowo sebagai pengganti Purbaya yang telah menjabat sebagai Menkeu selama satu tahun terakhir.
Kemudian pada Selasa (15/9), Purbaya Yudhi Sadewa resmi melepas jabatannya sebagai Menkeu usai satu tahun memimpin Kementerian Keuangan kepada Suahasil Nazara. Proses Serah Terima Jabatan (Sertijab) berlangsung hari ini di Aula Mezzanine, Gedung Djuanda 1 Kementerian Keuangan di Jakarta Pusat.
Simak juga Video: Pakar Ungkap Sederet Tantangan Menteri Suahasil Usai Purbaya Lengser
(ahi/ara)",finance
136,"Sebanyak 7 trainset KRL iE305/CLI 225 tengah menjalani perawatan di fasilitas PT Industri Kereta Api (Persero) atau INKA. Proses tersebut mencakup pemeriksaan sistem, komponen teknis, serta aspek keselamatan sarana sebelum kembali digunakan dalam pelayanan.
Vice President Corporate Communication KAI Anne Purba menjelaskan bahwa saat ini satu trainset KRL iE305/CLI 225 sedang dalam tahap akhir pengecekan dan ditargetkan siap pada minggu ini. Selanjutnya, enam trainset lainnya diselesaikan secara bertahap dengan target tiga trainset selesai pada 25 September 2026 dan tiga trainset berikutnya selesai pada 9 Oktober 2026.
""Setiap trainset yang telah menyelesaikan seluruh rangkaian pemeriksaan dan dinyatakan siap akan diserahkan kepada KAI Commuter untuk mendukung pelayanan Commuter Line Jabodetabek sesuai kebutuhan operasional,"" ujar Anne dalam keterangan tertulis, Rabu (16/9/2026).
KAI memastikan kolaborasi KAI Commuter sebagai anak usaha KAI dan INKA terus berjalan untuk menyelesaikan proses perawatan 7 trainset KRL iE305/CLI 225 sesuai target waktu yang telah ditetapkan. Kolaborasi tersebut menjadi bagian penting dalam menjaga kesiapan layanan Commuter Line Jabodetabek yang mendukung kebutuhan mobilitas masyarakat di wilayah Jabodetabek.
""Pemeriksaan dilakukan secara menyeluruh untuk memastikan setiap trainset yang kembali beroperasi memenuhi standar keselamatan, keandalan sarana, serta kebutuhan operasional Commuter Line Jabodetabek,"" kata Anne.
Commuter Line Jabodetabek menjadi salah satu layanan transportasi utama masyarakat dengan tingkat mobilitas yang terus meningkat. Dalam satu dekade terakhir, jumlah pengguna KRL Jabodetabek meningkat dari 257 juta pelanggan pada 2015 menjadi 401 juta pelanggan pada 2025. Hingga Januari-Agustus 2026, jumlah pelanggan telah mencapai 277,2 juta.
Peningkatan mobilitas tersebut berjalan seiring dengan perkembangan jaringan layanan KRL Jabodetabek. Jumlah stasiun meningkat dari 71 stasiun pada 2015 menjadi 85 stasiun pada 2026 untuk mendukung kebutuhan perjalanan masyarakat.
KAI memastikan proses perawatan sarana terus dilakukan melalui koordinasi antara KAI, INKA, KAI Commuter, dan pihak terkait. Setiap tahapan pekerjaan diarahkan untuk menjaga kesiapan operasional Commuter Line Jabodetabek dengan mengutamakan aspek keselamatan pelanggan.
""KAI bersama seluruh pihak terkait akan terus menjaga kualitas layanan Commuter Line Jabodetabek melalui kesiapan sarana dan evaluasi berkelanjutan sesuai standar keselamatan yang berlaku,"" tutup Anne.
Simak juga Video 'DPR Soroti Pengurangan Perjalanan KRL Jakarta-Bogor Bikin Penuh Sesak':
(hrp/fdl)",finance
137,"Pemerintah Provinsi (Pemprov) DKI Jakarta berencana melanjutkan pembangunan LRT Jakarta hingga terkoneksi dengan Jakarta International Stadium (JIS) dan stasiun Kereta Cepat Whoosh. Rencana tersebut disampaikan Gubernur DKI Jakarta Pramono Anung usai peresmian proyek tersebut.
Pramono mengatakan, pengembangan LRT Jakarta akan dilanjutkan dari Kelapa Gading menuju JIS. Sementara dari Velodrome, jalur LRT Jakarta akan diperpanjang hingga terhubung dengan Stasiun Whoosh di Halim.
""Tetapi yang saya bahagia dan saya happy adalah sesuai dengan arahan Bapak Presiden, kita akan lanjutkan sampai dengan JIS dari Kelapa Gading ke JIS, dari Velodrome ke Whoosh,"" kata Pramono di Stasiun Manggarai, Jakarta, Rabu (16/9/2026).
Menurut Pramono, pengembangan tersebut akan membuat jaringan LRT Jakarta semakin terintegrasi. Moda transportasi itu nantinya akan menghubungkan wilayah utara, timur, selatan hingga pusat Jakarta.
Selain itu, Pemprov DKI akan melanjutkan pembangunan LRT dari Manggarai menuju Dukuh Atas. Pramono menyebut proyek tersebut membutuhkan anggaran sekitar Rp 2,7 triliun dan direncanakan mulai dikerjakan pada awal 2027.
""Untuk dari Manggarai sampai dengan Dukuh Atas Rp 2,7 triliun yang kita akan mulai di tahun 2027 awal ini sudah tersedia berapa Pak Dirut? Udah ada? Nggak perlu obligasi? Jadi intinya bisa dari obligasi, bisa dari APBD, bisa juga dari Danantara,"" terang Pramono.
Sementara itu, pengembangan transportasi berbasis rel untuk wilayah Jakarta Barat akan mengandalkan MRT. Pramono mengatakan MRT akan dikembangkan untuk melayani koridor barat-timur Jakarta.
""Memang orang banyak menanyakan bagaimana dengan Jakarta Barat untuk LRT, sedangkan untuk Jakarta Barat kita akan kembangkan yang dari barat ke timur menggunakan MRT,"" tutup Pramono.
Lihat Video 'Prabowo Jajal LRT Rute Kelapa Gading-Manggarai Bareng Pramono':
(acd/acd)",finance
138,"Presiden Prabowo Subianto mengaku sangat bangga dengan kemajuan sistem transportasi di Indonesia, khususnya di Manggarai, Jakarta Selatan yang menjadi hub transportasi. Prabowo memaparkan transportasi massal yang sudah eksis, antara lain commuter line (KRL), Transjakarta, dan LRT Jakarta.
Menurutnya, 5-10 tahun ke belakang tidak ada yang mengira sistem transportasi di Jakarta bisa sebegitu maju.
""Tadi dikatakan, 5-6 tahun yang lalu atau 10 tahun yang lalu, siapa mengira kita bisa punya sistem transportasi seperti sekarang? Ini di Manggarai ada LRT, ada KRL, ada TransJakarta, ada TransJabodetabek, ya kan? Kereta bandara. Ini menjadi transport hub,"" ujar Prabowo saat meresmikan LRT Jakarta Manggarai, Rabu (16/9/2026).
Prabowo juga menyampaikan akan dibangun hunian vertikal untuk masyarakat berpenghasilan rendah (MBR) di Manggarai dan diyakini menjadi pusat perekonomian baru di Jakarta.
""Dan ini nanti akan dibangun menara-menara perumahan untuk rakyat yang berpenghasilan rendah,"" beber Prabowo.
Prabowo mengaku sangat bahagia dan meminta capaian ini harus ditingkatkan.
""Oleh karena itu, hari ini adalah hari yang sangat membahagiakan saya. Hari ini adalah hari yang membanggakan, bahwa bangsa kita terus teratur, mungkin tidak fantastis tapi kita maju setapak demi setapak demi setapak,"" beber Prabowo.
Simak Video 'Prabowo Jajal LRT Rute Kelapa Gading-Manggarai Bareng Pramono':
(hal/ara)",finance
139,"Konfederasi Serikat Pekerja Indonesia (KSPI) bersama Partai Buruh dan Koalisi Serikat Pekerja dan Partai Buruh (KSPPB) menyampaikan usulan kenaikan Upah Minimum Provinsi (UMP) dan Upah Minimum Kabupaten/Kota (UMK) tahun 2027 sebesar 7,5-9,5%.
Presiden KSPI sekaligus Presiden Partai Buruh, Said Iqbal menjelaskan perhitungan usulan tersebut mengacu pada ketentuan Peraturan Pemerintah Nomor 49 Tahun 2026 yang menggunakan angka inflasi, angka pertumbuhan ekonomi dan indeks tertentu (alpha).
""Jelas 7,5% sampai 9,5% yang akan diperjuangkan oleh kaum buruh, khususnya KSPI dan Partai Buruh, dan juga yang bergabung di Koalisi Serikat Pekerja dan Partai Buruh, KSPPB. Yaitu usulannya 7,5% sampai 9,5%,"" kata Said dalam konferensi pers yang dilakukan secara online, Rabu (16/9/2026).
Dalam hal ini, ia mengatakan untuk angka yang digunakan dalam formula perhitungan usulan UMP 2027, buruh memilih indeks tertentu tertinggi sebesar 0,9. Kemudian untuk pertumbuhan ekonomi menggunakan rata-rata nasional 5,43% dan inflasi 3,20%.
""Berdasarkan data BPS, kita lihat inflasi dulu. Dari Oktober 2025 sampai dengan Agustus 2026 rata-rata inflasi nasional itu adalah 3,20%. Kemudian menurut BPS, rata-rata pertumbuhan ekonomi dari Oktober 2025 sampai Agustus 2026 secara nasional 5,43%,"" ujarnya.
Lebih lanjut, ia menjelaskan dengan mengalikan pertumbuhan ekonomi dengan indeks tertentu 0,9 lalu ditambahkan angka inflasi tadi, diperoleh angka perhitungan rata-rata nasional sebesar 7,7%.
""Kita sekarang dapat menghitung berapa kenaikan upah minimum rata-rata nasional, karena mereka pakai data nasional. Jadi, 3,20% ditambah 5,43% dikali 0,9. Saya ulangi 3,20% ditambah 5,43% dikali 0,9 indeks tertentunya. Maka ketemu angka 7,7%,"" jelas Said.
Meski begitu, menurutnya angka kenaikan UMP 7,7% tadi merupakan perhitungan umum dengan data rata-rata nasional yang digunakan sebagai perhitungan. Namun, mempertimbangkan variasi pertumbuhan ekonomi di setiap daerah, Said menilai setiap daerah harus memiliki perhitungan kenaikan upah masing-masing.
Ia mencontohkan Maluku Utara yang memiliki pertumbuhan ekonomi tertinggi mencapai 20,05%. Dengan angka tersebut, meski kenaikan upah minimum 2027 dihitung menggunakan indeks tertentu 0,5, nilai kenaikan UMP Maluku Utara bisa naik hingga 12,5%.
""Tetapi yurisprudensi di Indonesia, kenaikan upah minimum dalam 10 tahun terakhir jarang sampai dua digit. Paling tinggi ada satu aturan sebelumnya ya, tapi sekarang sudah dihapus, paling tinggi kenaikan upah minimum itu 10%. Ini kan sudah 12,5% Maluku Utara,"" paparnya.
""Karena tadi kan saya bilang jarang ada dua digit. Maluku Utara dua digit, maka saya ambil angka di bawah 10%, itu 9,5%"" tegas Said lagi.
Atas dasar inilah, Said menambahkan angka 7,5% diambil untuk mengakomodasi daerah dengan pertumbuhan ekonomi di bawah rata-rata nasional, sedangkan batas atas 9,5% ditetapkan memperhitungkan kenaikan upah minimum di Indonesia yang jarang menyentuh dua digit.
""Jadi sekarang jelas, usulan buruh kenaikan upah minimum adalah 7,5%. Kenapa 7,5%? Karena tadi secara nasional kan sudah dapat hitungannya 7,7%. Kenapa saya turunkan 7,5%? Nanti daerah tertentu ada pertumbuhan ekonominya lebih rendah dari nasional,"" jelas Said terkait usulan minimal kenaikan UMP 2027.
""Saya pakai 7,5% sampai dengan 9,5%.
Kenapa 9,5%? Karena Maluku Utara tertinggi, dia ada dua digit. Yurisprudensi jarang, jadi saya mendekati yang dua digit, dua digit kan 10% angkanya, maka saya ambil 9,5%,"" pungkasnya.
Simak juga Video 'Kabar Gembira Buat Warga DKI, 2.843 Loker Bergaji UMP Menanti':
(igo/fdl)",finance
140,"Jakarta - Konsumsi LPG 3 kilogram terus meningkat dan membebani anggaran subsidi. Pemerintah menyiapkan penyaluran berbasis desil agar subsidi lebih tepat sasaran.
Foto Bisnis
Penyaluran LPG 3 Kg Bakal Diatur Berdasarkan Desil
Rabu, 16 Sep 2026 15:00 WIB
Anda menyukai artikel ini
Artikel disimpan",finance
141,"Menteri Keuangan (Menkeu), Suahasil Nazara, menghadiri Sidang Paripurna DPD RI di Kompleks Parlemen, Senayan, Jakarta, Rabu (16/9). Kehadiran Suahasil hari ini melanjutkan agenda sidang yang sebelumnya ditinggalkan Purbaya Yudhi Sadewa, Senin (14/9).
Pada Senin kemarin, Purbaya meninggalkan rapat kerja gabungan bersama Komite IV DPD RI. Rapat tersebut membahas tentang Rancangan Undang-Undang (RUU) Anggaran Pendapatan dan Belanja Negara (APBN) Tahun Anggaran 2027 dan Nota Keuangan.
Kala itu, Purbaya diketahui meninggalkan rapat secara mendadak. Tak lama setelahnya, ia diketahui menerima informasi pemecatan.
Informasi tersebut juga ia terima melalui sambungan telepon di tengah rapat bersama DPD siang itu. Purbaya juga sempat menyebut sambungan telepon itu datang dari Menteri Sekretaris Negara Prasetyo Hadi.
Sebagai informasi, Suahasil dilantik sebagai berdasarkan Keputusan Presiden 97 P Tahun 2026 Pemberhentian dan Pengangkatan Kabinet Merah Putih di sisa masa jabatan 2024-2029. Ia dilantik langsung oleh Prabowo sebagai pengganti Purbaya yang telah menjabat sebagai Menkeu selama satu tahun terakhir.
Kemudian pada Selasa (15/9), Purbaya Yudhi Sadewa resmi melepas jabatannya sebagai Menkeu usai satu tahun memimpin Kementerian Keuangan kepada Suahasil Nazara. Proses Serah Terima Jabatan (Sertijab) berlangsung hari ini di Aula Mezzanine, Gedung Djuanda 1 Kementerian Keuangan di Jakarta Pusat.
Di balik pergantian Purbaya ke Suahasil ini, muncul isu masalah internal di Kementerian Keuangan. Banyak pihak mengatakan ada masalah internal kementerian yang membuat Purbaya digantikan Suahasil, khususnya soal urusan Direktorat Jenderal Pajak dan Bea Cukai. Namun, Purbaya menepis kabar tersebut.
""Enggak, enggak ada. Gesekan sih enggak ada, yang jelas ya itu hak prerogatif Presiden yang beliau udah memutuskan,"" ujar Purbaya usai sertijab di Kementerian Keuangan (Kemenkeu), Jakarta Pusat, Selasa (15/9/2026).
Simak juga Video 'Blak-blakan Purbaya soal Alasan Dicopot':
(ahi/ara)",finance
142,"Gubernur DKI Jakarta Pramono Anung meminta bantuan kepada Presiden Prabowo Subianto untuk pengembangan rute LRT Jakarta. LRT Jakarta Kelapa Gading-Manggarai hari ini diresmikan Prabowo.
Pramono mengatakan LRT Jakarta akan dilanjutkan sampai Stadion Jakarta International Stadium (JIS) dan Halim. Khusus di Halim, LRT Jakarta akan tersambung Kereta Cepat Whoosh.
""Dan yang juga menggembirakan adalah kami akan melanjutkan LRT ini dari Kelapa Gading sampai dengan JIS, kemudian dari Velodrome sampai dengan Halim, kereta cepat Bapak Presiden,"" beber Pramono pada saat peresmian di Stasiun LRT Manggarai, Jakarta Selatan, Rabu (16/9/2026).
Dia mengatakan akan lebih baik bila pemerintah pusat menugaskan BPI Danantara ikut membantu proses pembangunannya.
""Akan lebih menggembirakan kalau kemudian bapak tugaskan Danaantara juga ikut membantu kami pak,"" ujar Pramono.
Prabowo meminta agar Danantara mengikuti kemauan Pramono. Niat baik dari Pemprov DKI Jakarta harus dilanjutkan karena sebagai ibu kota, Jakarta merupakan kota milik semua orang.
""Tadi ada harapan dari Gubernur DKI, Danantara ikut membantu, saya kira Danantara wajib membantu. Karena DKI bukan hanya milik orang yang tinggal di DKI, DKI milik seluruh bangsa,"" tegas Prabowo.
Simak juga Video 'Prabowo Jajal LRT Rute Kelapa Gading-Manggarai Bareng Pramono':
(hal/ara)",finance
143,"Kementerian Energi dan Sumber Daya Mineral (ESDM) buka suara soal PT Bayan Resources Tbk (BYAN) mengumumkan keadaan kahar alias force majeure karena persetujuan revisi Rencana Kerja dan Anggaran Biaya (RKAB) 2026 belum terbit.
Direktur Jenderal Mineral dan Batu Bara, Tri Winarno, menyampaikan belum terbitnya revisi RKAB ini karena masih dalam tahap evaluasi. Meski begitu, Tri tidak menjelaskan detail terkait evaluasi yang apa yang dilakukannya.
""Karena kan lagi evaluasi, mungkin ada beberapa hal yang perlu dilakukan pencermatan atau evaluasi. Yang lain kan juga sudah kelar,"" ujar Tri saat ditemui di Gedung DPR, Jakarta, Rabu (16/9/2026).
Tri menyampaikan, saat ini evaluasi revisi RKAB BYAN sedang berjalan. Ia meyakini bahwa RKAB tersebut akan selesai dalam waktu dekat ini.
""Secara spesifik saya belum melihat, tapi poinnya adalah sedang proses lah. Mudah-mudahan minggu ini kelar,"" katanya.
Sebelumnya, PT Bayan Resources Tbk (BYAN) mengumumkan keadaan kahar alias force majeure. Kondisi tersebut terjadi karena persetujuan perubahan Rencana Kerja dan Anggaran Biaya (RKAB) 2026 belum terbit.
Dikutip dari keterbukaan informasi, Selasa (15/9/2026), manajemen BYAN menjelaskan bahwa pada 11 September 2026, ketiga anak usahanya yakni, PT Tiwa Abadi (TA), PT Tanur Jaya (TJ), dan PT Fajar Sakti Prima (FSP) menyampaikan pemberitahuan keadaan Kahar terhadap kewajiban pemenuhan penyediaan batubara berdasarkan Perjanjian Penyediaan Batubara atau Coal Supply Agreement kepada para pelanggannya akibat RKAB 2026 belum terbit.
Padahal kata manajemen, permohonan persetujuan perubahan RKAB telah diajukan sesuai dengan ketentuan perundang-undangan yang berlaku.
Dengan belum terbitnya persetujuan perubahan RKAB tersebut, kondisi saat ini memengaruhi kemampuan Bayan Resources dan anak-anak usahanya untuk memenuhi kewajiban pasokan batu bara kepada pelanggan.
""Sehubungan dengan hal tersebut, Perseroan dan anak-anak perusahaannya memberitahukan keadaan tersebut di atas sebagai suatu peristiwa Keadaan Kahar/Force Majeure kepada para pelanggannya,"" tulis keterangan tertulis dikutip dari keterbukaan informasi.
Dengan belum diterbitkannya persetujuan perubahan RKAB mengakibatkan dampak yang cukup material terhadap kelangsungan usaha Perseroan.
Namun demikian, dengan dilakukannya pemberitahuan keadaan kahar ini diharapkan dapat meminimalisir risiko dan atau konsekuensi bagi Perseroan dan anak-anak perusahaannya.
(hrp/fdl)",finance
144,"Gubernur DKI Jakarta Pramono Anung mengumumkan tarif khusus LRT Jakarta sebesar Rp 8 selama delapan hari. Tarif khusus ini berlaku mulai hari ini setelah LRT Jakarta rute Kelapa Gading-Manggarai diresmikan Presiden Prabowo Subianto.
Pramono mengatakan kebijakan tarif Rp 8 diberikan sebagai bagian dari sosialisasi kepada masyarakat. Dengan tarif tersebut, ia berharap masyarakat dapat menjajal sekaligus merasakan kenyamanan menggunakan LRT Jakarta.
""Selama 8 hari, kami akan membebaskan bagi seluruh warga Jakarta yang akan menggunakan. Mulai sekarang setelah diresmikan Bapak Presiden, nanti akan beroperasi sepenuhnya, selama 8 hari tarifnya Rp 8 perak. Sebenarnya hampir saja gratis, Pak,"" kata Pramono dalam peresmian LRT Jakarta di Stasiun Manggarai, Jakarta, Rabu (16/9/2026).
LRT Jakarta yang kini menghubungkan Kelapa Gading hingga Manggarai memiliki panjang lintasan 12,2 kilometer. Proyek tersebut sepenuhnya dibangun menggunakan dana APBD DKI Jakarta hingga BUMD dengan nilai investasi mencapai Rp 12,1 triliun.
Pramono menyebut satu rangkaian atau trainset LRT Jakarta mampu mengangkut 270 penumpang. Setelah beroperasi penuh, jumlah penumpangnya diproyeksikan mencapai sekitar 80 ribu orang per hari.
""LRT Jakarta sepenuhnya dibangun oleh Jakpro, BUMD. Dan sepenuhnya menggunakan dana APBD pemerintah DKI Jakarta. LRT dari Kelapa Gading sampai dengan Manggarai ini, Panjangnya 12,2 km, Investasinya Rp 12,1 triliun,"" jelas Pramono.
Perpanjangan jalur ini membuat LRT Jakarta kini memiliki 11 stasiun, yakni Kelapa Gading, Boulevard Utara, Boulevard Selatan, Pulomas, Equestrian, Velodrome, Rawamangun, Pramuka, Matraman, Proklamasi, dan Manggarai.
Lihat Video 'Prabowo Jajal LRT Rute Kelapa Gading-Manggarai Bareng Pramono':
(acd/acd)",finance
145,"Presiden Prabowo Subianto meresmikan perpanjangan layanan LRT Jakarta ke kawasan Manggarai. Kini, moda kereta ringan itu telah resmi tersambung dari Kelapa Gading, Jakarta Utara, hingga Manggarai, Jakarta Selatan.
Sebelum meresmikan, Prabowo sempat menjajal terlebih dahulu kereta LRT Jakarta dari Kelapa Gading hingga Manggarai.
""Hari ini kita berkumpul dalam acara yang membanggakan yaitu meresmikan LRT Jakarta rute Velodrome-Manggarai,"" ujar Prabowo di Stasiun LRT Manggarai, Jakarta Selatan, Rabu (16/9/2026).
Prabowo juga mengaku nyaman menjajal LRT Jakarta. ""Enak naik LRT,"" kata Prabowo.
LRT Jakarta dioperasikan oleh PT Jakarta Propertindo. Sementara itu BUMN konstruksi PT Waskita Karya membangun jalur sepanjang 6,4 kilometer (km) dari Velodrome ke Manggarai.
Mulanya, LRT hanya beroperasi pada rute yang cukup pendek yaitu dari Kelapa Gading ke Velodrome sejak 2019 sekitar 5 km. Kini jalurnya dilanjutkan ke Manggarai dengan dilengkapi lima stasiun mencakup Rawamangun, Pramuka, Matraman, Proklamasi, serta Manggarai. Semua stasiun LRT Jakarta dirancang agar bisa terintegrasi dengan transportasi umum lainnya.
Stasiun Manggarai terintegrasi langsung dengan Kereta Rel Listrik (KRL) Commuter Line, layanan bus Transjakarta, dan kereta bandara menuju Bandara Soekarno-Hatta. Diharapkan langkah ini dapat meningkatkan modernisasi sistem transportasi di Indonesia, khususnya di Jakarta sebagai pusat kegiatan ekonomi, pemerintahan, serta pertukaran budaya.
Lihat Video 'Prabowo Jajal LRT Rute Kelapa Gading-Manggarai Bareng Pramono':
(hal/ara)",finance
146,"Presiden Prabowo Subianto meresmikan LRT Jakarta hari ini. Sebelum itu, Prabowo menjajal langsung LRT Jakarta, dari Stasiun LRT Jakarta Kelapa Gading menuju Stasiun Manggarai.
Dalam kesempatan ini, Prabowo didampingi Gubernur DKI Jakarta Pramono Anung hingga Menteri Sekretaris Negara Prasetyo Hadi. Prabowo tampak memasuki kereta sekitar pukul 13.10 WIB.
Prabowo duduk di barisan kursi penumpang bersama Pramono dan dua penumpang siswa sekolah. Saat kereta berjalan, Prabowo berbincang dengan Pramono membahas proyek tersebut.
Pramono sempat meminta bantuan ke Prabowo untuk mengerahkan Danantara mendanai perpanjangan LRT Jakarta. Proyek ini memang diproyeksikan dilanjut dari Manggarai ke Dukuh Atas yang akan selesai 2029.
""Nah kalo bapak izinkan sebenarnya tinggal dibantu sedikit dengan Danantara. Kan selama ini Jakarta sendiri pak,"" ucap Pramono kepada Prabowo, disiarkan YouTube Sekretariat Presiden, Rabu (16/9/2026).
Prabowo lantas menimpali permintaan Pramono dan menyebut bahwa Jakarta tergolong provinsi yang kaya. ""Jakarta kaya,"" ujar Prabowo sambil tertawa.
Sebagai informasi, perpanjangan jalur LRT Jakarta telah selesai dilakukan. Jalur yang sebelumnya dimulai dari Kelapa Gading, Jakarta Utara dan berakhir di Velodrome, Jakarta Timur, kini diperpanjang hingga Stasiun Manggarai, Jakarta Selatan. Proyek ini memiliki panjang 12,2 kilometer dengan nilai investasi Rp 12,1 triliun.
Berikut daftar 11 stasiun yang akan dilalui LRT Jakarta:
- Stasiun Kelapa Gading
- Stasiun Boulevard Utara
- Stasiun Boulevard Selatan 
- Stasiun Pulomas
- Stasiun Equestrian
- Stasiun Velodrome 
- Stasiun Rawamangun
- Stasiun Pramuka
- Stasiun Matraman
- Stasiun Proklamasi
- Stasiun Manggarai
Simak Video 'Prabowo Jajal LRT Rute Kelapa Gading-Manggarai Bareng Pramono':
(acd/acd)",finance
147,"Wakil Menteri Dalam Negeri (Wamendagri) Bima Arya Sugiarto menyoroti persoalan yang ada pada kepala daerah. Pertama yakni soal kurangnya kepala daerah memahami desain perkotaan dan minimnya kepekaan terhadap kondisi di lapangan.
Ia menjelaskan salah satunya terkait transportasi di berbagai daerah yang belum tersedia dengan baik. Bima meyakini kondisi penyediaan transportasi yang belum memadai itu terjadi karena banyak kepala daerah yang tak pernah merasakan apa yang dirasakan oleh masyarakat dalam menggunakan transportasi umum.
Di mana ketika warga yang melakukan mobilitas menggunakan transportasi umum, harus berdesak-desakan.
""Seringkali kepala daerah itu, permasalahan utamanya, kurang pemahaman yang baik tentang urban design, dan yang kedua, nggak punya sense tentang apa yang terjadi di lapangan. Karena itu, saya setiap kunjungan ke daerah, saya menyempatkan diri untuk naik transport publik di Medan, bersama Pak Wali Kota Medan, misalnya,"" ujar Bima Sugiarto dalam acara Urban Climate Forum 2026 di Jakarta, Rabu (16/9/2026).
""Tetapi, sangat banyak kepala daerah, yang saya nggak yakin pernah naik angkot, pernah naik bus, pernah naik kereta. Nggak yakin saya,"" sambungnya.
Menurut Bima, pengalaman menggunakan transportasi publik secara langsung penting bagi kepala daerah untuk dapat merasakan apa yang dialami masyarakat. Dengan begitu, persoalan transportasi yang ada bisa langsung dibenahi oleh pemerintah daerah agar sistem transportasi tersebut nyaman dan terintegrasi.
""Jadi bagaimana sense itu bisa ada, bahwa rakyat membutuhkan? Pernah nggak merasakan berdesakan, seperti digencet di kaleng sarden, seperti cendol, gitu ya. Kadang pergi, maka akan merasakan betapa dahaga warga atas urban mobility itu begitu mendesak,"" ujarnya.
Bima menilai urban mobility tidak bisa hanya dipandang sebagai penyediaan transportasi pada ujungnya saja. Melainkan mobilitas perkotaan harus menjadi bagian dari perencanaan kota secara menyeluruh.
""Kami mengapresiasi beberapa daerah, agak maju, untuk membangun integrasi tadi, dengan sistem subsidi. Tapi kami mendorong, agar semua kepala fokus pada urban mobility itu ini, tidak saja dalam konteks peninggian di ujung, tapi mulai dari perencanaan di awal, sehingga semua terintegrasi. Palembang adalah satu contoh, ada PR masalah integrasi di sana. LRT dibangun, tapi tidak sesuaikan dengan konsep data ruang secara keseluruhan, dan tidak terlalu integrasi,"" katanya.
Simak juga Video 'Pramono untuk 5 Abad Jakarta: Transum Rp 1-Tempat Wisata Gratis 5 Hari':
(hrp/fdl)",finance
148,"Presiden Prabowo Subianto menjajal LRT Jakarta yang akan diresmikan hari ini. Prabowo berangkat dari Stasiun LRT Jakarta Kelapa Gading dan dijadwalkan menuju Stasiun Manggarai.
Tampak mendampingi Prabowo, Gubernur DKI Jakarta Pramono Anung hingga Menteri Sekretaris Negara Prasetyo Hadi. Sekitar pukul 13.10 WIB, Prabowo memasuki gerbong kereta.
Prabowo duduk di barisan kursi penumpang bersama Pramono dan dua penumpang siswa sekolah. Saat kereta berjalan, Prabowo berbincang dengan Pramono membahas proyek tersebut.
Pramono sempat meminta bantuan ke Prabowo untuk mengerahkan Danantara mendanai perpanjangan LRT Jakarta. Proyek ini memang diproyeksikan dilanjut dari Manggarai ke Dukuh Atas yang akan selesai 2029.
""Nah kalo bapak izinkan sebenarnya tinggal dibantu sedikit dengan Danantara. Kan selama ini Jakarta sendiri pak,"" ucap Pramono kepada Prabowo, disiarkan YouTube Sekretariat Presiden, Rabu (16/9/2026).
Prabowo lantas menimpali permintaan Pramono dan menyebut bahwa Jakarta tergolong provinsi yang kaya. ""Jakarta kaya,"" ujar Prabowo sambil tertawa.
Sebagai informasi, perpanjangan jalur LRT Jakarta telah selesai dilakukan. Jalur yang sebelumnya dimulai dari Kelapa Gading, Jakarta Utara dan berakhir di Velodrome, Jakarta Timur, kini diperpanjang hingga Stasiun Manggarai, Jakarta Selatan.
Proyek ini memiliki panjang 12,2 kilometer dengan nilai investasi Rp 12,1 triliun. Berikut daftar 11 stasiun yang akan dilalui LRT Jakarta:
- Stasiun Kelapa Gading
- Stasiun Boulevard Utara
- Stasiun Boulevard Selatan 
- Stasiun Pulomas
- Stasiun Equestrian
- Stasiun Velodrome 
- Stasiun Rawamangun
- Stasiun Pramuka
- Stasiun Matraman
- Stasiun Proklamasi
- Stasiun Manggarai
Simak juga Video 'Siap Diresmikan Bulan Ini, LRT Kelapa Gading-Manggarai Cuma 28 Menit':
(acd/acd)",finance
149,"Menteri Energi dan Sumber Daya Mineral (ESDM), Bahlil Lahadalia, menegaskan perubahan anggota Kabinet Merah Putih menjadi hak prerogatif Presiden Prabowo Subianto. Hal tersebut ia tegaskan menyusul pelantikan Suahasil Nazara sebagai Menteri Keuangan (Menkeu) menggantikan Purbaya Yudhi Sadewa.
Bahlil menegaskan, seluruh pihak harus menghargai setiap keputusan Prabowo. Bahkan keputusan yang berkaitan dengan perubahan menteri dan wakil menteri.
""Menyangkut reshuffle itu adalah hak prerogatif bapak presiden. Setiap menteri, setiap wakil menteri, setiap anggota kabinet diangkat atau diberhentikan kita harus hargai hak prerogatif bapak presiden,"" ungkap Bahlil di Kompleks Parlemen, Senayan, Jakarta, Rabu (16/92026).
Sebagai informasi, Suahasil dilantik sebagai berdasarkan Keputusan Presiden 97 P Tahun 2026 Pemberhentian dan Pengangkatan Kabinet Merah Putih di sisa masa jabatan 2024-2029. Ia dilantik langsung oleh Prabowo sebagai pengganti Purbaya yang telah menjabat sebagai Menkeu selama satu tahun terakhir.
Kemudian pada Selasa (15/9), Purbaya Yudhi Sadewa resmi melepas jabatannya sebagai Menkeu usai satu tahun memimpin Kementerian Keuangan kepada Suahasil Nazara. Proses Serah Terima Jabatan (Sertijab) berlangsung hari ini di Aula Mezzanine, Gedung Djuanda 1 Kementerian Keuangan di Jakarta Pusat.
Di balik pergantian Purbaya ke Suahasil ini, muncul isu masalah internal di Kementerian Keuangan. Banyak pihak mengatakan ada masalah internal kementerian yang membuat Purbaya digantikan Suahasil, khususnya soal urusan Direktorat Jenderal Pajak dan Bea Cukai. Namun, Purbaya menepis kabar tersebut.
""Enggak, enggak ada. Gesekan sih enggak ada, yang jelas ya itu hak prerogatif presiden yang beliau udah memutuskan,"" ujar Purbaya usai sertijab di Kementerian Keuangan (Kemenkeu), Jakarta Pusat, Selasa (15/9/2026).
Simak juga Video 'Blak-blakan Purbaya soal Alasan Dicopot':
(ahi/ara)",finance
150,"Urusan buang sampah yang sering diabaikan masyarakat kini mendatangkan cuan bagi banyak anak muda di China. Layanan ini menjelma jadi tren bisnis langganan baru yang mendadak laku keras.
Melansir SCMP, Rabu (16/9/2026), layanan buang sampah ini ramai dipromosikan di media sosial dengan biaya berkisar antara tiga hingga lima yuan atau Rp 6.600-11.000 (kurs Rp 2.200/yuan) per pengambilan. Ada juga yang menawarkan layanan dengan opsi paket bulanan seharga sekitar 100 yuan atau Rp 220.000.
Layanan bulanan ini mencakup pengumpulan sampah harian, yang hanya mengharuskan para pelanggan untuk meletakkan kantong sampah mereka di luar pintu rumah agar mudah diambil.
Bisnis layanan berlangganan ini menjadi aspek baru dari sektor 'ekonomi malas' yang banyak menyasar jasa layanan yang menghemat waktu, menghemat tenaga, dan nyaman, atau mengikuti jejak penawaran viral lainnya seperti menjemput anak-anak dari sekolah dan mengambil paket untuk pelanggan.
Namun yang hal mengejutkan adalah banyak orang menyatakan benar-benar membutuhkan layanan dari sektor jasa 'ekonomi malas' seperti pembuangan sampah ini. Terutama untuk masyarakat yang tinggal di kota-kota besar dan sibuk.
Sebagai contoh di Shanghai, kota pertama China yang menerapkan sistem pemilahan sampah rumah tangga wajib, beberapa kompleks perumahan hanya mengizinkan pengumpulan sampah selama dua jam di pagi hari dan dua jam lagi di malam hari. Padahal banyak penduduk di sana sibuk bekerja setiap hari.
""Sebagai pekerja kantoran biasa, mudah bagi saya untuk melewatkan empat jam (waktu pengumpulan sampah) itu,"" jelas mereka.
Selain mereka yang sibuk bekerja, seorang penyedia layanan buang sampah di Jiaxing, provinsi Zhejiang di China bagian timur yang dikenal dengan nama belakangnya Fei, mengatakan bahwa timnya juga menyasar para lansia dengan masalah mobilitas yang tinggal di lantai atas apartemen tanpa lift sebagai pelanggan.
Fei melaporkan menerima tiga pesanan di bulan pertamanya membuka layanan buang sampah itu. Namun ia tetap optimis terkait potensi pertumbuhan usahanya itu dan berencana untuk berkolaborasi dengan komunitas warga sekitar dengan fokus pada kebutuhan klien lanjut usia.
Sementara itu penyedia jasa buang sampah lain dari Hangzhou, Zhejiang, bernama Mihan mengklaim telah mendapatkan lebih dari 20 pesanan hanya dalam tiga hari setelah meluncurkan bisnisnya. Sebagai layanan tambahan, ia sesekali mengambil paket untuk kliennya.
""Para pekerja kantoran saat ini bersedia mengeluarkan sedikit uang untuk menghemat waktu,"" kata Mihan sembari menekankan bahwa kunci keberhasilan model bisnis ini adalah keterjangkauan harga
Lihat juga Video 'Ada Robot Bionik yang Bisa Ikutan Nangis Pas Dengerin Curhat!':
(fdl/fdl)",finance
151,"Menteri Energi dan Sumber Daya Mineral (ESDM), Bahlil Lahadalia, mengakui operasional Pembangkit Listrik Tenaga Air (PLTA) di Sulawesi Selatan (Sulsel) terganggu. Kondisi ini terjadi imbas El Nino yang terjadi di wilayah tersebut.
Berdasarkan laporan yang ia terima, gangguan terjadi terjadi imbas berkurangnya sumber daya air di Sulsel. Kondisi ini berdampak pada operasional PLTA.
""Laporan yang saya terima bahwa di Sulawesi Selatan, itu kan ada beberapa pembangkit yang memang kita pakai PLTA, dan akibat El Nino ini kan daya kekuatan air itu berkurang,"" ungkap Bahlil di Kompleks Parlemen, Senayan, Jakarta, Rabu (16/9/2026).
Bahlil menegaskan pemerintah telah mencari solusi untuk mengatasi persoalan tersebut, salah satunya mengganti sementara kebutuhan listrik dengan pembangkit lainnya.
""Kita sudah mencari solusi adalah mengganti sementara dengan pembangkit yang lain,"" jelasnya.
Di sisi lain, pemerintah juga tengah melakukan perbaikan pasokan listrik di wilayah Kalimantan. Gangguan pasokan listrik di wilayah ini terjadi karena perbaikan pada sejumlah pembangkit.
""Kita tahu bahwa di Kalimantan juga ada terjadi kekurangan karena ada perbaikan power plant-nya. Daerah-daerah lain sebentar kita akan rapatkan dengan PLN untuk kita mitigasi sejak awal,"" pungkasnya.
Simak juga Video 'Kombo Pemanasan Global-El Nino Bikin Agustus 2026 Masuk Bulan Terpanas':
(ahi/ara)",finance
152,"Kementerian Ketenagakerjaan (Kemnaker) mulai melakukan seleksi dan penetapan peserta Pemagangan Nasional (MagangHub) 2026 Batch 2 Angkatan II pada 16-18 September 2026.
Pengumuman peserta dijadwalkan pada 18 September 2026, sedangkan pemagangan dimulai pada 21 September 2026. Peserta yang mengikuti tahapan tersebut telah melalui proses rekrutmen dan pengusulan oleh mitra penyelenggara.
""Seleksi dan penetapan peserta dilakukan terhadap peserta yang telah diusulkan oleh mitra penyelenggara sesuai dengan ketentuan program,"" kata Direktur Jenderal Pembinaan Pelatihan Vokasi dan Produktivitas (Binalavotas) Kemnaker Darmawansyah dalam keterangan tertulis, Rabu (16/9/2026).
Darmawansyah mengatakan, peserta yang memenuhi ketentuan selanjutnya ditetapkan untuk mengikuti Pemagangan Nasional sesuai dengan program yang telah dipilih.
""Setelah ditetapkan, peserta yang dinyatakan lolos akan mengikuti pemagangan mulai 21 September 2026,"" ujarnya.
Rangkaian Pemagangan Nasional 2026 Batch 2 Angkatan II diawali dengan pendaftaran mitra penyelenggara dan lowongan pada 21-31 Agustus 2026, dilanjutkan verifikasi dan penayangan lowongan pada 1-3 September.
Lalu pendaftaran peserta pada 3-8 September, serta rekrutmen dan pengusulan peserta oleh mitra penyelenggara pada 9-15 September 2026 sebelum memasuki tahap seleksi dan penetapan yang saat ini tengah dilakukan.
(acd/acd)",finance
153,"Purbaya Yudhi Sadewa sudah turun dari jabatannya dari Menteri Keuangan (Menkeu). Sebelum digantikan Suahasil Nazara, Purbaya tercatat menjabat sebagai menkeu sekitar satu tahun.
Diketahui, Purbaya dilantik sebagai Menteri Keuangan oleh Presiden Prabowo Subianto pada 8 September 2025. Namun setahun kemudian, Prabowo melantik Suahasil jadi Menkeu berdasarkan Keputusan Presiden Nomor 97/P Tahun 2026 pada Senin (14/9).
Meski hanya bekerja sekitar satu tahun sebagai menteri, Purbaya bisa mendapat tunjangan seumur hidup dari negara. Hal ini sesuai Peraturan Pemerintah (PP) 50 Tahun 1980 tentang Hak Keuangan/Administratif Menteri Negara dan Bekas Menteri Negara Serta Janda/Dudanya.
Dalam aturan itu dijelaskan setiap menteri yang berhenti dengan hormat dari jabatannya berhak memperoleh pensiun. Meski besaran uang pensiun ini ditetapkan berdasarkan lama masa jabatan yang bersangkutan.
""Besarnya pensiun pokok sebulan adalah 1% dari dasar pensiun untuk tiap-tiap satu bulan masa jabatan dengan ketentuan bahwa besarnya pensiun pokok sekurang-kurangnya 6% dari dasar pensiun,"" tulis Pasal 11 Ayat 2 PP 50 Tahun 1980.
Dengan asumsi besaran pensiun pokok ditetapkan sebesar 1% dari dasar pensiun untuk setiap satu bulan masa jabatan. Maka Purbaya yang genap menjabat 12 bulan berhak mendapatkan besaran pensiun pokok 12% dari dasar pensiun.
Dalam hal ini, dasar pensiun merupakan gaji pokok terakhir berdasarkan peraturan perundang-undangan. Sementara besaran gaji pokok menteri negara ditetapkan Rp 5.040.000 per bulan berdasarkan PP Nomor 60 Tahun 2000.
Jika dihitung, 12% dari Rp 5.040.000 menghasilkan sekitar Rp 604.800 per bulan. Nominal tersebut merupakan estimasi pensiun pokok berdasarkan ketentuan persentase dan masa jabatan. Besaran itu belum termasuk Tabungan Hari Tua.
Sementara itu, dalam catatan detikcom yang mengutip situs resmi Kementerian Pendayagunaan Aparatur Negara dan Reformasi Birokrasi (PANRB) dijelaskan seorang mantan menteri negara bisa mendapatkan uang pensiun dan Tunjangan Hari Tua (THT) setelah menyelesaikan masa jabatannya. Uang pensiun dan THT ini biasanya akan disalurkan pemerintah melalui PT Taspen (Persero).
Namun ditegaskan seorang mantan menteri berhak atau tidak mendapat uang pensiun dan THT ini ditentukan oleh presiden. Di mana uang pensiun dan THT menteri baru bisa diberikan jika sudah mendapatkan persetujuan dari presiden dalam bentuk SK Pensiun.
Untuk besaran uang pensiun menteri didasarkan pada PP Nomor 60/2000 seperti yang sudah dijelaskan sebelumnya. Sedangkan untuk THT, seorang mantan menteri baru bisa mendapat tunjangan itu jika yang bersangkutan pernah memberikan iuran melalui gaji pokoknya.
Mengingat Purbaya sudah bekerja mulai September 2025 hingga September 2026, seharusnya ia otomatis telah membayar iuran THT melalui potongan gaji pokoknya sebagai menteri selama kurang lebih 12 bulan menjabat. Dengan begitu ia memenuhi syarat untuk menerima THT ini dari Taspen.
Simak juga Video 'Kelakar Purbaya Mau Mancing Sambil Melamun: Kenapa Dipecat?':
(igo/fdl)",finance
154,"PT Industri Kereta Api (Persero) atau INKA buka suara soal arahan terbaru dari Badan Pengaturan BUMN (BP BUMN) untuk melakukan langkah transformasi dan pembenahan perusahaan.
General Manager Corporate Secretary PT INKA (Persero), Bambang Sutrisno menyampaikan arahan tersebut menjadi momentum untuk memperkuat perbaikan perusahaan secara menyeluruh, mulai dari proses internal hingga efektivitas pelaksanaan proyek.
""INKA menindaklanjuti arahan BP BUMN dengan mempercepat transformasi yang saat ini terus berjalan. Fokus kami adalah membangun fundamental perusahaan yang lebih sehat, proses bisnis yang semakin efektif, serta kemampuan yang semakin kuat dalam menjalankan dan menyelesaikan setiap proyek,"" ujar Bambang dalam keterangan tertulis, Rabu (16/9/2026).
Pembenahan INKA
Pembenahan dilakukan dengan memperkuat keterkaitan antara perencanaan, pengelolaan kontrak, pelaksanaan proyek, proses produksi hingga penyelesaian pekerjaan kepada pelanggan.Sejalan dengan itu, INKA juga terus melakukan langkah perbaikan terhadap kondisi likuiditas dan struktur keuangan perusahaan.
Menurut Bambang, disiplin pengelolaan proyek menjadi bagian penting dalam memperkuat kinerja perusahaan, baik dalam pengendalian jadwal, biaya, risiko maupun pemenuhan komitmen kepada pelanggan.
""Setiap proyek harus dikelola secara disiplin sejak awal, baik dari aspek teknis, kontraktual maupun finansial. Dengan pengelolaan yang semakin baik, setiap pekerjaan harus mampu memberikan nilai bagi pelanggan sekaligus memperkuat kondisi perusahaan,"" lanjut Bambang.
Pada saat yang sama, INKA terus memperkuat proses produksi dan sistem kualitas untuk memastikan sarana yang dihasilkan memenuhi aspek keselamatan, keandalan serta standar yang dipersyaratkan.
Transformasi tersebut juga diarahkan untuk menjaga dan mengembangkan kapabilitas industri perkeretaapian nasional, mulai dari kemampuan engineering dan manufaktur, tenaga kerja terampil, teknologi hingga ekosistem industri pendukung.
""Yang ingin kami bangun bukan hanya keberlanjutan perusahaan, tetapi juga kemampuan industri perkeretaapian Indonesia. Untuk itu, INKA harus semakin sehat, profesional, berkualitas, dan kompetitif dengan melibatkan seluruh stakeholder perkeretaapian,"" tutup Bambang.
INKA Rugi
Sebelumnya, Kepala Badan Pengaturan (BP) Badan Usaha Milik Negara (BUMN) sekaligus COO Badan Pengelola Investasi (BPI) Daya Anagata Nusantara (Danantara), Dony Oskaria mendorong perbaikan kinerja keuangan INKA. Dia menyebut kerugian yang dialami INKA mencapai Rp 677 miliar dengan unsustain loan atau utang sebesar Rp 4,7 triliun.
Menurutnya perbaikan harus dilakukan lewat tata kelola yang kuat, perencanaan yang komprehensif, dan benchmark ke praktik terbaik di industri. Ia meminta seluruh jajaran untuk punya komitmen yang sama untuk membawa INKA jadi lebih baik.
""Jadi menurut saya, INKA ini tidak dalam kondisi yang baik-baik saja. Kan aneh, Pak, masa kita rugi Rp 677 miliar. Orang perusahaan manufaktur, kemudian juga jelas yang diservisnya siapa. Rugi, terus ada unsustain loan Rp 4,7 triliun itu lawannya apa dulu,"" ungkap Dony sebagaimana dikutip dalam unggahan Instagram @bumn_id, Selasa (15/9/2026).
BP BUMN mendorong transformasi total di tubuh INKA. Mulai dari model bisnis, tata kelola, budaya kerja, kualitas produksi, hingga sistem operasional. Dari semua itu, peningkatan kualitas produksi jadi prioritas utama. Dony juga meminta INKA untuk segera menyusun grand plan transformasi.
Simak juga Video 'Nasib Pengalihan Utang Whoosh ke Kemenkeu Usai Suahasil Gantikan Purbaya':
(hal/ara)",finance
155,"PT Varnion Technology Semesta (Varnion) menggandeng Omada by TP-Link melalui penandatanganan Memorandum of Understanding (MoU) dalam acara pengenalan teknologi Wi-Fi 8 di Kuala Lumpur, Malaysia. Kerja sama ini bagian dari upaya memperkuat pengembangan konektivitas generasi terbaru di sektor hospitality dan enterprise Indonesia.
Anak usaha PT Sarana Menara Nusantara Tbk (TOWR) tersebut akan mendapatkan akses ke perangkat terbaru dan dukungan dari tim pengembangan Omada. Dukungan ini akan digunakan untuk mendukung riset, pengujian, hingga pengembangan produk dan layanan.
Lewat kolaborasi tersebut, Varnion juga dapat mengevaluasi teknologi sesuai dengan kebutuhan operasional pelanggan, sekaligus mengintegrasikannya ke dalam ekosistem aplikasi Varnion. Dukungan terhadap riset dan pengembangan ini menjadi alasan utama Varnion memilih Omada sebagai mitra strategis.
""Omada memberikan akses terhadap perangkat terbaru dan dukungan langsung dari tim pengembangannya. Hal ini memungkinkan kami menguji teknologi, memberikan masukan dari pengalaman implementasi di lapangan, serta mengembangkan produk dan layanan yang semakin relevan bagi pelanggan di Indonesia,"" ujar Founder & President Director Varnion, Alexander Budiman, dalam keterangan tertulis, Rabu (16/9/2026).
| Baca juga: IHSG Bergerak di Zona Merah Pagi Ini | 
Sementara itu Director TP-Link Indonesia, Jimmy Gu, menjelaskan inovasi bukan hanya tentang menghadirkan teknologi terbaru, tetapi memberikan manfaat nyata bagi bisnis. Menurutnya, kolaborasi dengan Varnion menjadi kesempatan untuk menggabungkan kemampuan teknologi Omada dengan pemahaman terhadap kebutuhan pelanggan di lapangan.
Saat ini, Varnion tengah mengembangkan Wi-Fi 8 melalui standar IEEE 802.11bn, mengusung pendekatan Ultra High Reliability (UHR). Fokusnya adalah meningkatkan keandalan dan konsistensi koneksi, terutama pada lingkungan dengan kepadatan perangkat tinggi, interferensi antarsinyal, dan pengguna yang terus bergerak.
Pengembangan Wi-Fi 8 mencakup teknologi yang memungkinkan access point mengatur penggunaan spektrum dan sinyal secara lebih terkoordinasi. Teknologi ini ditujukan untuk mengurangi gangguan sinyal, menekan lonjakan latensi dan kehilangan data, serta membuat perpindahan koneksi antar-access point atau roaming menjadi lebih lancar.
Keandalan jaringan semakin penting untuk mendukung video, aplikasi cloud, perangkat IoT, hingga layanan berbasis AI yang membutuhkan koneksi cepat dan stabil. Di hotel, kualitas jaringan berpengaruh pada pengalaman tamu, sementara bagi perusahaan, koneksi yang stabil membantu menjaga produktivitas dan kelancaran operasional.
Sebagai ISP yang menyediakan solusi berbasis aplikasi, Varnion menggabungkan layanan konektivitas dan aplikasi dalam satu ekosistem. Layanan tersebut mencakup CloudOne, Megalos untuk mengelola konektivitas, Keponet untuk pekerjaan operasional, serta Vlepo untuk layanan TV dan pengalaman digital bagi tamu.
""Tujuan kami adalah menerjemahkan perkembangan teknologi menjadi manfaat nyata bagi pelanggan. Dukungan Omada memperkuat kemampuan riset kami untuk menghadirkan jaringan yang andal, aplikasi yang terintegrasi, dan layanan yang membantu pelanggan menjalankan bisnisnya dengan lebih baik,"" tutup Alexander.
Simak juga Video 'Jangan Sering Cabut Kabel WiFi di Malam Hari!':
(ahi/ara)",finance
156,"Riau - Peternak lebah Apis mellifera di Siak, Riau, mampu menghasilkan hingga 300 kilogram madu dalam sekali panen yang dilakukan setiap bulan.
Foto Bisnis
Panen Madu Apis Mellifera, Sekali Panen Capai 300 Kg
Rabu, 16 Sep 2026 10:59 WIB
Anda menyukai artikel ini
Artikel disimpan",finance
157,"Jepang mengalami penurunan populasi dalam beberapa dekade terakhir. Namun terdapat kelompok usia tertentu yang mengalami lonjakan jumlah lebih banyak dari sebelumnya.
Dikutip dari CNN, Rabu (16/9/2026), saat ini jumlah orang berusia 100 tahun ke atas di Jepang telah melampaui 100.000 jiwa. Capaian ini memperkuat rekor Jepang sebagai negara dengan angka harapan hidup yang tinggi.
Jumlah penduduk berusia 100 tahun ke atas kembali mencatat kenaikan untuk ke-56 kalinya secara berturut-turut. Pemerintah Jepang mencatat, kelompok usia ini mencapai 107.677 orang per September, atau bertambah hampir 8.000 orang dibandingkan tahun sebelumnya.
Dari jumlah tersebut, mayoritas merupakan perempuan. Tercatat sebanyak 94.298 orang atau sekitar 88% dari total penduduk berusia 100 tahun ke atas adalah perempuan.
Menteri Kesehatan Jepang, Kenichiro Ueno, menyambut positif kondisi tersebut. Menurutnya, hal ini menunjukkan bahwa warga Jepang sehat dan tetap aktif.
Jepang secara konsisten menduduki peringkat teratas sebagai salah satu negara dengan angka harapan hidup terpanjang di dunia. Menurut Bank Dunia, rata-rata harapan hidup di Jepang mencapai 84 tahun pada 2024.
Para ilmuwan mengaitkan tingginya angka harapan hidup di Jepang dengan pola makan yang sehat serta sistem layanan kesehatan yang maju. Meski negara ini dikenal memiliki budaya kerja dengan jam kerja panjang, terutama di kota-kota besar, sebagian masyarakat Jepang juga menjalani filosofi ikigai, yakni mencari nilai dan kebahagiaan dalam kehidupan sehari-hari.
Jepang juga menjadi rumah bagi sejumlah orang tertua di dunia. Menurut pemerintah Jepang, dua di antaranya adalah Fuyo Kishimoto, perempuan berusia 114 tahun asal Kyoto, dan Hikaru Kato, pria berusia 112 tahun dari Kumamoto.
Meski begitu, populasi yang menua juga memberikan tekanan yang besar terhadap perekonomian terbesar keempat di dunia itu. Pasalnya, banyaknya populasi usia tua turut meningkatkan biaya perawatan lansia dan mengurangi angkatan kerja.
Meskipun generasi saat ini memiliki harapan hidup lebih panjang, populasi Jepang yang berjumlah 123 juta jiwa terus menurun seiring dengan angka kelahiran yang mencapai rekor terendah. Negara ini juga telah membuka pintu bagi pekerja terampil dan buruh dalam beberapa tahun terakhir, meskipun pemerintah baru-baru ini memperketat persyaratan visa di tengah meningkatnya sentimen anti-asing.
Lihat juga Video '5 Warganya Hilang saat Banjir Nepal, Jepang Ambil Langkah Darurat':
(ahi/ara)",finance
158,"Mata uang rupiah kembali melemah di hadapan dolar Amerika Serikat (AS) pada perdagangan Rabu (16/9/2026). Mata uang Paman Sam itu bergerak menguat pada level Rp 17.700-an.
Berdasarkan data RTI Bloomberg, dolar AS menguat 0,24% ke level Rp 17.737 pagi ini. Pada perdagangan sebelumnya, Selasa (15/9), dolar AS diketahui ditutup pada level Rp 17.694.
| Baca juga: Dolar AS Naik Tipis ke Rp 17.671 Pagi Ini | 
Sementara berdasarkan data RTI Business, dolar AS pagi ini menguat 0,23% di level Rp 17.718. Mata uang Paman Sam itu tercatat menguat sepanjang perdagangan sepekan terakhir sebesar 0,70%.
Dolar AS bergerak variatif terhadap sejumlah mata uang negara besar lainnya. Terhadap UER, dolar AS tercatat melemah 0,06%. Sementara terhadap mata uang GBP, dolar AS juga melemah 0,04%.
Kemudian terhadap mata uang AUD, mata uang Paman Sam itu melemah 0,13%. Selanjutnya pada mata uang JPY dolar AS menguat 0,12%.
Dolar AS juga menguat terhadap mata uang CAD sebesar 0,10%. Kemudian terhadap mata uang CHF, dolar AS menguat 0,06%.
Simak juga Video 'Kata Menteri UMKM soal Dampak Kenaikan Dolar ke Pelaku Usaha':
(acd/acd)",finance
159,"Harga emas Antam hari ini tipis, setelah dua hari belakangan ini mengalami penurunan harga. Pada Rabu (16/9/2026), harga emas Antam 24 karat naik Rp 1.000 per gram menjadi Rp 2.593.000 per gram.
Berdasarkan situs Logam Mulia Antam, Selasa (16/9/2026), satuan harga emas hari ini yang terkecil ukuran 0,5 gram berada di angka Rp 1.346.500. Sementara harga emas 10 gram dijual dengan harga Rp 25.425.000 dan ukuran emas terbesar yakni 1.000 gram (1 kg) dibanderol Rp 2.533.600.000.
Jika ditarik dalam sepekan terakhir, harga emas Antam berada dalam rentang Rp 2.610.000-2.593.000 per gram. Sementara dalam sebulan terakhir, harga emas Antam bergerak dalam rentang Rp 2.677.000-2.593.000 per gram.
Harga emas hari ini untuk buyback emas Antam juga naik sebesar Rp 1.000 dan berada di level Rp 2.438.000 per gram. Harga buyback adalah jika Anda ingin menjual emas, maka Antam akan membelinya dengan harga tersebut.
Sesuai Peraturan Menteri Keuangan (PMK) Nomor 34 Tahun 2017, pembelian emas batangan akan dikenakan PPh 22 sebesar 0,9%. Jika ingin mendapatkan potongan pajak lebih rendah sebesar 0,45%, harus menyertakan NPWP untuk transaksinya.
Berikut rincian Harga Emas Hari Ini dari Antam 1 Gram hingga 1.000 Gram, Rabu (16/9/2026).
Harga emas 0,5 gram: Rp 1.346.500
Harga emas 1 gram: Rp 2.593.000
Harga emas 2 gram Rp 5.126.000
Harga emas 3 gram Rp 7.664.000
Harga emas 5 gram: Rp 12.740.000
Harga emas 10 gram: Rp 25.425.000
Harga emas 25 gram: Rp 63.437.000
Harga emas 50 gram: Rp 126.795.000
Harga emas 100 gram: Rp 253.512.000
Harga emas 250 gram: Rp 633.515.000
Harga emas 500 gram: Rp 1.266.820.000
Harga emas 1.000 gram: Rp 2.533.600.000
Demikian rincian harga emas hari ini keluaran Antam 1 gram hingga 1.000 gram, Rabu (16/9/2026).
Simak juga Video 'Mau Tingkatkan Likuiditas, BEI Wacanakan Hapus Batas Rp 50 Saham:
(hrp/fdl)",finance
160,"Indeks Harga Saham Gabungan (IHSG) pagi ini bergerak melemah di zona merah. IHSG terpantau terus bergerak ke level di 6.400-an.
Dikutip dari RTI, Rabu (16/9/2026), IHSG pukul 9.02 WIB berada di level 6.452,47, turun 0,13% atau 8,67 poin. Sementara IHSG pada pembukaan berada di level 6.453,91.
Kemudian pada awal perdagangan ini, nilai indeks saham Garuda tercatat mencapai level tertinggi 6.460,81 dan terendah 6.445,23.
Volume transaksi tercatat 845,18 juta saham, turnover Rp 392,72 miliar dengan frekuensi transaksi 75.421 kali. Sebanyak 181 saham menguat, 241 saham melemah, dan 234 saham tidak mengalami perubahan.
IHSG tercatat sudah melemah 3,41% secara mingguan. Namun nilai indeks saham Garuda ini masih berada di zona hijau jika selama bulanan dengan kenaikan 0,01%. Begitu juga jika dilihat per tiga bulan yang masih naik 7,37%.
Simak juga Video 'Mau Tingkatkan Likuiditas, BEI Wacanakan Hapus Batas Rp 50 Saham':
(acd/acd)",finance
161,"Berat dan penempatan muatan menjadi salah satu aspek yang perlu dievaluasi dalam kecelakaan KM Virgo Transport 8. Pemeriksaan diperlukan untuk mengetahui kemampuan daya apung dan stabilitas kapal saat membawa muatan.
Anggota DPR RI Bambang Haryo Soekartono menyoroti persoalan tersebut saat mengunjungi Posko Terpadu kecelakaan KM Virgo Transport 8 di Pelabuhan Tanjung Perak. Menurut Bambang, usia kapal tidak bisa menjadi satu-satunya dasar untuk melihat penyebab kecelakaan. KM Virgo Transport 8 disebut masih berusia 39 tahun.
""Kapal ini KM Virgo Transport 8 masih relatif muda yaitu 39 tahun. Apalagi kapal ex Jepang mempunyai teknologi yang tinggi. Bahkan plat dari kapal jepang semua menggunakan plat high tensile. Yang mempunyai kekuatan tekuk, tekan, dan tarik ( strength ) yang sangat kuat. Seperti hal nya kapal kapal dari negara negara maju Eropa. Makanya kapal kapal ex Jepang yang ada di Indonesia walaupun berusia tua kondisinya masih bagus dan mempunyai kelayakan kapal sesuai dengan standarisasi Kelas dan Perhubungan Laut Indonesia,"" kata Bambang dalam keterangannya, Rabu (16/9/2026).
Bambang meminta Komite Nasional Keselamatan Transportasi (KNKT) dan penyidik pegawai negeri sipil (PNS) memeriksa muatan yang dibawa kapal, termasuk kesesuaiannya dengan kemampuan kapal.
""Dan ini saya serahkan kepada Komisi Nasional Keselamatan Transportasi (KNKT) dan Pegawai Negeri Sipil untuk menyelidiki muatan yang diangkut oleh kapal tersebut. Apakah kapal tersebut masih mempunyai kemampuan untuk mengangkut muatan tersebut,"" kata BHS.
Dari sisi penumpang, Bambang menyebut jumlah 243 orang masih jauh di bawah kapasitas maksimum kapal yang mencapai 570 orang.
""Kalau dari sisi penumpang yang hanya 243 orang masih jauh dari kapasitas maksimum, dimana batasan kapasitas maksimum nya sebesar 570 orang,""
Menurutnya, berat dan penempatan muatan menjadi penting untuk diperiksa karena dapat memengaruhi stabilitas kapal, terutama saat menghadapi gelombang besar.
Bambang juga menyoroti informasi mengenai truk dengan muatan sangat berat. Ia menyebut jembatan timbang milik Pelindo yang sebelumnya berkapasitas 60 ton mengalami kerusakan hingga kapasitasnya dinaikkan menjadi 100 ton.
""Ini sangat membahayakan kondisi daripada kapal baik daya apung kapal yang terbatas sesuai dengan perhitungan maupun kekuatan konstruksi yang rata rata setiap exceload tidak lebih dari 15 ton,"" ungkapnya.
Ia menilai penempatan muatan berat di dek kendaraan bagian atas juga perlu diperiksa karena dapat memengaruhi stabilitas kapal.
""Semua kondisi diatas yang harus mengetahui kemampuan daripada kapal adalah nahkoda. Jadi data kemampuan kapal baik daya apung maupun stabilitas harus disesuaikan dengan kondisi muatan yang akan naik kapal. Dan KNKT serta PNS harus meneliti secara maksimal,"" Kata BHS.
Simak juga Video 'Nakhoda KM Virgo Selamat, Kini Sedang Diperiksa':
(fdl/fdl)",finance
162,"Market Overview
Bursa saham Indonesia kembali berada di zona merah. Indeks Harga Saham Gabungan (IHSG) pada perdagangan Selasa (15/9) ditutup turun 1,13% ke level 6.534,69.
Sejumlah saham masih mampu bergerak positif. BREN naik 1,29%, ANTM menguat 2,51%, sedangkan KLBF mencatat kenaikan 4,76%. Di sisi lain, tekanan terbesar datang dari BYAN yang anjlok 8,11%. BBRI turun 2,35% dan BBCA terkoreksi 1,54%.
Investor asing juga mencatatkan aksi jual bersih. Nilai net sell asing mencapai Rp354,16 miliar di pasar reguler dan Rp349,28 miliar jika dihitung berdasarkan seluruh pasar.
Pergerakan negatif terjadi di sebagian besar sektor. Sebanyak delapan dari 11 sektor saham berakhir melemah. Sektor Industrial menjadi yang paling terkoreksi dengan penurunan 1,56%, sementara sektor Health menjadi satu-satunya kelompok dengan penguatan tertinggi sebesar 0,24%.
Tekanan juga datang dari pasar global. Tiga indeks utama Wall Street kompak melemah. Dow Jones turun 0,63% ke 52.093, S&P 500 terkoreksi 0,45% ke 7.585, dan Nasdaq turun 0,78% ke 25.981.
Saham BYAN kembali menjadi perhatian setelah turun 8,11% dan memberikan kontribusi negatif sebesar 14,67 poin terhadap IHSG. Penurunan tersebut terjadi setelah adanya force majeure pada tiga anak usaha terkait persetujuan RKAB 2026 yang belum terbit. Kondisi ini turut menjadi perhatian karena dapat berkaitan dengan volume produksi dan kinerja pendapatan perseroan.
Sejalan dengan pergerakan IHSG, ETF EIDO turun 1,01%, sedangkan indeks MSCI Indonesia terkoreksi 1,61%.
Berita Emiten
- PT Media Nusantara Citra Tbk (MNCN)
MNCN memperluas ekosistem bisnis medianya melalui kerja sama dengan Republik Media Anak Bangsa (RMAB) dan Sinergi Terang Abadi (STA).
Kolaborasi tersebut mencakup pengembangan ekosistem berita dan olahraga yang menghubungkan berbagai kanal, mulai dari televisi, radio, platform digital hingga streaming.
Sejumlah aset media MNCN masuk dalam kerja sama ini, termasuk iNews Media Group, iNews TV dan jaringan radio milik perseroan. Di kanal digital, ekosistem tersebut mencakup Okezone, iNews, Sindonews, News+ dan IDX Channel.
Jika digabungkan, jaringan tersebut memiliki sekitar 72 juta followers dan subscribers dengan jumlah views mencapai sekitar 1,8 miliar per bulan.
Penguatan ekosistem audiens menjadi salah satu langkah MNCN di tengah tekanan pada bisnis iklan. Pada semester I-2026, pendapatan perseroan tercatat Rp3,52 triliun, turun 13,59% dibandingkan Rp4,07 triliun pada semester I-2025.
Penurunan tersebut terutama dipengaruhi oleh melemahnya pendapatan iklan. Namun, bisnis konten dan subscription masih mencatat pertumbuhan. Kondisi ini membuat pengembangan kanal digital dan pendapatan berulang menjadi bagian dari strategi MNCN dalam mengembangkan bisnis medianya.
- PT Cisarua Mountain Dairy Tbk (CMRY)
CMRY menambah penyertaan modal secara bertahap sebesar Rp125 miliar kepada anak usaha yang dikendalikannya, Macrosentra Niagaboga.
Tambahan modal tersebut disiapkan untuk mendukung pengembangan pusat distribusi sekaligus memenuhi kebutuhan modal kerja perusahaan.
Transaksi ini termasuk transaksi afiliasi yang dikecualikan berdasarkan POJK No. 42/POJK.04/2020. Pasalnya, Macrosentra Niagaboga merupakan perusahaan terkendali dengan kepemilikan saham sebesar 99,99% oleh CMRY.
Perseroan menyatakan transaksi tersebut tidak menyebabkan perubahan pengendalian dan tidak memberikan dampak material terhadap kondisi keuangan, operasional maupun kelangsungan usaha CMRY.
Ekspansi distribusi dilakukan ketika kinerja CMRY pada semester I-2026 masih mencatat pertumbuhan. Pendapatan perseroan mencapai Rp6,46 triliun, naik 25,50% secara tahunan dari Rp5,15 triliun pada semester I-2025.
Laba bersih CMRY juga meningkat 17,88% secara tahunan menjadi Rp1,17 triliun dari sebelumnya Rp0,99 triliun. Penambahan modal ke lini distribusi menjadi bagian dari langkah perseroan memperluas jangkauan produk dan mendukung aktivitas operasional.
- PT Dua Putra Utama Makmur Tbk (DPUM)
DPUM menyiapkan belanja modal sebesar Rp100 miliar pada 2026. Rencana tersebut muncul setelah Rama Indonesia, bagian dari Unirama Group, menjadi pemegang saham pengendali baru DPUM melalui pengambilalihan 2,47 miliar saham.
Bersamaan dengan rencana investasi tersebut, DPUM menargetkan EBITDA dapat meningkat rata-rata 7,75% per tahun sepanjang 2027-2030.
Pergantian pengendali terjadi saat kinerja DPUM masih menghadapi tekanan. Pada semester I-2026, pendapatan perseroan tercatat Rp407,53 miliar, turun 29,47% dibandingkan Rp577,82 miliar pada periode yang sama tahun sebelumnya.
DPUM juga membukukan kerugian Rp30,98 miliar setelah kegiatan usaha perseroan terdampak kebakaran.
Dengan kondisi neraca yang masih tertekan, realisasi rencana pemulihan DPUM akan berkaitan dengan dukungan pengendali baru, penggunaan capex Rp100 miliar, serta penyelesaian klaim yang proses write-off-nya masih belum final.
Rekomendasi Saham Hari Ini
- KLBF - Buy 755-765 | TP 780-790 | SL 720
- ERAL - Buy 324-328 | TP 332-336 | SL 308
- MAPI - Buy 1370-1380 | TP 1400-1420 | SL 1300
- PGEO - Buy 1040-1055 | TP 1070-1080 | SL 1000
- CMRY - Buy 4520-4540 | TP 4600-4640 | SL 4370
Disclaimer: Ingat, bahwa segala analisis dan rekomendasi saham dalam artikel ini bersifat informatif sekaligus bukan merupakan ajakan untuk membeli atau menjual saham tertentu.
(ang/ang)",finance
163,"Himpunan Kawasan Industri Indonesia (HKI) menegaskan pemerintah perlu segera melakukan pembenahan terhadap regulasi, proses perizinan, dan birokrasi investasi. Hal ini menjadi faktor penting dalam menjaga kepercayaan investor terhadap Indonesia di tengah persaingan antarnegara yang semakin ketat.
Ketua Umum HKI Akhmad Ma'ruf Maulana, mengatakan tantangan terbesar Indonesia saat ini bukan hanya bagaimana menarik investasi masuk, namun bagaimana cara memastikan investasi yang telah diperoleh dapat segera direalisasikan.
""Jangan sampai investasi sudah berhasil kita tarik masuk, tetapi justru tertahan oleh birokrasi kita sendiri, untuk itu kami meminta reformasi birokrasi benar-benar dijalankan"" ujar Akhmad dalam keterangan resminya, Rabu (16/9/2026).
Menurut HKI, birokrasi yang berbelit-belit, panjangnya proses perizinan, tumpang tindih regulasi, serta koordinasi yang belum efektif antara Kementerian/Lembaga dan pemerintah daerah merupakan hambatan bagi percepatan investasi.
""Kondisi tersebut tidak dapat dipandang hanya sebagai persoalan administratif. Apabila tidak segera dibenahi, hambatan tersebut berpotensi menurunkan persepsi dan tingkat kepercayaan investor terhadap iklim investasi Indonesia"" terangnya.
Pasalnya saat ini investor yang ingin masuk ke suatu negara sudah tidak lagi hanya mempertimbangkan besar pasar, sumber daya, maupun insentif yang ditawarkan. Namun, mereka juga melihat seberapa cepat investasi dapat direalisasikan, seberapa pasti regulasinya, dan seberapa efektif pemerintah menyelesaikan persoalan yang muncul dalam proses investasi.
""Dalam kompetisi investasi global, Indonesia tidak hanya bersaing dalam insentif, tetapi juga dalam kecepatan dan kepastian berusaha,"" jelas Akhmad.
Dengan begitu Akhmad menegaskan bahwa kepastian dalam berinvestasi itu semakin penting karena investor memiliki banyak pilihan untuk menanamkan modal mereka di negara-negara lain yang menawarkan proses investasi lebih sederhana dan dapat diprediksi.
""Kepercayaan investor dibangun bukan hanya ketika kita menawarkan investasi, tetapi juga dari pengalaman mereka ketika mulai merealisasikan investasinya. Kalau perizinannya terlalu panjang, regulasinya tidak pasti, atau persoalan lintas instansi tidak kunjung mendapatkan keputusan, tentu ini akan memengaruhi persepsi investor terhadap Indonesia,"" katanya.
Bersama dengan itu, HKI juga mencermati masih ada berbagai usulan pengembangan investasi strategis, termasuk Kawasan Ekonomi Khusus (KEK) dan Proyek Strategis Nasional (PSN), yang butuh kepastian dan percepatan penyelesaian. HKI memahami bahwa setiap usulan KEK, PSN maupun proyek investasi strategis harus memenuhi persyaratan dan melalui evaluasi yang ketat.
""Terhadap proyek yang telah memiliki investor nyata, komitmen investasi yang jelas, kesiapan pengembangan, serta potensi penciptaan lapangan kerja dan multiplier effect yang besar, pemerintah perlu menyediakan mekanisme penyelesaian yang lebih cepat dan terukur. Yang paling menyulitkan investasi adalah ketika prosesnya berjalan terlalu lama tanpa kepastian,"" tegas Akhmad.
Atas kondisi tersebut, HKI mendorong pemerintah membentuk Tim Percepatan dan Pengawalan Investasi yang memiliki kewenangan kuat untuk mengawal investasi secara end-to-end, mulai dari masuknya komitmen investasi hingga proyek benarbenar terealisasi dan beroperasi.
""Tim tersebut tidak seharusnya hanya menjadi forum koordinasi tambahan, tetapi perlu memiliki mandat yang jelas untuk melakukan debottlenecking, menetapkan target waktu penyelesaian, mengkoordinasikan Kementerian/Lembaga dan pemerintah daerah, serta mendorong pengambilan keputusan ketika investasi terhambat oleh persoalan lintas sektor,"" pungkasnya.
(acd/acd)",finance
164,"Mantan Menteri Keuangan Purbaya Yudhi Sadewa menegaskan seluruh urusan yang berkaitan dengan kesepakatan peralihan (handover) serta penanganan utang proyek Kereta Cepat Jakarta-Bandung Whoosh kini sepenuhnya diserahkan kepada Bendahara Negara yang baru, Suahasil Nazara.
Purbaya menyatakan dengan pencopotannya, seluruh rangkaian rencana yang sempat ia rancang terkait peralihan utang Whoosh ke Kementerian Keuangan otomatis menjadi tanggung jawab Suahasil selaku Menkeu selanjutnya.
""Nanti tergantung menteri yang baru lah,"" ujar Purbaya saat ditemui awak media usai acara serah terima jabatan Menkeu kepada Suahasil di Kantor Kemenkeu, Jakarta Pusat, Selasa (15/9/2026) kemarin.
Purbaya pun mengaku lega setelah tak lagi menjabat sebagai Menteri Keuangan. Terlebih, beban utang yang harus ia pikirkan begitu besar. Cicilan utang Whoosh sendiri sekitar Rp 1 triliun per tahun untuk tenor hingga 80 tahun setelah melalui proses restrukturisasi dan peralihan pembayaran dari Danantara ke Kemenkeu.
""Kan gue bukan Menteri Keuangannya. Alhamdulillah selamat gue,"" ujarnya.
Ketika ditanya apakah dengan melepaskan beban pikiran itu membuat dirinya kini bisa tidur nyenyak, Purbaya justru bercanda soal usianya.
""Nggak. Umur saya nggak sampe 80 tahun, 10 tahun lagi udah syukur kalau bisa. Jadi kita doa aja, doa terus. Makasih ya,"" ujarnya.
Untuk diketahui, saat masih menjabat sebagai Menkeu, Purbaya menyampaikan bahwa pemerintah telah merestrukturisasi utang proyek kereta cepat Jakarta-Bandung atau Whoosh dengan tenor pembayaran hingga 80 tahun. Skema tersebut membuat cicilan utang diperkirakan sekitar Rp 1 triliun per tahun.
Kala itu pun dirinya juga sempat bergurau bisa lebih dulu meninggal sebelum kewajiban pembayaran cicilan itu rampung diselesaikan.
""Berarti kan total utang besar, tapi di-stretch 80 tahun sudah direstrukturisasi. Cicilannya Rp 1 triliun atau sedikit di bawah Rp 1 triliun dari tahun ke tahun. Ada yang tinggi, ada yang rendah, tapi kalau kita lihat 'oh masih bisa lah'. (Tenor cicilan) 80 tahun saya dengar kemarin, makanya hebat juga tuh. Iya kita sudah mati, santai saja,"" ujar Purbaya disusul tawa di kawasan Sunter, Jakarta Utara, Selasa (8/9).
Purbaya menjelaskan, pengelolaan utang Whoosh akan dialihkan dari Badan Pengelola Investasi (BPI) Daya Anagata Nusantara (Danantara) ke Kementerian Keuangan (Kemenkeu) pada 15 September. Nantinya utang Whoosh akan dibayarkan oleh Special Mission Vehicle (SMV) atau Indonesia Investment Authority (INA).
""Ada kemungkinan, mungkin kita pakai SMV atau INA,"" jelasnya.
Menurutnya, kewajiban utang ini tidak begitu besar sehingga bisa ditangani oleh satu entitas SMV di bawah Kementerian Keuangan. Ia juga memastikan kebutuhan anggaran untuk membayar kewajiban tersebut tersedia.
""Jadi gini, saya cuma lihat bebannya setiap tahun seperti apa sih, saya lihat setiap tahun saya lihat, 'oh kalau segini saja cukup lah ditangani oleh satu SMV'. Satu perusahaan SMV di bawah Departemen Keuangan, atau dua, tapi uangnya cukup lebih,"" pungkasnya.
Simak juga Video 'Nasib Pengalihan Utang Whoosh ke Kemenkeu Usai Suahasil Gantikan Purbaya':
(acd/acd)",finance
165,"Harga minyak mentah dunia terus memanas sepanjang perdagangan Selasa (15/9) kemarin imbas laporan pembatalan ekspor Arab Saudi, setelah serangan drone memaksa penutupan jalur pipa pengiriman minyak utamanya.
Melansir CNBC, Rabu (16/9/2026), harga minyak mentah Brent berjangka yang kerap menjadi patokan global naik 2,9% jadi US$ 108,75 per barel pada sesi perdagangan kemarin. Sementara harga minyak West Texas Intermediate (WTI) melonjak hingga 4,4% menjadi US$ 105.83 per barel.
Secara keseluruhan, harga minyak dunia ini tercatat melonjak lebih dari 20% dalam satu bulan terakhir seiring meningkatnya intensitas pertempuran di kawasan Teluk Persia.
Sementara lonjakan harga selama perdagangan Selasa (14/9) terjadi setelah sumber-sumber pasar mengatakan bahwa Arab Saudi telah memberitahu pelanggan mereka di Eropa mengenai pembatalan sebagian pengiriman minyak mentah untuk bulan September.
Pembatalan pengiriman ini utamanya memang disebabkan oleh penutupan pipa Timur-Barat (East-West pipeline) yang kini menjadi jalur utama pengiriman ekspor minyak Arab Saudi pasca penutupan Selat Hormuz dengan kapasitas angkut hingga 7 juta barel per hari.
""Serangan terhadap infrastruktur minyak menandai eskalasi konflik yang signifikan dan meningkatkan kemungkinan terjadinya skenario kenaikan harga, di mana harga minyak Brent melampaui US$ 120 per barel,"" kata Yulia Zhestkova Grigsby, ahli strategi komoditas senior di Goldman Sachs.
Pihak Arab Saudi menyebut penutupan pipa tersebut sebagai langkah pencegahan. Namun sampai saat ini belum memberikan keterangan terkait nilai kerusakan ataupun perkiraan mengenai berapa lama gangguan operasional itu akan berlangsung.
Meski di sisi lain, Menteri Energi Amerika Serikat (AS) Chris Wright mengatakan bahwa penghentian operasional jalur pipa tersebut diperkirakan hanya sementara dan akan kembali normal dalam beberapa hari.
""Ini akan menjadi gangguan singkat dan sementara,"" kata Wright kepada CNBC.
Di luar gangguan ekspor minyak Saudi, peningkatan harga komoditas energi yang satu ini turut didorong oleh penutupan operasi perusahaan minyak nasional Libya di dua ladang minyak dan sebuah stasiun pompa di tengah aksi protes.
Di sisi lain, milisi Houthi yang didukung Iran di Yaman melancarkan terus serangan baru terhadap Arab Saudi pekan ini. Menurut juru bicara koalisi militer pimpinan Arab Saudi di Yaman, milisi tersebut meluncurkan drone dan rudal balistik ke arah kota Khamis Mushait, Abha, dan Taif.
Kemudian situasi keamanan di Selat Hormuz juga masih tidak stabil. Setidaknya dua kapal tanker telah diserang sejak hari Sabtu (12/9), berdasarkan laporan insiden dari Pusat Operasi Perdagangan Maritim Inggris (UKMTO).
Simak juga Video 'Wapres AS: Harga Minyak Tinggi karena Iran Tembaki Kapal di Selat Hormuz':
(acd/acd)",finance
166,"Posisi Menteri Keuangan baru saja dirombak Presiden Prabowo Subianto. Suahasil Nazara menggantikan posisi Purbaya Yudhi Sadewa sebagai Bendahara Negara.
Ketua Umum Asosiasi Pengusaha Indonesia (Apindo) Shinta Kamdani mengatakan, pihaknya akan menerima perubahan yang terjadi karena ini merupakan bagian dari kewenangan dan hak prerogatif Presiden Prabowo Subianto dalam memastikan efektivitas pemerintahan.
Dia mengatakan yang paling penting dari pergantian Menteri Keuangan jangan sampai transisi kepemimpinan mengganggu pengelolaan fiskal hingga kepercayaan pelaku usaha dan investor.
""Yang paling penting bagi kami adalah agar proses transisi kepemimpinan ini dapat berjalan dengan baik serta tetap menjaga kredibilitas pengelolaan fiskal, kepastian arah kebijakan, dan kepercayaan pelaku usaha maupun investor terhadap perekonomian Indonesia,"" ujar Shinta saat dihubungi detikcom, Selasa (15/9/2026).
Sosok Suahasil Nazara, dinilai Shinta bukan merupakan figur yang baru hadir dalam pengelolaan kebijakan fiskal nasional. Pengalamannya yang panjang di Kementerian Keuangan, baik sebagai Wakil Menteri Keuangan maupun sebelumnya di Badan Kebijakan Fiskal, memberikan kontinuitas dan pemahaman institusional yang penting.
""Dalam situasi ekonomi yang penuh ketidakpastian seperti sekarang, kontinuitas tersebut kami harapkan dapat membantu menjaga agar transisi kepemimpinan tidak menimbulkan perubahan arah kebijakan yang terlalu mendadak,"" ujar Shinta.
Ke depan, dunia usaha berharap Kementerian Keuangan tetap mampu menjaga keseimbangan antara kesehatan dan kredibilitas fiskal dengan kebutuhan untuk mendukung pertumbuhan ekonomi.
""APBN perlu tetap dikelola secara prudent dan berkelanjutan, tetapi pada saat yang sama juga harus efektif sebagai instrumen untuk menjaga daya beli, mendorong investasi, meningkatkan produktivitas, dan memperkuat sektor riil,"" sebut Shinta.
Bagi pelaku usaha, prediktabilitas juga menjadi sangat penting, terutama terkait kebijakan perpajakan, kepabeanan, insentif investasi, belanja pemerintah, serta berbagai kebijakan fiskal yang berdampak langsung terhadap biaya dan keputusan bisnis.
Pihaknya berharap setiap perubahan kebijakan dilakukan secara terukur, dengan komunikasi yang baik dan ruang dialog yang memadai dengan dunia usaha, sehingga perusahaan memiliki kepastian dalam melakukan perencanaan investasi dan ekspansi.
Tantangan Menteri Keuangan ke depan tentu tidak ringan karena pemerintah perlu membiayai berbagai prioritas pembangunan sekaligus menjaga ruang fiskal dan kredibilitas APBN di tengah ketidakpastian global. Oleh karena itu, kualitas belanja, efektivitas penerimaan negara, disiplin fiskal, serta kemampuan menjaga kepercayaan pasar menjadi sama pentingnya.
""Dunia usaha juga berharap kebijakan penerimaan tidak semata-mata berorientasi pada peningkatan penerimaan dalam jangka pendek, tetapi tetap mempertimbangkan daya saing dan kemampuan sektor produktif untuk tumbuh,"" kata Shinta.
Teruskan Satgas Debottlenecking
Shinta juga meminta agar Suahasil meneruskan salah satu program Purbaya. Program yang dimaksudkan adalah Satuan Tugas Percepatan Program Strategis Pemerintah (Satgas P2SP). Dia menilai program tersebut dapat berlanjut karena sejauh ini Kemenkeu sudah ditunjuk memimpin Satgas tersebut.
""Ya kami harapkan program tersebut akan terus berlanjut. Karena kemenkeu sebagai institusi telah ditunjuk untuk memimpin satgas debottlenecking pemerintah,"" ujar Shinta.
Sejak 16 Desember 2025, Kanal Debottlenecking Satgas P2SP diluncurkan pemerintah, Purbaya kala itu memimpin langsung Satgas tersebut. Kanal ini dirancang untuk menjadi saluran resmi bagi pelaku usaha dalam menyampaikan kendala yang dihadapi, sekaligus memastikan tindak lanjut cepat dari Pemerintah dan Kementerian/Lembaga (K/L) terkait.
Penyelesaian masalah dan kendala yang diadukan pengusaha dilakukan Purbaya dalam bentuk sidang terbuka. Perwakilan pengusaha diundang dalam sidang dan beberapa perwakilan kementerian lain yang dinilai menghambat pengusaha juga dihadirkan.
Sidang perdana yang dilakukan Purbaya untuk Satgas Debottlenecking adalah pada 23 Desember 2025. Selama Purbaya menjabat ada sekitar belasan sidang yang dilakukan untuk menyelesaikan masalah para pengusaha.
Beberapa kasus besar juga pernah disidangkan, salah satunya adalah mangkraknya proyek Gas Abadi Masela yang mandek hampir 20 tahun lamanya. Sidang dilakukan pada Februari 2026 lalu, dan ada groundbreaking proyek pada Juli 2026.
Simak juga Video 'Blak-blakan Purbaya soal Alasan Dicopot':
(hal/ara)",finance
167,"Purbaya Yudhi Sadewa mengaku sudah memperkirakan pemecatan dirinya sebagai Menteri Keuangan akan tiba. Ia menyebut kans atau peluang dirinya terkena reshuffle adalah 50:50.
Namun, ia menegaskan dirinya baru mengetahui benar-benar diberhentikan dari kursi Bendahara Negara saat menerima panggilan telepon dari di tengah rapat bersama DPD RI Senin (14/9) siang.
""Ya kita sudah hitung-hitung (kena reshuffle), kira-kira 50-50 lah. Tapi baru tahunya waktu itu,"" ujar Purbaya kepada wartawan usai serah terima jabatan
Purbaya mengatakan perkiraan dirinya terkena reshuffle dan keluar dari anggota kabinet bukan didasarkan pada perasaan semata. Namun ada perhitungan tertentu yang membuatnya melihat kemungkinan tersebut
""Itu feeling-nya nggak ada, cuman ada hitungan saya, ada sesuatu yang mungkin 50-50 kansnya,"" katanya.
Saat ditanya mengenai dasar hitungan itu muncul, Purbaya enggan menjelaskan lebih jauh. Ia hanya menyebut keputusan untuk reshuffle jajaran Meneteri merupakan hak prerogatif Presiden Prabowo Subianto.
""Nggak tahu, mesti nanya Pak Presiden itu. Tapi kan bisa lihat dari omongannya, oh 50-50, ya sudah,"" ujarnya.
Lebih lanjut, Purbaya mengatakan ingin memancing di belakang rumahnya setelah tak menjabat sebagai Bendahara Negara. Hal ini disampaikannya setiap kali ditanya terkait rencananya ke depan.
""Habis ini mau pulang, mancing di belakang rumah,"" ujarnya.
Purbaya mengatakan di halaman belakang rumahnya ada kolam berisikan banyak ikan. Dengan nada sedikit bergurau, sembari memancing ia akan merenung kenapa dirinya bisa 'dipecat' oleh Presiden Prabowo Subianto sebagai Menkeu.
""Gue punya kolam di belakang, ya bisa mancing belakang rumah sambil ngelamun 'kenapa dipecat?', gitu"" ujarnya sembari tertawa
Saat ditanya apakah dirinya akan menduduki posisi di Kementerian/Lembaga lain atau malah disiapkan posisi sebagai Menteri di bidang lain, Purbaya dengan tegas mengatakan tidak.
""Nggak lah. Baru dipecat, masa jadi menteri lagi. Gimana lo?"" ucapnya sembari menegaskan bahwa dirinya sudah tidak berminat sama sekali untuk jadi pejabat negara.
Simak juga Video 'Blak-blakan Purbaya soal Alasan Dicopot':
(igo/fdl)",finance
168,"Menteri Pertanian (Mentan) Andi Amran Sulaiman membongkar peredaran beras fortifikasi yang diduga tidak sesuai dengan klaim pada kemasan. Potensi kerugian yang ditimbulkan dari praktik tersebut diperkirakan mencapai puluhan triliun rupiah.
Dalam paparannya, Amran turut menunjukkan sejumlah merek beras fortifikasi yang masuk dalam pemeriksaan. Berdasarkan pantauan detikcom, beberapa nama yang ditampilkan antara lain Sumo, Rojolele, hingga Idola.
Hasil pemeriksaan menunjukkan 25 dari total 27 merek beras fortifikasi dinyatakan tidak memenuhi syarat, sedangkan dua merek lainnya memenuhi ketentuan. Ketidaksesuaian tersebut berkaitan dengan kandungan gizi pada beras yang ditemukan tidak sesuai dengan klaim produsen.
Amran juga menyoroti harga beras fortifikasi yang mencapai Rp 57.000 per kilogram (kg). Padahal, berdasarkan perhitungannya, harga beras tersebut seharusnya sekitar Rp 13.000/kg, sementara tambahan biaya untuk proses fortifikasi diperkirakan hanya Rp 1.000.
""Beras fortifikasi dijual tertinggi Rp 57.000. Mana bisa orang miskin membeli harga Rp 57.000? Padahal begitu dicek, seharusnya harganya Rp 13.000. Karena vitamin tadi yang disyaratkan di labelnya itu tidak sesuai. Ini diduga ya, penipuan selisih Rp 44.000 per kilo, yang tertinggi ya,"" kata Amran dalam konferensi pers di kantor Kementan, Jakarta Selatan, Selasa (15/9/2026).
| Menteri Pertanian Amran Sulaiman ungkap beras fortifikasi diduga penipuan Foto: Ilyas Fadilah | 
Amran menilai kondisi tersebut membuat beras fortifikasi tidak lagi tepat sasaran. Ia pun menaksir nilai dugaan praktik penipuan terkait beras fortifikasi mencapai Rp 89 triliun.
""Ini sudah tidak tepat sasaran. Kemudian saat ini juga ada praktek penipuan terhadap beras fortifikasi, nilainya ini estimasi ya, Rp 89 triliun. Sesuai data BPS, 39% beras yang beredar premium dan fortifikasi. Sekarang premium hilang, menjelma menjadi fortifikasi,"" tuturnya.
Rata-rata harga jual dari beras tersebut adalah Rp 23.385 per kilogram, sementara harga wajarnya adalah Rp 13.689. Artinya rata-rata selisih diduga penipuan mencapai Rp 9.695 per kilogram.
Dalam paparannya, Amran mencantumkan 25 merek beras fortifikasi diduga melakukan penipuan. Berikut daftar lengkapnya:
1. Idola Fortifikasi
2. Idola High Quality Whole Grain Rice
3. Idola Long Grain Rice
4. Ikan Mas Cupang
5. AAA Wijaya Kusuma
6. Cantik Manis
7. Penari Bangkok
8. Topi Koki Short Grain
9. Topi Koki Setra Royale
10. Topi Koki Long Grain Crystal
11. HOK-1 Gohan
12. Maknyuss Pulen Gizi
13. Anak Raja Fortifikasi
14. Anak Raja Nusantara
15. Top Anak Raja
16. PMS Induk Ayam
17. Sumo
18. Rasvit
19. FS Nutri Rice
20. Pelikan
21. Rice Rojolele
22. Super Kepala Beras Premium 111
23. 111 Golden Number
24. Putri Koki
25. Wellfarm Beras Diabet
Simak Video 'Mentan Ungkap 25 Merek Beras Fortifikasi Diduga Abal-abal':
(acd/acd)",finance
169,"Purbaya Yudhi Sadewa mengakui perombakan pejabat Kementerian Keuangan yang dilakukan beberapa waktu lalu menjadi salah satu penyebab pemecatannya sebagai Menteri Keuangan. Hal ini disampaikan Purbaya usai serah terima jabatan (sertijab) dengan Menteri Keuangan (Menkeu) yang baru, Suahasil Nazara.
""Sebagian ada (karena perombakan pejabat). (Karena itu ya, Pak?) Sebagian iya,"" ujar Purbaya usai sertijab di Kementerian Keuangan, Jakarta, Selasa (15/9/2026).
Purbaya menyebut reshuffle kabinet merupakan hak prerogatif Presiden Prabowo Subianto. Saat ditanya apakah ada berkaitan dengan kebijakan-kebijakan yang diambilnya selama memimpin, Purbaya menyebut kebijakan tersebut berkaitan dengan kebijakan Presiden Prabowo Subianto.
""Itu kan hak prerogatif presiden, kita ikuti saja. Kebijakan kita yang ikutin semua kebijakan Presiden, aman lah itu,"" tambah Purbaya.
Kendati begitu, ia telah memperkirakan pemecatan dirinya akan tiba. Namun, ia baru mengetahui saat Menteri Sekretaris Negara (Mensesneg) Prasetyo Hadi menghubunginya.
""Ya kita udah hitung-hitung, kira-kira fifty-fifty lah, tapi baru tahunya waktu itu,"" jelasnya.
Purbaya juga membantah pemecatannya ini berkaitan dengan dividen Danantara. ""Nggak ada,"" tegasnya.
Simak video 'Blak-blakan Purbaya soal Alasan Dicopot':
(acd/acd)",finance
170,"PT Freeport Indonesia (PTFI) memproyeksikan setoran ke negara tahun ini bisa mencapai US$ 2,6 miliar atau sekitar Rp 40 triliun. Setoran tersebut berasal dari pembayaran pajak, dividen, Penerimaan Negara Bukan Pajak (PNBP), serta pungutan lainnya.
Presiden Direktur PTFI Tony Wenas mengatakan proyeksi tersebut menggunakan asumsi harga tembaga sebesar US$ 4,75 per pound dan emas US$ 4.000 per ounce. Sementara harga tembaga saat ini disebut berada di kisaran US$ 6,5 per pound dan emas sekitar US$ 4.500 per ounce.
""Tadi saya perlihatkan bahwa untuk proyeksi tahun 2026 ini, itu rencana penerimaan negara adalah US$ 2,6 miliar, atau sekitar Rp 40-an triliun, dan ini terdiri dari pajak, dividen dan juga PNBP lainnya. Ini adalah dengan asumsi harga tembaga US$ 4,75 per pound, dan emas US$ 4 ribu per ounce,"" kata Tony dalam rapat dengan Komisi XII DPR, di Gedung DPR Jakarta, Selasa (15/9/2026).
Penerimaan negara dari Freeport diproyeksikan meningkat signifikan menjadi US$ 4,6 miliar pada 2027. Kenaikan tersebut sejalan dengan peningkatan produksi perusahaan seiring pemulihan aktivitas pertambangan Grasberg Block Cave (GBC).
Produksi emas Freeport diproyeksikan meningkat dari sekitar 700 ribu ounces atau 21 ton pada 2026 menjadi 1 juta ounces atau sekitar 31 ton pada 2027. Sementara produksi tembaga diperkirakan naik dari 800 juta pound menjadi 1,3 miliar pound pada periode yang sama.
""Kalau kita lihat kemudian dibandingkan dengan rencana di tahun 2027, terjadi kenaikan signifikan penerimaan negara menjadi US$ 4,6 miliar. Ini akan sejalan dengan peningkatan produksi yang saya jelaskan di slide sebelumnya,"" jelas Tony.
Penerimaan negara dari kegiatan Freeport diperkirakan kembali melonjak mulai 2028. Tony memperkirakan nilainya dapat mencapai US$ 8 miliar atau lebih dari Rp 120 triliun per tahun pada 2028, 2029, dan tahun-tahun berikutnya.
""Dan di tahun 2028 dan tahun 2029, dan seterusnya diperkirakan akan bisa mencapai US$ 8 miliar atau sekitar Rp 120 triliun lebih per tahunnya penerimaan negara dalam bentuk pajak, PNBP, dividen, dan pungutan-pungutan lainnya,"" tutur Tony.
(ily/hns)",finance
171,"PT Pertamina (Persero) memperkuat strategi ketahanan energi nasional melalui pengelolaan portofolio LNG yang semakin fleksibel dan terintegrasi, dengan mengombinasikan sumber pasokan domestik dan global serta didukung infrastruktur LNG dan gas di berbagai wilayah Indonesia.
Strategi tersebut menjadi salah satu fokus yang dibawa Pertamina dalam Gastech 2026 di Bangkok, Thailand. Kehadiran Pertamina dalam forum energi global ini menjadi bagian dari upaya memperluas konektivitas dengan pelaku industri energi dunia, sekaligus memperkuat peluang pengembangan portofolio dan bisnis LNG di tengah perubahan lanskap energi global.
Volatilitas pasar, dinamika geopolitik, serta pertumbuhan kebutuhan energi membuat ketahanan energi tidak lagi hanya ditentukan oleh besarnya volume pasokan, tetapi juga kemampuan untuk memperoleh sumber energi yang tepat, pada waktu dan lokasi yang tepat, dengan biaya yang kompetitif.
VP Corporate Communication PT Pertamina (Persero), Muhammad Baron mengatakan, diversifikasi sumber dan fleksibilitas portofolio menjadi bagian penting dalam menjaga ketahanan energi di tengah dinamika pasar global.
""Bagi Pertamina, ketahanan energi bukan hanya mengenai seberapa besar pasokan yang tersedia, tetapi juga kemampuan untuk mendapatkan energi dari sumber yang tepat, pada waktu yang tepat, dengan biaya yang kompetitif. Karena itu, diversifikasi sumber dan fleksibilitas portofolio LNG menjadi penting untuk memperkuat ketahanan energi Indonesia,"" ujar Baron dalam keterangan tertulis, Selasa (15/9/2026).
Untuk meningkatkan fleksibilitas tersebut, Pertamina mengembangkan portofolio LNG dari berbagai sumber. Selain mengoptimalkan pasokan domestik, Pertamina memiliki portofolio internasional, antara lain dari Australia dan Amerika Serikat. Diversifikasi ini memberikan ruang bagi Pertamina untuk menyesuaikan sumber pasokan dan pola pengiriman sesuai kebutuhan, kondisi pasar, serta pertimbangan keekonomian.
Fleksibilitas pasokan tersebut diperkuat dengan infrastruktur LNG dan gas Pertamina Group, antara lain Perta Arun Gas, Nusantara Regas, fasilitas penerimaan LNG Jawa-1, serta jaringan pipa gas PGN yang tersebar di berbagai wilayah Indonesia.
Integrasi antara sumber pasokan, infrastruktur penerimaan dan penyimpanan, regasifikasi, jaringan pipa, serta distribusi menjadi fondasi untuk membangun rantai pasok LNG yang lebih adaptif. Dengan ekosistem tersebut, LNG dapat dikelola sesuai kebutuhan, mulai dari penerimaan dan penyimpanan hingga regasifikasi dan distribusi ke berbagai wilayah.
""Pertamina memiliki portofolio LNG dan infrastruktur gas yang saling melengkapi. Integrasi dari sumber pasokan, fasilitas penerimaan dan penyimpanan, regasifikasi hingga jaringan distribusi memberikan fleksibilitas bagi Pertamina untuk menyesuaikan pasokan dengan kebutuhan energi di berbagai wilayah,"" jelas Baron.
Salah satu infrastruktur yang memiliki posisi strategis adalah Perta Arun Gas di Aceh. Berada di Selat Malaka yang menjadi salah satu jalur perdagangan energi utama dunia, Arun memiliki peluang untuk berkembang sebagai hub LNG regional yang menghubungkan pasokan internasional dengan kebutuhan Indonesia maupun pasar di Asia Tenggara.
Posisi tersebut memberikan berbagai opsi pengelolaan LNG, mulai dari menerima dan menyimpan LNG hingga reload, transhipment, regasifikasi dan distribusi. Fleksibilitas ini memungkinkan pengelolaan LNG disesuaikan dengan kebutuhan pasar dan pertimbangan keekonomian.
Penguatan portofolio dan infrastruktur menjadi semakin relevan seiring perubahan lanskap LNG Indonesia. Di tengah pertumbuhan kebutuhan energi dan industri, Indonesia yang selama ini dikenal sebagai salah satu produsen dan eksportir LNG juga menghadapi potensi peningkatan kebutuhan LNG domestik pada masa mendatang.
Perubahan tersebut menjadi tantangan sekaligus peluang. Dengan menghubungkan pasokan global, produksi LNG domestik, infrastruktur nasional dan kebutuhan regional, Pertamina dapat mengoptimalkan portofolio LNG sekaligus memperkuat posisi Indonesia dalam rantai pasok LNG.
Menurut Baron, strategi LNG Pertamina ke depan tidak hanya berorientasi pada pemenuhan volume, tetapi juga pada kemampuan mengelola dan mengoptimalkan pasokan secara fleksibel untuk memberikan nilai yang lebih besar.
""Ke depan, yang menjadi pembeda bukan hanya kemampuan memperoleh LNG, tetapi kemampuan mengelola, mengoptimalkan dan menyalurkannya ke tempat yang memberikan manfaat terbesar. Pertamina ingin menghubungkan pasokan LNG global dengan ketahanan energi Indonesia sekaligus menangkap peluang pertumbuhan,"" tutup Baron.
(akd/ega)",finance
172,"PT Bukit Asam Tbk (PTBA) mengungkap besarnya beban pemenuhan Domestic Market Obligation (DMO) batu bara yang harus ditanggung perusahaan. DMO merupakan kewajiban perusahaan mengalokasikan sebagian produksinya guna memenuhi kebutuhan dalam negeri.
PTBA mencatat potensi laba yang hilang akibat pemenuhan DMO di atas kewajiban mencapai sekitar Rp 14,5 triliun sepanjang 2018-2025. Menurut Direktur Utama PTBA Bambang Ismawan, realisasi DMO PTBA selalu berada di atas ketentuan pemerintah.
""Sebagai gambaran dari tahun 2021 sampai 2025 selalu dua kali lipat lebih dari 25% yang diharuskan. Kita pernah mencoba berapa penurunan profit karena kita melebihi 25% DMO itu dari tahun 2018 sampai 2025 sekitar Rp 14,5 triliun, itu yang penurunan profit karena kita memenuhi melebihi DMO yang seharusnya,"" kata Bambang dalam rapat dengan Komisi XII DPR RI di Kompleks Parlemen Jakarta, Selasa (15/9/2026).
Pada 2025, Bambang menyebut porsi DMO PTBA bahkan mencapai lebih dari 54%. Besarnya porsi tersebut membuat perusahaan harus mengalokasikan lebih dari separuh penjualan batu baranya untuk memenuhi kebutuhan pasar domestik.
Bambang mengatakan persoalan DMO menjadi perhatian PTBA setiap tahunnya. Sebab, menurutnya, masih terdapat perusahaan batu bara lain yang cenderung kurang mematuhi kewajiban DMO sehingga PTBA menjadi tumpuan pemenuhan kebutuhan dalam negeri.
""Hari ini yang menjadi isu adalah masalah DMO. DMO ini selalu setiap tahun menjadi persoalan karena dari sisi kami melihatnya perusahaan-perusahaan batubara lain dari perusahaan itu cenderung kurang mematuhi DMO. Sehingga selalu yang menjadi tumpuan adalah PT Bukit Asam,"" ujarnya.
Karena itu, PTBA meminta agar pemenuhan kebutuhan batu bara dalam negeri dibebankan secara lebih merata kepada perusahaan-perusahaan batu bara. Bambang berharap tanggung jawab dipikul bersama-sama oleh perusahaan batu bara.
Sementara itu, sepanjang semester I 2026, porsi penjualan batu bara PTBA ke pasar domestik mencapai 51%. Batu bara tersebut diserap sejumlah sektor, antara lain PLN, industri pupuk dan semen, sementara 49% sisanya diekspor ke sejumlah negara seperti Vietnam, Bangladesh, Kamboja dan India.
Dari sisi kinerja, produksi PTBA pada semester I 2026 mengalami penurunan akibat tingginya intensitas hujan sepanjang Januari hingga Maret. Kondisi cuaca turut mengganggu aktivitas angkutan dan penjualan batu bara perusahaan.
Meski demikian, laba bersih PTBA pada semester I 2026 tercatat meningkat sekitar 218% dibandingkan periode yang sama tahun sebelumnya. Laba bersih naik dari Rp 830 miliar menjadi Rp 2,65 triliun.
""Tetapi secara keseluruhan laba bersih mengalami kenaikan yang cukup signifikan yaitu sekitar 218% dari tahun lalu Rp 0,83 triliun, untuk semester I tahun ini sudah mencapai Rp 2,65 triliun,"" tutup Bambang.
Simak juga Video 'Polisi Periksa 15 Saksi Terkait 3 Kasus Dugaan Korupsi':
(ily/hns)",finance
173,"Kementerian Perhubungan (Kemenhub) telah menerbitkan dan menyiarkan Notice to Mariners (NTM) kepada kapal-kapal yang berlayar di sekitar wilayah operasi pencarian korban KMP Virgo Transport 8 di Laut Jawa.
Melalui pemberitahuan tersebut, kapal yang berada atau melintas di sekitar lokasi diminta meningkatkan kewaspadaan dan turut membantu melakukan penyisiran.
Apabila menemukan korban atau informasi terkait, kapal diminta segera melaporkannya kepada KSOP, Vessel Traffic Service (VTS), Stasiun Radio Pantai (SROP), atau pihak terkait lainnya.
Direktur Jenderal Perhubungan Laut Muhammad Masyhud mengatakan seluruh dukungan tersebut dilakukan untuk memperkuat koordinasi dan membantu proses pencarian korban yang hingga saat ini masih berlangsung.
""Kami terus berkoordinasi dengan seluruh unsur terkait dan mengoptimalkan dukungan yang dimiliki Ditjen Perhubungan Laut untuk membantu proses pencarian. Keselamatan seluruh unsur yang terlibat tetap menjadi perhatian utama dalam pelaksanaan operasi,"" ujar Masyhud dalam keterangan tertulis, Selasa (15/9/2026).
Selain itu, Ditjen Perhubungan Laut terus melakukan pemantauan dan komunikasi melalui VTS dan SROP. Kapal Negara Kenavigasian KN Kunyit juga dikerahkan sebagai relay komunikasi radio antara kapal-kapal di lokasi operasi dengan SROP, mengingat jarak lokasi menyebabkan sebagian kapal tidak dapat melakukan transmisi radio secara langsung.
""Dukungan komunikasi dan pemantauan terus kami optimalkan agar koordinasi dan pertukaran informasi antara kapal-kapal di lokasi dengan petugas di darat dapat berjalan dengan baik selama proses pencarian berlangsung,"" jelas Masyhud.
Hingga saat ini, sebanyak 114 orang dari total 243 orang telah ditemukan. Dari jumlah tersebut, 108 orang ditemukan dalam kondisi selamat dan 6 orang meninggal dunia, sementara 129 orang lainnya masih dalam proses pencarian.
Dari 114 orang yang telah ditemukan, sebanyak 86 orang telah tiba di Pelabuhan Trisakti Banjarmasin, terdiri atas 85 orang selamat dan 1 orang meninggal dunia. Sebanyak 22 korban selamat yang sebelumnya berada di KM Cahaya Bahari telah dievakuasi menggunakan KRI Nala-363 dan tiba di Pelabuhan Trisakti Banjarmasin.
Dalam penanganan korban dan keluarga usai kejadian, Kemenhub turut mendampingi PT Jasa Raharja dalam penyerahan santunan kepada ahli waris korban meninggal dunia dalam insiden KMP Virgo Transport 8 yang mengalami kecelakaan saat berlayar pada rute Surabaya-Banjarmasin.
Masyhud menegaskan pihaknya akan terus memantau perkembangan penanganan insiden KMP Virgo Transport 8 serta menyesuaikan dukungan dengan kebutuhan di lapangan, baik dalam mendukung proses pencarian maupun penanganan korban dan keluarga.
""Fokus kami saat ini adalah mendukung upaya pencarian terhadap korban yang masih belum ditemukan sekaligus memastikan penanganan terhadap korban dan keluarga dapat berjalan dengan baik. Kementerian Perhubungan akan terus berkoordinasi dengan seluruh pihak terkait,"" tutup Masyhud.
Simak juga video 'Nakhoda KM Virgo Selamat, Kini Sedang Diperiksa':
(hal/hns)",finance
174,"PT Freeport Indonesia (PTFI) memproyeksikan produksi emas naik pada 2027 seiring pemulihan aktivitas pertambangan Grasberg Block Cave (GBC). Produksi emas diperkirakan meningkat dari sekitar 21 ton pada 2026 menjadi 31 ton pada 2027.
Direktur Utama PTFI Tony Wenas mengatakan 2026 ini Freeport memproduksi 800 juta pound tembaga dan 700 ribu ounces emas yang setara 21 ton. Sementara tahun 2027 produksinya akan naik menjadi 1,3 miliar pound tembaga dan 1 juta ounces emas yang setara 31 ton.
""Kalau di grafik yang bawahnya, itu kita bisa melihat produksi emas yang akan meningkat tajam di tahun 2027. Ini sejalan dengan Grasberg Block Caving Production Block 1 yang sudah akan mulai beroperasi di tahun 2027,"" kata Tony dalam rapat dengan Komisi XII DPR, di Gedungn DPR Jakarta, Selasa (15/9/2026).
Pada 2028 dan tahun-tahun berikutnya, produksi emas Freeport diproyeksikan mencapai 1,3 juta ounces atau sekitar 39-40 ton. Sementara produksi tembaga diperkirakan mencapai 1,6 miliar pound.
Peningkatan tersebut menjadi bagian dari proses pemulihan produksi Freeport setelah insiden longsoran material basah pada September 2025. Insiden tersebut membuat tingkat produksi tambang perusahaan pada 2026 masih berada di bawah kapasitas normal.
""Di tahun 2028 dan seterusnya, itu tembaga akan bisa mencapai 1,6 miliar pound dan juga untuk emasnya bisa 1,3 juta ounces atau sekitar 39 sampai 40 ton dan begitu pun seterusnya. Kenaikan tingkat produksi ini sejalan dengan pemulihan GBC yang terkena longsor di tahun yang lalu,"" jelas Tony.
Tahun ini PTFI memproyeksikan penambangan sekitar 124 ribu ton bijih per hari. Angka tersebut baru sekitar 65% dari kapasitas normal perusahaan yang berada di kisaran 200 ribu ton bijih per hari.
Pada 2027, volume penambangan ditargetkan meningkat menjadi sekitar 170 ribu ton bijih per hari. Produksi kemudian diproyeksikan mendekati kapasitas penuh pada 2028 dengan mencapai sekitar 208 ribu ton bijih per hari.
Pemulihan produksi juga berdampak terhadap operasional smelter Manyar Freeport di Gresik. Smelter tersebut sempat berhenti beroperasi setelah longsor karena pasokan konsentrat yang tersedia hanya mencukupi kebutuhan PT Smelting.
""Baru di bulan Agustus yang lalu, feeding-nya ke smelter baru Freeport Indonesia itu mulai, dan mulai bisa diproduksi di bulan September ini dengan sekitar 5 ribu ton katoda tembaga. Dan kalau kita lihat di bulan Oktober, yang 35 ribu ton itu adalah produksi katodat tembaga dari smelter yang baru,"" jelas Tony.
Simak juga Video 'Bahlil Bicara Peluang RI Tambah Saham Lebih dari 10% di Freeport':
(ily/hns)",finance
175,"Pemerintah optimistis penunjukan Suahasil Nazara sebagai Menteri Keuangan akan mampu menjaga momentum pertumbuhan ekonomi Indonesia. Hal ini diungkapkan oleh Kepala Badan Komunikasi Pemerintah (Bakom) RI Muhammad Qodari.
Qodari menilai Suahasil memiliki bekal ilmu dan pengalaman yang mumpuni untuk menjalankan tugas tersebut. Menurutnya, kemampuan menjaga pertumbuhan sekaligus stabilitas ekonomi menjadi salah satu kelebihan Suahasil.
""Kami sangat yakin bahwa Pak Suahasil akan sangat berhasil menjalankan tugas sebagai Menkeu,"" ujar Qodari dalam keterangannya, Selasa (15/9/2026).
Qodari menyebut ada dua kelebihan Suahasil yang membuatnya yakin bisa menjaga fiskal tetap sehat. Pertama, Suahasil memiliki latar belakang akademik yang kuat karena merupakan Guru Besar bidang Ilmu Ekonomi di Universitas Indonesia (UI).
Kedua, Suahasil telah memahami cara kerja Kementerian Keuangan karena sebelumnya menjabat sebagai Wakil Menteri Keuangan.
""Beliau sudah sangat mengenal seluk-beluk di Kementerian Keuangan karena sekitar 6-7 tahun jadi Wamenkeu dan sebelumnya beliau pernah jadi Kepala Badan Kebijakan Fiskal di sini,"" kata Qodari.
Dengan pengalaman tersebut, Qodari meyakini Suahasil memiliki kompetensi untuk mengelola kebijakan fiskal di tengah dinamika perekonomian saat ini. Ia berpendapat Suahasil mampu membangun pertumbuhan ekonomi tanpa mengabaikan upaya menjaga stabilitas.
""Itu adalah salah satu kelebihan Pak Suahasil, terutama dalam situasi seperti sekarang ini, tentunya APBN merupakan salah satu instrumen penting untuk menggerakkan ekonomi sekaligus jaga stabilitas ekonomi Indonesia,"" jelas Qodari.
Qodari melihat Indonesia memiliki potensi ekonomi yang besar untuk terus dikembangkan. Dia mengatakan potensi tersebut sejalan dengan arah pemerintahan Presiden RI Prabowo Subianto yang mengedepankan amanat Pasal 33 UUD 1945 terkait pengelolaan sumber daya alam untuk sebesar-besarnya kemakmuran rakyat.
""Implementasinya insyaallah bisa diwujudkan dengan semaksimal mungkin oleh Bapak Suahasil Nazara. Sekali lagi ini akan menjadi suatu manfaat yang nyata bagi masyarakat Indonesia, mampu mengurangi kesenjangan sekaligus meningkatkan kesejahteraan bagi masyarakat Indonesia seluas-luasnya dan kehidupan masyarakat Indonesia akan lebih baik ke depan,"" tutup Qodari.
Simak juga Video 'Purbaya Resmi Serahkan Jabatan Menkeu ke Suahasil':
(hal/ara)",finance
176,"Direktur Utama PT Adhi Karya (Persero) Tbk (ADHI) Moeharmein Zein Chaniago buka-bukaan penyebab sebagian proyek LRT City yang digarap PT Adhi Commuter Properti Tbk (ADCP), bermasalah.
Berdasarkan pemetaan Adhi Karya, dari sekitar 5.400 unit yang telah terjual, sebanyak 3.000 unit telah diserahterimakan kepada konsumen. Sementara sekitar 2.400 unit di sejumlah proyek LRT City yang hingga kini belum diterima oleh pembeli.
Kondisi ini terungkap dalam rapat Direksi PT Adhi Karya (Persero) Tbk bersama Kepala BP BUMN sekaligus COO Danantara Dony Oskaria kemarin, Senin (14/9/2026).
Moeharmein mengungkap terlambatnya penyelesaian proyek apartemen LRT City terjadi karena ADCP gagal mencapai target penjualan sehingga menimbulkan masalah arus kas perusahaan.
""Market yang turun, jadi penjualan kita, penjualan ADCP tidak sesuai dengan ekspektasinya. Kita tahu ada krisis ekonomi 2018, dihantam lagi COVID 19, itu membuat market tidak seimbang, sehingga dia (ADCP) kesulitan cashflow,"" ujarnya saat ditemui di Kantor BP BUMN, Selasa (15/9/2026).
Dalam kesempatan tersebut juga, ADHI meminta maaf atas permasalahan yang ditimbulkan oleh anak usahanya. Dirinya berkomitmen akan mengawal persoalan ini hingga selesai.
""Jadi sekali lagi seperti halnya tadi kami juga minta maaf ini. Saya sebagai holding ya, sebagai Dirut daripada perusahaan induknya juga diminta dan ini kan sudah menjadi kewajiban kami untuk betul-betul concern untuk mengawal proyek ini untuk diselesaikan sesuai dengan timeline tadi yang sudah ditentukan,"" katanya.
Moeharmein menegaskan akan menyelesaikan proyek tersebut dengan kualitas terbaik supaya konsumen tidak terzolimi. Hal ini sesuai dengan arahan BP BUMN dan Danantara sebagai pemegang saham.
""Yang jelas proyek ini diminta oleh tadi pemegang saham untuk diselesaikan dengan kualitas yang terbaik supaya tidak ada lagi konsumen atau korban yang dizolimi. Itu yang diperintah sangat jelas dan tegas tadi dari Kepala Danatara,"" ungkapnya.
Sebagai informasi, Kepala BP BUMN sekaligus COO Danantara Dony Oskaria sudah meminta PT Adhi Karya (Persero) Tbk menyelesaikan kewajiban serah terima sekitar 2.400 unit di sejumlah proyek LRT City yang hingga kini belum diterima oleh pembeli.
Dony menegaskan penyelesaian persoalan tersebut tidak boleh menimbulkan kerugian bagi konsumen, khususnya masyarakat yang membeli rumah untuk pertama kalinya.
""Tidak boleh merugikan konsumen. Itu dasar daripada penyelesaian kita bahwa tidak boleh merugikan konsumen. Karena konsumennya tidak salah, apalagi kalau orang-orang yang itu membeli rumah, rumah pertamanya. Karena ini adalah kesalahan daripada pihak kita secara internal,"" ujar Dony dalam keterangan tertulis, Selasa (15/9/2026).
Simak juga Video 'Siap Diresmikan Bulan Ini, LRT Kelapa Gading-Manggarai Cuma 28 Menit':
(hrp/hns)",finance
177,"Ketua Dewan Komisioner Otoritas Jasa Keuangan (OJK), Friderica Widyasari Dewi, menyambut positif dilantiknya Suahasil Nazara sebagai Menteri Keuangan (Menkeu). Menurutnya, Suahasil merupakan sosok yang mumpuni untuk menakhodai Kementerian Keuangan (Kemenkeu).
Wanita yang akrab disapa Kiki itu mengaku telah mengenal baik sosok Suahasil. Pasalnya, Bendahara Negara itu sempat menjabat sebagai Dewan Komisioner OJK ex-officio Kemenkeu.
""Dengan Pak Sua kita kenal baik dan beliau itu pernah menjadi salah satu anggota Dewan Komisioner OJK ex-officio Kementerian Keuangan. Jadi beliau, kami sudah bekerja sama, pernah bekerja sama dalam satu atap OJK. Jadi dalam hal ini, pertama saya mengucapkan selamat. Beliau figur yang mumpuni dan yang ketiga pernah menjadi keluarga besar OJK,"" ujar Kiki kepada wartawan di Kompleks Parlemen, Senayan, Jakarta, Selasa (15/9/2026).
OJK berharap sinergi dengan Kementerian Keuangan ke depan dapat terus diperkuat, terutama melalui koordinasi dalam Komite Stabilitas Sistem Keuangan (KSSK). Kerja sama tersebut dinilai penting untuk menjaga stabilitas sistem keuangan sekaligus menopang pertumbuhan ekonomi nasional.
Friderica juga menyampaikan apresiasi kepada Purbaya Yudhi Sadewa atas kolaborasi yang telah terjalin selama ini. Menurutnya, koordinasi antara OJK dan Purbaya berlangsung dengan sangat baik selama masa jabatannya.
""Untuk Pak Purbaya, kami mengucapkan terima kasih. Selama ini juga koordinasi baik dengan beliau, sangat baik. Terima kasih atas semua sumbangsih beliau selama ini,"" jelasnya.
Sebagai informasi, Suahasil dilantik sebagai berdasarkan Keputusan Presiden 97 P Tahun 2026 Pemberhentian dan Pengangkatan Kabinet Merah Putih di sisa masa jabatan 2024-2029. Ia dilantik langsung oleh Prabowo sebagai pengganti Purbaya yang telah menjabat sebagai Menkeu selama satu tahun terakhir.
Kemudian pada Selasa (15/9), Purbaya Yudhi Sadewa resmi melepas jabatannya sebagai Menkeu usai satu tahun memimpin Kementerian Keuangan kepada Suahasil Nazara. Proses Serah Terima Jabatan (Sertijab) berlangsung hari ini di Aula Mezzanine, Gedung Djuanda 1 Kementerian Keuangan di Jakarta Pusat.
""Terima kasih semua atas kerja sama selama satu tahun terakhir ini,"" ujar Purbaya singkat.
(ahi/ara)",finance
178,"PT Chandra Asri Pacific Tbk ('Chandra Asri Group') menggandeng Bank Mandiri untuk memperluas akses layanan perbankan bagi pelanggan. Kerja sama ini ditandai dengan penandatanganan Nota Kesepahaman atau Memorandum of Understanding ('MoU') guna mendukung transaksi dan kegiatan usaha di sepanjang rantai nilai industri petrokimia di Wisma Barito Pacific Tower, Jakarta, Senin (14/9).
Kerja sama ini menjadi bagian dari upaya kedua perusahaan untuk mendukung kebutuhan pelaku usaha di dalam ekosistem industri petrokimia nasional melalui layanan perbankan yang semakin terintegrasi dan efisien.
Dengan memperkuat hubungan antara pelaku industri, mitra pelanggan dan sektor perbankan, kolaborasi ini diharapkan dapat mendukung kelancaran transaksi dan aktivitas usaha di sepanjang rantai nilai industri.
Direktur Polymer Sales Polymer Sales Director PT Chandra Asri Pacific Tbk, Raymond Budhin, mengatakan kerja sama dengan Bank Mandiri melengkapi dukungan Chandra Asri Group kepada mitra usaha. Akses terhadap solusi keuangan yang lebih mudah dapat membantu mereka mengembangkan usaha secara efektif.
""Kami mengapresiasi Bank Mandiri atas kolaborasi dan dukungan yang diberikan kepada Chandra Asri Group dalam kerja sama ini. Sebagai bagian penting dari rantai nilai petrokimia Indonesia, kami melihat bahwa dukungan terhadap pelanggan tidak hanya berhenti pada penyediaan produk, tetapi juga bagaimana kami dapat membantu ekosistem usaha yang mendukung kelancaran bisnis mereka,"" ujar Raymond dalam keterangannya, Selasa (15/9/2026).
""Melalui sinergi dengan Bank Mandiri, kami dapat memperluas manfaat yang kami berikan bagi mitra pelanggan melalui akses terhadap layanan perbankan yang relevan dengan kebutuhan usaha mereka. Kami berharap kolaborasi ini dapat memberikan nilai tambah bagi pelanggan, mempererat hubungan bisnis, dan turut mendukung kelancaran aktivitas dalam industri petrokimia di Indonesia,"" jelas Raymond.
Penandatanganan MoU tersebut turut dihadiri oleh Wakil Direktur Utama Chandra Asri Pacific Baritono Pangestu, Direktur Supply Chain Chandra Asri Pacific Fransiskus Ruly Aryawan, Senior Executive Vice President Corporate Banking 1 Bank Mandiri Eny Kurniasih M. Mukarromah, Senior Vice President Corporate Banking Bank Mandiri Heru Eko Prasetyo, serta Senior Vice President SME Banking 2 Bank Mandiri Romy Jhonson.
Dalam kesepakatan ini, Bank Mandiri akan menyediakan fasilitas penerimaan pembayaran, transaksi perbankan, serta dukungan finansial sesuai kebutuhan mitra pelanggan Chandra Asri Group. Cakupan tersebut dirancang untuk memudahkan pengelolaan keuangan sekaligus mendukung kelancaran transaksi bisnis dengan Chandra Asri Group.
Kerja sama ini relevan bagi industri petrokimia karena kelancaran transaksi antara produsen bahan baku dan pelanggan dari berbagai sektor manufaktur turut memengaruhi aktivitas di sepanjang rantai nilai. Konektivitas yang lebih kuat antara sektor industri dan keuangan dapat meningkatkan efisiensi serta daya saing usaha.
Senior Executive Vice President Corporate Banking 1 Bank Mandiri, Eny Kurniasih M. Mukarromah mengatakan, kesepakatan ini merupakan langkah konkret untuk mendekatkan
layanan keuangan kepada pelaku usaha dalam ekosistem Chandra Asri Group. Dalam hal ini, emiten bersandi bursa BMRI ini akan memanfaatkan kapabilitas dan jaringan yang dimiliki untuk memberikan dukungan sesuai karakteristik usaha Chandra Asri Group.
""Melalui sinergi yang terintegrasi, kami ingin membantu pelaku usaha menjaga kelancaran operasional dan membuka ruang pertumbuhan yang sehat. Konektivitas antara sektor industri dan keuangan juga dapat memperkuat daya saing serta menciptakan keunggulan berkelanjutan bagi industri nasional,"" ujar Eny.
| Baca juga: Bank Mandiri Bakal Tebar Dividen Rp 6 T | 
Dia juga menambahkan, kemitraan ini sejalan dengan semangat HUT ke-28 Bank Mandiri, ""Tumbuh Bersama, Majukan Indonesia"". Semangat itu diwujudkan dengan menghadirkan manfaat nyata kepada nasabah, pelaku usaha, dan masyarakat.
""Bank Mandiri akan terus memperkuat peran sebagai mitra strategis pemerintah dan dunia usaha dalam mendorong pertumbuhan ekonomi nasional. Kami berharap inisiatif bersama Chandra Asri Group dapat membuka lebih banyak kesempatan bagi pelaku industri untuk berkembang,"" lanjutnya.
Pada kesempatan yang sama, Polymer Sales Director PT Chandra Asri Pacific Tbk, Raymond Budhin, mengatakan kerja sama dengan Bank Mandiri melengkapi dukungan Chandra Asri Group kepada mitra usaha. Akses terhadap solusi keuangan yang lebih mudah dapat membantu mereka mengembangkan usaha secara efektif.
""Sebagai Mitra Pertumbuhan, Chandra Asri Group ingin menghadirkan nilai tambah yang dapat dirasakan langsung oleh pelanggan. Kolaborasi ini memperkuat hubungan kemitraan sekaligus menjaga kesinambungan aktivitas industri dalam negeri,"" kata Raymond.
Ke depan, kedua perusahaan akan mengoptimalkan pemanfaatan layanan sesuai perkembangan kebutuhan mitra usaha. Inisiatif ini diharapkan menghasilkan efek berganda berupa peningkatan aktivitas ekonomi, perluasan peluang kemitraan, dan penciptaan lapangan kerja dalam ekosistem industri secara jangka panjang.
(akd/ega)",finance
179,"PT Aneka Tambang Tbk atau Antam khawatir konsumen emas yang selama ini membeli di gerainya berpindah ke pedagang lain menyusul penerapan kewajiban pelaporan data transaksi kepada Direktorat Jenderal Pajak.
Kewajiban tersebut diatur dalam Peraturan Menteri Keuangan (PMK) Nomor 8 Tahun 2026. Antam sebagai Instansi, Lembaga, Asosiasi, dan Pihak Lain (ILAP) wajib menyerahkan data penjualan emas dan perak ke kantor pajak.
Direktur Utama Antam, Untung Budiharto mengatakan, pihaknya mendukung kebijakan tersebut karena transparansi menjadi bagian yang penting. Namun, Untung menyoroti potensi perbedaan kewajiban pelaporan antara Antam dengan perusahaan lainnya.
""Antam mendukung kebijakan ini karena transparansi transaksi merupakan bagian penting dari tata kelola industri yang baik. Namun, kami berharap adanya penerapan yang adil dan setara bagi seluruh pelaku perdagangan emas, jangan hanya Antam dan anak perusahaan Antam,"" ujar Untung dalam rapat dengan Komisi XII DPR, di Jakarta, Selasa (15/9/2026).
Menurut Untung banyak konsumen yang keberatan sehingga mengalihkan transaksi dari butik Antam ke toko lainnya. Ia juga menyinggung soal kondisi penjualan emas Antam yang sedang mengalami penurunan.
""Saat ini tren penjualan emas Antam sedang mengalami penurunan, dan hal yang dapat menjadi perhatian kami adalah respons pasar terhadap kewajiban ILAP tersebut. Terdapat potensi konsumen yang merasa keberatan kemudian mengalihkan transaksi dari butik resmi Antam ke toko atau pedagang emas lainnya yang tidak memiliki kewajiban pelaporan yang sama,"" jelas Untung.
Peralihan konsumen bukan hanya berpotensi berdampak terhadap penjualan Antam. Transaksi emas juga dikhawatirkan bergeser dari kanal formal dan tercatat menuju kanal perdagangan yang tingkat pengawasannya belum tentu sama.
""Jika hal ini terjadi, dampaknya bukan hanya terhadap penjualan Antam, tetapi juga berpotensi mengeser transaksi dari kanal yang formal dan tercatat ke kanal yang tingkat pengawasannya belum tentu sama,"" tutur Untung.
Dalam aturan terbaru, ILAP wajib menyampaikan data penjualan emas dan perak setiap bulan, termasuk identitas pembeli berupa NPWP/NIK, berat dan jumlah emas, harga dan total transaksi, alamat pembeli, serta lokasi butik pembelian.
(ily/hns)",finance
180,"PT Asuransi Tugu Pratama Indonesia Tbk (Tugu Insurance) terus menjaga momentum pertumbuhan dengan memperkuat fundamental bisnis dan kualitas kinerja secara berkelanjutan. Di tengah dinamika industri asuransi nasional, perseroan konsisten mengedepankan kualitas underwriting, pengelolaan risiko yang efektif, hingga optimalisasi portofolio bisnis.
Sepanjang 2025, Tugu Insurance membukukan pendapatan jasa asuransi sebesar Rp9,11 triliun dengan laba bersih mencapai Rp711,06 miliar. Pada periode yang sama, hasil jasa asuransi meningkat 39,10% secara tahunan menjadi Rp1,02 triliun, didorong oleh kinerja positif sejumlah lini bisnis unggulan, antara lain fire & property, offshore, dan aviation.
Kinerja tersebut berlanjut pada Semester I 2026. Tugu Insurance mencatatkan pendapatan jasa asuransi sebesar Rp4,45 triliun atau tumbuh 16,31% dibandingkan periode yang sama tahun sebelumnya.
Sementara itu, hasil jasa asuransi mencapai Rp602,95 miliar, meningkat signifikan sebesar 85,56% secara tahunan. Adapun laba yang dapat diatribusikan kepada pemilik entitas induk tercatat sebesar Rp480,29 miliar, tumbuh 76,87% dibandingkan Semester I 2025.
Dari sisi keuangan, fundamental perseroan semakin solid dengan raihan total aset mencapai Rp29,49 triliun per 30 Juni 2026 atau tumbuh 6,40% dari akhir tahun lalu. Pertumbuhan aset ini mencerminkan kemampuan perseroan dalam menjaga ketahanan bisnis sekaligus mendukung ekspansi usaha secara prudensial dan berkelanjutan.
Direktur Keuangan dan Layanan Korporat Tugu Insurance, Fitri Azwar, menegaskan bahwa capaian tersebut menjadi bukti keberhasilan perseroan. Kinerja ini tercapai berkat konsistensi perseroan dalam menjaga keseimbangan antara pertumbuhan bisnis dan pengelolaan risiko.
""Prioritas kami adalah memastikan kesinambungan bisnis, memenuhi komitmen kepada seluruh pemangku kepentingan, serta menciptakan nilai tambah yang berkelanjutan melalui langkah-langkah yang terukur dan konsisten,"" ujar Fitri dalam keterangan tertulis, Selasa (15/9/2026).
Konsistensi kinerja yang ditunjukkan Tugu Insurance tersebut turut memperoleh apresiasi dari berbagai pihak. Perseroan berhasil meraih dua penghargaan bergengsi, yakni Bisnis Indonesia Awards (BIA) 2026 sebagai Emiten Unggul Sektor Asuransi serta Insurance Market Leaders Award dari Media Asuransi sebagai salah satu Market Leaders Asuransi Umum Joint Venture.
Pencapaian tersebut menjadi bagian dari rekam jejak Perseroan dalam menjaga kinerja dan memperkuat fundamental bisnis secara berkelanjutan. Sejalan dengan hal tersebut, Tugu Insurance akan selalu mengoptimalkan portofolio bisnis, meningkatkan kualitas layanan, memperkuat penerapan manajemen risiko, serta mengembangkan inovasi yang selaras dengan kebutuhan pelanggan.
Langkah tersebut merupakan bagian dari upaya Perseroan untuk mempertahankan pertumbuhan yang sehat dan berkelanjutan, sekaligus menciptakan nilai tambah bagi pemegang saham, nasabah, mitra bisnis, dan seluruh pemangku kepentingan. Bagi Tugu Insurance, penghargaan yang diraih menjadi apresiasi sekaligus motivasi untuk terus meningkatkan kinerja dan memperkuat kontribusi bagi perkembangan industri asuransi nasional.
(akd/ega)",finance
181,"Badan Pengaturan BUMN (BP BUMN) dan PT Adhi Karya (Persero) Tbk (ADHI) meminta maaf kepada para konsumen terdampak masalah proyek LRT City.
Hal ini disampaikan oleh Wakil Kepala BP BUMN Aminuddin Ma'ruf dan Direktur Utama PT Adhi Karya (Persero) Tbk (ADHI) Moeharmein Zein Chaniago dalam pertemuan dengan perwakilan konsumen di Gedung BP BUMN, Jakarta, Selasa (15/9/2026).
Aminuddin memastikan persoalan tersebut akan diselesaikan.
""Yang pertama tentunya atas ketidaknyamanan selama ini kami memohon maaf. Yang kedua kami berkomitmen untuk menyelesaikan semua masalah,"" ujar Aminuddin.
BP BUMN akan menginventarisasi seluruh persoalan dan aspirasi dari para konsumen lebih dari 2.000 konsumen hingga 1 Oktober 2026.
Setelah seluruh persoalan diinventarisasi hingga 1 Oktober, pihaknya akan kembali menggelar pertemuan lanjutan sekitar 10-15 Oktober 2026 untuk membahas langkah penyelesaiannya.
Menteri Perumahan dan Kawasanm Permukiman Maruarar Sirait atau biasa dikenal dengan Ara, dan Kepala BP BUMN Dony Oskaria juga membentuk tim pengawas untuk penyelesaian masalah ini.
""Tadi juga dibentuk oleh Pak Ara bersama Pak Dony tim pengawas dari perwakilan korban, dari PKP dan BP BUMN. Pada kesempatan ini Pak Dony tadi menyampaikan kami tidak berpangku tangan, cuci tangan juga tidak sama sekali. Kami bertanggung jawab pada seluruh korban, negara hadir dan kami berkomitmen untuk menyelesaikan,"" terang Aminuddin.
Bos Adhi Karya Minta Maaf
Di tempat yang sama, Direktur Utama PT Adhi Karya (Persero) Tbk (ADHI) Moeharmein Zein Chaniago juga meminta maaf atas permasalahan yang ditimbulkan oleh anak usahanya. Dirinya berkomitmen akan mengawal persoalan ini hingga selesai.
""Jadi sekali lagi seperti halnya tadi kami juga minta maaf ini. Saya sebagai holding ya, sebagai Dirut daripada perusahaan induknya juga diminta dan ini kan sudah menjadi kewajiban kami untuk betul-betul concern untuk mengawal proyek ini untuk diselesaikan sesuai dengan timeline tadi yang sudah ditentukan,"" tutur Zein.
Moeharmein menegaskan akan menyelesaikan proyek tersebut dengan kualitas terbaik supaya konsumen tidak terzolimi. Hal ini sesuai dengan arahan BP BUMN dan Danantara sebagai pemegang saham.
""Yang jelas proyek ini diminta oleh tadi pemegang saham untuk diselesaikan dengan kualitas yang terbaik supaya tidak ada lagi konsumen atau korban yang dizolimi. Itu yang diperintah sangat jelas dan tegas tadi dari Kepala Danatara,"" ungkapnya.
Sebelumnya, BP BUMN dan Danantara telah meminta PT Adhi Karya (Persero) Tbk untuk menuntaskan kewajiban serah terima sekitar 2.400 unit di sejumlah proyek LRT City yang hingga kini belum diterima oleh pembeli.
Berdasarkan pemetaan Adhi Karya, dari sekitar 5.400 unit yang telah terjual, sebanyak 3.000 unit telah diserahterimakan kepada konsumen. Adapun hal ini diketahui dalam rapat Direksi PT Adhi Karya (Persero) Tbk bersama Kepala BP BUMN sekaligus COO Danantara Dony Oskaria kemarin, Senin (14/9/2026).
Bersambung ke halaman berikutnya. Langsung klik
Proses Penyelesaian
Dony menegaskan penyelesaian persoalan tersebut tidak boleh menimbulkan kerugian bagi konsumen, khususnya masyarakat yang membeli rumah untuk pertama kalinya.
""Tidak boleh merugikan konsumen. Itu dasar daripada penyelesaian kita bahwa tidak boleh merugikan konsumen. Karena konsumennya tidak salah, apalagi kalau orang-orang yang itu membeli rumah, rumah pertamanya. Karena ini adalah kesalahan daripada pihak kita secara internal,"" ujar Dony dalam keterangan tertulis, Selasa (15/9/2026).
Untuk menentukan langkah penyelesaian, Danantara akan berdialog dengan perwakilan konsumen dan Menteri Perumahan dan Kawasan Permukiman. Pertemuan tersebut akan membahas sejumlah opsi penyelesaian bagi konsumen yang belum menerima unit.
Selain itu, Adhi Karya diminta menyusun perhitungan biaya penyelesaian proyek serta rencana bisnis yang komprehensif. Langkah tersebut diperlukan untuk memastikan setiap opsi penyelesaian memiliki dasar perhitungan yang jelas, baik melalui penyelesaian pembangunan maupun pengembalian dana konsumen.
Dony menegaskan persoalan tersebut harus segera memiliki penyelesaian konkret dan tidak boleh dibiarkan berlarut-larut.
""Bagaimanapun kan ini harus diselesaikan. Nggak mungkin apa nanti merugikan konsumen kita kan. Jadi bagi saya ini harus diselesaikan, baik itu penyelesaian apakah nanti kita mengembalikan atau kita membangun. Itu harus diselesaikan itu instruksi dari saya ya, mau ini dibayarin, direfund dulu, ini harus diselesaikan. Bukan berarti itu dibiarin mangkrak begitu,"" jelas Dony",finance
182,"Pergerakan saham PT Summarecon Agung Tbk (SMRA) anjlok usai Komisi Pemberantasan Korupsi (KPK) melakukan operasi tangkap tangan (OTT) terhadap Badan Pertanahan Nasional (BPN) Kabupaten Bogor. Operasi tersebut diketahui turut menjaring Presiden Direktur SMRA, Adrianto Pitojo Adhi.
Berdasarkan data perdagangan RTI Business, saham SMRA tercatat melemah 13,25% ke level Rp 288 hingga penutupan perdagangan. SMRA bergerak di zona merah sejak pembukaan perdagangan pagi tadi, yang dibuka pada level Rp 328 per saham.
Saat ini tercatat volume perdagangan sebesar 186,74 juta dengan nilai transaksi sebesar Rp 56,18 miliar. Tercatat frekuensi saham yang diperdagangkan sebanyak 8.877 kali.
Hari ini, SMRA juga tercatat mengalami aksi jual bersih investor asing atau net foreign sell sebesar Rp 2,89 miliar. Sepanjang tahun 2026, SMRA mencatat net foreign sell sebesar Rp 274,94 miliar.
Sebagai informasi, Presiden Direktur SMRA, Adrianto Pitojo Adhi, menjadi salah satu pihak yang terjaring dalam OTT KPK di BPN Kabupaten Bogor. Hal ini dibenarkan oleh juru bicara KPK, Budi Prasetyo.
Total ada 17 orang yang ditangkap KPK. Salah satu pihak yang terjaring adalah Direktur Jenderal (Dirjen) Pengendalian dan Penertiban Tanah dan Ruang (PPTR), Lampri; Kepala Kantor Pertanahan (Kantah) Bogor, Sontang Coin Manurung; dan Kantah Tangerang, Tardi.
""Benar (Presiden Direktur PT Summarecon Agung Tbk, Adrianto Pitojo Adhi, ikut terjaring OTT),"" kata Budi dikutip dari detikNews, Selasa (15/9/2026).
(ahi/ara)",finance
183,"PFI Mega Life dan METRO Department Store resmi menghadirkan kolaborasi yang mengintegrasikan perlindungan kecelakaan diri atau layanan Personal Accident dalam transaksi pembelian koper di METRO. Inisiatif ini menjadi bagian dari upaya kedua perusahaan yang berada di bawah ekosistem CT Corpora untuk menghadirkan solusi perlindungan yang lebih relevan, mudah diakses, dan dekat dengan kebutuhan masyarakat dalam mempersiapkan perjalanan.
Kolaborasi ini mengusung konsep embedded insurance, yaitu menghadirkan manfaat perlindungan sebagai bagian dari pengalaman pelanggan ketika melakukan transaksi produk yang memiliki keterkaitan langsung dengan kebutuhan perjalanan.Melalui konsep ini, pelanggan tidak hanya mendapatkan produk yang dibutuhkan untuk bepergian, tetapi juga memperoleh tambahan manfaat perlindungan dalam satu rangkaian transaksi.
Bagi PFI Mega Life dan METRO, kolaborasi ini merupakan upaya untuk menghadirkan makna lebih dalam dari sebuah persiapan perjalanan. Sebab, perjalanan bukan hanya tentang destinasi yang ingin dicapai, tetapi juga tentang bagaimana setiap langkah dipersiapkan dengan lebih baik, termasuk dengan perlindungan yang dapat memberikan rasa aman dan nyaman bagi pelanggan.
Sebagai tahap awal, program ini diluncurkan di METRO Pondok Indah Mall. Melalui program tersebut, pelanggan yang melakukan pembelian koper jenis apa pun di METRO Pondok Indah Mall akan mendapatkan informasi mengenai manfaat perlindungan Personal Accident yang tersedia sesuai dengan ketentuan program.Setelah proses pemenuhan persyaratan dilakukan, pelanggan akan menerima informasi polis sesuai dengan mekanisme yang berlaku.
Kolaborasi ini menjadi langkah awal bagi PFI Mega Life dan METRO dalam mengembangkan pengalaman pelanggan yang lebih terintegrasi, sekaligus membuka peluang untuk memperluas manfaat perlindungan serupa ke jaringan METRO lainnya di berbagai wilayah Indonesia.
""Melindungi masyarakat melalui solusi yang relevan dan mudah diakses merupakan bagian dari komitmen PFI Mega Life dalam menjalankan misi We Protect Dreams. Melalui kolaborasi dengan METRO, kami ingin menghadirkan perlindungan pada momen yang dekat dengan kebutuhan pelanggan, khususnya saat mereka mempersiapkan perjalanan. Kami percaya bahwa sebuah perjalanan akan memiliki makna yang lebih ketika setiap langkahnya dipersiapkan dengan baik, termasuk dengan perlindungan yang memberikan rasa aman dan nyaman. Program ini juga menjadi langkah awal bagi kami untuk mengembangkan model embedded insurance yang dapat memberikan nilai tambah dan manfaat yang bermakna bagi pelanggan,"" kata Samdarshi Sumit, President Director PFI Mega Life dalam keterangan tertulis, Selasa (15/9/2026).
Sejalan dengan hal tersebut, METRO melihat kolaborasi ini sebagai bagian dari komitmen untuk terus memberikan nilai tambah dalam pengalaman berbelanja pelanggan. Sebagai department store yang menghadirkan berbagai kebutuhan fashion dan lifestyle, termasuk produk koper dan travel accessories, METRO berupaya menghadirkan solusi yang tidak hanya berfokus pada produk, tetapi juga pada kebutuhan pelanggan dalam menjalani aktivitas sehari-hari maupun mempersiapkan perjalanan.
""Bagi METRO, pengalaman berbelanja bukan hanya mengenai produk yang pelanggan dapatkan, tetapi juga bagaimana kami dapat memberikan nilai tambah dalam setiap perjalanan mereka. Melalui kolaborasi dengan PFI Mega Life, pelanggan yang membeli koper di METRO Pondok Indah Mall kini dapat memperoleh tambahan manfaat perlindungan Personal Accident,"" ujar Christopher Caesario, Head of Marketing Communication METRO & Trans Fashion Indonesia.
Perlindungan Personal Accident dalam Satu Transaksi
Melalui program kolaborasi ini, pelanggan mendapatkan sejumlah manfaat, antara
lain:
• Perlindungan Personal Accident yang terintegrasi dengan transaksi
pembelian koper.
• Memberikan nilai tambah dan makna lebih dalam bagi pelanggan saat
mempersiapkan kebutuhan perjalanan.
• Proses pemberian informasi dan pemenuhan perlindungan dirancang agar
mudah diakses pelanggan.
• Program tersedia bagi pelanggan yang melakukan pembelian koper jenis apa pun di METRO Pondok Indah Mall, sesuai dengan ketentuan yang berlaku.
Cara Mendapatkan Perlindungan
1. Pelanggan melakukan transaksi pembelian koper jenis apa pun di METRO
Pondok Indah Mall.
2. Pelanggan mendapatkan informasi mengenai program dan manfaat
perlindungan Personal Accident sesuai dengan ketentuan yang berlaku.
3. Pelanggan mengikuti proses yang diperlukan untuk mendapatkan
perlindungan.
4. Setelah proses selesai, informasi polis diberikan kepada pelanggan sesuai dengan mekanisme program.
Rincian Manfaat Perlindungan
Pelanggan yang memenuhi ketentuan program akan mendapatkan manfaat
perlindungan sebagai berikut:
• Manfaat meninggal dunia akibat kecelakaan: Rp10.000.000
• Manfaat cacat tetap total akibat kecelakaan: Rp10.000.000
• Manfaat perawatan rumah sakit akibat kecelakaan: Rp1.000.000 per periode pertanggungan
Manfaat perlindungan diberikan sesuai dengan syarat, ketentuan, dan periode pertanggungan yang berlaku.
(hal/ara)",finance
184,"Kementerian ATR/BPN menghormati setiap proses hukum yang dilakukan pada kasus korupsi yang menyeret instansi tersebut. Wakil Menteri ATR/BPN Ossy Dermawan menegaskan pihaknya berkomitmen mendukung penuh proses yang sedang berlangsung.
""Pertama, Kementerian ATR/BPN tentunya menghormati tindakan hukum yang dilakukan oleh KPK atau aparat penegak hukum (APH) siapa pun. Yang kedua, Kementerian ATR/BPN juga akan bersikap kooperatif dan mendukung segala proses yang tengah dilakukan oleh APH,"" ujar Ossy dalam keterangannya, Selasa (15/09/2026).
Ossy mengatakan Kementerian ATR/BPN tidak akan berspekulasi mengenai substansi perkara maupun kronologi kejadian sebelum adanya keterangan resmi dari pihak berwenang.
""Dikarenakan proses ini masih berjalan dan belum ada keterangan resmi dari APH, tentunya tidak etis dan tidak elok jika kemudian Kementerian ATR/BPN menyampaikan sesuatu hal kaitannya dengan substansi perkara, kronologis kejadian, di mana informasi-informasi itu tentu yang sangat menguasai dan mengerti adalah KPK. Kita tunggu sama-sama. APH pasti akan menyampaikan secara resmi,"" papar Ossy.
Pelayan Publik Tetap Jalan
Kementerian ATR/BPN tetap memastikan penyelenggaraan pemerintahan dan pelayanan publik berjalan. Hal tersebut menjadi perhatian agar proses hukum yang sedang berlangsung tidak berdampak terhadap kebutuhan masyarakat atas layanan pertanahan.
""Dari sisi Kementerian ATR/BPN terus melaksanakan koordinasi antar pimpinan untuk memastikan bahwa integritas kita terus bisa ditingkatkan. Yang kedua, pelayanan publik tetap bisa dihadirkan di tengah isu yang tengah bergulir ini,"" tutur Ossy.
Untuk memastikan layanan tetap tersedia bagi masyarakat di tengah proses pemeriksaan ini, Kementerian ATR/BPN telah melakukan pengecekan terhadap layanan di Kantor Pertanahan.
""Tadi pagi juga kami melaksanakan pengecekan di Kantor Pertanahan Kabupaten Bogor dan juga Kota Tangerang masih berjalan normal dan sesuai dengan prosedural sehari-harinya. Itu yang ingin kami tekankan juga hari ini. Jangan sampai isu ini kemudian mengorbankan pelayanan publik kepada masyarakat,"" papar Ossy.
Sebelumnya, KPK melakukan operasi tangkap tangan di Kantor Pertanahan Nasional (BPN) Kabupaten Bogor. Belasan orang ditangkap dalam kasus yang berkaitan dengan dugaan suap pengurusan Hak Guna Bangunan (HGB) itu.
OTT tersebut dilakukan pada Senin (14/9) malam. Jubir KPK Budi Prasetyo mengatakan total ada 17 orang yang berhasil diamankan penyelidik KPK.
Daftar Pejabat yang Diamankan KPK dalam OTT BPN Bogor sejauh ini:
1. Lampri sebagai Direktur Jenderal Pengendalian dan Penertiban Tanah dan Ruang Kementerian ATR/BPN
2. Sontang Coin Manurung sebagai Kepala Kantor Pertanahan Kabupaten Bogor
3. Tardi sebagai Kepala Kantor Pertanahan Kota Tangerang
4. Fahd El Fouz alias Fahd A Rafiq selaku Ketua DPP Golkar
5. Arif Sugiyanto selaku Mantan Bupati Kebumen
6. Adrianto Pitojo Adhi selaku Presiden Direktur PT Summarecon Agung Tbk
(hal/ara)",finance
185,"Kepala Eksekutif Pengawas Bursa Mineral dan Komoditas Strategis Otoritas Jasa Keuangan (OJK), Sarjito menyebut timah menjadi komoditas tambang strategis pertama yang akan diperdagangkan Indonesia Commodity Exchange (ICOMEX). Hal tersebut dilakukan lantaran timah menjadi barang yang paling lama diperdagangkan di bursa komoditas dan derivatif seperti Jakarta Futures Exchange (JFX).
Sarjito mengatakan, eksposur perdagangan timah di JFX masih belum besar lantaran terbatasnya partisipasi. Ia meyakini, perdagangan timah di ICOMEX akan lebih besar karena melibatkan holding Badan Usaha Milik Negara (BUMN) pertambangan, MIND ID.
""Saat ini timah sudah diperdagangkan di JFX dan sudah cukup lama, tetapi kita akan, partisipasinya waktu itu masih terbatas, dan sekarang dengan effort pemerintah melibatkan MIND ID dan juga ketentuan-ketentuan dari pemerintah yang memungkinkan bahwa semua perdagangan yang kita nanti akan melihat bursa, tentu ini adalah sesuatu yang sangat bagus,"" ungkap Sarjito dalam rapat kerja bersama Komisi XI DPR RI di Kompleks Parlemen, Senayan, Jakarta, Selasa (15/9/2026).
| Baca juga: OJK Bentuk Bursa Mineral ICOMEX 2 Hari Lagi | 
Sarjito mengatakan, arah kebijakan pemerintah terhadap penyelenggaraan ICOMEX juga mendorong transparansi pada awal operasional maupun skema B2B. Ia berharap ke depan ICOMEX juga ramai pihak yang ikut berpartisipasi.
""Bursa akan menjadi makin ramai karena pemainnya banyak, apa mau nggak mau harus bermain di bursa, sehingga likuiditas akan terbentuk,"" jelasnya.
Sarjito mengatakan, ICOMEX juga akan melayani permintaan industri dalam negeri dan mendorong hilirisasi industri. Dengan bertambahnya permintaan pasar, peran fasilitas produksi juga akan semakin optimal.
""Permintaan industri domestik juga akan sangat bagus, hal ini juga mendorong hilirisasi dan industrialisasi serta mengoptimalkan juga smelter, sampai misalnya nikel mungkin diproses di dalam negeri sampai menjadi baterai mobilisit dan sebagainya,"" pungkasnya.
(ahi/ara)",finance
186,"PT Pegadaian (Persero) memperoleh Sertifikasi Sistem Manajemen Mutu ISO 9001:2015 untuk Layanan Kustodi (custody services). Sertifikasi berstandar internasional ini diterbitkan oleh lembaga sertifikasi global QSCert dengan akreditasi resmi dari International Accreditation Forum (IAF) dan Slovak National Accreditation Service (SNAS), dengan nomor sertifikat Q-13543/26.
Seremoni penyerahan sertifikasi ini diselenggarakan di Pegadaian Tower pada Jumat (21/8/2026). Penyerahan sertifikasi ini menegaskan komitmen PT Pegadaian (Persero) dalam mengimplementasikan tata kelola fasilitas penyimpanan emas (vault) yang terpercaya, transparan, dan berdaya saing global.
Direktur Pemasaran, Penjualan dan Pengembangan Produk PT Pegadaian (Persero) Selfie Dewiyanti menyampaikan pencapaian ini menjadi wujud nyata Pegadaian dalam memberikan garansi perlindungan hukum dan standar pelayanan tertinggi bagi nasabah perorangan, pelaku industri, hingga institusi korporasi yang mempercayakan penyimpanan aset emasnya.
Keandalan infrastruktur fisik gedung dan teknologi terintegrasi yang dimiliki Pegadaian kini terbukti setara dengan standar kustodi bullion kelas dunia.
""Perolehan Sertifikasi ISO 9001:2015 untuk Layanan Kustodi ini merupakan tonggak sejarah penting bagi Pegadaian dalam memperkuat kepercayaan nasabah dan pelaku industri bullion. Melalui standarisasi mutu internasional ini, kami memastikan seluruh proses pengelolaan dan penyimpanan emas di fasilitas vault Pegadaian berjalan dengan tingkat presisi tinggi, terukur, dan terkendali dari celah kelalaian operasional,"" ungkap Selfie dalam keterangan tertulis, Selasa (15/9/2026).
Keberhasilan ini diraih setelah melalui serangkaian audit independen yang ketat (No. Laporan Audit: C-01/R-QMS/VIII/2026), mencakup penyelarasan Standar Operasional Prosedur (SOP), penguatan teknologi sistem pengamanan modern, hingga peningkatan kompetensi sumber daya manusia (SDM) yang tersertifikasi secara profesional.
Sertifikasi ISO 9001:2015 mencakup ruang lingkup operasional Layanan Kustodi secara menyeluruh dan end-to-end. Seluruh alur proses, mulai dari verifikasi penerimaan, pengujian kemurnian kadar emas, pengadministrasian, penyimpanan di dalam vault, pengamanan fisik dan sistem, hingga proses penyerahan kembali aset emas, dikendalikan secara ketat untuk meminimalkan potensi risiko kehilangan, kerusakan, maupun penyimpangan operasional.
Sebagai pionir Bullion Bank di Indonesia, langkah strategis ini semakin memperkokoh posisi kepemimpinan Pegadaian dalam menyediakan ekosistem emas dengan produk terlengkap di Tanah Air. Ketersediaan fasilitas kustodi yang terakreditasi global ini semakin memperkuat komitmen Pegadaian dalam memfasilitasi kebutuhan pasar keuangan berbasis emas.
Melalui Layanan Kustodi, pelaku industri dan korporasi kini dapat mengoptimalkan tata kelola penyimpanan aset emas fisik bernilai tinggi dengan jaminan keamanan berlapis dan standar mutu yang teruji.
(anl/ega)",finance
187,"PresidenPrabowoSubianto tercatat telah dua kali melakukan penyegaran terhadap posisi Menteri Keuangan. Pertama, pada 8 September 2025, ketika SriMulyaniIndrawati digantikan olehPurbayaYudhiSadewa. Kedua, pada 14 September 2026, ketikaPurbaya digantikanSuahasil
Setiap figur Menteri Keuangan memiliki kebijakan, keunggulan, dan kontribusi masing-masing dalam mendukung pencapaian target perekonomian nasional. Ketiganya memiliki peran penting dalam menjaga stabilitas perekonomian, mendorong pertumbuhan yang lebih kuat dan inklusif, serta meningkatkan ketahanan Indonesia dalam menghadapi tantangan global.
Penyegaran posisi Menteri Keuangan idealnya dimaknai sebagai momentum untuk memastikan kesinambungan pengelolaan Anggaran Pendapatan dan Belanja Negara (APBN). Dalam konteks tersebut, pengalaman dan pendekatan ketiga figur ini menawarkan perspektif penting mengenai arah pengelolaan fiskal Indonesia.
Perjalanan kebijakan fiskal dari Sri Mulyani, Purbaya, hingga Suahasil memperlihatkan tiga corak yang saling melengkapi, yaitu kehati-hatian dalam menjaga fondasi fiskal, keberanian mendorong pertumbuhan, serta upaya menjaga keseimbangan dan kredibilitas kebijakan.
Rekam Jejak 3 Menteri Keuangan
Figur pertama adalah Sri Mulyani, yang menjabat sebagai Menteri Keuangan di bawah kepemimpinan Prabowo sejak 21 Oktober 2024 hingga 8 September 2025, atau selama 10 bulan 18 hari.
Sri Mulyani meletakkan fondasi penting bagi kebijakan ekonomi pemerintahan baru, antara lain melalui upaya menjaga kesinambungan dan kredibilitas APBN, mengendalikan defisit anggaran, menyiapkan kerangka APBN 2025, mengawal penganggaran program prioritas pemerintah, melanjutkan reformasi perpajakan, serta memperkuat koordinasi kebijakan fiskal dan moneter.
Hasilnya, pertumbuhan ekonomi tetap terjaga di kisaran 5 persen. Pada periode tersebut, Sri Mulyani mengawal pelaksanaan sejumlah program prioritas, seperti Makan Bergizi Gratis (MBG), Sekolah Rakyat, sekolah unggulan, revitalisasi sekolah dan madrasah, serta pemeriksaan kesehatan gratis.
Selain itu, Sri Mulyani turut memperkuat berbagai program stimulus ekonomi untuk menjaga daya beli masyarakat dan menopang pertumbuhan ekonomi nasional.
Pada akhir masa jabatannya, berdasarkan realisasi APBN per 31 Agustus 2025, kinerja fiskal nasional masih menunjukkan kondisi yang relatif solid. Pendapatan negara terealisasi sebesar Rp1.638,7 triliun atau menurun 7,8 persen (yoy). Sementara itu, belanja negara terealisasi Rp1.960,3 triliun atau naik 1,5 persen (yoy). Dengan demikian, APBN mencatat defisit sebesar Rp321,6 triliun atau setara dengan 1,35 persen terhadap PDB (Produk Domestik Bruto).
Selanjutnya, figur kedua adalah Purbaya, yang menjabat sebagai Menteri Keuangan sejak 8 September 2025 hingga 14 September 2026, atau selama 12 bulan 6 hari.
Purbaya tampil dengan penekanan yang lebih agresif terhadap agenda pertumbuhan ekonomi. Purbaya membawa pandangan bahwa kebijakan fiskal harus memastikan roda perekonomian terus bergerak, kredit mengalir ke sektor produktif, investasi tumbuh, dan daya beli masyarakat tetap terjaga.
Salah satu terobosan yang menonjol adalah kebijakan memindahkan dana Saldo Anggaran Lebih (SAL) yang sebelumnya ditempatkan di Bank Indonesia ke sejumlah bank umum milik negara atau Himpunan Bank Milik Negara (Himbara). Kebijakan tersebut diarahkan untuk meningkatkan likuiditas perbankan, mendorong penyaluran kredit, menurunkan biaya dana, menggerakkan konsumsi dan investasi, serta mempercepat aktivitas sektor riil.
Pada masa kepemimpinan Purbaya, pertumbuhan ekonomi menunjukkan kinerja yang relatif kuat. Pada Triwulan IV 2025, ekonomi Indonesia tumbuh sebesar 5,39 persen secara tahunan. Selanjutnya, pada Triwulan I 2026, pertumbuhan ekonomi mencapai 5,61 persen yang merupakan tertinggi dalam 13 tahun terakhir. Dan pada Triwulan II 2026 tumbuh pada level 5,29 persen.
Selain mendorong pertumbuhan, Purbaya juga berupaya memainkan APBN sebagai shock absorber atau peredam guncangan ketika harga minyak dunia meningkat akibat eskalasi geopolitik di Timur Tengah pada awal 2026.
Ketika sejumlah negara menaikkan harga bahan bakar minyak (BBM), pemerintah Indonesia menyatakan komitmen untuk tidak menaikkan harga BBM bersubsidi hingga akhir 2026. Kebijakan tersebut terbukti berhasil menjaga daya beli masyarakat, melindungi kelompok berpenghasilan rendah, dan mempertahankan momentum pertumbuhan ekonomi.
Pada akhir masa jabatannya, berdasarkan realisasi APBN per Juli 2026, kinerja fiskal nasional menunjukkan kinerja yang solid. Pendapatan negara terealisasi sebesar Rp1.734,0 triliun atau naik 21,3 persen (yoy). Sementara itu, belanja negara terealisasi Rp1.969,6 triliun atau naik 18,2 persen (yoy). Dengan demikian, APBN mencatat defisit sebesar Rp235,6 triliun atau setara dengan 0,91 persen terhadap PDB (Produk Domestik Bruto).
Dan figur ketiga adalah Suahasil, yang dilantik sebagai Menteri Keuangan pada 14 September 2026.
Suahasil bukanlah sosok baru di lingkungan Kementerian Keuangan. Pada 2009, Suahasil mengawali kiprahnya di Kementerian Keuangan sebagai anggota Tim Ahli Desentralisasi Fiskal. Selanjutnya, pada 2016, Suahasil dipercaya menjabat sebagai Kepala Badan Kebijakan Fiskal. Dan sejak 2019, Suahasil kemudian dipercaya sebagai Wakil Menteri Keuangan.
Suahasil memasuki posisi Menteri Keuangan dengan bekal pengalaman panjang sebagai teknokrat, perumus kebijakan fiskal, dan Wakil Menteri Keuangan. Karakter kepemimpinan yang relatif tenang, berbasis kajian, dan institusional dapat menjadi modal penting untuk menjaga kesinambungan kebijakan fiskal.
Dalam situasi pergantian menteri keuangan, pasar dan pelaku ekonomi membutuhkan kepastian, bukan sekadar pernyataan optimisme. Suahasil menghadapi tantangan untuk menjembatani dua kebutuhan yang kerap dipertentangkan, yaitu menjaga kredibilitas APBN dan memastikan anggaran tetap menjadi mesin pembangunan.
Saling Melengkapi dan Memperkuat
Perbedaan antara Sri Mulyani, Purbaya, dan Suahasil tidak harus dibaca sebagai pertentangan mutlak. Ketiganya merepresentasikan penekanan yang berbeda dalam satu ekosistem kebijakan fiskal. Sri Mulyani mengingatkan pentingnya membangun dan menjaga fondasi. Purbaya menekankan urgensi menggerakkan perekonomian. Sementara itu, Suahasil berpeluang menyatukan kedua pendekatan tersebut dalam suatu keseimbangan kebijakan yang lebih terukur dan berkelanjutan.
Selanjutnya, dalam rangka mendukung agenda Prabowo yang menargetkan pertumbuhan ekonomi sebesar 8 persen pada 2029, kebijakan Menteri Keuangan Suahasil perlu dirancang secara terukur guna mendorong pertumbuhan dan menjaga kredibilitas APBN. Untuk mencapai tujuan tersebut, Suahasil harus mampu menyeimbangkan keberanian dalam mengakselerasi pertumbuhan ekonomi dengan kehati-hatian dalam mengelola risiko fiskal.
Pertumbuhan ekonomi yang kuat dan inklusif tidak cukup hanya ditopang oleh stimulus dan ekspansi belanja. Pertumbuhan tersebut harus dibangun melalui peningkatan produktivitas, kualitas investasi, perluasan lapangan kerja, penguatan penerimaan negara, efektivitas belanja, serta pengelolaan utang yang bertanggung jawab.
Pada akhirnya, keberlanjutan fiskal bukan sekadar persoalan menjaga angka defisit, melainkan memastikan bahwa setiap rupiah APBN mampu menghasilkan manfaat ekonomi dan sosial yang nyata bagi masyarakat, tanpa mengurangi ruang fiskal generasi mendatang.
Kamrussamad
Juru Bicara Partai Gerindra
Simak Video ""Video Reshuffle Kabinet: Suahasil Gantikan Purbaya Jadi Menkeu""
[Gambas:Video 20detik] (ang/ang)",finance
188,"Momen pergantian tahun jadi kesempatan emas buat self-reward setelah setahun penuh kerja keras. Entah itu solo trip yang sudah lama tertahan di wishlist, quality time berdua dengan pasangan, atau liburan seru bareng keluarga,
Tak heran kalau liburan akhir tahun jadi bagian dari lifestyle banyak orang. Berdasarkan data Badan Pusat Statistik (BPS), sepanjang 2025 terdapat 1,20 miliar perjalanan wisatawan nusantara, naik 17,55%, bahkan Desember 2025 saja mencatat 105,98 juta perjalanan.
Masalahnya, liburan yang udah lama diidam-idamkan sering kali cuma berakhir jadi wacana, atau malah bikin kantong bolong kalau nggak dipersiapkan matang. Nah, biar rencana liburan akhir tahun kamu beneran terwujud, blu by BCA Digital bagikan lima langkah cerdas yang bisa dicicil dari sekarang.
1. Fix-in Destinasinya, Kunci Tanggalnya
Setelah tahu mau ke mana, tentukan juga kapan dan berapa lama perjalanan. Menetapkan tanggal perjalanan sejak awal tidak hanya membantu menyusun itinerary dengan leluasa, tapi juga memberi waktu lebih panjang untuk menyiapkan dana liburan.
Biar tabungan liburan nggak terasa berat di akhir, kamu bisa mulai menabung jauh-jauh hari menggunakan bluSaving. Setelah destinasi dan tanggal terkunci, langsung sisihkan dana liburanmu di bluSaving secara rutin agar tak terasa membebani cash flow bulanan.
2. Budgeting Cerdas, Liburan Bebas Cemas
Liburan yang menyenangkan bukan berarti harus mengeluarkan uang sebanyak-banyaknya. Dengan menentukan anggaran sejak awal, dana bisa dibagi dan disesuaikan dengan kebutuhan, mulai dari tiket, akomodasi, makan, aktivitas, hingga hal-hal yang ingin dibeli selama perjalanan.
Khusus buat yang berencana ke luar negeri, budgeting bisa makin presisi dengan fitur bluValas. Lewat fitur ini, kamu bisa mulai nabung mata uang asing dari jauh-jauh hari, dan saat ini bluValas sudah mendukung delapan mata uang, yaitu USD, SGD, JPY, GBP, AUD, EUR, HKD, dan CNY.
Kalau negara tujuan menggunakan salah satu dari delapan mata uang tersebut, kamu bisa langsung menabung di mata uang itu. Tapi jika tidak, kamu bisa menabung dalam bentuk USD (Dolar AS) supaya nilai tukar mata uang liburan nantinya lebih stabil.
3. Susun Itinerary, Tapi Tetap Spontan
Itinerary membantu membuat perjalanan lebih terarah, terutama jika ada banyak tempat yang ingin dikunjungi. Susun terlebih dahulu aktivitas utama, termasuk tempat yang memang sudah lama masuk dalam wishlist.
Tapi, nggak semua waktu harus dipenuhi jadwal. Sisakan ruang untuk menemukan tempat baru, menghabiskan waktu lebih lama di satu destinasi, atau sekadar menikmati suasana tanpa terburu-buru mengejar agenda berikutnya.
4. Siapkan 'Senjata' Pembayaran Anti-Ribet
Selain tiket dan itinerary, metode pembayaran juga perlu dimasukkan dalam daftar persiapan. Mulai dari membayar makanan, membeli kopi, hingga berbelanja oleh-oleh, berbagai transaksi kecil bisa menjadi bagian penting dari pengalaman selama perjalanan.
Terlebih jika destinasi yang dipilih adalah luar negeri, menyiapkan metode pembayaran yang praktis sejak awal dapat membuat transaksi terasa lebih nyaman. Dengan begitu, perhatian tetap bisa tertuju pada pengalaman liburan, bukan pada urusan pembayaran.
5. Hunter Promo & Benefit, Biar Makin Worth It
Menjadi smart traveler bukan cuma soal mendapatkan harga paling murah, tetapi juga tahu bagaimana memaksimalkan berbagai keuntungan dari perjalanan. Mulai dari promo yang sesuai kebutuhan hingga benefit dari metode pembayaran yang digunakan, semuanya bisa membantu membuat pengeluaran terasa lebih bernilai.
Salah satunya bisa dimulai dengan memilih metode pembayaran yang memberikan lebih dari sekadar kemudahan bertransaksi, seperti Garuda x bluDebit Card dari blu by BCA Digital. Lebih dari sekadar kartu debit, Garuda x bluDebit Card menjadi travel buddy yang mengerti kebutuhan saat jalan-jalan, apalagi saat ini bebas biaya pengajuan.
Tiap transaksi memakai Garuda x bluDebit Card juga bisa membantu mengumpulkan GarudaMiles, plus akses ke berbagai promo tiket eksklusif. Fitur bluValas pun sudah terhubung ke seluruh jenis bluDebit Card, sehingga tabungan valas yang sudah dikumpulkan bisa langsung dipakai bertransaksi di luar negeri tanpa ribet.
""Perjalanan yang menyenangkan pada akhirnya adalah tentang menemukan cara untuk menikmati waktu yang kita punya. Maka dari itu, kami ingin blu selalu menemani keseharian nasabah, termasuk menjadi partner andalan saat mereka mewujudkan wishlist perjalanan akhir tahunnya dengan mudah, aman, dan penuh keuntungan. Untuk memaksimalkan momen ini, kami menghadirkan blu Travel Week yang akan berlangsung pada 21 hingga 30 September. Nasabah bisa memanfaatkan periode ini untuk mendapatkan promo dan cashback yang pastinya sangat menarik. Jadi, buat yang belum punya Garuda x bluDebit Card, yuk segera ajukan supaya bisa dapetin beragam manfaatnya dan siap nikmati liburan akhir tahun secara maksimal,"" ujar Head of Brand & Communications BCA Digital Duardi Prihandiko dalam keterangan tertulis, Selasa (15/9/2026).
Karena setelah semua target tercapai, deadline terlewati, dan rutinitas panjang selama setahun selesai, kini saatnya menikmati hasilnya. Tinggalkan sejenak layar kerja, buka kembali wishlist, lalu tentukan langkah berikutnya.
(anl/ega)",finance
189,"Jakarta - Bea Cukai menggagalkan upaya pengeluaran lebih dari 29 kilogram emas dan barang diduga emas melalui empat bandara internasional sepanjang September 2026.
Foto Bisnis
Bea Cukai Gagalkan Penyelundupan 29 Kg Emas Senilai Rp73,3 Miliar
Selasa, 15 Sep 2026 16:58 WIB
Anda menyukai artikel ini
Artikel disimpan",finance
190,"Otoritas Jasa Keuangan (OJK) mencabut ketentuan batasan maksimal nasabah untuk mengakses pendanaan melalui pinjaman daring (pindar). Sebelumnya, nasabah pindar tidak boleh mengajukan pinjaman lebih dari tiga penyelenggara peer to peer (P2P) lending.
Kepala Eksekutif Pengawas Lembaga Pembiayaan, Perusahaan Modal Ventura, Lembaga Keuangan Mikro, dan Lembaga Jasa Keuangan Lainnya OJK, Agusman, menyebut kebijakan ini dilakukan menyusul tingginya kebutuhan pendanaan masyarakat.
""Mempertimbangkan dinamika kebutuhan pendanaan masyarakat yang masih cukup tinggi, termasuk UMKM, modal kerja jangka pendek dan sektor informal, serta perlunya dukungan terhadap akses alternatif pembiayaan yang inklusif dan mampu menjangkau masyarakat yang belum terlayani secara optimal,"" ungkap Agusman dalam keterangan tertulis, dikutip Selasa (15/9/2026).
Ia menegaskan, hal tersebut dapat dilakukan sepanjang penyelenggara pindar memenuhi kewajiban OJK. Ketentuan tersebut adalah penyelenggara pindar harus meningkatkan dan menjaga kualitas analisis pendanaan, memenuhi prinsip kehati-hatian dan tata kelola yang baik, menerapkan manajemen risiko yang memadai, serta menjaga risiko kredit macet (TWP90) maksimal 5%.
""Batasan pendanaan pada 3 penyelenggara pindar menjadi tidak diberlakukan, sepanjang penyelenggara pindar memenuhi kewajiban,"" pungkasnya.
Berdasarkan catatan detikcom, OJK sempat memperketat pengajuan pinjaman melalui Fintech P2P Lending alias pinjol. Kebijakan ini diatur melalui Surat Edaran Otoritas Jasa Keuangan (SEOJK) Nomor 19 Tahun 2023.
| Baca juga: OJK Setop 951 Pinjol Ilegal | 
Sebelumnya, Kepala Eksekutif Pengawas Lembaga Pembiayaan, Perusahaan Modal Ventura, Lembaga Keuangan Mikro dan Lembaga Jasa Keuangan Lainnya (PVML) OJK, Agusman menegaskan pengetatan pengajuan pinjol demi menciptakan ekosistem yang lebih aman bagi masyarakat, salah satu bentuk pengetatan tersebut masyarakat hanya boleh mengajukan pinjaman maksimal ke tiga aplikasi pinjol. Layanan pinjol ini masuk kategori legal alias mengantongi izin dan terdaftar di OJK untuk menekan kebiasaan gali lubang tutup lubang.
""Untuk memagari perilaku gali lubang tutup lubang itu, hanya boleh maksimal 3 platform yang kita harapkan ke depan. Karena kalau paltformnya makin banyak, dikasi kesempatan betul-betul terjadi itu gali lubang tutup lubang itu. Arisan aja itu. Kan membahayakan,"" kata Agusman, dalam konferensi pers di Hotel Four Season, Jakarta Selatan, Jumat (10/11/2023).
Lihat juga Video: Utang Pinjol Warga RI Nambah Rp 1,6 T Sebulan",finance
191,"Direktorat Jenderal Bea dan Cukai (DJBC) Kementerian Keuangan (Kemenkeu) telah menggagalkan upaya penyelundupan emas ilegal dengan total mencapai 330 kilogram sepanjang sejak awal tahun hingga 14 September 2026.
Direktur Jenderal Bea dan Cukai, Djaka Budhi Utama, mengatakan ratusan kilogram emas yang berhasil diamankan tersebut merupakan akumulasi hasil penindakan penegakan hukum di perbatasan dan pintu keluar-masuk wilayah Indonesia.
""Jumlah total yang sudah didapat ataupun berhasil kita cegah untuk dibawa keluar itu kurang lebih ada sekitar 330 kilogram. Total sampai dengan tanggal 14 September,"" kata Djaka dalam konferensi pers penindakan ekspor ilegal emas di Kantor Pusat DJBC, Jakarta Timur, Selasa (15/9/2026).
Djaka menambahkan seluruh barang bukti emas sitaan hasil penindakan yang sudah diselesaikan perkaranya dan memiliki kekuatan hukum tetap (inkracht) nantinya akan dilelang kembali untuk penerimaan negara.
""Apabila penyidikannya sudah lengkap dan sudah berkekuatan hukum tetap, pasti akan dilaksanakan mekanismenya melalui lelang atau mekanisme yang lain dalam rangka untuk penerimaan negara,"" tuturnya.
DJBC Amankan 29 Kilogram Emas Ilegal dari Empat Bandara Internasional RI
Dari ratusan kilogram emas ilegal yang berhasil diamankan DJBC, 29 kilogram di antaranya merupakan hasil dari rangkaian penindakan di empat bandara internasional yakni Bandara Kualanamu, Soekarno Hatta, I Gusti Ngurah Rai, dan Sam Ratulangi pada September 2026.
Menurut Djaka emas ilegal yang berhasil diamankan dari empat bandara itu meniliki nilai keseluruhan mencapai Rp 73,3 miliar. Sedangkan potensi kerugiaan penerimaan negara yang berhasil diselamatkan dari upaya penyelundupan tersebut mencapai Rp 8,5 miliar.
""Upaya penyelundupan emas yang dilakukan oleh pihak-pihak tertentu di empat bandara internasional mulai dari tanggal 5 sampai dengan 14 September, Bea dan Cukai telah mengamankan emas berbagai jenis dengan total berat kurang lebih dari 29 kilogram,"" ujarnya.
""Perkiraan nilai barang mencapai kurang lebih Rp 73,3 miliar, serta mengamankan total potensi kerugian negara atau dari potensi bea keluar Yang harus dipungut sebesar Rp 8,5 miliar,"" sambung Djaka.
Modus yang ditemukan pun beragam, mulai dari menyembunyikan logam yang diduga emas di dalam peralatan elektronik, membawa emas dalam barang bawaan penumpang, hingga menyembunyikannya pada tubuh dengan modus body strapping.
Emas Ilegal RI Banyak Dikirim ke China hingga Dubai
Wakil Direktur Tindak Pidana Tertentu Bareskrim Polri, Bambang Wijanarko, menjelaskan dari hasil penelusuran dan penyidikan mendalam, petugas menemukan keterlibatan dua jaringan penyelundupan emas ilegal internasional yang berbeda yakni jaringan China dan India.
Untuk Jaringan China, emas diselundupkan menuju Hong Kong. Sementara itu, Jaringan India membagi rute pengiriman ke Bangkok, Manila, hingga Dubai. Di mana untuk saat ini pihak kepolisian juga mengidentifikasi beneficial owner atau pemodal utama dari Jaringan India berdomisili di Dubai.
""Dari pengungkapan kami atas pendalaman apa yang sudah dilakukan oleh rekan-rekan Bea Cukai, setiap ada penindakan upaya penyelundupan emas ilegal melalui pintu bandara internasional, kami selalu mengambil langkah untuk kemudian melakukan pendalaman dan kita tarik ke hulunya,"" ujarnya.
""Alhamdulillah kita sudah punya nama-nama ya, nama-nama jaringan China ini siapa saja dan kita sedang berkoordinasi dengan Imigrasi untuk kemudian membuat profiling dan melakukan upaya pengejaran baik itu melalui red notice dan dan sejenisnya,"" sambung Bambang.
Di luar itu ia menegaskan dalam penanganan perkara upaya penyelundupan emas ilegal ke luar negeri ini, Bareskrim Polri tidak berhenti pada penindakan di pintu bandara internasional saja. Kepolisian saat ini tengah mengusut rantai pasok hingga ke hulu untuk melacak sumber emas yang diduga berasal dari penambangan emas tanpa izin di berbagai daerah.
""Tapi dapat kami pastikan bahwa jaringan Cina dan jaringan India ini adalah jaringan yang berbeda dan dikendalikan langsung dari luar negeri. Kita sedang melakukan identifikasi dan upaya pengejaran terhadap siapa yang kemudian mensuplai emas itu dari pertambangan ilegal yang ada di berbagai provinsi di Indonesia,"" pungkasnya.
Lihat juga Video: WN China Ditangkap usai Kepergok Selundupkan 10,4 Kg Emas Senilai Rp 26 M",finance
192,"Ribuan pegawai Kementerian Pekerjaan Umum (PU) terindikasi bermain judi online (judol). Ada lebih dari 81 ribu frekuensi transaksi judi online dengan total nilai transaksi mencapai lebih dari Rp 12 miliar sepanjang periode 2024-2025.
Atas temuan tersebut, dari total 2.000 pegawai Kementerian PU yang terindikasi melakukan judi online, sebagian telah diberikan sanksi. Sebagian lainnya sedang dalam proses penjatuhan sanksi sesuai dengan tingkat pelanggaran dan ketentuan yang berlaku.
Temuan praktik judi online oleh pegawai tersebut menjadi perhatian serius Kementerian PU sebagai bagian dari komitmen menjaga integritas, disiplin, dan profesionalisme aparatur. Inspektorat Jenderal Kementerian PU telah melakukan pemeriksaan untuk memastikan setiap indikasi ditindaklanjuti berdasarkan data, bukti, dan ketentuan yang berlaku.
Menteri PU Dody Hanggodo mengatakan, penanganan judi online di lingkungan Kementerian PU juga menjadi bagian dari upaya menjaga kepercayaan publik terhadap aparatur sipil negara dan institusi Kementerian PU.
""Kementerian PU mengelola pekerjaan dan anggaran negara dalam jumlah yang sangat besar. Karena itu saya menuntut orang-orang di dalamnya memiliki disiplin dan integritas yang sepadan dengan tanggung jawab tersebut,"" kata Dody dalam keterangan resmi, Selasa (15/9/2026).
Kementerian PU memandang judi online bukan sekadar persoalan pribadi, tetapi juga dapat memberikan dampak terhadap kehidupan keluarga, kondisi sosial, serta kinerja dan kedisiplinan pegawai.
Karena itu, upaya penanganan dilakukan tidak hanya melalui penegakan disiplin, tetapi juga dengan memperkuat pembinaan dan langkah-langkah pencegahan di lingkungan Kementerian PU.
Sekretaris Jenderal Kementerian PU Apri Artoto mengatakan, temuan tersebut menjadi bahan evaluasi bagi Kementerian PU untuk terus memperkuat sistem pembinaan dan pengawasan internal pegawai.
""Selain melakukan penanganan terhadap pegawai yang terbukti melakukan pelanggaran sesuai dengan ketentuan yang berlaku, kami juga melakukan evaluasi secara menyeluruh terhadap sistem pengawasan dan pembinaan pegawai. Kami melihat area mana yang perlu diperkuat, bagaimana upaya pembinaan dapat dilakukan secara lebih efektif, serta langkah-langkah pencegahan yang perlu ditingkatkan agar potensi risiko serupa dapat teridentifikasi dan ditangani sedini mungkin,"" tutur Apri.
Sementara itu, Inspektur Jenderal Kementerian PU Maulidya Indah Junica menjelaskan, pegawai yang terbukti melakukan pelanggaran dikenakan sanksi sesuai tingkat pelanggarannya.
Untuk pelanggaran ringan, sanksi dapat berupa teguran lisan, teguran tertulis, hingga pernyataan tidak puas secara tertulis. Sedangkan pelanggaran sedang, sanksi diberikan berupa penundaan kenaikan gaji berkala, penundaan kenaikan pangkat, hingga penurunan pangkat selama satu tahun.
""Sementara pelanggaran berat dikenai sanksi berupa penurunan jabatan, pembebasan dari jabatan, hingga pemberhentian sebagai pegawai sesuai ketentuan yang berlaku,"" kata Maulidya.
Lihat juga Video Kemensos Telusuri 1,4 Juta KPM Terindikasi Judol, Bansosnya Masih Ditahan",finance
193,"Posisi Utang Luar Negeri (ULN) Indonesia pada Juli 2026 tembus US$ 454,8 miliar atau sekitar Rp 8.004 triliun (kurs Rp 17.600). Bank Indonesia (BI) mencatat pertumbuhan ULN 4,9 % secara tahunan.
Perkembangan ini terjadi terutama karena dipengaruhi oleh peningkatan ULN publik di tengah penurunan ULN swasta. Namun, ULN masih stabil tak banyak berubah dibandingkan dengan posisi pada Juni 2026 sebesar US$ 454,5 miliar.
ULN dari sisi pemerintah pada Juli 2026 tercatat US$ 218,4 miliar atau tumbuh sebesar 3,2% secara tahunan. Perkembangan ULN pemerintah tersebut terutama dipengaruhi oleh aliran masuk pada Surat Berharga Negara (SBN) internasional yang mencerminkan kepercayaan investor terhadap prospek perekonomian Indonesia tetap terjaga.
""Pemerintah tetap berkomitmen untuk menjaga kredibilitas dengan memenuhi kewajiban pembayaran pokok dan bunga utang secara tepat waktu, serta mengelola ULN secara pruden, terukur, dan fleksibel untuk mewujudkan pembiayaan yang efisien dan optimal,"" tulis Direktur Eksekutif Departemen Komunikasi BI Ramdan Denny Prakoso dalam keterangannya, Selasa (15/9/2026).
Sebagai salah satu komponen dalam instrumen pembiayaan Anggaran Pendapatan dan Belanja Negara (APBN), pemanfaatan ULN terus diarahkan untuk mendukung pembiayaan sektor produktif dengan tetap memperhatikan aspek sustainabilitas pengelolaan ULN.
Berdasarkan sektor ekonomi, ULN pemerintah dimanfaatkan antara lain untuk mendukung Sektor Jasa Kesehatan dan Kegiatan Sosial sebesar 22,0% dari total ULN pemerintah. Lalu, Administrasi Pemerintah, Pertahanan, dan Jaminan Sosial Wajib sebesar 20,7%. Kemudian, untuk Jasa Pendidikan 16,2%, sektor Konstruksi sebesar 11,5%, serta sektor Transportasi dan Pergudangan sebesar 8,5%.
""Posisi ULN pemerintah relatif aman dan terkendali mengingat hampir seluruh ULN pemerintah merupakan utang jangka panjang,"" lanjut Ramdan Denny.
Di sisi lain, ULN swasta menurun. Posisi ULN swasta pada Juli 2026 tercatat sebesar US$ 194,5 miliar saja atau mengalami kontraksi sebesar 1,2% secara tahunan. Perkembangan tersebut didorong oleh ULN kelompok peminjam bukan lembaga keuangan (nonfinancial corporations) dan lembaga keuangan (financial corporations) yang masing-masing mengalami kontraksi.
Berdasarkan sektor ekonomi, posisi ULN swasta terutama berasal dari Sektor Industri Pengolahan, Jasa Keuangan dan Asuransi, Pengadaan Listrik dan Gas, serta Pertambangan dan Penggalian dengan pangsa mencapai 80,6% dari total ULN swasta. ULN swasta pun tetap didominasi oleh utang jangka panjang.
Struktur ULN Indonesia tetap sehat didukung oleh penerapan prinsip kehati-hatian dalam pengelolaannya. Hal ini tercermin dari rasio ULN Indonesia terhadap Produk Domestik Bruto (PDB) yang tercatat sebesar 30,7% pada Juli 2026 dan didominasi oleh ULN jangka panjang.
Lihat juga Video: Utang Luar Negeri Indonesia Tambah Banyak, Kini Sentuh Rp 7.488 Triliun!",finance
194,"Otoritas Jasa Keuangan (OJK) akan meresmikan Indonesia Commodity Exchange (Icomex) atau Bursa Mineral dan Komoditas Strategis pada Kamis (17/9/2026). Pembentukan Icomex ini nantinya masuk dalam Peraturan OJK (POJK) yang rencananya akan disahkan pasar hari yang sama.
Kepala Eksekutif Pengawas BMKS OJK, Sarjito, menjelaskan terdapat dua POJK yang disahkan pada 17 September mendatang, yakni tentang peralihan pengawasan dari Badan Pengawas Perdagangan Berjangka Komoditi (Bappebti) dan regulasi tentang Penyelenggaraan BMKS.
""Pada tanggal 17 September 2026, adalah hari yang sangat penting, di mana RPOJK peralihan Bursa Mineral dan Komunitas Strategis, dan RPOJK mengenai penyelenggaraan Bursa Mineral dan Komunitas Strategis akan dan harus diundangkan, dan juga rencananya akan ada pembentukan Icomex,"" ungkap Sarjito dalam rapat kerja bersama Komisi XI di Kompleks Parlemen, Senayan, Jakarta, Selasa (15/9/2026).
Kemudian sepanjang September hingga November, OJK akan melakukan berbagai persiapan internal dan membangun koordinasi dengan seluruh stakeholder terkait. Persiapan tersebut mencakup penyusunan peraturan hingga pelaksanaan teknis BMKS.
Selanjutnya pada 1 Januari 2026, pemerintah akan menerbitkan izin yang diikuti oleh operasional BMKS. Kemudian pada 4 Januari 2027, Icomex baru memulai operasional perdagangannya.
""Kemudian pada awal Januari, yaitu tanggal 4 Januari 2027, diharapkan bahwa perdagangan Bursa Mineral dan Komoditas Strategis pertama kali progresi melalui entitas Icomex,"" jelasnya.
Sarjito belum menyebut rinci apa saja komoditas tambang dan penggalian yang akan masuk dalam skema perdagangan Icomex. Pasalnya, komoditas tersebut nantinya masuk dalam Peraturan Presiden (Perpres).
Setidaknya terdapat 12 bab dalam RPOJK penyelenggaraan BMKS, yakni ketentuan umum, penyelenggaraan BMKS, penyelenggara dan infrastruktur BMKS, pelaku kegiatan perdagangan, penahapan perdagangan, hingga penyelenggaraan transaksi.
Selain itu terdapat juga bab yang memuat manajemen risiko, perlindungan pengguna jasa dan integritas pasar, koordinasi pertukaran data dan interoperabilitas sistem, pengembangan produk dan inovasi pasar, pengaturan dan pengawasan, serta penegakan kepatuhan dan sanksi administratif.
Lihat juga Video: OJK Perluas Literasi Keuangan hingga Ujung Selatan Indonesia",finance
195,"Direktorat Jenderal Bea dan Cukai (DJBC) Kementerian Keuangan (Kemenkeu) menyatakan masih menunggu keputusan dan tindak lanjut resmi dari terkait proses perombakan personel pejabat di lingkungannya.
Hal tersebut disampaikan oleh Direktur Jenderal Bea dan Cukai, Djaka Budhi Utama, saat merespons pertanyaan perombakan internal Kemenkeu saat Purbaya Yudhi Sadewa masih menjabat sebagai Menteri Keuangan (Menkeu) pada Kamis (10/9) lalu.
""Kami sedang menunggu apa yang akan dilakukan oleh Kantor Pusat Kementerian Keuangan terkait dengan personil yang pindah, baik itu dari khususnya untuk Bea Bea Cukai. Itu saja yang mungkin bisa saya jelaskan,"" jawab Djaka singkat dalam konferensi pers di Kantor Pusat DJBC, Jakarta Timur, Selasa (15/9/2026).
Sebelumnya Menteri Keuangan (Menkeu) Suahasil Nazara buka-bukaan terkait nasib perombakan pejabat yang dilakukan belum lama ini oleh Purbaya Yudhi Sadewa saat ia masih menjabat sebagai Bendahara Negara.
Soal nasib perombakan yang sudah dilakukan Purbaya, Suahasil mengatakan pihaknya akan melihat terlebih dahulu Keputusan Menteri Keuangan sebagai landasan aturan perlombakannya.
""Nanti kita lihat, tapi kemarin memang ada pelantikan minggu lalu, dan tentu nanti kita akan lihat pelantikan seperti apa, Keputusan Menteri Keuangannya seperti apa, dan kita akan tindak lanjuti dari situ,"" beber Suahasil usai dilantik di Istana Negara, Jakarta Pusat, Senin (14/9/2026).
Perombakan ratusan pejabat di lingkungan Kemenkeu terakhir dilakukan oleh Purbaya pada Kamis 10 September 2026. Dalam hal ini, mayoritas perombakan di Ditjen Bea Cukai dan Ditjen Pajak.
Perombakan terjadi pada pejabat Pimpinan Tinggi Pratama, Pejabat Administrator, Pejabat Pengawas, Pejabat Fungsional, dan Pejabat pada Unit Organisasi Non Eselon Kemenkeu. Kala itu, Purabaya mengatakan, perubahan jabatan dilakukan sebagai bagian dari proses organisasi untuk memastikan Kemenkeu yang lebih adaptif.
Banyak pihak yang menyebutkan perombakan ratusan pejabat itu jadi salah satu masalah besar yang membuat posisi Purbaya digantikan Suahasil. Suahasil menepis kabar tersebut, dia menyatakan internal kementerian aman dan tidak bermasalah.
""Aman, aman,"" katanya meyakinkan ketika dikonfirmasi soal ribut-ribut perombakan pejabat.
Simak juga Video: Purbaya soal Isu Dirjen Bea Cukai Bakal Dicopot: Lihat Minggu Depan",finance
196,"Direktur Utama MIND ID Maroef Sjamsoeddin, mengungkap penyebab insiden pembakaran kantor PT Timah di Belitung pada 7 Agustus 2026 lalu. Menurut Maroef, salah satu pemicunya adalah pembayaran jasa pertambangan kepada masyarakat yang tidak dapat dilakukan.
Maroef menyebut pembayaran terkendala lantaran kuota Rencana Kerja dan Anggaran Biaya (RKAB) PT Timah di Belitung sudah habis. Di sisi lain, kegiatan jasa pertambangan masyarakat masih terus berlangsung.
""Adapun tidak terlaksananya pembayaran tersebut akibat dampak dari kuota RKAB PT Timah di Belitung yang telah habis terpakai di saat kegiatan jasa pertambangan masih tetap berlangsung,"" jelas Maroef dalam rapat dengan Komisi XII DPR RI di Kompleks Parlemen, Jakarta, Selasa (15/9/2026).
Untuk mengatasi persoalan tersebut, MIND ID bersama PT Timah berkoordinasi dengan berbagai pihak, termasuk pemerintah dan masyarakat. Pemerintah kemudian menerbitkan Peraturan Presiden (Perpres) Nomor 79 Tahun 2026.
Beleid tersebut menjadi dasar hukum bagi PT Timah untuk melakukan perbaikan tata kelola pertambangan timah di Belitung. Beberapa hal yang diatur antara lain perbaikan tata kelola wilayah izin usaha pertambangan (IUP) PT Timah hingga percepatan penguatan tata kelola.
Perpres juga mengatur perolehan komoditas timah dari luar wilayah IUP PT Timah serta produksi di atas kuota RKAB khusus di Belitung selama proses pembenahan berlangsung.
""Tiga, ketentuan perolehan komoditas timah dari luar wilayah izin usaha pertambangan PT Timah, dan keempat, ketentuan produksi di atas kuota RKAB, khususnya untuk wilayah Belitung selama proses perbaikan tata kelola,"" ujarnya.
Diberitakan sebelumnya, Masyarakat penambang pasir timah menyampaikan unjuk rasa di kantor operasional PT Timah di Kecamatan Gantung, Kabupaten Belitung Timur (Beltim). Mereka menuntut agar pihak perusahaan kembali membeli pasir timah hasil tambang masyarakat yang beberapa minggu terakhir pembeliannya tersendat.
Lokasi unjuk rasa berlangsung tepatnya di Desa Lenggang. Namun sebelum sempat ditemui oleh pihak perusahaan, emosi massa tak terbendung dan berbuat anarkis. Mereka tampak membakar sejumlah barang hingga apinya merembet ke gedung unit PT Timah dan terbakar.
Simak juga Video PT Timah Buka Suara soal Aksi Demo Ricuh Penambang di Belitung Timur",finance
197,"Purbaya Yudhi Sadewa menolak untuk menempati posisi di kementerian/lembaga lain atau malah disiapkan posisi sebagai Menteri di bidang lain. Ia menegaskan dirinya sudah tidak berminat sama sekali untuk jadi pejabat negara.
""Nggak lah. Baru dipecat, masa jadi menteri lagi,"" ujarnya usai serah terima jabatan di Kantor Kemenkeu, Jakarta Pusat, Selasa (15/9/2026).
Begitu pula saat ditanya mengenai prosesinya ke depan seperti jadi ekonom ataupun sebagai Gubernur Pusat Financial Internasional Indonesia (PFII) seperti yang dirumorkan, Purbaya juga mengelak. ""Nggak, mau mancing belakang rumah,"" tambah Purbaya.
Justru seusai tak lagi menjabat sebagai Bendahara Negara, Purbaya mengatakan di halaman belakang rumahnya ada kolam berisikan banyak ikan.
""Habis ini mau pulang, mancing di belakang rumah,"" kata Purbaya.
Sebagai informasi, pelantikan Suahasil sebagai Menkeu baru ini menjadi pergantian 'pemain' kedua untuk jabatan bendahara negara. Di mana, Purbaya tercatat menjabat Menkeu selama setahun sejak dilantik Prabowo pada 8 September 2025, menggantikan Sri Mulyani.
Simak juga Video Kelakar Purbaya Mau Mancing Sambil Melamun: Kenapa Dipecat?",finance
198,"Purbaya Yudhi Sadewa telah melakukan proses serah terima jabatan (sertijab) Menteri Keuangan (Menkeu) ke Suahasil Nazara. Di balik pergantian Purbaya ke Suahasil ini, muncul isu masalah internal di Kementerian Keuangan.
Banyak pihak mengatakan ada masalah internal kementerian yang membuat Purbaya digantikan Suahasil, khususnya soal urusan Direktorat Jenderal Pajak dan Bea Cukai. Namun, Purbaya menepis kabar tersebut.
""Enggak, enggak ada. Gesekan sih enggak ada, yang jelas ya itu hak prerogatif Presiden yang beliau udah memutuskan,"" ujar Purbaya usai sertijab di Kementerian Keuangan (Kemenkeu), Selasa (15/9/2026).
Sambil nada bergurau, Purbaya mengatakan satu tahun menjabat sebagai Menteri Keuangan sudah cukup. ""Setahun kan udah cukup. Dulu kan udah tanda tangan dulu kontraknya setahun, kita ikutin,"" tambahnya.
Terpisah, Direktur Jenderal Bea dan Cukai (DJBC) Djaka Budhi Utama juga membantah kabar tersebut. Ia menegaskan bahwa kabar masalah internal hanya kebohongan.
""Kata siapa? Lu ngarang-ngarang aja. Nggak, nggak benar, bohong-bohong,"" kata Djaka.
Simak juga Video Blak-blakan Purbaya soal Alasan Dicopot",finance
199,"PT Bayan Resources Tbk (BYAN) mengumumkan keadaan kahar alias force majeure. Kondisi tersebut terjadi karena persetujuan perubahan Rencana Kerja dan Anggaran Biaya (RKAB) 2026 belum terbit.
Dikutip dari keterbukaan informasi, Selasa (15/9/2026), manajemen BYAN menjelaskan bahwa pada 11 September 2026, ketiga anak usahanya yakni, PT Tiwa Abadi (TA), PT Tanur Jaya (TJ), dan PT Fajar Sakti Prima (FSP) menyampaikan pemberitahuan keadaan Kahar terhadap kewajiban pemenuhan penyediaan batubara berdasarkan Perjanjian Penyediaan Batubara atau Coal Supply Agreement kepada para pelanggannya akibat RKAB 2026 belum terbit.
Padahal kata manajemen, permohonan persetujuan perubahan RKAB telah diajukan sesuai dengan ketentuan perundang-undangan yang berlaku.
Dengan belum terbitnya persetujuan perubahan RKAB tersebut, kondisi saat ini memengaruhi kemampuan Bayan Resources dan anak-anak usahanya untuk memenuhi kewajiban pasokan batu bara kepada pelanggan.
""Sehubungan dengan hal tersebut, Perseroan dan anak-anak perusahaannya memberitahukan keadaan tersebut di atas sebagai suatu peristiwa Keadaan Kahar/Force Majeure kepada para pelanggannya,"" tulis keterangan tertulis dikutip dari keterbukaan informasi.
Dengan belum diterbitkannya persetujuan perubahan RKAB mengakibatkan dampak yang cukup material terhadap kelangsungan usaha Perseroan.
Namun demikian, dengan dilakukannya pemberitahuan keadaan kahar ini diharapkan dapat meminimalisir risiko dan atau konsekuensi bagi Perseroan dan anak-anak perusahaannya.
Simak juga Video Prabowo Hapus Utang KUR Petani Korban Banjir di Aceh: Ini Force Majeure
(hrp/fdl)",finance
200,"BP BUMN dan Danantara mendorong penyelesaian persoalan LRT City dilakukan secara menyeluruh dengan tetap mengutamakan hak dan kepentingan konsumen. Adhi Karya diminta menuntaskan kewajiban serah terima sekitar 2.400 unit yang hingga kini belum diterima oleh pembeli.
Kepala BP BUMN sekaligus COO Danantara Dony Oskaria menegaskan penyelesaian persoalan tersebut tidak boleh menimbulkan kerugian bagi konsumen, khususnya masyarakat yang membeli rumah untuk pertama kalinya.
""Tidak boleh merugikan konsumen. Itu dasar daripada penyelesaian kita bahwa tidak boleh merugikan konsumen,"" ujar Dony, dalam keterangan tertulis, Selasa (15/9/2026).
""Karena konsumennya tidak salah, apalagi kalau orang-orang yang itu membeli rumah, rumah pertamanya. Karena ini adalah kesalahan daripada pihak kita secara internal,"" sambungnya.
Berdasarkan pemetaan Adhi Karya, dari sekitar 5.400 unit yang telah terjual, sebanyak 3.000 unit telah diserahterimakan kepada konsumen. Sementara itu, masih terdapat sekitar 2.400 unit yang belum dapat diserahterimakan dan tersebar di sejumlah proyek LRT City.
Untuk menentukan langkah penyelesaian, Danantara akan berdialog dengan perwakilan konsumen dan Menteri Perumahan dan Kawasan Permukiman. Pertemuan tersebut akan membahas sejumlah opsi penyelesaian bagi konsumen yang belum menerima unit.
Selain itu, Adhi Karya diminta menyusun perhitungan biaya penyelesaian proyek serta rencana bisnis yang komprehensif. Langkah tersebut diperlukan untuk memastikan setiap opsi penyelesaian memiliki dasar perhitungan yang jelas, baik melalui penyelesaian pembangunan maupun pengembalian dana konsumen.
Dony menegaskan persoalan tersebut harus segera memiliki penyelesaian konkret dan tidak boleh dibiarkan berlarut-larut.
""Bagaimanapun kan ini harus diselesaikan. Nggak mungkin apa nanti merugikan konsumen kita kan. Jadi bagi saya ini harus diselesaikan, baik itu penyelesaian apakah nanti kita mengembalikan atau kita membangun,"" jelas Dony.
""Itu harus diselesaikan itu instruksi dari saya ya, mau ini dibayarin direfund dulu, ini harus diselesaikan. Bukan berarti itu dibiarin mangkrak begitu,"" imbuhnya.
BP BUMN dan Danantara menegaskan penyelesaian LRT City harus memberikan kepastian kepada konsumen sekaligus memastikan proyek yang bermasalah tidak kembali menjadi beban bagi masyarakat yang telah memenuhi kewajibannya.
(hnu/ega)",finance
