Kata,Vektor 1,Vektor 2,Vektor 3
jadi,-0.7774690389633179,0.2422211617231369,0.8912981748580933
sebut,-0.5557368993759155,0.7732505798339844,0.9887010455131531
main,-1.384261965751648,-0.5986246466636658,1.1519973278045654
jakarta,0.8003974556922913,0.5589711666107178,2.0510141849517822
indonesia,-0.7561157941818237,0.5129707455635071,0.8516497611999512
laku,-0.2122737616300583,0.7127090692520142,1.1668057441711426
tahun,-1.167421579360962,0.22546043992042542,0.8870096802711487
lebih,-0.926349401473999,0.6105246543884277,0.89017653465271
kata,-0.021525263786315918,0.2932422459125519,1.226654052734375
menteri,0.7577617764472961,0.3016192615032196,2.1245038509368896
rp,-3.3990581035614014,1.8447870016098022,1.1107940673828125
tim,-1.110190987586975,-0.4332146644592285,1.1023551225662231
lalu,-0.5572474598884583,0.3344074785709381,0.9460364580154419
hingga,-0.35805246233940125,0.6306653022766113,0.9879063963890076
baik,-0.755770206451416,0.38282525539398193,0.962364137172699
uang,0.4931306838989258,0.43989425897598267,1.749207854270935
gol,-1.7582836151123047,-1.5166687965393066,1.8820676803588867
satu,-0.7362998127937317,0.14193665981292725,1.0007680654525757
akhir,-1.0693774223327637,-0.5839909315109253,1.1863881349563599
laga,-1.351059079170227,-1.2706466913223267,1.6932176351547241
besar,-1.5841583013534546,0.830213189125061,0.7495847940444946
jalan,-0.7750948071479797,0.7943541407585144,0.9421260356903076
sama,-0.49257567524909973,0.011158280074596405,1.019530177116394
dapat,-1.0982086658477783,0.5034286379814148,0.8011715412139893
menang,-1.5914779901504517,-1.3266353607177734,1.7079976797103882
kuat,-0.7529746294021606,0.8947216868400574,0.914243757724762
lanjut,-0.23871883749961853,0.0281950943171978,1.1187889575958252
hari,0.033120296895504,-0.308101624250412,1.39777410030365
baru,-0.5538548827171326,0.0491781122982502,1.029882788658142
purbaya,0.6910931468009949,-0.4158434271812439,2.336545705795288
kembang,-0.37628647685050964,1.9253170490264893,1.425551414489746
usaha,-0.6098466515541077,1.7188488245010376,1.222898244857788
emas,-2.4560751914978027,1.013577938079834,0.7723917365074158
kerja,-0.3920232951641083,0.7442581653594971,1.0942766666412354
ujar,0.22641608119010925,0.322107195854187,1.419298529624939
beri,-0.7445842027664185,0.8210336565971375,0.9163233041763306
banyak,-1.0323104858398438,0.09296281635761261,0.9336398839950562
hasil,-0.9829491376876831,0.025943633168935776,0.8972544074058533
jabat,0.7749135494232178,-0.2591109275817871,2.368237257003784
butuh,-0.805119514465332,1.6135778427124023,1.1003538370132446
rabu,0.6552488207817078,-0.5470847487449646,2.2027039527893066
buat,-0.8360801935195923,-0.041368983685970306,0.983228862285614
bagi,-0.5143764615058899,0.9027992486953735,1.0401999950408936
musim,-1.979682445526123,-1.0582019090652466,1.4980113506317139
mulai,-0.5143559575080872,0.3355615437030792,1.012601375579834
proses,-0.049851179122924805,0.9319970011711121,1.3351024389266968
dukung,-0.6153098344802856,1.9952143430709839,1.3444898128509521
siap,-0.7438772320747375,0.6334240436553955,0.9657097458839417
suahasil,0.7126464247703552,-0.11775147169828415,2.2575504779815674
latih,-1.5700321197509766,0.046719808131456375,0.8230652213096619
sesuai,-1.0068696737289429,2.0056803226470947,1.1693532466888428
selesai,-0.1673775315284729,0.5916910171508789,1.2287554740905762
tingkat,-1.417052984237671,1.5843381881713867,0.9018774628639221
perintah,-0.2593608498573303,1.3215059041976929,1.3014792203903198
pasti,-0.33783724904060364,0.49960827827453613,1.0765810012817383
tak,-0.7910345792770386,-0.4767013192176819,1.186787724494934
lihat,-0.4224552810192108,0.2386351227760315,1.0644794702529907
terus,-0.7551999092102051,1.1075512170791626,0.9776440262794495
masuk,-0.8635511994361877,0.174220472574234,0.8729177117347717
sempat,-0.5731246471405029,-0.25257638096809387,1.116491675376892
jelas,-0.21219533681869507,0.41585952043533325,1.1066734790802002
lama,-0.6129574179649353,0.06343351304531097,1.0526938438415527
nilai,-1.0998457670211792,0.8702861666679382,0.817551851272583
harga,-2.520042896270752,1.3693084716796875,0.8565955758094788
milik,-0.47261786460876465,0.9617599248886108,1.0841498374938965
mampu,-0.9497690796852112,0.65354984998703,0.8608070015907288
awal,-0.8029012680053711,-0.01570255495607853,0.9620710015296936
tetap,-0.7861834764480591,0.5039986968040466,0.9078201651573181
langsung,-0.14202293753623962,-0.21745309233665466,1.3066647052764893
soal,0.06570251286029816,0.34074124693870544,1.3545876741409302
atas,-0.5696343779563904,-0.16952072083950043,1.0417561531066895
tambah,-1.0826504230499268,0.3882579207420349,0.7954280972480774
negara,-0.1835949867963791,0.6532776951789856,1.1476807594299316
bangun,-0.26278629899024963,1.6487810611724854,1.3924983739852905
kali,-1.711875557899475,-0.6869825124740601,1.2274645566940308
empat,-1.7625038623809814,-0.8221510648727417,1.2922770977020264
tanding,-1.8043897151947021,-0.8178670406341553,1.3111920356750488
sangat,-0.8698291778564453,0.1662297248840332,0.9811779260635376
prabowo,1.1599940061569214,0.1549498587846756,2.835324764251709
september,-0.3932947516441345,-0.20349889993667603,1.235971212387085
ikut,-0.60969078540802,0.34233617782592773,0.9621933102607727
atlet,-1.7034902572631836,0.7978737354278564,0.826063871383667
catat,-1.3723384141921997,0.14561913907527924,0.7705942392349243
panjang,-0.45653390884399414,0.7129577994346619,0.9757333993911743
menit,-1.3689645528793335,-1.1487871408462524,1.568419098854065
pertama,-1.2319332361221313,-0.7308287024497986,1.2342679500579834
jumlah,-0.8084713220596313,0.6918797492980957,0.8944187760353088
salah,-0.8141697645187378,0.3328823149204254,0.9461728930473328
tiga,-1.319272756576538,-0.8457749485969543,1.2774471044540405
pt,0.8078390955924988,2.597795009613037,2.6761505603790283
layan,-0.25464239716529846,2.3971505165100098,1.716366171836853
tentu,-0.8608723282814026,0.892471194267273,0.9330675005912781
nasional,-0.8253346681594849,1.3737759590148926,1.0047192573547363
tumbuh,-1.2221903800964355,1.8296773433685303,1.0984623432159424
penuh,-0.9666634202003479,1.2476086616516113,0.9381445050239563
dasar,-0.4298592209815979,0.9036160707473755,1.0350857973098755
kalah,-1.7346607446670532,-1.7368576526641846,2.0900633335113525
capai,-2.267449378967285,1.3216320276260376,0.803244948387146
seluruh,-0.4755512475967407,0.49663567543029785,0.9789119958877563
tampil,-1.5312840938568115,-0.5833184123039246,1.1240553855895996
lrt,0.9940043091773987,1.2200385332107544,2.580923557281494
utama,0.26740801334381104,0.5451358556747437,1.3652119636535645
presiden,1.0399283170700073,0.2847045660018921,2.584258794784546
video,0.7099729776382446,0.17522531747817993,2.0298264026641846
tahan,-1.2639034986495972,0.2157350331544876,0.8512561321258545
dua,-1.1593447923660278,-0.6059888601303101,1.1762773990631104
tegas,0.2962028384208679,0.27477341890335083,1.4976375102996826
ekonomi,-1.065392255783081,1.7016561031341553,1.1118088960647583
bukan,-0.7817949652671814,0.5772356390953064,0.933622419834137
juara,-1.4021539688110352,-0.4855518639087677,1.0925817489624023
liga,-2.88061785697937,-1.7281153202056885,2.0932304859161377
united,-2.2248482704162598,-1.3287265300750732,1.6985427141189575
guna,-0.4889226257801056,1.1266463994979858,1.0391223430633545
kait,-0.152284175157547,0.8750268816947937,1.214542269706726
belum,-0.5165192484855652,0.12827900052070618,0.9997872710227966
wib,0.18803751468658447,-2.242480516433716,3.78178334236145
minta,0.4977952539920807,0.8237169981002808,1.714916467666626
depan,-0.9455499649047852,-0.019126269966363907,0.9699326753616333
terima,0.018313873559236526,0.710976243019104,1.3340657949447632
kelola,-0.4199986159801483,2.3310556411743164,1.585005283355713
lawan,-1.2759685516357422,-1.1327393054962158,1.551000952720642
selasa,0.7632502317428589,-0.03818342834711075,2.098463296890259
orang,-1.0855460166931152,0.5633319020271301,0.9084022045135498
raih,-2.6784942150115967,-0.5337357521057129,1.1577177047729492
penting,-0.8342359662055969,1.125027060508728,1.014577031135559
tengah,-0.6611623167991638,0.1873587667942047,0.9207242131233215
kemudian,-0.385712206363678,0.24215325713157654,1.0713794231414795
triliun,-2.7777297496795654,1.5216352939605713,0.9769973158836365
bawa,-0.9220517873764038,0.09513956308364868,0.8954733610153198
rupa,-0.7026697397232056,0.4718013107776642,0.9215204119682312
buka,-0.2771884799003601,0.31266066431999207,1.0817110538482666
bisnis,-0.727491557598114,1.9801561832427979,1.2791533470153809
persib,-0.8778420090675354,-1.349420428276062,1.8926223516464233
rasa,-0.9636873602867126,-0.3979557454586029,1.1410545110702515
naik,-1.9022945165634155,0.7444291114807129,0.7269724607467651
kondisi,-0.7255688905715942,1.0552549362182617,1.0017577409744263
masyarakat,-0.6850602030754089,1.788122534751892,1.2657111883163452
sekaligus,-0.13437671959400177,1.1223331689834595,1.2168021202087402
ada,-1.2601302862167358,0.7076331973075867,0.7560803294181824
industri,-0.6269428730010986,2.617926597595215,1.6307995319366455
poin,-1.9285105466842651,-0.8240716457366943,1.3131006956100464
jaga,-1.0306930541992188,1.8148767948150635,1.132941484451294
terang,1.1177157163619995,0.8181167840957642,2.5682692527770996
manchester,-2.43404221534729,-1.2589983940124512,1.6929179430007935
posisi,-1.0083158016204834,-0.2124170958995819,0.9661787748336792
investasi,-0.9904642701148987,1.900557518005371,1.1278839111328125
dki,0.5350160598754883,1.0509710311889648,1.7879095077514648
turun,-1.5060763359069824,0.262326180934906,0.7522358298301697
madrid,-1.4832465648651123,-1.5084962844848633,1.8950427770614624
ajar,-2.140934705734253,0.8217901587486267,0.8304327130317688
stasiun,1.1292428970336914,1.9296880960464478,2.9532649517059326
waktu,-0.7790793776512146,0.3570452630519867,0.9891542196273804
games,-3.039841890335083,-0.44350847601890564,1.2855809926986694
tuju,-0.08483478426933289,0.8520853519439697,1.2162823677062988
langgan,-0.7896043658256531,2.05617618560791,1.302844524383545
persero,0.08937320113182068,1.9410277605056763,1.6725531816482544
rumah,-0.9623615145683289,-0.7817344069480896,1.33309805393219
al,-0.5755349397659302,-2.236816167831421,3.1182196140289307
umum,-0.2942218482494354,0.24725358188152313,1.0955756902694702
liverpool,-1.3580412864685059,-1.365296721458435,1.8084728717803955
atur,-0.23433488607406616,0.5275721549987793,1.1477832794189453
punya,-1.0630728006362915,-0.09285570681095123,0.9589270353317261
juta,-2.999361991882324,1.5600651502609253,0.932497501373291
proyek,0.0630473792552948,1.363541841506958,1.582136869430542
temu,-0.24980796873569489,0.284029096364975,1.0591036081314087
mungkin,-0.7294961810112,0.5036727786064148,0.9471861124038696
usai,0.33561617136001587,-0.6236748695373535,1.9349339008331299
league,-1.9498082399368286,-2.1189324855804443,2.4439761638641357
potensi,-1.010995864868164,1.3451322317123413,0.9747018814086914
rencana,-0.5437183380126953,0.9236093759536743,1.0687135457992554
apa,-0.6815339922904968,0.44156697392463684,1.0085841417312622
diri,-0.7319692969322205,-0.0320768840610981,1.0326993465423584
kapal,-0.7125494480133057,1.408381700515747,1.0269091129302979
ganti,0.09449801594018936,-0.49619945883750916,1.7103723287582397
cup,-0.6065453886985779,-2.026689052581787,2.8681817054748535
sejak,-0.9200670123100281,-0.10333731770515442,1.0365029573440552
energi,-0.3707215487957001,1.6417944431304932,1.3383073806762695
pihak,0.0918092206120491,0.8028864860534668,1.4264264106750488
bikin,-1.391676425933838,-1.2210605144500732,1.6085314750671387
memang,-1.084446907043457,0.0808458924293518,0.8977428078651428
bola,-1.3538371324539185,-0.6606378555297852,1.1662672758102417
pramono,1.0478930473327637,1.042824625968933,2.549264907836914
direktur,0.9673520922660828,1.5364117622375488,2.4579520225524902
tahu,-0.36703941226005554,0.21154442429542542,1.12711501121521
putus,-0.07888810336589813,0.16802890598773956,1.3040965795516968
bagai,-0.5791437029838562,1.5956592559814453,1.192290186882019
turut,-0.5950042605400085,0.6931316256523132,0.9651464819908142
mau,-1.0232702493667603,-0.18548168241977692,1.016118049621582
konsumen,-0.4276782274246216,1.4398657083511353,1.2657142877578735
per,-3.2152607440948486,1.1748191118240356,0.9669312238693237
harap,-1.013633370399475,0.9425109624862671,0.8911644220352173
ubah,-0.4382501244544983,0.41664010286331177,1.0629048347473145
gelar,-1.179535150527954,-0.6861612796783447,1.1940420866012573
langkah,-0.5537484288215637,1.442215085029602,1.2039700746536255
resmi,0.679477870464325,0.062315039336681366,2.0032408237457275
city,-1.3805243968963623,-0.7868269681930542,1.2784762382507324
beberapa,-0.43461358547210693,-0.15925997495651245,1.2032057046890259
baca,-0.8882896304130554,-0.49778318405151367,1.1518112421035767
bijak,-0.032334811985492706,1.1614394187927246,1.4246115684509277
miliar,-2.9925355911254883,1.9200268983840942,1.099522590637207
datang,-0.7943236827850342,-0.22006705403327942,1.0681796073913574
semua,-0.822931170463562,0.26404833793640137,0.9564647078514099
saham,-1.8716635704040527,1.3134326934814453,0.8316680192947388
bulan,-0.9073765277862549,0.22207807004451752,0.9081324338912964
pusat,0.8030938506126404,0.5923061966896057,2.1273365020751953
unggul,-1.1652216911315918,-0.7031373381614685,1.2622065544128418
asi,-3.120699882507324,-0.4464210271835327,1.2806143760681152
dunia,-1.5281459093093872,0.11622609198093414,0.80615234375
beli,-0.9693918228149414,0.6275124549865723,0.7897778153419495
beras,-2.3379595279693604,2.990396738052368,1.398913860321045
kan,-0.22894573211669922,0.5441505908966064,1.127267599105835
hadap,-0.8111921548843384,-0.41089677810668945,1.1087666749954224
target,-1.0202423334121704,0.32303404808044434,0.8394507169723511
perlu,-0.44452500343322754,0.8919150829315186,1.117504358291626
produksi,-1.680288314819336,1.9268378019332886,0.9957908987998962
daerah,-0.22912003099918365,1.0696438550949097,1.2837247848510742
tulis,0.8821853399276733,0.4557092487812042,2.21492862701416
seoul,-1.075301170349121,-2.087080240249634,2.723069667816162
fc,-1.2623894214630127,-2.177462577819824,2.8121378421783447
bantu,-0.3205055892467499,0.6188429594039917,1.1247097253799438
mu,-1.4430460929870605,-0.9238542318344116,1.384363055229187
simak,1.097596526145935,0.2195131778717041,2.767474889755249
kepala,0.485326886177063,0.8960627913475037,1.703680396080017
alam,-0.7826381921768188,0.5013298392295837,0.9311041235923767
sektor,-1.090267539024353,1.4589953422546387,0.9184749126434326
lima,-2.130561590194702,-0.7678967118263245,1.2365729808807373
hadir,-0.05295621603727341,0.6680166721343994,1.2155359983444214
makin,-0.7391969561576843,1.2547824382781982,0.9684096574783325
ungkap,-0.02120157517492771,0.25003328919410706,1.1470975875854492
kawasan,-0.3168738782405853,1.249423861503601,1.1780591011047363
sedia,-0.5240868330001831,1.7041733264923096,1.2460036277770996
kota,0.08819283545017242,0.4787227213382721,1.3114756345748901
lain,-0.40700310468673706,0.7441821694374084,1.0000168085098267
cepat,-0.3584831655025482,0.500062882900238,1.0459507703781128
kurang,-0.7573807835578918,0.7694675326347351,0.9063166975975037
tinggi,-1.5481551885604858,0.7442641258239746,0.7738674283027649
babak,-1.722051739692688,-1.6803271770477295,2.06249737739563
aku,-0.3632407784461975,-0.46016040444374084,1.2765898704528809
cetak,-1.5228861570358276,-1.651924729347229,2.070643424987793
fortifikasi,-2.343062162399292,2.8090548515319824,1.3242394924163818
dagang,-0.5525828003883362,0.8813498020172119,1.05118989944458
aman,-0.6243985295295715,0.31441929936408997,0.9306706190109253
kini,-0.5768016576766968,0.3005857765674591,0.9437615871429443
barat,-0.03293906897306442,0.820216178894043,1.2627520561218262
the,-1.1472647190093994,-1.727622151374817,2.075514316558838
tunjuk,-0.4895256757736206,0.27039405703544617,1.0320923328399658
man,-2.1397950649261475,-1.1088666915893555,1.5368868112564087
timnas,-1.7967009544372559,-0.575046181678772,1.1261869668960571
sedang,-0.5337832570075989,0.3177720010280609,1.0278255939483643
percaya,-0.9682467579841614,0.26380816102027893,0.8671842217445374
usia,-1.6550954580307007,0.0272920373827219,0.8886035680770874
pasar,-1.1228432655334473,2.0572330951690674,1.1446897983551025
sampai,0.3898864984512329,0.7854819297790527,1.5938447713851929
produk,-1.3979475498199463,2.481104850769043,1.275524616241455
nyata,-0.5620721578598022,0.8920260071754456,0.9643176794052124
motogp,-0.709082305431366,-1.1500126123428345,1.6571091413497925
selatan,0.6965049505233765,-0.295555055141449,2.073254346847534
masalah,-0.2058132290840149,0.6251240372657776,1.1815799474716187
peluang,-0.762910783290863,0.19007228314876556,0.9756144881248474
pimpin,-0.13225716352462769,-0.3233662247657776,1.3798561096191406
klub,-1.0093979835510254,-0.6045481562614441,1.1866073608398438
haaland,-2.123382806777954,-0.7017752528190613,1.2059260606765747
group,-0.10580622404813766,3.206960678100586,2.3500349521636963
daya,-0.21530674397945404,2.268779754638672,1.6811635494232178
oktober,-0.6909745931625366,-0.22744031250476837,1.1758873462677002
kalau,-1.3718279600143433,0.6324349641799927,0.8069379925727844
internasional,-0.79520583152771,0.07997005432844162,0.9536883234977722
pernah,-1.171391487121582,-0.33866754174232483,1.0416631698608398
tinggal,-0.688903272151947,-0.26275578141212463,1.1359597444534302
luar,-0.45152828097343445,0.36268460750579834,1.0283435583114624
bonus,-2.277313709259033,1.702588438987732,0.9950647354125977
manfaat,-1.3061660528182983,1.7994784116744995,1.074019432067871
messi,-1.8575489521026611,-0.47822773456573486,1.0889936685562134
lewat,-0.7751588821411133,-0.7568270564079285,1.2678184509277344
meski,-1.0862218141555786,-0.39941516518592834,1.0570101737976074
masa,-0.25834307074546814,-0.34899765253067017,1.3811484575271606
wakil,0.24781018495559692,-0.12891080975532532,1.5510809421539307
serta,-1.1687500476837158,0.7619654536247253,0.891262948513031
yakin,-0.7271541953086853,0.1327323615550995,0.9725397825241089
transaksi,-1.5830410718917847,1.7729227542877197,0.9509572982788086
chandra,0.17560389637947083,3.946290969848633,3.1525895595550537
tangan,0.11461886763572693,0.947324812412262,1.422040343284607
rapat,0.5560590624809265,0.18292824923992157,1.8318407535552979
tadi,-0.41301143169403076,0.9339376091957092,1.0511510372161865
tekan,-0.9794059991836548,0.11247498542070389,0.940584659576416
arah,-0.12084630131721497,0.4748235046863556,1.1551456451416016
cukup,-0.6656811237335205,0.3118133842945099,0.974054753780365
inggris,-2.7607603073120117,-1.4949078559875488,1.918186068534851
barcelona,-1.7366381883621216,-0.9838270545005798,1.367327094078064
asri,0.24719619750976562,4.371464729309082,3.5553486347198486
ombak,1.073159098625183,-0.15651290118694305,2.8059446811676025
fiskal,-0.2078709751367569,1.622204065322876,1.477336049079895
menkeu,0.8558309674263,-0.4144584834575653,2.8346641063690186
balap,-0.9159177541732788,-0.2699769139289856,1.1061278581619263
tahap,-0.6479960083961487,0.9496832489967346,1.0233991146087646
merah,-1.5737450122833252,-0.5731836557388306,1.0760945081710815
kutip,0.13787229359149933,-0.6766647696495056,1.743591547012329
alami,-1.4013113975524902,0.35232415795326233,0.7815718650817871
tutup,-0.35691124200820923,0.5420835614204407,0.9957041144371033
duga,-1.3861457109451294,2.165112257003784,1.099347710609436
danantara,0.5456234812736511,1.2486671209335327,1.8573044538497925
pertamina,-0.03224249556660652,2.238530397415161,1.7821674346923828
upaya,-0.6984323263168335,1.1325169801712036,1.0149160623550415
tottenham,-1.3495579957962036,-1.9298458099365234,2.4092111587524414
wajib,-0.5718772411346436,1.0887467861175537,1.0507596731185913
kena,-0.3109694719314575,0.5697087645530701,1.0698250532150269
negeri,-0.29227930307388306,1.1965303421020508,1.2013534307479858
anak,-0.7879543900489807,0.8369889855384827,0.8971101641654968
tempat,-0.5324859619140625,0.4878638982772827,0.9348912239074707
foto,-0.10633247345685959,-0.07952660322189331,1.1822152137756348
medali,-4.292622089385986,0.34433943033218384,1.34902024269104
bagus,-1.239305853843689,-0.06472913920879364,0.9719241261482239
manggarai,1.1119862794876099,1.2211720943450928,2.675476312637329
operasional,-0.24943287670612335,2.394131898880005,1.7291080951690674
kantor,1.2065401077270508,1.3149608373641968,2.741252899169922
fokus,-1.3953933715820312,0.3727194368839264,0.7815279960632324
jauh,-0.7833972573280334,-0.40720242261886597,1.1022961139678955
program,-0.6902357935905457,1.1206434965133667,1.059024453163147
jaring,0.14890651404857635,1.6678963899612427,1.642975926399231
ekosistem,-0.7451333999633789,2.537945032119751,1.5613138675689697
lini,-1.2900701761245728,-0.06817363947629929,0.9871944189071655
selalu,-1.172296404838562,0.2213665395975113,0.8302577137947083
informasi,0.31003937125205994,0.959556519985199,1.6133489608764648
hubung,0.1970982402563095,1.8283286094665527,1.705237865447998
pasok,-0.6896368861198425,3.153714656829834,1.8981643915176392
stadion,-0.0924510657787323,-0.8249436020851135,1.6235486268997192
real,-1.479725956916809,-1.9675565958023071,2.418675184249878
koordinasi,0.06685793399810791,1.3293145895004272,1.5328242778778076
aktivitas,-0.7105463147163391,1.5749214887619019,1.131666660308838
ajang,-1.1022311449050903,-0.33365166187286377,1.0608093738555908
dorong,-0.559893012046814,1.621800422668457,1.177141547203064
total,-1.1824970245361328,0.6689698100090027,0.8280884623527527
biasa,-0.7178070545196533,0.3193957209587097,0.9670525193214417
pajak,1.1755260229110718,0.4779330790042877,2.6492085456848145
sepakbola,-2.4363155364990234,0.25555118918418884,0.86447674036026
maupun,-0.3240034282207489,1.366638422012329,1.214742660522461
fifa,-0.8688915967941284,-1.6089165210723877,2.252990484237671
khusus,0.0968995988368988,0.7701705098152161,1.4041767120361328
asean,-1.0040560960769653,-1.8953006267547607,2.5401298999786377
pilih,-0.9686930179595947,0.0048852162435650826,0.8850432634353638
buah,-0.7136226892471313,0.41300421953201294,0.9576969742774963
lantik,0.6657808423042297,-0.13238705694675446,2.2255218029022217
kira,-1.7059108018875122,0.9064440727233887,0.7426652312278748
gagal,-1.0554615259170532,-0.4717564880847931,1.0613861083984375
pekan,-1.4559587240219116,-1.1233717203140259,1.566344141960144
hukum,0.01833888329565525,0.9928317070007324,1.3512697219848633
kualitas,-1.1610385179519653,1.153988003730774,0.8825092911720276
grup,-0.3731954097747803,-1.2230221033096313,1.910056233406067
piala,-2.9558534622192383,-1.2302546501159668,1.621885061264038
gabriel,-1.9137834310531616,-0.4986793100833893,1.0500977039337158
beda,-0.6220129728317261,0.44186124205589294,0.9660032987594604
jual,-2.0312187671661377,2.2053475379943848,1.0254682302474976
bayar,-0.538338840007782,0.6514068841934204,0.9938197731971741
utang,-0.44737306237220764,0.9718534350395203,1.0678575038909912
kelapa,1.5461660623550415,1.964253306388855,3.7816309928894043
kemenkeu,0.8204741477966309,0.17400449514389038,2.2591750621795654
rugi,-1.1629902124404907,1.712199330329895,1.0779012441635132
jenderal,1.649219036102295,0.9596993923187256,3.700747013092041
lindung,-1.0876227617263794,2.047534465789795,1.184993863105774
bea,1.2319257259368896,0.6473691463470459,2.8301022052764893
sumber,-0.30892953276634216,2.8084189891815186,1.92466139793396
hidup,-1.2531388998031616,1.0905157327651978,0.8716818690299988
u,-3.40065860748291,-0.6387475728988647,1.389487862586975
arsenal,-1.2830297946929932,-1.2867599725723267,1.7121686935424805
media,0.08535674214363098,0.6195310354232788,1.3083900213241577
skor,-1.5181370973587036,-1.3990353345870972,1.7432879209518433
champions,-2.1835732460021973,-2.2854716777801514,2.644683361053467
dekat,-0.7794704437255859,0.3541050851345062,0.8779536485671997
olahraga,-1.0031630992889404,0.3922450840473175,0.7948336601257324
luas,-0.5393290519714355,2.4359548091888428,1.5461360216140747
carrick,-1.349752426147461,-0.8882124423980713,1.3524101972579956
angka,-1.61385977268219,0.11693134158849716,0.8268018960952759
asal,-0.795956015586853,0.0725894346833229,0.8617749810218811
muda,-1.248380184173584,-0.018439404666423798,0.8752651810646057
tbk,0.691699206829071,2.1705269813537598,2.2974298000335693
dana,-0.6982281804084778,1.8392107486724854,1.2346388101577759
bumn,1.1476908922195435,1.8707268238067627,2.894179344177246
bbm,-0.9253637790679932,1.6210691928863525,1.0690783262252808
bagaimana,-0.8784152269363403,0.9233254790306091,0.9228090643882751
sekali,-1.005718469619751,-0.5212446451187134,1.1756352186203003
ronaldo,-1.116521954536438,-1.5622063875198364,2.02504825592041
gabung,-0.7844527959823608,-0.3087540864944458,1.0645877122879028
apresiasi,-0.8626722693443298,1.462605595588684,1.025515079498291
level,-2.159132957458496,0.5352371335029602,0.8305070400238037
integrasi,-0.38757091760635376,2.061225652694702,1.4580837488174438
serang,-1.0386738777160645,-0.18038827180862427,1.0041885375976562
cukai,1.2064967155456543,0.2486722320318222,2.881699800491333
transportasi,0.004749789368361235,1.660009503364563,1.595971703529358
serah,0.17570139467716217,0.7345577478408813,1.4205543994903564
dampak,-0.6001438498497009,1.3438022136688232,1.1177958250045776
batas,-1.995297908782959,1.2673860788345337,0.7910355925559998
ganda,-2.281541585922241,-0.22402401268482208,0.9683716893196106
tanya,0.15273161232471466,0.14842671155929565,1.4972989559173584
lapang,-0.8053180575370789,0.7346515655517578,0.9685274362564087
vs,-1.222417950630188,-2.2278354167938232,2.8022043704986572
klasemen,-2.355135440826416,-1.3812081813812256,1.7619080543518066
ingat,-0.993922233581543,0.4695397615432739,0.8712446093559265
giat,-0.9924192428588867,1.7312021255493164,1.076575756072998
sendiri,-0.9753746390342712,0.2766255736351013,0.9103041291236877
final,-2.2838456630706787,-1.2544240951538086,1.598577857017517
hitung,-1.5589545965194702,1.2048951387405396,0.8732981085777283
sistem,-0.3628649413585663,1.748654842376709,1.3920804262161255
wilayah,0.10298874229192734,2.155639410018921,1.803874135017395
adhi,1.428695797920227,2.351241111755371,3.524639368057251
biaya,-0.7620859742164612,1.9161951541900635,1.2107378244400024
data,-0.7940958142280579,1.4127453565597534,1.0377241373062134
badan,0.32082489132881165,0.9947535991668701,1.5864274501800537
gawang,-1.4693617820739746,-1.3383134603500366,1.7553168535232544
sekarang,-1.0593924522399902,0.5382580757141113,0.8405812978744507
daftar,-0.46309226751327515,0.15870516002178192,1.0487560033798218
persija,-0.2918001711368561,-0.9846522212028503,1.7135862112045288
paling,-1.8648234605789185,0.6537876725196838,0.8170461654663086
prestasi,-1.8461822271347046,0.45345595479011536,0.8172637820243835
skuad,-1.306815505027771,-0.2759740352630615,1.0243109464645386
anggar,-0.9009551405906677,1.7127968072891235,1.0882737636566162
periksa,-0.019870556890964508,1.3155196905136108,1.3793272972106934
ri,0.808876633644104,0.2773679494857788,2.0704360008239746
selenggara,-0.32684624195098877,1.1382745504379272,1.1309958696365356
cuma,-0.7813829779624939,-0.07517341524362564,0.9794445633888245
andal,-0.5720759630203247,1.0243648290634155,0.9685729146003723
risiko,-1.0393084287643433,2.1496009826660156,1.17939293384552
tuan,-1.238436222076416,-1.504576563835144,2.054564952850342
nama,-0.8686054944992065,-0.018546363338828087,0.9834240078926086
sisi,-0.49323350191116333,0.3557315468788147,0.9240451455116272
tantang,-0.3956950604915619,0.22439943253993988,1.1611651182174683
imbang,-0.9639112949371338,-0.4635334014892578,1.054671049118042
bandung,-0.6005839109420776,-1.617909550666809,2.227731704711914
ain,-1.043764352798462,-2.2886745929718018,3.0728397369384766
susun,-0.42476630210876465,-0.03487115725874901,1.0478363037109375
fasilitas,-0.5227714776992798,2.4539246559143066,1.5579586029052734
performa,-1.5755599737167358,-0.4890378415584564,1.10831618309021
cipta,-1.0034841299057007,0.18978852033615112,0.8958812355995178
pak,0.27719736099243164,0.4674697518348694,1.5803948640823364
jalur,0.11977674812078476,0.735131561756134,1.4776475429534912
tujuh,-3.066154956817627,-0.7738447189331055,1.3830689191818237
gram,-4.600338935852051,1.8896088600158691,1.5558302402496338
kolaborasi,-0.2672731876373291,1.7694002389907837,1.4770689010620117
nazara,0.8977095484733582,-0.21939533948898315,2.7999932765960693
subianto,1.1602927446365356,0.11788223683834076,3.033560037612915
jasa,-0.3934692144393921,1.726631760597229,1.324427604675293
idzes,-1.0169767141342163,-0.7531194686889648,1.3435070514678955
bobol,-1.8341618776321411,-1.0915722846984863,1.46877121925354
nomor,-0.40446993708610535,-0.0009025901090353727,1.093296766281128
juang,-1.0260851383209229,0.5897629261016846,0.7981948852539062
mana,-0.7775729298591614,0.35256651043891907,0.9587381482124329
uln,-1.6297775506973267,1.8266918659210205,0.9968152642250061
lng,-0.6166091561317444,3.147947311401367,1.9584252834320068
sadewa,1.03163743019104,-0.921987771987915,3.57586669921875
yudhi,1.0327190160751343,-1.1854305267333984,3.9556941986083984
infrastruktur,-0.669525682926178,2.4138195514678955,1.5361384153366089
minyak,-0.9104923009872437,1.4828848838806152,0.9677244424819946
operasi,0.36904215812683105,1.3129098415374756,1.726877212524414
akses,-0.8704162836074829,1.800208330154419,1.1591984033584595
awas,0.347013920545578,0.8302069902420044,1.5814658403396606
jadwal,-0.2921968400478363,-0.22144795954227448,1.2513364553451538
pensiun,-0.7525518536567688,0.23293104767799377,1.0445960760116577
unit,0.34385815262794495,1.4615803956985474,1.6753392219543457
putra,-3.5405800342559814,-0.2846282720565796,1.3062201738357544
jangka,-0.7526487112045288,1.1345188617706299,1.0495599508285522
dony,1.0442341566085815,1.0349912643432617,2.5526158809661865
berat,-1.1132562160491943,0.48050937056541443,0.8787100911140442
benar,-0.3735623061656952,-0.0020120188128203154,1.08987295627594
bahkan,-1.2908360958099365,-0.22029367089271545,0.9397020936012268
manajer,-1.4100933074951172,-1.525954246520996,1.8128966093063354
dini,0.634329617023468,-2.29292368888855,4.905505180358887
saing,-0.7983823418617249,0.09031413495540619,0.9500853419303894
ruang,-0.09246398508548737,1.3127198219299316,1.3786311149597168
perhati,-0.7865064144134521,1.043727993965149,0.9822253584861755
oleh,-1.357021450996399,1.0487359762191772,0.7836605906486511
cari,-0.44219887256622314,0.7482538819313049,1.1233595609664917
antam,-1.6309577226638794,1.219370722770691,0.8318654298782349
labuh,0.5847275853157043,2.4417741298675537,2.388627529144287
mrt,0.588076651096344,1.393847942352295,2.029500722885132
barang,-1.0856044292449951,1.1822938919067383,0.9807627201080322
us,-3.91790509223938,1.6034133434295654,1.2237548828125
tindak,0.13588541746139526,0.7029445171356201,1.4045968055725098
keluar,-0.8669071197509766,0.12780477106571198,0.9752950668334961
ambil,-1.0008063316345215,0.5183076858520508,0.866542398929596
selamat,-0.49799901247024536,0.461698055267334,0.9927522540092468
aksi,-0.6733360886573792,0.27545779943466187,1.0205003023147583
elche,-0.9747516512870789,-1.8157316446304321,2.3686344623565674
jepang,-1.2231231927871704,0.41506633162498474,0.8036014437675476
profesional,-1.0656874179840088,0.33497363328933716,0.8313295841217041
bentuk,-0.2580641210079193,0.7520182132720947,1.1506967544555664
tang,-2.542840003967285,-0.8297579288482666,1.30166494846344
senang,-1.0077275037765503,-0.38202399015426636,1.1680576801300049
cara,-0.8234774470329285,0.5174368023872375,0.9855932593345642
tepat,-1.0457208156585693,0.6268608570098877,0.852277934551239
timah,0.18506905436515808,1.8393133878707886,1.7384977340698242
ojk,0.3338454067707062,0.4985606372356415,1.607067346572876
tambang,-0.578315794467926,2.307718276977539,1.4251713752746582
investor,-1.4607384204864502,1.5520925521850586,0.9174306392669678
bp,1.3611526489257812,1.7770158052444458,3.2494664192199707
mnk,-0.5218487977981567,2.6240105628967285,1.6804704666137695
bahlil,0.9489993453025818,0.4655604958534241,2.2943806648254395
bank,-0.27258703112602234,2.200193166732788,1.5179152488708496
komitmen,-0.35346391797065735,1.7948672771453857,1.4825482368469238
bimo,1.1260836124420166,-0.001127624069340527,2.7893762588500977
tanah,0.6341363787651062,1.800822138786316,2.0945374965667725
henti,-0.06481476873159409,0.7496724128723145,1.2416993379592896
akibat,-0.9856478571891785,0.9859845042228699,0.827157735824585
mudah,-0.6806540489196777,0.2590619921684265,0.9563866257667542
kapasitas,-1.5235378742218018,1.953648328781128,1.0007003545761108
kelas,-1.1617112159729004,0.605262815952301,0.8341487050056458
standar,-1.0339024066925049,2.0655598640441895,1.1857718229293823
,-1.5940219163894653,-0.01622719131410122,0.7568373680114746
persen,-2.2591614723205566,0.535734236240387,0.7824317812919617
ucap,-0.10585404187440872,0.04237808287143707,1.313118577003479
i,-1.9148306846618652,0.6901472806930542,0.6979123950004578
kiper,-1.5493004322052002,-1.1217100620269775,1.4460463523864746
tarik,-0.6044703125953674,0.38314080238342285,0.9815089702606201
belakang,-1.223850965499878,-0.5746397376060486,1.1812851428985596
buruh,-0.11801933497190475,0.021848587319254875,1.2723461389541626
kereta,0.4834436774253845,1.0149531364440918,1.750504732131958
strategis,-0.34470540285110474,1.9770264625549316,1.4556249380111694
bahas,0.22411178052425385,0.4921869933605194,1.566352128982544
hak,0.2911909818649292,-0.0718703418970108,1.611545443534851
argentina,-1.5255471467971802,-0.4070025682449341,1.0641958713531494
moto,-0.34130072593688965,-1.4571627378463745,2.145850419998169
listrik,-0.2059619426727295,2.4224774837493896,1.7042362689971924
kilogram,-1.7088987827301025,0.9730793237686157,0.8139588832855225
paham,-0.5057986378669739,0.5857285857200623,1.0892970561981201
utara,0.2625426948070526,0.35021424293518066,1.3789496421813965
agustus,-0.30527934432029724,0.12694089114665985,1.1932251453399658
simpan,0.5939038395881653,0.854191780090332,1.555192232131958
maksimal,-1.184330940246582,0.10626164823770523,0.8591561317443848
segera,-0.18629103899002075,0.5676494240760803,1.1819223165512085
gading,1.281085729598999,1.7250220775604248,3.1839818954467773
jawab,-0.7396825551986694,0.24044181406497955,0.9561842083930969
nassr,-0.7311143279075623,-2.056936502456665,2.8494980335235596
tutur,-0.2586110234260559,0.6725372076034546,1.0711703300476074
tua,-0.6438637375831604,0.45662859082221985,1.0611903667449951
sekadar,-1.0343661308288574,0.7638216614723206,0.9258369207382202
lepas,-0.17404454946517944,-1.099329948425293,1.929677963256836
lina,-1.108798861503601,0.708778440952301,0.8913828134536743
pungkas,0.02954479679465294,0.41737887263298035,1.3052700757980347
lengkap,-0.31936967372894287,1.4156979322433472,1.211504340171814
tunda,0.22163765132427216,0.1447971761226654,1.5418108701705933
bawah,-0.9998791813850403,0.16378065943717957,0.8430503606796265
periode,-1.8670437335968018,0.5550965070724487,0.787824273109436
modal,-1.2559376955032349,0.5834893584251404,0.8109214305877686
assist,-2.1429100036621094,-1.8256477117538452,2.2136428356170654
kompetisi,-1.5145033597946167,-0.1343975067138672,0.9753243923187256
bursa,-0.30509668588638306,1.0812768936157227,1.087458610534668
lansir,-0.28886911273002625,-0.5163047909736633,1.350225567817688
bambang,0.05592196434736252,1.1566425561904907,1.3944214582443237
rkab,-0.09439173340797424,1.8477888107299805,1.5707672834396362
mitra,-0.78773033618927,2.593256950378418,1.5906336307525635
dpr,1.296062707901001,0.3857484757900238,2.8479766845703125
terap,-0.17278365790843964,1.3992522954940796,1.3796528577804565
terbit,0.45180264115333557,1.227236270904541,1.8016960620880127
lapor,0.11374159902334213,0.7015026211738586,1.3649109601974487
publik,-0.4502736032009125,1.5350548028945923,1.280100703239441
timur,0.5155578851699829,0.5743119716644287,1.7272530794143677
uji,-0.7235223650932312,0.5233341455459595,0.9037362337112427
marquez,-1.542131781578064,-0.9698046445846558,1.335097312927246
izin,-0.45337632298469543,1.420249104499817,1.205420732498169
pindah,-0.8876010179519653,-0.4353349208831787,1.1233218908309937
a,0.04852063208818436,-1.1930277347564697,2.0771002769470215
minggu,-0.6357284784317017,-0.435915470123291,1.2715445756912231
peringkat,-1.4927756786346436,-0.32676416635513306,0.992304801940918
hilang,-1.394206166267395,0.26883384585380554,0.8032278418540955
enam,-2.3439595699310303,-1.2607390880584717,1.6917953491210938
gerak,-1.1250189542770386,0.6997984647750854,0.8359218835830688
cakup,-0.09622500836849213,2.0952117443084717,1.6420389413833618
alas,-0.03930281847715378,-0.025737687945365906,1.3644208908081055
bahan,-0.7793149948120117,2.5870139598846436,1.5104268789291382
dulu,-0.6050503253936768,0.08949567377567291,1.1017396450042725
ton,-3.5722391605377197,1.6549205780029297,1.0777746438980103
ops,0.10590961575508118,2.3437838554382324,1.9154081344604492
kpk,0.8451440930366516,0.43065208196640015,2.13037371635437
korban,0.0004957373021170497,1.225924015045166,1.4240339994430542
apbn,-1.5736398696899414,1.5213953256607056,0.8616716861724854
tata,-0.22593437135219574,2.1507909297943115,1.6720595359802246
ribu,-2.249267339706421,1.0690048933029175,0.7996460795402527
mata,-0.2877558469772339,-0.14228732883930206,1.2689762115478516
bicara,0.29609981179237366,-0.3105243444442749,1.749428629875183
lah,-0.7983750104904175,0.039938539266586304,1.0615073442459106
tugas,-0.06806088238954544,0.9253526926040649,1.2846338748931885
hotspur,-1.4500291347503662,-2.1368658542633057,2.626851797103882
premier,-1.9842877388000488,-1.499974012374878,1.9098840951919556
arti,-1.371646761894226,0.1721579134464264,0.8663055896759033
situasi,-0.6651643514633179,-0.18773801624774933,1.1143957376480103
tembak,-1.3299410343170166,-1.0815696716308594,1.4939866065979004
lingkung,0.8270765542984009,0.3267468214035034,2.0940167903900146
kemarin,0.06641963124275208,-0.37100547552108765,1.495855689048767
jamu,-1.2936044931411743,-1.89026939868927,2.273578405380249
siapa,-0.6098092794418335,-0.6931886076927185,1.3558295965194702
duduk,-0.915439248085022,-0.5279788374900818,1.2419897317886353
rekor,-1.7185083627700806,-0.17105017602443695,0.9556754231452942
evaluasi,-0.3176247477531433,1.1916614770889282,1.2441226243972778
bina,-0.6088855266571045,1.0872278213500977,1.0426467657089233
urus,0.41081178188323975,0.5184440612792969,1.619408369064331
global,-0.7098832726478577,1.175768256187439,0.9262664318084717
carabao,-1.492413878440857,-2.521416425704956,3.241392135620117
inka,-0.22176223993301392,1.5219262838363647,1.4084649085998535
internal,0.5136619210243225,0.728891909122467,1.8965378999710083
bakar,-0.4055646061897278,2.4212422370910645,1.5638569593429565
lembaga,0.2591771185398102,1.2527732849121094,1.5719958543777466
regional,-0.9607632160186768,2.3133299350738525,1.3702439069747925
timbang,-0.37456974387168884,1.1872875690460205,1.181897759437561
sassuolo,-1.199734091758728,-0.4788138270378113,1.0968151092529297
jay,-1.0732659101486206,-0.948795735836029,1.481891393661499
optimal,-0.43528348207473755,2.2226481437683105,1.5196882486343384
bangkit,-0.439365029335022,0.265201598405838,1.0804510116577148
alih,-0.3468919098377228,1.4450252056121826,1.2327837944030762
senior,-0.31028810143470764,0.522761881351471,0.9915578961372375
asia,-2.1249094009399414,-0.532908022403717,1.0596240758895874
stadium,0.7016595005989075,-1.374527931213379,2.930961847305298
artikel,1.81705904006958,0.14464114606380463,3.949148178100586
keras,-0.8950927257537842,0.3093832731246948,1.0092545747756958
kandang,-1.4066827297210693,-1.7792991399765015,2.197214126586914
diomande,-1.1446012258529663,-1.185097336769104,1.5989463329315186
korea,-0.09236577898263931,-1.2108964920043945,2.134226083755493
laliga,-1.34577214717865,-1.7413691282272339,2.1327528953552246
afc,-2.061821460723877,-2.350605010986328,2.7708094120025635
fisik,-0.9643224477767944,1.5164130926132202,1.0256510972976685
masingmasing,-1.2860708236694336,1.0680317878723145,0.8048079013824463
ukur,-1.3272130489349365,0.9462641477584839,0.7960538268089294
ketua,0.3259328305721283,0.016118209809064865,1.7026824951171875
michael,-1.563596248626709,-1.160022497177124,1.5784497261047363
cedera,-0.697877049446106,-0.43916982412338257,1.1992719173431396
ganggu,-0.45612862706184387,0.6368974447250366,1.0038477182388306
kontrak,-1.390869140625,-0.20461030304431915,0.9481256008148193
karya,1.0006855726242065,2.8329951763153076,3.2783896923065186
whoosh,0.4069666862487793,1.2379379272460938,1.7632852792739868
rok,-0.4686558246612549,2.3645994663238525,1.5793167352676392
amran,0.004422045312821865,0.9302334189414978,1.2449036836624146
teknologi,-0.16880585253238678,1.4869331121444702,1.3831733465194702
belanja,-1.2877957820892334,1.5846939086914062,0.9713023900985718
pecat,-0.38367411494255066,-0.7204570174217224,1.4861254692077637
provinsi,-0.30639466643333435,1.4931542873382568,1.1850042343139648
dowman,-1.2109098434448242,-0.6326828002929688,1.1642738580703735
as,-0.33987584710121155,-0.17699354887008667,1.2402698993682861
metro,-0.2548280954360962,1.9861842393875122,1.432552456855774
karius,-1.9081170558929443,-1.0589066743850708,1.403106451034546
agius,-0.7551664113998413,-0.619841992855072,1.3100216388702393
sambung,-0.011772946454584599,0.7787113189697266,1.2802343368530273
bukti,-0.9662418365478516,1.149274230003357,0.9089931845664978
strategi,-0.6432444453239441,1.5366544723510742,1.1990525722503662
gallagher,-1.2023847103118896,-2.0347719192504883,2.5920891761779785
kamis,0.3867485821247101,-1.0169390439987183,2.3673548698425293
sejarah,-1.26767897605896,-0.405739963054657,1.0809601545333862
pikir,-1.0154790878295898,0.2920220196247101,0.9317889213562012
anggota,0.1690763682126999,0.26519522070884705,1.3638759851455688
terlalu,-0.4975147545337677,0.08502845466136932,1.1702286005020142
super,-1.4716285467147827,-1.691425085067749,2.137439727783203
e,-0.48519569635391235,-0.5615547299385071,1.2511087656021118
pasang,-1.1052371263504028,0.04416409134864807,0.953836977481842
motivasi,-1.9360369443893433,1.1984280347824097,0.9079277515411377
papua,-1.0588974952697754,0.6984923481941223,0.8145992755889893
suka,0.5148195624351501,-0.7852334976196289,2.1042234897613525
minimum,-3.390402317047119,1.8248543739318848,1.0367153882980347
ihsg,-1.03092360496521,0.08614334464073181,0.9444138407707214
acdacd,-0.30853471159935,0.7442569136619568,1.027719259262085
kompleks,1.4466893672943115,0.3250003457069397,3.198944568634033
salur,-0.9479994177818298,1.948172688484192,1.1893365383148193
coutinho,-0.5484214425086975,-0.6509072780609131,1.43216872215271
libur,-0.5212421417236328,0.09370121359825134,1.0930676460266113
lionel,-1.8015456199645996,-0.4159625768661499,1.0763648748397827
tanggal,-0.39102667570114136,0.02137615904211998,1.2338188886642456
papar,-0.24355928599834442,0.7421647906303406,1.079733967781067
berapa,-1.071579933166504,0.9570673704147339,0.9159106016159058
dalam,-0.34869271516799927,0.8688597083091736,1.123644471168518
komunikasi,-0.004044639877974987,0.5662487149238586,1.2618275880813599
sehat,-0.7970335483551025,1.608180284500122,1.129730463027954
bareng,0.5498732328414917,0.2686098515987396,1.6142308712005615
kendali,-0.44580259919166565,1.0568602085113525,1.0833845138549805
jeda,-0.8494617938995361,-0.6139841675758362,1.393127679824829
banding,-2.021191120147705,0.9295212626457214,0.8320288062095642
partai,-0.012811328284442425,-0.7839144468307495,1.745331883430481
mourinho,-0.719973087310791,-1.2889493703842163,1.8135440349578857
momen,-0.42785269021987915,-0.19399909675121307,1.1848418712615967
pasuk,-0.37929484248161316,-0.30152657628059387,1.252027153968811
malam,0.2029598504304886,-0.8306677341461182,2.038860559463501
senin,0.8025817275047302,-0.45823490619659424,2.432913064956665
el,-1.2419307231903076,-0.9626681208610535,1.3097312450408936
sini,-1.0907663106918335,0.24084773659706116,0.938321590423584
putri,-2.5041697025299072,0.29479095339775085,0.8124619126319885
kumpul,-0.3322157561779022,0.24311982095241547,1.0172866582870483
sekolah,-0.7981294989585876,1.1260021924972534,0.902803361415863
tolak,-1.1120661497116089,0.11873728036880493,0.854822039604187
pegang,-1.1069310903549194,0.5874854326248169,0.8223201632499695
absen,-1.2415478229522705,-0.41833242774009705,1.0911340713500977
panas,-1.424250841140747,-0.696211576461792,1.2216531038284302
rute,1.2334662675857544,1.850079894065857,3.0707364082336426
atrbpn,0.6823633909225464,0.7283327579498291,1.9686731100082397
summarecon,0.979168713092804,1.0282820463180542,2.318998098373413
sidang,0.16838790476322174,0.007325987331569195,1.5427637100219727
bapak,0.5248391032218933,0.42902907729148865,1.8231242895126343
lahan,-0.7326168417930603,1.8719768524169922,1.1645658016204834
lemah,-1.5446200370788574,0.27633628249168396,0.8574244379997253
kendara,-0.3616885542869568,0.9123814702033997,1.094869613647461
pen,-0.29834723472595215,0.4815319776535034,1.1684772968292236
lintas,0.14135786890983582,1.0388705730438232,1.4252601861953735
dpd,0.7556552886962891,0.41173696517944336,1.982890248298645
laksana,0.09449247270822525,0.9644825458526611,1.4662253856658936
pulih,-0.7537067532539368,0.6707095503807068,0.941976010799408
kasus,-0.1083175390958786,0.8600324392318726,1.2341433763504028
pos,-0.4164430797100067,0.5917121171951294,1.0103795528411865
aju,-0.5581400990486145,1.0577428340911865,1.0294125080108643
sebab,-0.28010624647140503,0.11104591190814972,1.190455675125122
sang,-1.6798285245895386,-0.7289512157440186,1.198087215423584
benarbenar,-1.0380432605743408,0.2787516117095947,0.9214704632759094
gas,-0.20112095773220062,2.2310025691986084,1.5812808275222778
bek,-0.9951732158660889,-0.4652152955532074,1.1390578746795654
untung,-0.8415252566337585,0.34808775782585144,0.9708830118179321
sambut,-0.9637796878814697,-0.1939200609922409,0.9459790587425232
bersih,-2.4659483432769775,0.6009777188301086,0.6803305149078369
tampak,-0.15429693460464478,-0.056864283978939056,1.2935363054275513
kiri,-0.7954116463661194,-1.0702813863754272,1.6496317386627197
kabar,-0.684557318687439,-0.4909689724445343,1.2019329071044922
bakal,-0.5017724633216858,-0.2574475407600403,1.1150400638580322
thailand,-0.49599769711494446,-0.6517364382743835,1.3386753797531128
jawa,0.3056139647960663,1.2401260137557983,1.5917046070098877
java,-1.3510545492172241,-1.3354161977767944,1.6972911357879639
coba,-1.0745441913604736,-0.3997381031513214,1.101922869682312
starter,-1.1894689798355103,-1.2222247123718262,1.6279594898223877
umpan,-0.8062699437141418,-1.1977752447128296,1.7047547101974487
lomba,-0.542755663394928,-0.08072924613952637,1.1357057094573975
bandara,-0.54023677110672,0.3596245348453522,0.9827244281768799
spanyol,-2.372969627380371,-1.267822504043579,1.6698914766311646
karakter,-0.9230827689170837,0.6816015243530273,0.9321210384368896
iring,-1.2875878810882568,1.0016347169876099,0.8894773125648499
gedung,1.2863149642944336,0.7275213003158569,2.7672672271728516
barca,-1.7063950300216675,-0.646828293800354,1.1570359468460083
pu,0.9058911800384521,0.8245667219161987,2.2644002437591553
mandiri,-0.3044114410877228,2.5922887325286865,1.7883254289627075
dolar,-0.6012078523635864,0.024102717638015747,1.1012985706329346
realisasi,-1.5034770965576172,1.4034000635147095,0.9250680208206177
migas,0.08997849375009537,2.3574438095092773,1.9389266967773438
usul,-0.4815792441368103,1.0227080583572388,1.0385191440582275
pegawai,-0.06842050701379776,1.4087588787078857,1.4305557012557983
rantai,-0.8695741891860962,3.1911590099334717,1.941482424736023
kapabilitas,-0.7882295846939087,2.3484396934509277,1.4683635234832764
batal,0.5091689825057983,0.00013256495003588498,1.9329711198806763
isu,0.05038527771830559,0.16245226562023163,1.4853663444519043
solusi,-0.3770647346973419,1.7218308448791504,1.3826755285263062
beber,0.8469859957695007,0.6238958835601807,2.196730613708496
online,0.15308570861816406,0.5390833020210266,1.3559118509292603
cermin,-0.8532221913337708,1.518038272857666,1.0730562210083008
manajemen,0.22015531361103058,1.495410680770874,1.5836185216903687
kesiap,0.05471479147672653,1.8543739318847656,1.6688439846038818
sisa,-0.7417231202125549,-0.24347607791423798,1.1316707134246826
sinergi,0.14430885016918182,1.3918464183807373,1.567840576171875
pengaruh,-0.5979015231132507,1.3727198839187622,1.150177240371704
alti,0.037407003343105316,0.7650867104530334,1.3839309215545654
kenneth,-0.7532280087471008,1.8953514099121094,1.2405296564102173
opsi,-0.6082370281219482,0.5208970308303833,1.0584131479263306
rendah,-1.3397949934005737,0.757103681564331,0.8500054478645325
nanti,-0.45018845796585083,0.8597682118415833,1.1010382175445557
proyeksi,-1.2946189641952515,1.521246314048767,0.9499529600143433
alias,-0.8390601873397827,0.16872872412204742,0.8549080491065979
garuda,-2.090106964111328,0.017094897106289864,0.8325845003128052
koumas,-0.7489300966262817,-1.1337201595306396,1.6740702390670776
jangan,-0.8580850958824158,0.4346320927143097,0.9456498026847839
campur,-2.063804864883423,0.057485077530145645,0.8461176156997681
kenal,-0.2793761193752289,0.00968947634100914,1.1501235961914062
sosial,-0.6124072074890137,0.8212635517120361,1.0243456363677979
de,-0.43647804856300354,-1.8517597913742065,2.530977249145508
muncul,-0.14025579392910004,0.06963413208723068,1.3063209056854248
hapus,-1.1670153141021729,0.8234673142433167,0.8336803913116455
regulasi,-0.4040859639644623,0.8599992394447327,1.1167179346084595
jis,1.2990885972976685,0.44642314314842224,2.657341480255127
lokasi,-0.38622647523880005,0.348426878452301,1.0608915090560913
debut,-1.5964802503585815,-0.49020612239837646,1.1104527711868286
rayo,-1.4196418523788452,-1.6667156219482422,2.0644006729125977
wujud,-0.8930900692939758,0.6647095084190369,0.8993403911590576
mbappe,-1.6474765539169312,-2.1224961280822754,2.425107479095459
disiplin,-0.3599793612957001,1.1720134019851685,1.1820141077041626
puncak,-1.882318139076233,-1.056340217590332,1.4158859252929688
brighton,-0.9044467210769653,-1.7564783096313477,2.265831470489502
teknis,-0.21714462339878082,1.1099817752838135,1.2234870195388794
seleksi,-0.6039520502090454,1.2425092458724976,1.1584889888763428
batu,-1.284862995147705,2.762127161026001,1.425825834274292
habis,-1.2713806629180908,-0.050865545868873596,0.90752112865448
icomex,0.16223929822444916,1.134851098060608,1.5135077238082886
dmo,-1.2845360040664673,1.5189112424850464,0.9547972679138184
bara,-1.1941173076629639,2.914487600326538,1.5220977067947388
commuter,0.6973621249198914,2.758104085922241,2.680424213409424
velodrome,0.94437575340271,1.5581049919128418,2.4845471382141113
gubernur,0.5087910294532776,1.5891371965408325,1.9860063791275024
indeks,-2.186908006668091,1.0432276725769043,0.8739095330238342
merek,-1.905609369277954,2.1566929817199707,1.1155014038085938
ratarata,-2.623093605041504,1.9905736446380615,1.0202560424804688
mineral,0.6170345544815063,2.3617591857910156,2.254091262817383
distribusi,-0.09480621665716171,2.3409781455993652,1.8296232223510742
jajal,1.1998281478881836,1.0802958011627197,2.9965171813964844
domestik,-1.0689822435379028,2.5317599773406982,1.3994444608688354
komoditas,-0.10359593480825424,1.8692824840545654,1.5078308582305908
dividen,-0.162836492061615,0.7736147046089172,1.1285343170166016
celaka,-1.2725189924240112,1.809604525566101,0.9146090149879456
istana,1.341530442237854,-0.13487599790096283,3.349881887435913
praktik,-1.0059382915496826,1.5950276851654053,1.0279124975204468
tumpang,-0.39299628138542175,0.8111948370933533,1.1000605821609497
pfa,-1.0210400819778442,0.526352047920227,0.9158744812011719
warga,-0.1112191304564476,0.7345098853111267,1.308850646018982
tanjung,1.0115411281585693,2.193683624267578,2.705857515335083
syarat,-0.9943683743476868,1.3001456260681152,0.9879773855209351
basket,-2.3440942764282227,-0.14621864259243011,1.0281248092651367
bogor,0.8306151628494263,1.0781441926956177,2.109351634979248
rahim,-1.0201823711395264,-1.872550368309021,2.3248684406280518
angkat,-0.20867682993412018,-0.1712435781955719,1.301303744316101
perak,-3.242795467376709,0.32082098722457886,1.0897924900054932
acara,0.5954774618148804,0.11081621795892715,1.8088051080703735
herdman,-1.1043510437011719,-0.3184754252433777,1.0579437017440796
enggak,-2.254714012145996,-0.34508076310157776,0.9491783976554871
dejan,-0.9124563932418823,-0.20610082149505615,0.995317280292511
pakan,-0.772057056427002,-1.418820858001709,1.8882595300674438
blok,-1.805112600326538,0.43286603689193726,0.702454149723053
kelompok,-1.7890664339065552,1.1345456838607788,0.8471242189407349
juli,-0.832184374332428,0.670201301574707,0.8447920083999634
espi,-0.7377748489379883,-1.183239459991455,1.7604130506515503
gakpo,-0.3490085005760193,-1.6165094375610352,2.3452086448669434
tamu,-0.9140114188194275,-0.5779325366020203,1.2710717916488647
lancar,-0.9487456679344177,2.310678005218506,1.3581734895706177
ketat,-0.7617210745811462,0.2908518314361572,0.946581244468689
pagi,-0.8270195722579956,0.46294865012168884,0.8761715292930603
arab,0.34864163398742676,-0.7411854267120361,1.9254323244094849
sepak,-3.0250184535980225,-0.3598136901855469,1.0491716861724854
martin,-1.937395691871643,-1.4409027099609375,1.746151089668274
kirim,-0.11142228543758392,0.024098176509141922,1.1363939046859741
talenta,-0.995764970779419,0.6423158049583435,0.9365990161895752
sulit,-0.9634996652603149,-0.15829090774059296,1.0667792558670044
langgar,-0.9023231267929077,1.550421118736267,1.0209410190582275
adapun,-0.896373987197876,0.2645381689071655,0.7669631242752075
marc,-1.320855975151062,-1.4610741138458252,1.7114877700805664
espanyol,-1.5706459283828735,-1.6578847169876099,1.9423778057098389
sabtu,-0.0787825733423233,-1.1416962146759033,2.0651814937591553
bal,-1.4780114889144897,-1.170379638671875,1.5850249528884888
isi,-0.4828997552394867,-0.39515992999076843,1.2060338258743286
gelora,0.8912863731384277,-0.8970110416412354,2.919257402420044
kunci,-1.128574252128601,-0.6559700965881348,1.2972040176391602
tuntas,-0.6413633227348328,-0.3590846061706543,1.1179183721542358
cristiano,-1.1316885948181152,-1.9192627668380737,2.456388473510742
kasih,-0.3202221393585205,0.7481607794761658,1.3241864442825317
organisasi,0.4804708957672119,1.067541241645813,1.8674647808074951
benah,-0.17210067808628082,0.6240568161010742,1.2345802783966064
erling,-2.426379442214966,-0.9735365509986877,1.388564944267273
ilegal,-1.4557323455810547,1.0766514539718628,0.9103327393531799
asuransi,-1.120544672012329,1.8523013591766357,1.062488079071045
ptba,-1.2060778141021729,1.6320233345031738,0.9163121581077576
portofolio,-0.6554461717605591,2.8726394176483154,1.8054704666137695
freeport,-1.144659161567688,1.8127080202102661,1.0282517671585083
semester,-2.742008924484253,1.4402226209640503,0.9193167090415955
sampah,-0.23736971616744995,0.976878821849823,1.198601245880127
said,0.02639036439359188,0.18387524783611298,1.4834959506988525
udah,0.14908207952976227,0.3329653739929199,1.4762746095657349
muat,-0.7395779490470886,1.0373551845550537,1.006600260734558
bas,0.09694331884384155,1.5757768154144287,1.5634657144546509
indikasi,0.267241507768631,0.7834525108337402,1.4467172622680664
pidana,-0.2540322542190552,1.190022587776184,1.2335889339447021
edar,-1.3544414043426514,2.4411823749542236,1.2054383754730225
gadingmanggarai,1.1512209177017212,1.7531594038009644,2.9788095951080322
digital,-0.061439987272024155,1.1825236082077026,1.3362348079681396
aset,-1.0525089502334595,1.795193076133728,1.0933493375778198
hgb,0.3464449346065521,0.8456432223320007,1.5721567869186401
smra,0.437701940536499,0.7498286962509155,1.6146910190582275
timbul,-0.8959125280380249,1.3765376806259155,1.1405253410339355
kamu,-0.4583573043346405,0.318244606256485,1.0978344678878784
m,-1.5174105167388916,0.9565321207046509,0.7366468906402588
zona,-1.0350619554519653,0.8289319276809692,0.8275996446609497
gizi,-1.3612747192382812,2.269970417022705,1.1111277341842651
pakai,-1.1974961757659912,0.7931135296821594,0.7951720356941223
priok,0.9550075531005859,1.960120677947998,2.544656276702881
carnet,-0.4718388319015503,1.4209778308868408,1.1152117252349854
gadai,-0.21684128046035767,2.059248447418213,1.6148386001586914
ii,-0.6970599293708801,-0.3189869821071625,1.0694992542266846
kabupaten,0.9102985858917236,1.701395869255066,2.389209508895874
biar,-0.6596036553382874,0.682030200958252,0.8982937932014465
inter,-1.3732190132141113,-1.2320760488510132,1.573543667793274
delapan,-1.5872691869735718,-0.2999289929866791,1.0757088661193848
lapar,-1.9030908346176147,-0.355063796043396,1.1062021255493164
sepenuh,-0.2899356484413147,1.0912526845932007,1.2219316959381104
mobil,-1.0527968406677246,0.32566365599632263,1.020223617553711
makan,-0.6979160904884338,1.0414488315582275,0.9406903386116028
jabodetabek,0.1617143452167511,1.8909320831298828,1.7355180978775024
rancang,-0.2620002329349518,1.2984118461608887,1.244800329208374
nyaman,-0.32698503136634827,0.6755799055099487,1.0909979343414307
allister,-0.15693038702011108,-1.9756730794906616,2.9720423221588135
mac,-0.07913101464509964,-2.1470303535461426,3.265496015548706
kecil,-1.0873733758926392,-0.4042868912220001,1.0845718383789062
sedikit,-1.1659215688705444,0.28506314754486084,0.8384061455726624
carlos,-0.6140355467796326,-1.26744544506073,1.8474162817001343
regu,-3.8260233402252197,-0.20194830000400543,1.3311086893081665
camp,-1.450972080230713,-1.038669228553772,1.4754054546356201
rangkai,-0.5770596265792847,0.09570237994194031,1.060314416885376
seri,-1.5525861978530884,-0.8198534250259399,1.291400671005249
pasal,0.03390473872423172,0.08324705809354782,1.2947545051574707
rebut,-2.263122797012329,-0.3964276611804962,1.0507947206497192
emil,-1.732321858406067,-1.3430986404418945,1.6081308126449585
maju,-0.6281236410140991,0.6085567474365234,1.0057029724121094
tandang,-0.4839290678501129,-1.6247912645339966,2.251337766647339
sep,1.1292458772659302,-1.1520493030548096,3.9950363636016846
beban,-1.0348200798034668,0.8624932169914246,0.8856707215309143
asuh,-0.9207814335823059,-0.41862013936042786,1.0880398750305176
hampir,-0.8117685914039612,-0.08874953538179398,1.0183286666870117
pecah,-1.0080926418304443,0.25957247614860535,0.8738988041877747
jam,-1.2866774797439575,0.2919255793094635,0.8997417688369751
platform,-0.30145707726478577,0.8419399857521057,1.1445016860961914
pers,1.2664015293121338,0.47189173102378845,2.6570754051208496
putih,-1.1044765710830688,-0.7538933753967285,1.31954824924469
momentum,-0.789087176322937,0.7724733948707581,0.9769670963287354
kbi,-0.9778227210044861,0.5823498964309692,0.8932710886001587
peran,-0.9949448704719543,1.7469016313552856,1.174433946609497
bilang,-0.4960024654865265,0.18642905354499817,1.0074626207351685
mantan,-0.44612738490104675,-0.5474933385848999,1.3131862878799438
aspek,-0.7557089924812317,1.284055233001709,1.1027488708496094
insurance,-1.2301623821258545,1.8149347305297852,1.0376324653625488
tembaga,-3.6439878940582275,1.6395537853240967,1.2013002634048462
stabilitas,-0.6322056651115417,2.351145029067993,1.590800404548645
pokok,-1.0147653818130493,0.3543711304664612,0.9747916460037231
km,-0.40889057517051697,2.062046527862549,1.3696799278259277
beliau,0.26262953877449036,-0.026343807578086853,1.7405149936676025
prerogatif,0.8891965746879578,-0.2726735770702362,2.654207944869995
sertijab,0.9960684776306152,-1.0845885276794434,3.7568652629852295
bei,-0.5554618835449219,1.0601786375045776,0.9931436777114868
label,-1.4998431205749512,2.6205928325653076,1.30301034450531
kandung,-1.8120759725570679,3.0936269760131836,1.4758087396621704
tega,0.06505423784255981,1.6411076784133911,1.733095645904541
efektif,-0.6433922052383423,2.1135361194610596,1.412890911102295
pelindo,0.27473369240760803,2.3315067291259766,2.1167187690734863
ahiara,0.19151835143566132,-0.4852301776409149,1.6840720176696777
fitch,-0.420674204826355,0.01874076947569847,1.170231819152832
transformasi,0.10011119395494461,1.8009923696517944,1.6373080015182495
komisi,0.9889037609100342,0.05917218700051308,2.450108766555786
djp,1.1220407485961914,0.1703496277332306,2.6178038120269775
direktorat,1.4185394048690796,0.36783701181411743,3.1913294792175293
nusantara,0.29972589015960693,1.4504144191741943,1.598226547241211
transport,-0.7119719982147217,2.27170991897583,1.3304017782211304
virgo,-0.7646005749702454,2.710426092147827,1.482317328453064
business,-0.3961034119129181,0.6056062579154968,1.0173907279968262
nasib,0.6097664833068848,0.20770972967147827,1.9657710790634155
cegah,-0.25384870171546936,1.1266252994537354,1.2061021327972412
jamin,-0.07513534277677536,1.1306766271591187,1.3350787162780762
pabean,-0.09995952993631363,1.2241053581237793,1.3590729236602783
tunggu,-0.2979002296924591,-0.0672285184264183,1.2446978092193604
nah,-0.5753304958343506,0.45775794982910156,0.9860318303108215
kai,0.33396559953689575,1.578344702720642,1.740014910697937
selaku,0.7589207291603088,-0.284410685300827,2.025084972381592
arteta,-0.08486930280923843,-0.866702139377594,1.7676939964294434
kejar,-1.4148499965667725,0.07193809002637863,0.9327818155288696
nou,-1.4841077327728271,-1.2537118196487427,1.6031687259674072
pisah,-1.4904383420944214,-0.5512534379959106,1.2123271226882935
bangga,-0.4095478057861328,-0.16472315788269043,1.2531970739364624
kompetitif,-0.7468258142471313,0.9269660115242004,0.9363899230957031
china,0.07411947101354599,0.2350621521472931,1.2424089908599854
mil,-1.1709736585617065,-1.2877662181854248,1.5773228406906128
mekanisme,-0.35088542103767395,1.0413798093795776,1.1468194723129272
of,-0.6177836060523987,-0.992226243019104,1.4407020807266235
dewa,-1.9402778148651123,-1.2138913869857788,1.6510854959487915
buang,-0.11208370327949524,1.0841823816299438,1.2131544351577759
chelsea,-1.8377360105514526,-1.0012072324752808,1.3767956495285034
insiden,-0.3033216893672943,0.8092209100723267,1.0580298900604248
ulang,-1.0909112691879272,0.23415833711624146,0.9382426142692566
padahal,-0.669744610786438,0.22037899494171143,0.9170533418655396
zerbi,-0.20795075595378876,-1.3794625997543335,2.216442346572876
spurs,-1.2217015027999878,-1.1320956945419312,1.600216269493103
status,-0.8732762336730957,0.09998687356710434,0.9297787547111511
malah,-0.5695877075195312,-0.16990381479263306,1.0994263887405396
jatuh,-0.7831237316131592,0.09116996824741364,1.0045032501220703
sering,-0.7647743225097656,0.14846481382846832,1.0054329633712769
ducati,-0.7503118515014648,-0.895399808883667,1.3771066665649414
cabut,-0.5849599838256836,0.5777884125709534,0.9121525883674622
identitas,-0.9517006278038025,0.48966464400291443,0.8612778782844543
karno,0.7218302488327026,-1.182331919670105,2.9292449951171875
bung,1.1749370098114014,-0.8075623512268066,3.4404962062835693
vietnam,-0.8593702912330627,-1.0013604164123535,1.5292112827301025
b,0.015013803727924824,-0.9203214049339294,1.9406481981277466
malaysia,-0.3539031445980072,-0.15850721299648285,1.2173763513565063
tel,-1.2168446779251099,-1.8165960311889648,2.246356964111328
koleksi,-2.0385327339172363,-0.7537418603897095,1.2743079662322998
balik,0.011634417809545994,-0.20789174735546112,1.5299313068389893
area,0.016919538378715515,0.5684570074081421,1.2720093727111816
tanggung,-0.9180827140808105,1.0511393547058105,0.8858563303947449
berangkat,0.09598276764154434,0.458982914686203,1.407358169555664
sana,-1.2537704706192017,0.24791671335697174,0.8879435062408447
markas,-0.8721390962600708,-2.21163272857666,2.8692574501037598
pasu,-0.6805354356765747,-0.97364342212677,1.544521689414978
acl,-1.3395463228225708,-2.192406177520752,2.64815092086792
images,-0.7751243114471436,-1.7720015048980713,2.2787046432495117
ikan,-1.1249445676803589,0.6509712338447571,0.861311674118042
serikat,-0.14520950615406036,0.030748780816793442,1.2223622798919678
keluarga,-0.1920388787984848,0.6731390953063965,1.2204546928405762
rotasi,-0.13869556784629822,-0.01778535358607769,1.314331293106079
sport,0.05875961109995842,-0.2757674753665924,1.4596912860870361
cabang,-2.0228841304779053,0.44210973381996155,0.8270456194877625
positif,-1.1374104022979736,0.1959637999534607,0.9316598176956177
pp,-0.5326319336891174,0.3580839931964874,1.0580707788467407
amorim,-1.5948771238327026,-0.6524057388305664,1.2316486835479736
era,-1.6215782165527344,-0.8190075755119324,1.265548825263977
djaka,0.5615572333335876,0.18997511267662048,1.8181630373001099
selundup,-1.543182373046875,1.2596558332443237,0.8629427552223206
qodari,0.5009965300559998,0.4758203327655792,1.8843153715133667
pound,-3.969775438308716,1.6108129024505615,1.3033838272094727
tony,0.10079912841320038,0.7105247974395752,1.4061013460159302
kanal,-0.810775876045227,1.4615423679351807,1.0650713443756104
varnion,0.30080094933509827,1.4828904867172241,1.685243010520935
upah,-3.05698299407959,1.4273065328598022,0.9205086827278137
krl,0.1994181126356125,1.6853959560394287,1.6445622444152832
trainset,-0.18645153939723969,0.4278547465801239,1.2369908094406128
kabinet,-0.19546754658222198,-0.511853814125061,1.522480845451355
parlemen,1.6606059074401855,0.3480679988861084,3.832122802734375
subsidi,-0.8079732060432434,1.3685150146484375,1.0147489309310913
line,0.6125820875167847,2.57698392868042,2.4511561393737793
hulu,-0.3221721649169922,2.451631546020508,1.7072863578796387
bendahara,0.4740825891494751,-0.38675063848495483,2.194880485534668
ditjen,1.3091896772384644,0.6740636825561523,2.988018035888672
tipu,-1.6968803405761719,1.5969274044036865,0.9014651775360107
klaim,-1.7949937582015991,2.1704490184783936,1.050842046737671
satgas,0.23873640596866608,0.7388588786125183,1.4777295589447021
likuiditas,-0.9872546195983887,1.9710025787353516,1.1901015043258667
petrokimia,-0.6984035968780518,2.8507673740386963,1.7091184854507446
erwin,0.34416255354881287,1.0704412460327148,1.5663563013076782
jenis,-0.970944881439209,1.4996922016143799,1.0006062984466553
ata,-0.7599449157714844,1.808140516281128,1.0954992771148682
air,-0.45306798815727234,1.7753690481185913,1.2296934127807617
desember,-0.4755227565765381,0.4734700918197632,1.0483819246292114
konferensi,1.2091177701950073,0.38987991213798523,2.664098024368286
kala,-0.06276389956474304,-0.39574453234672546,1.4984644651412964
libat,-0.7480783462524414,1.0742967128753662,0.961783230304718
anakanak,-0.23117397725582123,1.7048989534378052,1.3946304321289062
dinamika,-1.1417222023010254,1.8269984722137451,1.1245275735855103
tawar,-1.0304909944534302,0.48102083802223206,0.8616865873336792
karier,-1.8227828741073608,0.09382586181163788,0.9381012320518494
tech,-0.4218079149723053,-0.4361098110675812,1.338503360748291
lolos,-1.5615662336349487,-1.1901577711105347,1.6426496505737305
lantas,-0.675224781036377,-0.5789290070533752,1.253605604171753
gera,-0.9571501612663269,0.8815572261810303,0.8910439610481262
iraola,-0.24170725047588348,-1.0524213314056396,1.8321301937103271
sih,-2.0520401000976562,-0.15954837203025818,0.897037148475647
maaf,0.6441124677658081,0.8808671832084656,1.9882770776748657
sorot,-0.14857080578804016,1.0441663265228271,1.2642667293548584
australia,-1.0827707052230835,-0.6475321650505066,1.1952000856399536
red,-0.7707652449607849,-1.3497753143310547,1.8197201490402222
pinjam,-1.193949580192566,0.5947301983833313,0.804720938205719
kemas,-0.8616311550140381,1.028281569480896,0.8110315799713135
conor,-1.1532458066940308,-2.012585401535034,2.5436079502105713
time,-0.9277502298355103,-1.6989959478378296,2.204894781112671
pojok,-1.1991816759109497,-1.280880093574524,1.5966300964355469
rider,-1.2740771770477295,-0.4599490761756897,1.1289774179458618
setan,-2.0495495796203613,-0.9414477348327637,1.407059907913208
skema,-0.7190238237380981,0.8433919548988342,0.9924477934837341
international,1.3052608966827393,-0.441737562417984,3.0697896480560303
perdana,-1.1210994720458984,-1.6166678667068481,2.0459957122802734
semangat,-0.7060180306434631,0.6768225431442261,0.9636484980583191
vallecano,-1.6418766975402832,-1.7774218320846558,2.056189775466919
lari,-1.2292520999908447,1.0862637758255005,0.8328836560249329
borneo,-1.1095778942108154,-1.213927149772644,1.6018563508987427
situs,-0.3513193726539612,-1.2746018171310425,2.02242112159729
derby,-2.2950570583343506,-1.6183632612228394,1.9311115741729736
fernandez,-0.7799729704856873,-0.5648136734962463,1.0922064781188965
transisi,-0.41540005803108215,0.23390918970108032,1.0696601867675781
tiba,0.4927448630332947,0.15669739246368408,1.5869019031524658
aichinagoya,-2.0357391834259033,-0.24180914461612701,0.9964767694473267
jelang,-0.9954161643981934,-0.4777193069458008,1.2027956247329712
gelandang,-1.6775505542755127,-0.8954623937606812,1.3668383359909058
two,-1.515323519706726,-2.3803157806396484,2.8056182861328125
tonton,-0.6740860939025879,-0.42980363965034485,1.1830490827560425
teknik,-1.385681390762329,1.1394544839859009,0.8632621169090271
personal,-1.4003026485443115,2.1917269229888916,1.1392717361450195
panggil,-1.2736058235168457,-0.041076838970184326,0.9860939383506775
materi,-0.6005918383598328,0.73366379737854,1.0380727052688599
januari,-0.9343823194503784,0.2898167073726654,0.9184231758117676
sea,-3.0788941383361816,-0.15575267374515533,1.172837734222412
kiprah,-0.7957935929298401,-0.8188405632972717,1.3843861818313599
senayan,1.4575364589691162,0.06271351128816605,3.5676169395446777
kalian,-1.1548218727111816,-0.08171534538269043,0.9837371110916138
kontribusi,-1.6743417978286743,0.4892231822013855,0.734571635723114
dor,-2.3338499069213867,-0.8053783774375916,1.1884217262268066
ballon,-2.505812406539917,-0.83706134557724,1.2282041311264038
flick,-1.2576316595077515,-1.0517282485961914,1.4561420679092407
belitung,0.2856452763080597,1.2286779880523682,1.607625961303711
mulyani,0.3116222023963928,0.011075000278651714,1.7461483478546143
sri,0.435752809047699,0.06771184504032135,1.7750643491744995
sertifikasi,-0.13568627834320068,1.6223275661468506,1.3628530502319336
sarjito,0.4071115255355835,0.6819185018539429,1.7607412338256836
tugu,-1.115506649017334,1.8790627717971802,1.0362211465835571
nasabah,-1.2760995626449585,1.5093488693237305,0.9770521521568298
kredibilitas,-1.1047554016113281,2.222470998764038,1.2482388019561768
shinta,-0.02893524058163166,0.7709653973579407,1.3972429037094116
byan,-0.07369339466094971,1.0157114267349243,1.2980793714523315
copot,0.2837013006210327,-0.188687264919281,1.7023752927780151
halara,0.8713240623474121,0.5195777416229248,2.1582396030426025
ump,-1.5258076190948486,0.8927434682846069,0.7501595616340637
spbu,-0.34390920400619507,1.4994697570800781,1.3253452777862549
anung,0.8129338622093201,1.1624473333358765,2.36538028717041
management,0.3757747709751129,0.5572198629379272,1.546843409538269
pantau,-0.33022540807724,1.4322712421417236,1.3346351385116577
esdm,1.4077718257904053,0.9296458959579468,2.8200061321258545
bunga,-1.0650877952575684,0.41918715834617615,0.8290297985076904
ekspansi,-0.47184237837791443,2.262413501739502,1.5423837900161743
fondasi,-0.09032300859689713,2.1705636978149414,1.7427515983581543
tan,0.7530531883239746,0.7751701474189758,1.9294077157974243
ramai,-0.5328385233879089,0.5552292466163635,1.0385273694992065
urban,-0.04445664584636688,0.31529513001441956,1.228766918182373
komunitas,-0.3985258638858795,1.8394883871078491,1.2693798542022705
tuntut,-0.5138272643089294,0.36438778042793274,1.007965087890625
idola,-1.06915283203125,0.12976565957069397,0.7473658919334412
psim,-0.9628778100013733,-1.3224496841430664,1.7429652214050293
digit,-2.047611713409424,0.20099502801895142,0.8181079626083374
contoh,-1.2502732276916504,0.6444621086120605,0.7344779372215271
axcr,-0.7863761186599731,-0.07056081295013428,1.001283884048462
agenda,-0.46446412801742554,0.5337169766426086,1.0536268949508667
prasetyo,0.7090608477592468,0.3395489454269409,1.8981822729110718
figur,-0.3605910837650299,-0.024807076901197433,1.2552101612091064
iin,0.4652363955974579,1.571895956993103,1.8411457538604736
administrasi,-0.2904520034790039,1.6095105409622192,1.319746732711792
porprov,-0.9644154906272888,0.6383544206619263,0.935425341129303
agung,1.0187894105911255,1.1130273342132568,2.3802382946014404
sembari,-0.4316113293170929,0.3479374051094055,1.0611565113067627
tari,-0.45342713594436646,0.7364006638526917,1.0404956340789795
undang,-0.2465885579586029,0.3599899411201477,1.1493122577667236
namanama,0.05598359555006027,-0.5604698657989502,1.6072663068771362
antara,-1.4003496170043945,0.5021568536758423,0.8522381782531738
pukul,0.3755132853984833,-1.2235950231552124,2.7455618381500244
honda,-0.6255784034729004,-0.4720028340816498,1.3102755546569824
ban,0.4863605201244354,0.4931354522705078,1.6711747646331787
mesin,-0.24927069246768951,1.1501647233963013,1.2010364532470703
saudi,-0.009554040618240833,-0.11526138335466385,1.2971938848495483
putar,-1.72023344039917,-0.5704266428947449,1.05325448513031
mula,0.11039023846387863,0.3593751788139343,1.357454776763916
asa,-1.3894410133361816,0.4580042064189911,0.8440744280815125
kartu,-1.76559579372406,-0.5236930251121521,1.0506913661956787
skala,-1.0932737588882446,1.7028553485870361,1.0538256168365479
aplikasi,-0.24752987921237946,1.4480141401290894,1.3092765808105469
alfamart,-0.8380240797996521,1.0409801006317139,0.8843936920166016
szoboszlai,-0.4863896667957306,-1.6384015083312988,2.4598255157470703
bagas,-1.1130328178405762,0.08503212779760361,0.9082807898521423
tiket,-0.8286106586456299,0.47629621624946594,0.8348102569580078
duel,-1.183750867843628,-1.0711647272109985,1.4334313869476318
ipswich,-1.2311726808547974,-1.5512311458587646,1.95718252658844
buruk,-1.4434505701065063,-0.953455924987793,1.4082729816436768
john,-1.6829509735107422,-0.24331556260585785,0.9879610538482666
sakit,-1.2454936504364014,-0.41541868448257446,1.0503458976745605
justru,-0.6650128960609436,-0.3230186104774475,1.224961519241333
puas,-0.8752551078796387,-0.9056558609008789,1.3960684537887573
sayang,-0.7683669924736023,-0.5094057321548462,1.289665699005127
roberto,-0.6461443305015564,-1.812559723854065,2.354030132293701
anfield,-0.9120417833328247,-1.946032166481018,2.529332160949707
anggap,-0.9097660779953003,0.08085062354803085,0.9210203289985657
ujung,-0.17395180463790894,0.24246887862682343,1.1673778295516968
lahir,-1.3363149166107178,-0.5111703872680664,1.0544085502624512
viral,-0.1805296242237091,0.2595253884792328,1.153693675994873
sanksi,-0.7312391996383667,1.2596168518066406,1.108639121055603
world,-0.02156284637749195,-1.876447319984436,3.1577043533325195
on,-1.7252663373947144,-0.8944041728973389,1.3232369422912598
audero,-1.6065340042114258,-1.4604965448379517,1.6741924285888672
kembali,0.011048794724047184,0.8606173396110535,1.4027807712554932
kapten,-1.5829142332077026,-0.7300027012825012,1.1640775203704834
ingin,-1.3758641481399536,0.01674387790262699,0.8609099984169006
segala,-1.0689903497695923,0.49008864164352417,0.9103987216949463
guardiola,-1.655976414680481,-0.532870888710022,1.093407154083252
ragu,-1.3288203477859497,-0.6269959211349487,1.2254010438919067
jose,-0.9531790614128113,-1.5223852396011353,2.026285171508789
penalti,-0.5001973509788513,-0.9247372150421143,1.5924817323684692
kotak,-0.511360764503479,-0.9818606972694397,1.5364930629730225
kylian,-1.385656714439392,-2.017112970352173,2.3784379959106445
los,-0.8136365413665771,-1.83501398563385,2.4512369632720947
jerman,-1.5745428800582886,-0.8500033617019653,1.2894400358200073
unjuk,-0.7490634918212891,-0.29858604073524475,1.1653639078140259
gordon,-1.250227689743042,-0.6623095273971558,1.1124703884124756
susul,-0.30429697036743164,0.022266773506999016,1.2045859098434448
igor,-0.9270552396774292,-1.3061885833740234,1.7547709941864014
via,-0.32620981335639954,-1.3365873098373413,1.8694144487380981
matchday,-0.9290470480918884,-1.6303538084030151,2.1359996795654297
apabila,-0.564852237701416,0.4066481292247772,1.0286331176757812
signifikan,-1.8423093557357788,1.423822045326233,0.9413184523582458
layak,-1.7978219985961914,0.14857718348503113,0.8563462495803833
sumbang,-1.5344101190567017,-0.2768876850605011,0.9654085636138916
otot,-0.5360280871391296,0.20340986549854279,1.0686627626419067
titel,-3.04805588722229,-1.1571041345596313,1.6436079740524292
jj,-2.8019213676452637,-0.40471065044403076,1.1119654178619385
bintang,-1.406874179840088,-0.7341768741607666,1.241010069847107
shaw,-2.0728306770324707,-0.5850709080696106,1.1079415082931519
top,-1.4747689962387085,-0.5904106497764587,1.0920097827911377
bmks,0.03725433349609375,1.395819067955017,1.5393524169921875
djbc,0.7611222267150879,0.29354357719421387,2.1162092685699463
koper,-1.2168067693710327,1.9230512380599976,1.0799472332000732
dpum,-0.8603255152702332,1.2287410497665405,1.0157848596572876
laba,-2.7127134799957275,1.0405391454696655,0.9090522527694702
cmry,-1.0688025951385498,1.745263695716858,0.8866587281227112
tht,-0.10758666694164276,0.22358904778957367,1.3574632406234741
reshuffle,0.21802572906017303,-0.19037942588329315,1.719617247581482
majeure,-0.9634236693382263,0.8939498662948608,0.79481041431427
kahar,-1.4246832132339478,1.000032663345337,0.8461241126060486
kg,-2.1208226680755615,1.031278371810913,0.7774819731712341
president,0.8311484456062317,2.0646414756774902,2.350503444671631
perban,-0.6865261793136597,2.576200008392334,1.5831897258758545
aph,0.12723003327846527,0.717982292175293,1.4768282175064087
am,-1.5720295906066895,1.586389183998108,0.8450095057487488
sucor,-1.450496792793274,1.897359848022461,0.9534331560134888
x,-1.6448866128921509,0.6528667211532593,0.6411169767379761
oskaria,1.202248215675354,0.7150038480758667,2.655038356781006
tara,-2.604015350341797,1.6538147926330566,0.8946657776832581
phr,-0.361695259809494,1.4554518461227417,1.3153153657913208
ab,-0.6662908792495728,1.0131078958511353,1.1073100566864014
inflasi,-1.58916175365448,0.9525355696678162,0.8216601610183716
volume,-1.5416208505630493,1.5721396207809448,0.9092851281166077
birokrasi,0.16505728662014008,0.5937821865081787,1.4318171739578247
dinas,-0.899817705154419,0.9115274548530579,0.893684446811676
mutu,-0.7693665027618408,1.9680802822113037,1.1488124132156372
otoritas,0.2964712679386139,1.4005450010299683,1.511535882949829
profil,-1.4171241521835327,2.570831298828125,1.24430513381958
implementasi,-0.38385269045829773,1.0381826162338257,1.1154208183288574
darat,-0.025223443284630775,2.039506673812866,1.6348658800125122
luncur,0.28111913800239563,1.7511757612228394,1.7668653726577759
relevan,-0.7981360554695129,2.2091434001922607,1.4200819730758667
pacific,0.7796013951301575,2.5530197620391846,2.651714563369751
swasta,-1.780055284500122,1.7081224918365479,0.9890647530555725
tangkap,0.29946523904800415,0.9741727709770203,1.6119203567504883
struktur,-0.04597058519721031,1.315270185470581,1.3455514907836914
eselon,0.5714231133460999,0.4360659122467041,1.7681454420089722
setor,-0.06157829612493515,0.8431478142738342,1.1515381336212158
model,-0.6174850463867188,1.7848728895187378,1.3256773948669434
baku,-0.9184414744377136,2.5615270137786865,1.4427602291107178
tani,0.39334234595298767,0.5447172522544861,1.5418579578399658
pangan,0.12781158089637756,1.0834321975708008,1.401615858078003
nikmat,-0.9009318351745605,0.49456650018692017,0.9176340103149414
samuel,-0.25189414620399475,0.6832778453826904,1.1012824773788452
gali,-1.0018260478973389,1.277403712272644,0.9273040294647217
bangsa,-0.19092367589473724,0.5363649129867554,1.24563467502594
prosedur,0.044217899441719055,1.1703786849975586,1.4559897184371948
popprov,-1.3489243984222412,1.0620392560958862,0.9729480743408203
menep,-0.22022177278995514,-0.7751859426498413,1.673280119895935
bidang,0.29321566224098206,0.9844563007354736,1.5763412714004517
eko,0.1034943014383316,0.9661405086517334,1.514006495475769
bima,-0.25831493735313416,0.9025630354881287,1.1422230005264282
awak,0.6139135360717773,0.1577301174402237,1.9821419715881348
perunggu,-2.7978975772857666,0.3520328104496002,0.9352028965950012
wali,0.6500272750854492,1.0710664987564087,1.977767825126648
dprd,0.5529999732971191,1.3533707857131958,1.9023798704147339
jakbar,-0.4406924843788147,0.4037294089794159,0.8769291043281555
motorsport,-0.28284740447998047,0.15031372010707855,1.215976357460022
karena,-0.28806009888648987,0.38563621044158936,1.1163605451583862
blakblakan,0.6757155060768127,-0.747077226638794,2.833841562271118
pandang,-0.07576901465654373,0.10631054639816284,1.2853848934173584
kejut,-0.9135587215423584,0.18720495700836182,0.9358905553817749
indah,-0.06337305903434753,1.894669532775879,1.4322799444198608
ini,-0.13148465752601624,0.8389273881912231,1.3047130107879639
quartararo,-0.8833430409431458,-0.7252404093742371,1.311276912689209
maksud,-0.5537066459655762,0.17801031470298767,1.0317403078079224
konsep,-0.4474411606788635,0.9585902094841003,1.0790385007858276
upa,-0.8692506551742554,0.880833625793457,0.8916040658950806
k,-2.0076451301574707,-1.520734190940857,1.8644932508468628
nila,-2.5470333099365234,0.8859934210777283,0.8547663688659668
mimpi,-1.6702498197555542,0.061397984623909,0.8846559524536133
kontra,-1.1068085432052612,-1.7674295902252197,2.14884090423584
cody,-0.01656140573322773,-1.7316242456436157,2.743081569671631
alexis,-0.10830830782651901,-1.7638802528381348,2.6309897899627686
gitu,-0.5856965780258179,0.234992116689682,1.0229260921478271
sepakat,-0.6015164852142334,1.0510121583938599,1.0137091875076294
jiwa,-1.7960898876190186,0.6031473875045776,0.774048388004303
matang,-0.7798193693161011,0.6519898176193237,1.0275018215179443
apri,-0.018672460690140724,-0.0005936617963016033,1.281575083732605
prioritas,-0.8656754493713379,1.4494860172271729,1.0433409214019775
kualifikasi,-1.1875380277633667,-1.7222869396209717,1.9332484006881714
pbsi,-0.9200523495674133,-0.9043936729431152,1.3590611219406128
saling,-0.4465891122817993,0.9742686748504639,1.0652223825454712
bebas,-0.38109830021858215,-0.39836812019348145,1.2811845541000366
mati,-0.8802558779716492,-0.41981881856918335,1.171233892440796
kadu,-0.5504013299942017,-1.0459704399108887,1.611503005027771
kapan,-1.3664827346801758,0.030754366889595985,0.9109682440757751
hyrox,-0.7185840010643005,-0.10162120312452316,1.0334311723709106
eropa,-1.200551986694336,-0.3723013699054718,0.9940484762191772
stegen,-2.27213191986084,-0.36834368109703064,0.9513906836509705
ter,-2.5698554515838623,-0.30992403626441956,0.9391465783119202
nino,-0.59648597240448,-1.09537672996521,1.6309144496917725
matias,-0.777860164642334,-1.6665778160095215,2.1988351345062256
telah,-0.9158913493156433,-1.1402419805526733,1.7085816860198975
turnamen,-1.5239732265472412,-0.30407193303108215,1.0149928331375122
injury,-0.9425384402275085,-1.725326657295227,2.239661693572998
jorge,-1.956333875656128,-1.1527365446090698,1.418920874595642
untun,-2.1042346954345703,-1.2737302780151367,1.677153468132019
sapu,-2.092175006866455,-0.543384313583374,1.0011905431747437
janji,-0.4909059703350067,0.25752899050712585,1.0610482692718506
ajak,-0.8371296525001526,0.5569769144058228,0.8945379257202148
c,-0.05781730264425278,-0.6325045228004456,1.513694405555725
runnerup,-1.5516633987426758,-0.9670232534408569,1.4201655387878418
si,-0.53228360414505,-1.2968220710754395,1.903132438659668
balas,-1.1496810913085938,-1.5455787181854248,1.9801570177078247
tepis,-1.2930773496627808,-1.3895103931427002,1.6936135292053223
mobilitas,-0.8538961410522461,1.454555869102478,1.1511441469192505
ancam,-0.9035601019859314,-0.2723958194255829,1.084747314453125
finis,-2.115417242050171,-0.6210049390792847,1.1128742694854736
antar,-1.2912718057632446,-0.43476855754852295,1.1349871158599854
kerah,-0.1789775937795639,0.5822443962097168,1.2155274152755737
telak,-1.2914226055145264,-1.8486976623535156,2.286768913269043
asisten,-3.10903263092041,1.1499946117401123,1.014431118965149
kursi,-1.0226631164550781,-0.6368454098701477,1.250675916671753
rodri,-1.1632773876190186,-0.5855584144592285,1.1656349897384644
blancos,-0.8825879693031311,-1.8377569913864136,2.371739387512207
martinez,-0.12520208954811096,-1.7661861181259155,2.6126840114593506
damping,0.20282326638698578,1.169721007347107,1.4901106357574463
aktif,-1.1781222820281982,0.6391390562057495,0.77763831615448
equestrian,-0.20341841876506805,0.9405046105384827,1.0639326572418213
dominasi,-1.4807673692703247,-0.28855469822883606,0.9207028150558472
laut,0.5551713109016418,1.012157917022705,1.6751618385314941
viettel,-0.8047707676887512,-1.9692398309707642,2.4435105323791504
sukses,-1.633741855621338,-0.6109594702720642,1.042747139930725
getty,-0.8053507208824158,-1.271247148513794,1.6706112623214722
istirahat,-0.5657739639282227,0.4474267363548279,1.0442399978637695
inti,-0.7718712687492371,1.117011308670044,0.9217250943183899
sesi,-0.8288771510124207,0.14952316880226135,0.8944854140281677
pada,-0.5548766851425171,1.3489856719970703,1.1387286186218262
sosok,-0.24525418877601624,-0.002495336113497615,1.327240228652954
meter,-1.2824822664260864,-0.4509129822254181,1.1115056276321411
bela,-0.9730913043022156,-0.6866356730461121,1.3462498188018799
koni,0.6288264989852905,0.6494935154914856,1.95042085647583
tembus,-1.9024386405944824,0.3901819884777069,0.7416738867759705
kanan,-0.7655134797096252,-0.8133571743965149,1.4824525117874146
kaki,-0.6432195901870728,-0.5862590074539185,1.2604142427444458
judi,0.04483432322740555,0.6507374048233032,1.300757884979248
lubang,-1.078179121017456,1.065445899963379,0.8233503103256226
pinjol,-0.2464158982038498,0.9293494820594788,1.2094786167144775
pindar,-0.8273453116416931,1.7000997066497803,1.2132062911987305
kustodi,-0.5425057411193848,2.1381402015686035,1.4053499698638916
ossy,0.6204357147216797,0.8333426117897034,2.007615089416504
accident,-1.034963607788086,2.407677412033081,1.3222798109054565
life,0.17222809791564941,2.0416901111602783,1.6637308597564697
mega,-0.06644072383642197,2.4119656085968018,1.6779429912567139
pfi,0.05331019312143326,2.149374485015869,1.6360938549041748
moeharmein,1.1386113166809082,0.754462718963623,2.484524726867676
fleksibilitas,-0.21732540428638458,2.666619300842285,1.8828593492507935
ounces,-3.4699206352233887,1.6519659757614136,1.1090080738067627
pipa,0.058930762112140656,1.6583188772201538,1.543047547340393
cicil,-1.373886227607727,0.6839500069618225,0.784092366695404
hki,0.19076603651046753,0.9749151468276978,1.547558069229126
market,-1.2676585912704468,1.2587882280349731,0.844902515411377
lonjak,-1.6925793886184692,0.6498842239379883,0.8678550720214844
konektivitas,-0.6029306054115295,2.26347279548645,1.5138062238693237
omada,-0.307516485452652,1.9049432277679443,1.4735578298568726
mancing,-1.4927266836166382,-0.9734591841697693,1.407945990562439
tabung,-0.4042288064956665,-0.027922360226511955,1.2572925090789795
boulevard,1.028668761253357,1.6586421728134155,2.779329776763916
gaji,-0.9369871616363525,0.29262733459472656,0.9348078370094299
corporate,0.6030418872833252,2.1791629791259766,2.102985382080078
sarana,-0.02651216648519039,1.719292402267456,1.568683385848999
dukuh,0.1186792328953743,0.7840065360069275,1.4844495058059692
kspi,0.37121307849884033,-0.00448311073705554,1.7838374376296997
obligasi,-0.3692724108695984,1.5170464515686035,1.1972306966781616
reksa,-0.6291030645370483,1.8439135551452637,1.259700059890747
instrumen,-1.0144060850143433,2.0425045490264893,1.1985372304916382
antre,-0.5143840909004211,0.821779191493988,1.0467449426651
resources,0.07776076346635818,1.9322954416275024,1.5205005407333374
jeffrey,-0.06740821897983551,0.5334711670875549,1.2856738567352295
awat,-0.4813287854194641,1.365934133529663,1.168818712234497
instansi,-0.4349418580532074,0.5553877353668213,1.0532561540603638
minimal,-1.785250186920166,1.0433746576309204,0.8431232571601868
kompetensi,-0.4418502151966095,1.8690401315689087,1.4515854120254517
non,0.8947125673294067,1.4280415773391724,2.1048364639282227
ratus,0.3379397988319397,-0.2968590259552002,1.8675140142440796
talent,0.44563162326812744,0.5193414092063904,1.6700201034545898
produsen,-1.0696793794631958,2.1278579235076904,1.1440986394882202
jagung,-0.05634955316781998,1.8836063146591187,1.5545302629470825
igofdl,0.16502147912979126,-0.33745476603507996,1.437715768814087
wenang,-0.10304271429777145,1.1164720058441162,1.2945338487625122
konsumsi,-0.5301727056503296,1.7872718572616577,1.2217390537261963
efisien,-0.4969622790813446,1.6641184091567993,1.261178970336914
dermaga,0.4074453115463257,1.8456323146820068,1.8697339296340942
sukuk,-1.6407169103622437,0.39907222986221313,0.7422965168952942
ahli,0.23086011409759521,1.081636905670166,1.4146068096160889
detikcom,0.28467684984207153,0.11220432072877884,1.5746358633041382
entitas,-0.5753656029701233,1.5131945610046387,1.199506163597107
perkara,0.09796012938022614,0.8945754170417786,1.4587090015411377
ott,0.8388885259628296,0.9802566170692444,2.1476922035217285
pitojo,1.2301172018051147,0.7523220181465149,2.632782459259033
adrianto,1.3606650829315186,0.7318583726882935,2.809303045272827
wijayanto,1.2494745254516602,-0.2327561378479004,2.970893383026123
ahy,0.2648531198501587,0.8481994271278381,1.5344911813735962
aja,-1.1618884801864624,0.6542506217956543,0.8150583505630493
suara,0.48028138279914856,0.49099335074424744,1.869709849357605
ilyhns,-0.2563972473144531,0.9502550363540649,1.096984624862671
suatu,-0.9398927092552185,0.4624760150909424,0.957387387752533
alokasi,-0.8036512136459351,2.027588129043579,1.2385050058364868
perspektif,-0.6306749582290649,1.3214125633239746,1.1999869346618652
fundamental,-0.519635796546936,1.6261377334594727,1.3785806894302368
hambat,-0.5215520262718201,0.9839550256729126,1.1882855892181396
etanol,-0.6516401767730713,1.1653118133544922,0.9176473021507263
toko,-0.7993218302726746,0.9819149971008301,0.9539434909820557
misal,-0.6060354709625244,0.9486676454544067,0.9834657311439514
prinsip,0.17701682448387146,1.7194687128067017,1.580857276916504
inovasi,-0.5422921776771545,1.5846540927886963,1.2422118186950684
pintu,-0.6035335063934326,0.6937938928604126,1.0690916776657104
placemaking,-0.4044972360134125,0.9319882988929749,1.1777468919754028
tertib,0.15820787847042084,1.3754879236221313,1.4924615621566772
kontainer,0.04230562970042229,0.30039069056510925,1.3986073732376099
logistik,-0.533850908279419,1.081774353981018,1.1092370748519897
dokumen,-0.1249270886182785,1.138397216796875,1.288091778755188
rally,-1.4784233570098877,-0.15117688477039337,0.8320335745811462
pendek,0.1886991709470749,0.002769673941656947,1.2974172830581665
rentan,-1.011993646621704,0.04546491429209709,0.919355571269989
bekas,-0.1661461740732193,0.9200208783149719,1.2685189247131348
pria,0.3197762370109558,0.2151167392730713,1.5872894525527954
benfica,-1.1203997135162354,-1.016785979270935,1.413942575454712
eksekutif,0.9144249558448792,0.4064428508281708,2.2406833171844482
temanteman,0.12504662573337555,0.38981449604034424,1.4448422193527222
paksa,-0.2614896297454834,-0.6052725911140442,1.3932663202285767
cocok,-0.6092987060546875,0.8465918302536011,1.0134881734848022
p,-0.011828632093966007,-0.1900479793548584,1.464040994644165
max,-1.4533717632293701,-0.876410186290741,1.359305739402771
konsisten,-1.2240982055664062,0.4684343934059143,0.8834923505783081
houssine,-0.7063091397285461,-1.9704747200012207,2.6308541297912598
malu,-1.3263506889343262,0.23912113904953003,0.7742697596549988
saksi,-0.1481723189353943,0.29505810141563416,1.0932683944702148
kisar,-2.5481653213500977,0.8972341418266296,0.8038672804832458
ringan,-0.3461727201938629,1.0076401233673096,1.1744555234909058
normal,-1.5583325624465942,0.785395622253418,0.8659952282905579
had,0.8162347674369812,-0.02667066641151905,2.0102436542510986
yamal,-1.3936973810195923,-1.1991914510726929,1.4153457880020142
fp,0.22149306535720825,-1.8666718006134033,3.5964395999908447
jumat,0.5900373458862305,-0.33119842410087585,2.0396995544433594
ibu,0.06422292441129684,-0.07293231785297394,1.4358144998550415
fase,-0.83110511302948,-0.3473138213157654,1.0788180828094482
besok,-0.2651981711387634,-0.7744229435920715,1.6199660301208496
trias,-1.5025134086608887,-0.038297414779663086,0.9615811109542847
tipis,-1.741521954536438,-1.109868049621582,1.4752861261367798
bayern,-1.1199601888656616,-1.598191499710083,1.8934972286224365
yamaha,-1.225469946861267,-0.8232941627502441,1.3030433654785156
promosi,-0.49871963262557983,-0.15464088320732117,1.16985285282135
motor,-0.3746555745601654,-0.20379789173603058,1.225846767425537
var,-0.8707139492034912,-0.4469604790210724,1.170218586921692
kategori,-1.1335808038711548,-0.018626421689987183,0.9365558624267578
minum,-1.5045738220214844,-0.17583690583705902,1.0021978616714478
pulang,-1.5819858312606812,-0.20608334243297577,0.9028451442718506
minat,-1.018359661102295,0.2745630443096161,0.9849811792373657
ryan,0.15775255858898163,0.9120558500289917,1.4228297472000122
director,0.5848158597946167,1.250176191329956,1.6478025913238525
bahagia,-0.48190802335739136,0.9283683896064758,1.0550519227981567
betul,-0.5146162509918213,0.3309004306793213,1.0228098630905151
match,-1.9015685319900513,-0.9788540601730347,1.2524524927139282
sesko,-1.795889139175415,-0.15466855466365814,0.9727967977523804
scholes,-0.9331595301628113,-0.12651792168617249,1.0634682178497314
pssi,-1.1154271364212036,-0.0788322240114212,1.0330933332443237
rekam,-0.10613925755023956,-0.031383104622364044,1.2840913534164429
pelatnas,-0.8468302488327026,-0.8385077118873596,1.389095425605774
berani,-0.8348170518875122,0.3520716428756714,0.9230037331581116
denilson,-0.6914941072463989,-0.8801310658454895,1.409578561782837
terry,-1.4713560342788696,-0.28218454122543335,0.9538962244987488
banget,-1.4510074853897095,-0.60036700963974,1.094205379486084
kok,-0.945395290851593,-0.16962797939777374,1.0454009771347046
rakyat,-0.26769086718559265,0.1465492844581604,1.1190247535705566
diskualifikasi,0.0005651313113048673,-0.026205386966466904,1.427640438079834
wasit,-0.5251061320304871,-0.4005401134490967,1.1572660207748413
offside,-1.514387607574463,-0.6493493318557739,1.2118682861328125
misi,-0.8247550129890442,-0.06724008917808533,1.0633294582366943
usung,-0.6161527037620544,0.1775398701429367,0.8895056247711182
albion,-0.4577677845954895,-1.7792294025421143,2.405008316040039
ajax,-1.4217544794082642,-1.0011329650878906,1.3752354383468628
kecewa,-1.1365877389907837,-0.6755115985870361,1.3639144897460938
sudut,-0.3971468210220337,-0.6866797804832458,1.3673460483551025
berturutturut,-1.3526058197021484,-1.0925873517990112,1.4378660917282104
race,-0.01735479198396206,-1.2700154781341553,2.405992031097412
misano,-1.8621805906295776,-1.1929666996002197,1.5829708576202393
mukim,-0.4165317714214325,0.30892300605773926,1.1538522243499756
venue,-0.3666413128376007,-0.6420424580574036,1.3791598081588745
sekitar,0.0008820827933959663,0.9376291632652283,1.3475829362869263
sifat,0.3428788185119629,0.15818583965301514,1.455431580543518
singapura,0.20468297600746155,0.06554515659809113,1.4214814901351929
klok,-0.660977840423584,-1.0279383659362793,1.6020898818969727
makassar,-0.28023460507392883,0.1999858021736145,1.0028373003005981
surabaya,-0.9289188385009766,-0.8496977090835571,1.3190850019454956
mayor,0.15587864816188812,-1.1161181926727295,2.071093797683716
macan,0.10820381343364716,-1.1955476999282837,2.107414722442627
casaff,-0.8468250632286072,-0.9478033781051636,1.479095458984375
belanda,-1.640013337135315,-1.0303939580917358,1.429561734199524
isenmulang,-1.117178201675415,-1.4031578302383423,1.7530039548873901
pergi,-0.5591133236885071,0.08571727573871613,1.0384968519210815
citizens,-1.4944744110107422,-1.5074485540390015,1.8486689329147339
titik,-0.29617536067962646,0.6339573264122009,1.1026082038879395
yan,-0.8476746082305908,-1.1442830562591553,1.6663455963134766
tri,0.401801735162735,0.5898889303207397,1.5776350498199463
banten,-0.5956106185913086,-0.2638888359069824,1.0864344835281372
tangerang,-0.3488263785839081,0.168209969997406,1.0456812381744385
sempurna,-2.1166930198669434,-0.9861835837364197,1.3979520797729492
pedri,-1.4398695230484009,-0.7384874820709229,1.2317887544631958
puji,-1.1441121101379395,-0.6117521524429321,1.163698434829712
apik,-1.5599145889282227,-0.8462870121002197,1.3121261596679688
selisih,-2.103360652923584,0.2787225544452667,0.6791347861289978
biru,-1.1701631546020508,-0.9996427297592163,1.4056446552276611
victory,-0.7990311980247498,-1.795594334602356,2.3314404487609863
melbourne,-0.5690617561340332,-1.8529536724090576,2.4183924198150635
tolic,-0.8495448231697083,-1.7403532266616821,2.177112102508545
next,0.6685826182365417,-0.8536586165428162,2.282991886138916
previous,0.5339533686637878,-0.718726396560669,2.0834219455718994
salin,-0.4569486975669861,-1.7029834985733032,2.3728246688842773
taut,0.008711489848792553,-1.6470459699630737,2.719109296798706
anlega,-0.3727594316005707,1.206129789352417,1.1487538814544678
yeremias,-1.1620349884033203,0.8336052894592285,0.9414820075035095
prima,0.688874363899231,0.47311675548553467,1.7621352672576904
rutinitas,-1.148654818534851,0.3370930850505829,0.9474791288375854
mimika,0.08096566796302795,0.14470221102237701,1.344915747642517
peluru,-1.795348882675171,0.6122733354568481,0.7675458788871765
terbang,-1.3597301244735718,0.47065308690071106,0.8300803303718567
jangkau,-0.7289889454841614,1.323623538017273,1.0025900602340698
pon,-0.8847354054450989,0.16724006831645966,0.9633991122245789
hormat,0.21958811581134796,0.6467316746711731,1.5393449068069458
amatir,-1.6257070302963257,0.8166230320930481,0.8030832409858704
oke,-0.9645415544509888,-0.23534764349460602,1.125986933708191
produktif,-1.076006531715393,1.5703831911087036,1.038582682609558
norwegia,-1.7336606979370117,-0.6206336617469788,1.169834852218628
start,-1.7889114618301392,-0.6547128558158875,1.1659417152404785
euro,-2.8519980907440186,0.4800068438053131,0.8904832601547241
adaptasi,-0.39484766125679016,0.4450845420360565,1.1591660976409912
gaya,-0.9890273213386536,-0.17435207962989807,0.9810844659805298
card,-0.8020601868629456,0.6127101182937622,0.7750386595726013
bludebit,-0.8941667675971985,0.7183247804641724,0.7274774312973022
mall,-0.2826784551143646,1.9016066789627075,1.3516768217086792
pondok,-0.21922580897808075,2.1160943508148193,1.436150312423706
destinasi,-1.2526490688323975,0.2883356213569641,0.8924331665039062
makna,-0.6019013524055481,1.26206636428833,1.2063896656036377
sinambung,-0.6325615644454956,2.279679775238037,1.5309228897094727
raymond,0.5938004851341248,1.0525444746017456,1.840406060218811
smelter,-0.9895073175430298,1.431406021118164,0.9334889650344849
masyhud,0.6517985463142395,0.9364372491836548,2.114722728729248
india,0.5829249620437622,0.9411306977272034,1.8693312406539917
baron,0.18856430053710938,1.5349369049072266,1.5708245038986206
xii,1.2220115661621094,-0.05554068461060524,2.8897461891174316
ptfi,-0.2048872709274292,1.3341299295425415,1.1682618856430054
ekspor,-0.1372731626033783,0.4616613984107971,1.187367558479309
smv,-0.6095958352088928,0.6969127058982849,1.034731149673462
debottlenecking,0.13426333665847778,0.7835075259208679,1.4553170204162598
kementerianlembaga,-0.36493539810180664,0.6981688737869263,1.224941372871399
akhmad,0.6205571293830872,0.4702834486961365,2.0225768089294434
sl,-0.7703325152397156,1.2060754299163818,0.7404554486274719
tp,-1.0293734073638916,1.423279047012329,0.7371689677238464
buy,-0.9686402082443237,1.4557216167449951,0.7203454375267029
radio,0.2045774906873703,1.2813928127288818,1.5775378942489624
mncn,-0.1727929711341858,1.7700334787368774,1.4112448692321777
relatif,-0.950535237789154,0.9401847720146179,0.9327911734580994
stabil,-0.5995749831199646,0.9877593517303467,0.9797834157943726
coo,0.9144899845123291,1.6111068725585938,2.4678280353546143
magang,-1.021281361579895,0.5618364810943604,1.107877254486084
angkut,-1.0311259031295776,1.6417144536972046,1.0166023969650269
tarif,-0.6253907680511475,0.9189003705978394,0.9690739512443542
batubara,-0.2443855106830597,1.475961685180664,1.270528793334961
pemberitahuan,-0.6097804307937622,1.3144549131393433,1.0931344032287598
force,-1.286229133605957,0.8803375363349915,0.7154207825660706
bayan,0.34738123416900635,1.9065361022949219,1.8536412715911865
sekretaris,0.8505150079727173,0.1372414231300354,2.194350481033325
sasar,-1.1848313808441162,1.1016430854797363,0.8864499926567078
koneksi,0.13879401981830597,0.7923553586006165,1.4217571020126343
hrpfdl,-1.0419663190841675,0.863761842250824,0.7978243231773376
vice,0.6828181147575378,1.6614720821380615,1.960793375968933
halim,0.6689952611923218,1.4347052574157715,2.018404006958008
apbd,0.030598264187574387,1.8645505905151367,1.6515123844146729
koalisi,0.3302249312400818,-0.5039066076278687,1.9107420444488525
triwulan,-1.4250112771987915,0.5786107778549194,0.8314861059188843
sulawesi,0.4207419753074646,0.8699082136154175,1.6092305183410645
dirut,0.35774657130241394,1.0765630006790161,1.5566152334213257
koridor,0.41278448700904846,1.8122806549072266,1.895000696182251
insentif,-0.5691399574279785,1.2519346475601196,1.141603946685791
barel,-2.3969902992248535,1.1752548217773438,0.8804508447647095
konvensional,0.2460404485464096,1.9687551259994507,1.7479625940322876
rti,-0.33799734711647034,0.12732554972171783,1.1943880319595337
langkahlangkah,-0.3417295813560486,0.9347440004348755,1.1400481462478638
lahadalia,1.060064435005188,0.28835228085517883,2.5340209007263184
perempuan,-1.0792399644851685,0.8998809456825256,0.8617715239524841
sipil,-0.08934641629457474,1.2330577373504639,1.3528796434402466
cenderung,-0.9383923411369324,1.2215043306350708,0.9870245456695557
iya,-0.17364376783370972,-0.310923308134079,1.4758938550949097
sinyal,-0.24069485068321228,0.3727934956550598,1.2060521841049194
curang,-0.8439326286315918,1.8974884748458862,1.1286425590515137
polisi,0.15843793749809265,0.8091556429862976,1.4681373834609985
hemat,-0.5190401673316956,1.3107908964157104,1.1451680660247803
produktivitas,-0.7824150919914246,1.722023844718933,1.1923291683197021
pln,0.23196321725845337,1.4972481727600098,1.7022686004638672
emisi,-0.6442000269889832,1.2896610498428345,1.0070286989212036
sandar,-0.20587728917598724,1.6106011867523193,1.3726764917373657
supply,0.3986789286136627,1.8431036472320557,1.7475262880325317
ijarah,-1.2880239486694336,0.1339745670557022,0.7618802785873413
imbas,-0.25739628076553345,0.45737603306770325,1.0372519493103027
ratings,-0.799595296382904,0.05499527230858803,1.0215823650360107
diversifikasi,-0.14457492530345917,1.7458356618881226,1.4535032510757446
achmad,0.5073633193969727,0.8308589458465576,1.6686897277832031
orangorang,-1.3082343339920044,0.5387396216392517,0.9227769374847412
patuh,-0.5051349401473999,1.3087247610092163,1.078364372253418
berita,-0.2827633321285248,1.3270453214645386,1.2900563478469849
korupsi,0.33849290013313293,0.44728025794029236,1.3852953910827637
forum,0.6278434991836548,0.5931780934333801,1.7446190118789673
kumuh,-0.7282391786575317,1.0591375827789307,0.9993958473205566
diskusi,0.047306597232818604,0.4337259531021118,1.4209766387939453
ros,0.2643571197986603,0.097821444272995,1.621719479560852
enggan,0.47913041710853577,-0.23448367416858673,2.01405930519104
bpi,0.1539473831653595,2.293794870376587,1.8960360288619995
selat,-0.8953660130500793,0.8630391955375671,0.8840920329093933
korporasi,-0.7362736463546753,1.5315046310424805,1.1041359901428223
karhutla,-0.005346245132386684,1.1091454029083252,1.2485793828964233
paripurna,0.48374003171920776,-0.09826500713825226,1.814222812652588
rapbn,0.5725733041763306,0.3914772868156433,1.7404972314834595
dewan,0.5189034938812256,-0.0036035908851772547,1.8165209293365479
rekomendasi,-0.5546174049377441,0.5018478035926819,0.9593802690505981
zulhas,0.3128570318222046,0.9170202612876892,1.3646399974822998
cek,-1.2771432399749756,1.270991325378418,0.834587037563324
gratis,-0.4143952429294586,0.6543046236038208,0.9794756174087524
kaya,0.4121868312358856,1.580323338508606,1.8930152654647827
elektronik,-0.06997988373041153,1.0408985614776611,1.225321650505066
multiplier,-1.4458764791488647,1.1224685907363892,0.7440592050552368
atau,-0.6346665024757385,1.1933870315551758,1.0092295408248901
unsur,-0.35509151220321655,1.0580815076828003,1.267167568206787
manusia,-0.03954007104039192,1.7793161869049072,1.5284587144851685
pakar,0.41423147916793823,-0.1695684939622879,1.7968740463256836
generasi,-0.640559732913971,0.9495715498924255,0.9843688607215881
boaz,-0.7811857461929321,-0.09892569482326508,0.9747517108917236
halaman,-0.4705164432525635,-0.18588793277740479,1.2815027236938477
pratama,-0.027276264503598213,0.15084441006183624,1.2596036195755005
vickery,-1.352899193763733,-0.375139445066452,1.0755406618118286
cantum,-1.0709213018417358,1.8583518266677856,0.9777053594589233
mohon,-0.14182010293006897,1.1326671838760376,1.3352224826812744
telepon,-0.3165718615055084,-0.07977236062288284,1.3169201612472534
modifikasi,0.1902487874031067,0.29090622067451477,1.5263128280639648
rallycross,-0.05420392379164696,-0.5341711044311523,1.4634997844696045
fia,-0.1636127382516861,-0.4209113121032715,1.4040729999542236
mumpuni,-0.3111916482448578,0.3873407244682312,1.0663373470306396
aspirasi,-0.7819451689720154,1.03221595287323,1.0753734111785889
rangka,-0.5142990946769714,0.9895654916763306,1.1998741626739502
induk,-0.5164997577667236,0.9975883364677429,1.1117702722549438
sumatera,0.21007174253463745,1.1037824153900146,1.434641718864441
aula,1.1430244445800781,-0.041632406413555145,2.7384448051452637
kuasa,-0.8659008741378784,0.1248483657836914,0.9128134250640869
kent,-0.5852156281471252,1.4570257663726807,1.1715127229690552
mutmainnah,0.22283624112606049,1.5426958799362183,1.6535959243774414
hardiyanto,-0.09623308479785919,2.0603761672973633,1.5853508710861206
sunderland,-0.8905930519104004,-0.7866166234016418,1.325635552406311
mrpbay,-0.5721756815910339,-0.2891404628753662,1.0833522081375122
ucl,-1.5359461307525635,-1.2766591310501099,1.645821213722229
kans,-1.214848518371582,-0.5358370542526245,1.2285958528518677
town,-0.9449454545974731,-1.4622167348861694,1.8641765117645264
mrpraw,-1.3180477619171143,-0.33058589696884155,1.0873777866363525
fulham,-1.0128012895584106,-1.2703392505645752,1.7271214723587036
an,-1.4027297496795654,-0.23051346838474274,0.7945329546928406
agresif,-0.9716438055038452,0.11741944402456284,0.8315581679344177
ambang,-1.9764331579208374,0.949934720993042,0.8088451027870178
santander,-1.7820651531219482,-1.2110366821289062,1.4745973348617554
racing,-1.655442237854004,-1.1384965181350708,1.4239259958267212
asosiasi,-0.20207884907722473,0.7531583309173584,1.089748501777649
sports,0.2450636923313141,-0.28796225786209106,1.5905556678771973
kece,-0.059325411915779114,0.5581861138343811,1.2700021266937256
sentuh,-2.0735907554626465,-0.1661798655986786,0.8937137126922607
baymrp,-0.7246987223625183,-1.0828455686569214,1.4653871059417725
lamine,-0.9845792651176453,-1.2565845251083374,1.5496853590011597
kredit,-1.3664031028747559,1.3203760385513306,0.8259062170982361
khawatir,-1.5738649368286133,0.8054197430610657,0.7618279457092285
istimewa,-1.1557438373565674,0.2400318831205368,0.9046687483787537
gantung,-0.0004948225687257946,0.7611590027809143,1.2429835796356201
deret,-0.00897227507084608,-0.2866906523704529,1.5359934568405151
gemar,-1.319793701171875,-0.25068801641464233,1.067147970199585
munich,-0.9783248901367188,-1.409952998161316,1.7241132259368896
satusatunya,-1.5759671926498413,-0.11329350620508194,0.9066920876502991
baris,-0.6625204086303711,-0.2176874428987503,1.1826456785202026
ktm,-0.22299771010875702,-0.456585168838501,1.4044023752212524
komite,-0.06644026935100555,0.623399555683136,1.2354365587234497
otomatis,-0.5304564833641052,0.19859899580478668,1.157771110534668
partisipasi,-1.1805052757263184,0.39246299862861633,1.0191164016723633
pola,-0.9169138669967651,0.9419474601745605,0.8566821813583374
republik,0.23491860926151276,0.3479042053222656,1.5090322494506836
raya,-0.9303961396217346,-0.05260392278432846,0.9359506964683533
padu,-0.5281108617782593,0.9077196717262268,1.006734013557434
run,-1.5847026109695435,1.0525542497634888,0.7661197781562805
gembira,-0.5654783248901367,0.39831534028053284,1.0678671598434448
rio,-0.1789625734090805,-1.121096134185791,1.7861967086791992
dominik,-0.5727781057357788,-1.6232056617736816,2.2523508071899414
santos,-0.8186522722244263,-0.6551136374473572,1.1991777420043945
olimpiade,-1.5372332334518433,0.43991926312446594,0.8008384704589844
tandem,-0.9619417786598206,-0.376765638589859,1.0840092897415161
mix,-1.7241606712341309,-0.12768009305000305,0.8488205671310425
tiang,-0.8018434643745422,-0.9700226783752441,1.3984137773513794
kawal,-0.6203227639198303,-0.9696766138076782,1.5727229118347168
jarang,-2.1467766761779785,0.29964858293533325,0.8176760673522949
jarak,-0.828626275062561,-0.7023249864578247,1.3093823194503784
legenda,-1.6495730876922607,-0.7208676934242249,1.155761957168579
susah,-1.3786293268203735,-0.26696574687957764,0.9502527713775635
unggah,0.11743131279945374,-0.3664981424808502,1.625048041343689
singgung,-0.444600909948349,0.13602587580680847,1.1807966232299805
bangkok,-0.19810448586940765,0.14333787560462952,1.1570651531219482
trafford,-0.6052206754684448,-1.4936316013336182,1.9948033094406128
old,-0.5983448624610901,-1.7015100717544556,2.273630380630493
sah,-0.905361533164978,-0.5709026455879211,1.1958507299423218
hove,-0.46891894936561584,-1.8513978719711304,2.5548532009124756
sheet,-1.9752401113510132,-1.12074613571167,1.4023293256759644
clean,-1.679647445678711,-0.9987905621528625,1.3644201755523682
cerdas,-0.6500356793403625,0.2612941265106201,0.9845719933509827
tekel,-1.5243871212005615,-0.480468213558197,1.066301941871643
osorio,-0.6299521327018738,-1.5245306491851807,2.0183045864105225
dituro,-0.6546224355697632,-1.6738680601119995,2.1440372467041016
everton,-1.131034255027771,-1.0847773551940918,1.5772956609725952
panik,-0.7335956692695618,-1.608341932296753,2.1603829860687256
tenang,-1.3173328638076782,-0.27243393659591675,0.950766921043396
pesan,-1.1515650749206543,-0.28458335995674133,1.0552457571029663
ubed,-1.086585521697998,-0.29162535071372986,0.9507566690444946
petik,-1.3679375648498535,-0.7781175971031189,1.239090919494629
yusuf,-0.8247765898704529,0.08011608570814133,0.9002391695976257
alwi,-0.5208629369735718,-0.17035239934921265,0.9912621378898621
nyaris,-1.0657647848129272,-0.9007151126861572,1.4008455276489258
kendala,-0.30492454767227173,0.20969776809215546,1.1777138710021973
tanda,-0.3067917823791504,0.9798128604888916,1.1333409547805786
calon,-1.1476459503173828,0.2153860628604889,0.8545786738395691
uefa,-1.1272344589233398,-0.9331938028335571,1.3990249633789062
surat,-1.0313496589660645,0.6428802609443665,0.8641843795776367
sugbk,0.5521196722984314,-0.5627365112304688,2.1129250526428223
persentase,-1.7141488790512085,-0.5661298036575317,1.1210145950317383
bangladesh,-0.1046440601348877,-0.41412174701690674,1.3684417009353638
jago,-1.7685521841049194,-1.2558988332748413,1.521843433380127
jaya,-0.026403382420539856,0.1054472029209137,1.016035795211792
baya,-1.1291286945343018,-1.2490769624710083,1.6359577178955078
maung,-1.1744716167449951,-2.1824629306793213,2.6897144317626953
kepada,-1.0664528608322144,0.004993783310055733,0.9934051632881165
rating,-1.032380223274231,-0.6567081212997437,1.1225789785385132
madura,-0.6013739109039307,-0.9031873941421509,1.3496544361114502
ambisi,-1.3969786167144775,-0.17191973328590393,0.9980989694595337
laju,-1.7715884447097778,-0.6463375091552734,1.2608808279037476
silva,-0.705292284488678,-0.6056804656982422,1.1634145975112915
dekade,-1.3307832479476929,0.00955198798328638,0.9464702010154724
cadang,-0.6601400375366211,-0.2834289073944092,1.0080348253250122
nathan,-0.6031603813171387,-0.39201852679252625,1.158835768699646
terminal,-0.10776986926794052,1.6789122819900513,1.400471568107605
gulir,-0.9727041721343994,-0.4733606278896332,0.9909862875938416
ynaaff,-0.45436277985572815,-0.8129791021347046,1.5256153345108032
juru,-0.4484969973564148,-0.6525415182113647,1.3778905868530273
cesar,-1.126376986503601,-0.9262567758560181,1.308132529258728
api,0.4920862913131714,0.2680109143257141,1.4847558736801147
david,-0.5602625608444214,-0.9414119124412537,1.4211411476135254
situ,0.021241961047053337,0.3034919202327728,1.3183753490447998
didik,-0.5950637459754944,1.0790698528289795,1.014403223991394
sore,0.043197114020586014,-1.0662622451782227,2.1320037841796875
jajar,-0.09228496253490448,0.8447752594947815,1.3012229204177856
multievent,-2.257335662841797,-0.24404455721378326,0.9770766496658325
atletatlet,-1.2691333293914795,0.5449023842811584,0.9602318406105042
bersamasama,-0.25261449813842773,1.2989710569381714,1.2113817930221558
pro,-1.4079179763793945,0.0863565132021904,0.8165295124053955
november,-0.5462779402732849,-0.21525579690933228,1.2944008111953735
ngatino,-0.032859835773706436,0.12161476165056229,1.4218273162841797
europa,-2.1461100578308105,-1.3447465896606445,1.7136585712432861
transfer,-0.8040318489074707,0.3882250189781189,0.8167673349380493
juni,-1.9847469329833984,0.4095456004142761,0.7824171781539917
luke,-1.349650263786316,-0.670255184173584,1.096798300743103
halhal,-1.3753470182418823,0.2965318560600281,0.892801821231842
hansi,-1.3916677236557007,-0.7458429336547852,1.1372140645980835
hebat,-1.2382402420043945,-0.06890368461608887,0.9242684245109558
striker,-1.9051001071929932,-0.5290303826332092,1.0797643661499023
hamza,-1.4075357913970947,-0.5943453311920166,1.004104495048523
kuota,-0.21237000823020935,1.299623966217041,1.260425329208374
maroef,0.1278901845216751,0.4510975480079651,1.50484037399292
agusman,0.6979296207427979,0.6047306060791016,1.9966341257095337
promo,-0.7264597415924072,1.0688910484313965,1.0434376001358032
metode,-0.6438905596733093,0.6344744563102722,1.0417935848236084
itinerary,-0.5124980807304382,0.5075023174285889,1.0579873323440552
blu,-0.13287052512168884,0.45002689957618713,1.1300028562545776
wishlist,-0.9384845495223999,0.22629114985466003,1.0650287866592407
yoy,-2.648228406906128,0.9492347240447998,0.854671061038971
defisit,-1.9946656227111816,1.1330785751342773,0.8841115832328796
kehatihatian,-0.3648080825805664,2.3527767658233643,1.647321343421936
id,0.3967128396034241,1.0403938293457031,1.594105839729309
mind,0.454420268535614,1.1424684524536133,1.6381510496139526
integritas,-0.5499089956283569,1.55385160446167,1.2386651039123535
bpn,0.8034414649009705,1.0358972549438477,1.9823681116104126
aminuddin,1.1466763019561768,0.8265053629875183,2.536787271499634
banking,0.35990360379219055,2.3682587146759033,1.990691900253296
diserahterimakan,-0.3713196814060211,1.4212069511413574,1.2187761068344116
adcp,-0.8412898778915405,0.7877999544143677,0.864882230758667
zein,0.9605312943458557,0.6654478311538696,2.181366443634033
bijih,-3.0659232139587402,0.7694821953773499,0.9918360710144043
regasifikasi,0.2585251033306122,1.9501744508743286,1.9037889242172241
block,-0.48119208216667175,1.189286708831787,0.9109606742858887
koki,-0.4594324231147766,0.42260831594467163,0.742290198802948
rice,-0.5712046027183533,-0.2838066518306732,0.9512486457824707
grain,-0.4583626389503479,-0.09278878569602966,0.9234672784805298
pojk,-0.27042266726493835,-0.09307298064231873,1.2718538045883179
asing,-1.683207631111145,0.674221932888031,0.7018032670021057
koreksi,-1.6565485000610352,0.827186107635498,0.7661322951316833
sam,-0.7321776747703552,-0.27761197090148926,1.1356619596481323
populasi,-1.495930790901184,0.17614471912384033,0.9969548583030701
perangkat,-0.44028085470199585,1.2830783128738403,1.2253543138504028
wifi,-0.04874182492494583,0.9165858030319214,1.3245010375976562
efektivitas,-0.2807457745075226,1.0780394077301025,1.2772114276885986
tukar,-0.04523356258869171,1.3096110820770264,1.4213268756866455
proklamasi,0.6296367049217224,1.9600056409835815,2.3110263347625732
matraman,0.6607040762901306,2.21480655670166,2.3454158306121826
pramuka,0.5961194038391113,2.2332875728607178,2.25445294380188
rawamangun,0.5703730583190918,2.274596691131592,2.3079373836517334
kilometer,-0.475127637386322,1.7938095331192017,1.4327991008758545
material,-0.37569496035575867,0.6578022837638855,1.222338318824768
abadi,0.6021521091461182,1.3500275611877441,1.8111165761947632
bps,-0.9960201978683472,1.5153725147247314,0.999721348285675
anne,0.691340982913971,1.1131210327148438,1.9336477518081665
djuanda,1.2033599615097046,-0.0232468880712986,2.9283392429351807
mezzanine,1.2649874687194824,-0.13129016757011414,2.891089916229248
pemprov,0.291530579328537,1.8262887001037598,1.9458682537078857
revisi,0.08474816381931305,1.1896030902862549,1.482663869857788
rusa,-1.0833863019943237,1.1643974781036377,0.8499271273612976
ksppb,0.012136811390519142,0.004511120263487101,1.47617769241333
communication,0.427192747592926,1.508103370666504,1.6031389236450195
royong,-0.745796799659729,-0.04716360569000244,0.9666745662689209
gotong,-1.0970653295516968,0.21721750497817993,0.8001419901847839
perusahaanperusahaan,-0.4972304701805115,1.5755020380020142,1.1198948621749878
emiten,-0.14128230512142181,1.2915668487548828,1.1953344345092773
mas,-0.41757214069366455,0.45666640996932983,0.9577888250350952
pres,0.21853923797607422,0.3995749056339264,1.531683087348938
rel,0.3045514225959778,2.0561952590942383,1.9219890832901
budaya,-0.30327165126800537,1.5016307830810547,1.3579038381576538
penandatanganan,-0.1103220283985138,0.6077482104301453,1.135601282119751
oki,0.25107693672180176,1.11238431930542,1.5146088600158691
det,-0.29256099462509155,0.401167631149292,1.1189829111099243
nonkonvensional,0.1469581425189972,1.9686318635940552,1.6493068933486938
frekuensi,-2.404592990875244,1.1593129634857178,0.7882915139198303
lengser,0.49441900849342346,-0.8354732990264893,2.2243878841400146
reformasi,0.10530440509319305,0.5133562088012695,1.410003662109375
aparatur,0.44290655851364136,0.49789392948150635,1.5638573169708252
rincian,-1.9879908561706543,1.24249267578125,0.8329968452453613
tkp,-0.5367860198020935,0.491303414106369,1.0185422897338867
karakteristik,-0.596507728099823,1.6465861797332764,1.1591641902923584
tiu,-0.897454559803009,0.4160280227661133,0.9824606776237488
twk,-1.0270838737487793,0.15971294045448303,0.8295210003852844
rini,0.4864655137062073,0.3324658274650574,1.7085705995559692
skd,-0.9584572911262512,0.7288882732391357,0.8333288431167603
adaptif,-0.18161559104919434,1.1104854345321655,1.2041233777999878
mayoritas,0.5673407912254333,-0.5242056250572205,2.205953598022461
assessment,-0.3665558695793152,0.2184077352285385,1.2463902235031128
ajaib,-0.09589539468288422,-0.4051995277404785,1.5677012205123901
premium,-1.875072956085205,1.5506627559661865,0.8120652437210083
bapanas,0.09232586622238159,1.1866190433502197,1.3298555612564087
polri,0.04960579425096512,1.0019625425338745,1.4375391006469727
harus,-1.4803581237792969,0.7603601217269897,0.7441830039024353
ketidaksesuaian,-1.433968424797058,2.1144745349884033,1.0286248922348022
tegak,0.7623301148414612,0.8147387504577637,1.9512709379196167
kuntadi,0.6640592813491821,0.7979670763015747,1.98054039478302
marketplace,-0.028734030202031136,0.037568747997283936,1.338086724281311
pph,-0.3957214653491974,0.6484235525131226,1.073007345199585
epi,0.30083686113357544,2.0035789012908936,1.902932047843933
konkret,-0.35222411155700684,1.4503093957901,1.301820993423462
manufaktur,-0.48285040259361267,1.7550853490829468,1.3341004848480225
tenaga,-0.22635409235954285,1.322141170501709,1.3204383850097656
konstruksi,-0.08805903792381287,1.708168625831604,1.3249620199203491
topang,-0.5408423542976379,2.032050609588623,1.3875393867492676
fee,0.0708007887005806,0.8978352546691895,1.3029115200042725
sontang,0.6220749616622925,0.4094406068325043,1.6652165651321411
blokir,0.07792191952466965,0.4548695683479309,1.4083354473114014
waris,0.3081631660461426,0.8379079103469849,1.4554617404937744
pihakpihak,-0.5641191005706787,0.5715130567550659,0.9987736940383911
shgb,0.5813454389572144,0.2879103720188141,1.6446709632873535
dirjen,0.9732804894447327,0.15435633063316345,2.3805859088897705
singkat,0.34385937452316284,-0.16575653851032257,1.6409037113189697
wacana,-1.3095163106918335,0.391663521528244,0.80161452293396
anagata,0.7671875357627869,1.881484031677246,2.192856788635254
kmp,-0.7645998597145081,1.9005796909332275,1.0741349458694458
kalimantan,0.0018762899562716484,1.3893181085586548,1.3464080095291138
hutan,-0.3939068615436554,1.726029634475708,1.23503577709198
desa,-0.32042717933654785,0.8130449056625366,1.0816437005996704
undangundang,-0.3825717866420746,1.230272650718689,1.1198859214782715
asumsi,-1.6588151454925537,0.8148233294487,0.7686723470687866
manager,-0.002526010386645794,1.0869909524917603,1.2001639604568481
meta,0.4886607825756073,1.3075178861618042,1.752720832824707
detikevent,-0.7865024209022522,0.5550217628479004,0.8371075391769409
konten,-0.8177620768547058,1.0044080018997192,0.9436340928077698
hnshns,-0.6693435907363892,0.8488225936889648,1.0016099214553833
revitalisasi,-0.6286796927452087,0.7588220834732056,1.0288991928100586
efek,-1.3999903202056885,1.1236042976379395,0.712165355682373
effect,-1.5894039869308472,1.1363277435302734,0.7852432131767273
hotel,0.24634048342704773,0.9703269004821777,1.3829034566879272
hub,0.09101985394954681,1.0555760860443115,1.322232723236084
lokal,-0.6136785745620728,1.1542779207229614,0.9799009561538696
tunjang,-1.0826001167297363,0.255422443151474,0.9370394349098206
conference,0.8606422543525696,-0.6428062915802002,2.2860865592956543
detik,-0.40551823377609253,-0.6573500633239746,1.2718244791030884
general,-0.4981587529182434,1.1452913284301758,0.9850518703460693
kadin,0.08966037631034851,0.9948351979255676,1.4402178525924683
part,0.7464326024055481,0.3281620144844055,1.8185186386108398
spare,0.3895099461078644,0.4246680438518524,1.5167945623397827
exchange,0.36160948872566223,1.0525413751602173,1.4494001865386963
country,-1.4512666463851929,-0.2232796996831894,0.7688000202178955
cross,-1.648030400276184,-0.12721788883209229,0.7824098467826843
harianto,-0.04917873069643974,0.16303011775016785,1.2500251531600952
unjung,-0.34497910737991333,0.8065792918205261,1.1004970073699951
rx,-0.8155311346054077,-0.2361392378807068,1.065590500831604
sirkuit,0.2597273886203766,0.04863552376627922,1.4458225965499878
vasco,-1.274217128753662,-0.6175973415374756,1.0926278829574585
neymar,-0.6938843727111816,-0.4614681303501129,1.2090253829956055
alvaro,-0.6681297421455383,-1.2013063430786133,1.6179816722869873
mungut,0.2878308892250061,-0.2028685212135315,1.6129419803619385
paes,-0.9364322423934937,-0.23996955156326294,1.0862748622894287
willem,-1.1964577436447144,-0.9543380737304688,1.3468936681747437
marmoush,-0.9159750938415527,-0.5497254729270935,1.1300523281097412
celah,-0.702028214931488,1.165977120399475,0.9662749767303467
pa,-0.3648592531681061,-1.2505050897598267,1.770770788192749
mamardashvili,-0.5032903552055359,-1.0991239547729492,1.6108473539352417
eze,-0.9533392190933228,-0.2865664064884186,0.8283184170722961
baggott,-1.2170525789260864,-1.105936050415039,1.5409362316131592
middlesbrough,-1.3331363201141357,-0.8973050713539124,1.373610019683838
casrin,-0.9209587574005127,-0.345418244600296,1.139864444732666
transparan,-0.46230560541152954,0.8928079009056091,1.0753867626190186
dadak,-0.2872870862483978,0.4217608869075775,1.2232311964035034
lantar,-0.39463865756988525,0.9563729763031006,0.9430959224700928
tes,-0.753812313079834,0.39285045862197876,0.8385390639305115
serie,-0.2162800282239914,-1.4123624563217163,2.133331775665283
juventus,-0.2226630598306656,-0.9759706258773804,1.7178924083709717
celine,-1.1996538639068604,0.47512081265449524,1.0094444751739502
mudahmudahan,-0.5708217024803162,0.6463151574134827,1.0060153007507324
bencana,0.1308777928352356,1.036014437675476,1.328778862953186
bang,-0.1693958342075348,0.5720224380493164,1.1024057865142822
cas,0.2143726795911789,0.4883027970790863,1.5177279710769653
takraw,-3.2493066787719727,0.49193075299263,0.9595223069190979
tangkis,-3.2397303581237793,0.3984282910823822,0.9974080324172974
bulu,-3.273845672607422,0.5112112164497375,0.917460560798645
pdi,-0.07090380787849426,1.3601744174957275,1.2428563833236694
tenggara,-0.7893761992454529,-0.06187446415424347,0.9092566967010498
wartawan,0.8236680030822754,-0.3902587890625,2.392333507537842
gunners,-0.8547580242156982,-1.3632546663284302,1.8682314157485962
mikel,-0.4967248737812042,-1.368086814880371,1.7860571146011353
hijau,0.06511241942644119,0.7967953085899353,1.321410894393921
pesepakbola,-1.1094118356704712,0.01136796735227108,0.9300373196601868
nasser,0.19965362548828125,-1.226686954498291,2.2997329235076904
soufiane,-0.8382664918899536,-1.4657407999038696,1.830886960029602
garcia,-0.7593429088592529,-1.1396548748016357,1.5519150495529175
sadar,-1.056037187576294,0.29345834255218506,0.9324371814727783
list,-0.5378364324569702,0.6111400127410889,0.8676223754882812
rawbay,-1.0045477151870728,-0.3827071785926819,1.1620986461639404
santai,-0.24914929270744324,-0.23644034564495087,1.322219729423523
and,-0.21555650234222412,0.9060701131820679,0.9779269695281982
simeone,-1.0686150789260864,-0.7003641128540039,1.1543809175491333
rawmrp,-0.9284462928771973,-0.4761963486671448,1.0753263235092163
gilir,-1.3716765642166138,-1.1955581903457642,1.5730252265930176
practice,0.4114943742752075,-0.8315979838371277,2.2232871055603027
austria,-0.7274264693260193,-0.9479745626449585,1.6464836597442627
lapis,-1.7319139242172241,-0.847578227519989,1.533658504486084
reds,-0.6368536353111267,-1.7285175323486328,2.3653404712677
ana,-1.2010939121246338,-0.11181405931711197,1.0660319328308105
baker,-0.653439462184906,-0.19184674322605133,0.9608702063560486
instagram,0.2777334451675415,-0.43192633986473083,1.6531879901885986
nada,-0.10134629905223846,-0.07808715850114822,1.4015744924545288
padat,0.046385470777750015,-0.1464160680770874,1.3417901992797852
laman,-0.35532671213150024,-0.17482540011405945,1.2342396974563599
lor,-1.4897290468215942,-0.7405334115028381,1.114135980606079
fabio,-0.5318853259086609,-0.9503114223480225,1.5264085531234741
joan,-0.5387167930603027,-0.8475581407546997,1.3595530986785889
sabar,-1.0266072750091553,-0.5370198488235474,1.2204031944274902
bulega,-0.28300726413726807,-0.8468957543373108,1.4485142230987549
holgado,0.02590317651629448,-0.7562828660011292,1.487263798713684
alonso,-0.3186497390270233,-0.9242981672286987,1.4321091175079346
senna,-0.38897815346717834,-0.26092419028282166,1.2991451025009155
huni,-0.6372401714324951,0.8074223399162292,1.0724505186080933
emirat,0.2505192160606384,-1.115074872970581,2.1904385089874268
uni,0.22286942601203918,-0.9262385964393616,1.9829283952713013
seremoni,-0.7882684469223022,-0.3035615086555481,1.222653865814209
optimisme,-0.3722715377807617,0.6747085452079773,1.180029273033142
moga,-1.7541497945785522,0.5371395349502563,0.9372512698173523
felisha,-0.8979970812797546,-0.08245942741632462,1.1645678281784058
segar,-0.7029584646224976,0.0833011046051979,1.0695463418960571
onside,-1.4848978519439697,-0.251179963350296,1.027692437171936
letak,-0.432058721780777,0.520828366279602,0.9283541440963745
helat,-0.2759418785572052,-0.42800238728523254,1.2370470762252808
yogyakarta,-0.773934006690979,-0.5891622304916382,1.2525689601898193
antusiasme,-0.8732731342315674,0.7430446147918701,0.9283030033111572
gengsi,-1.2612864971160889,0.7547703385353088,0.7767866849899292
espn,-0.44283372163772583,-0.5316870212554932,1.3770097494125366
tapin,-1.0680556297302246,-1.3925366401672363,1.7947956323623657
intensitas,-1.4626418352127075,0.5042485594749451,0.8655403852462769
alexander,0.3381495773792267,-0.1931430846452713,1.6511759757995605
james,-0.33153921365737915,-0.9485340118408203,1.5895203351974487
lewis,-0.36649730801582336,-1.3029745817184448,1.8395955562591553
open,-0.9659704566001892,-0.31553396582603455,1.1590120792388916
paul,-0.9346892237663269,-0.6282303929328918,1.112103819847107
cipayung,-0.5329101085662842,-1.1719890832901,1.6760305166244507
rafael,-0.5056314468383789,-1.3985695838928223,1.8385778665542603
ikhsan,0.06038673222064972,-0.6537994742393494,1.543367862701416
buru,-0.6126527190208435,-0.333980530500412,1.1456308364868164
matheus,-0.5324007868766785,-0.60560142993927,1.2052888870239258
tanduk,-0.5560978651046753,-1.116527795791626,1.5590548515319824
villa,-0.4575042724609375,-1.0731117725372314,1.5205321311950684
tendang,-0.4671010971069336,-1.213783860206604,1.7489405870437622
warriors,-0.9565048217773438,-1.0153214931488037,1.4568969011306763
brace,-0.8842239379882812,-1.5375595092773438,2.006382942199707
alir,-0.413261353969574,0.45768284797668457,1.0366047620773315
zarif,-0.17037896811962128,0.20210538804531097,1.337217926979065
post,-0.1250082552433014,-0.014568382874131203,1.1546391248703003
devils,-1.2448073625564575,-1.45614492893219,1.8752743005752563
affcas,-0.9250643849372864,-0.5663383603096008,1.1067842245101929
lap,-1.0143691301345825,0.28572773933410645,0.773939311504364
buku,-1.411161184310913,0.5871905088424683,0.740899920463562
klopp,-1.1016778945922852,-0.39498597383499146,1.0726912021636963
abiel,-0.5039477348327637,-1.4626364707946777,1.9372276067733765
manuel,0.039026930928230286,-1.2716057300567627,2.2320923805236816
dramatis,-0.8105441331863403,-1.6309932470321655,2.1358718872070312
kritik,-1.0470373630523682,-0.7640177011489868,1.329973578453064
jujur,-1.1480910778045654,1.0214252471923828,0.8807598352432251
adil,-0.7012004852294922,0.6730383038520813,0.9206803441047668
payah,-1.428375482559204,-0.6900478005409241,1.2198057174682617
lupa,-0.7420753240585327,-0.1984417587518692,1.1787856817245483
akrab,0.6180968880653381,-0.15903273224830627,1.736537218093872
sapa,0.2393319457769394,-0.0943157821893692,1.348354697227478
anatrias,-1.9227641820907593,-0.12198365479707718,0.8942901492118835
nagoya,-0.13022758066654205,0.07142101973295212,1.2434061765670776
bulutangkis,-1.7720608711242676,-0.17644301056861877,0.8933900594711304
momota,-1.1285501718521118,0.4386444091796875,0.8585269451141357
gelombang,-0.6329352259635925,-0.1511780470609665,1.212304949760437
bendung,-0.8999470472335815,-0.8952825665473938,1.4514007568359375
sempit,-0.694731593132019,-0.9871941208839417,1.5184369087219238
grand,-0.5922799706459045,-0.7199056148529053,1.3639519214630127
san,-0.7924608588218689,-1.1579453945159912,1.4475475549697876
pernat,-1.070871114730835,-0.2435576617717743,1.0042922496795654
pemuda,-0.4572467803955078,0.07851967215538025,1.0662322044372559
in,-1.3279186487197876,-0.623622715473175,0.9973203539848328
alternatif,-0.782057523727417,0.6436263918876648,0.9575984477996826
kampiun,-2.0654428005218506,-0.6666680574417114,1.2064324617385864
favorit,-1.1567100286483765,-0.015049329958856106,0.9687086343765259
football,-0.16205765306949615,-0.2744777202606201,1.1851969957351685
harupat,-0.41122424602508545,-0.7806885838508606,1.4267067909240723
jalak,-0.42628371715545654,-1.1599358320236206,1.6854941844940186
dkk,-0.3549879491329193,-0.8717928528785706,1.5649269819259644
championship,-1.420404314994812,-1.2540969848632812,1.6840413808822632
siswa,0.05059294030070305,0.8081670999526978,1.3015002012252808
solid,-1.1946789026260376,-0.02030843123793602,0.9340313076972961
untuk,-1.3946268558502197,0.41739538311958313,0.7086188793182373
ileague,-0.7010398507118225,-0.8802013993263245,1.5480170249938965
asah,-1.0986380577087402,0.6145026087760925,0.8511797785758972
jansen,-0.8052897453308105,-0.6303554177284241,1.286346673965454
mentalitas,-0.49003544449806213,0.6613901853561401,1.181532382965088
sky,0.1325579434633255,-0.5812011361122131,1.7366077899932861
enzo,-0.8758689761161804,-0.4397364854812622,1.0132100582122803
valero,0.3392926752567291,-1.4379539489746094,2.675898313522339
marco,-0.745272159576416,-0.4859541654586792,1.1263024806976318
bekal,-1.0618566274642944,-0.05380850285291672,1.0248650312423706
dressage,-0.8134788870811462,0.1038341298699379,1.0158830881118774
puraff,-0.9172763824462891,-0.7517777681350708,1.291294813156128
blaugrana,-1.7834364175796509,-0.14061282575130463,0.8497981429100037
newcastle,-1.6140562295913696,-1.2600399255752563,1.5867518186569214
no,-0.21089665591716766,-0.5955108404159546,1.3983865976333618
julio,-1.2815276384353638,-0.9521118998527527,1.3112304210662842
tunggal,-1.6700475215911865,-0.8899783492088318,1.2667932510375977
samasama,-0.2236141711473465,-0.433245450258255,1.264021396636963
atletico,-0.9560028910636902,-1.1728172302246094,1.6259599924087524
margin,-1.2243950366973877,-0.9536454081535339,1.3265570402145386
best,-0.5166438817977905,0.5728358626365662,0.8759940266609192
syukur,-0.7091949582099915,0.27272167801856995,0.9679373502731323
coach,-0.9681958556175232,0.2045207917690277,0.9099094867706299
jayapura,-1.1414968967437744,0.18728302419185638,0.8085639476776123
seharihari,-0.793791651725769,1.485841989517212,1.119953989982605
alat,-0.8238670229911804,1.5240858793258667,1.0963035821914673
amerika,-0.2958143651485443,-0.15709885954856873,1.1716607809066772
jenuh,-1.0816965103149414,0.38895508646965027,0.9834675192832947
fauzidetikcom,0.23504391312599182,0.34107720851898193,1.3616842031478882
moch,0.40755695104599,0.3411221504211426,1.5868569612503052
complex,0.3775745928287506,0.22916370630264282,1.5286427736282349
lempar,-1.6795819997787476,-0.6411042809486389,1.1207891702651978
pac,-0.907339870929718,0.7077695727348328,0.8915614485740662
gunung,-0.6484885811805725,0.6546340584754944,0.9388474225997925
pilar,-1.2005330324172974,0.02071947231888771,1.0495973825454712
puluh,-1.8341758251190186,0.8206595778465271,0.84184330701828
kickboxing,-0.6892246603965759,0.3221276104450226,0.9769262671470642
sembilan,-1.9045594930648804,-0.7107250690460205,1.11403226852417
faktor,-0.8301889896392822,0.27954497933387756,0.9444294571876526
abdelkarim,-1.8636196851730347,-0.6762821078300476,0.9959096908569336
rpojk,-0.41063109040260315,1.2227143049240112,1.1181713342666626
identifikasi,-0.4487430453300476,0.8390763998031616,1.0844395160675049
dubai,0.17803382873535156,0.4128252863883972,1.5223524570465088
budhi,0.7616187334060669,0.2657233476638794,2.0853631496429443
bluvalas,-0.1408861130475998,0.43932679295539856,1.1383808851242065
fitur,-0.3282797038555145,0.4231733977794647,1.0027834177017212
bca,0.2350338250398636,0.6424776315689087,1.3257068395614624
bruto,-0.8049256205558777,1.3216034173965454,0.8804401159286499
pdb,-1.7928292751312256,1.6216270923614502,0.8175509572029114
inklusif,-0.9520289301872253,1.3451998233795166,1.0291332006454468
bullion,-0.5820283889770508,1.663388729095459,1.1400902271270752
vault,-0.5819813013076782,1.4986850023269653,1.0827765464782715
iso,-0.08449805527925491,1.9280792474746704,1.5166722536087036
jfx,-0.008440598845481873,0.8871974349021912,1.2503823041915894
travel,-0.40524062514305115,1.1259982585906982,1.0272743701934814
budi,0.6361362934112549,-0.02517767809331417,1.9313098192214966
butik,-0.9038568735122681,1.1829612255096436,0.9289469122886658
transparansi,-0.34870633482933044,1.352607011795044,1.279226541519165
ilap,-0.42847520112991333,0.8787635564804077,1.2081825733184814
inisiatif,-0.5353966951370239,1.546478509902954,1.2000633478164673
eny,-0.3187180459499359,1.422253966331482,1.0679967403411865
sales,0.8011623024940491,0.9393333196640015,1.8809382915496826
polymer,0.8232553601264954,0.8190143704414368,1.8459206819534302
komisioner,0.6383118033409119,-0.06189732998609543,1.8236467838287354
betulbetul,-0.8415393233299255,0.6321831345558167,0.9032182693481445
holding,0.39195409417152405,0.9640272855758667,1.6246892213821411
chaniago,0.8891937136650085,0.3111039102077484,2.094472885131836
longsor,-0.337021142244339,1.1378754377365112,1.125138282775879
srop,-0.033338237553834915,0.8774479627609253,1.3216949701309204
layar,0.05648152157664299,0.977638840675354,1.2770063877105713
kapalkapal,0.31213200092315674,0.7391290068626404,1.4160847663879395
porsi,-1.4311496019363403,1.2833666801452637,0.8024643659591675
akdega,-0.35121282935142517,1.1048169136047363,1.1674131155014038
arun,-0.06311240047216415,1.4198967218399048,1.3089629411697388
muhammad,0.5795149207115173,1.0125601291656494,1.7116994857788086
fleksibel,-0.6077852845191956,1.7532368898391724,1.2093948125839233
gbc,-1.0127511024475098,1.0728788375854492,0.8006693720817566
grasberg,-0.3756156861782074,1.0731151103973389,0.9348304867744446
ounce,-2.2204275131225586,0.8788867592811584,0.8621527552604675
pnbp,0.21498005092144012,0.4186789095401764,1.4797555208206177
raja,-0.9553214311599731,1.175492763519287,0.8322029113769531
topi,-0.33982545137405396,0.12642502784729004,0.9256425499916077
kolam,-1.2269678115844727,-0.5635097622871399,1.124251365661621
institusi,0.11995124816894531,0.4399520456790924,1.4548449516296387
dialog,0.07712686061859131,0.9331576824188232,1.4930344820022583
hormuz,-1.058046579360962,1.104001760482788,0.7911993265151978
mentah,-1.5601816177368164,1.1377543210983276,0.8365759253501892
gurau,-0.2545085847377777,-0.2122664600610733,1.4078447818756104
gue,0.08189740031957626,-0.24897277355194092,1.6056486368179321
restrukturisasi,-0.9821881651878357,1.1438772678375244,0.995132327079773
tenor,-1.1421644687652588,0.5883416533470154,0.8299620747566223
inews,0.1227807030081749,1.0312663316726685,1.3719048500061035
sell,-2.203786849975586,0.8198696970939636,0.7381125688552856
net,-1.8439558744430542,0.7320342063903809,0.6434481739997864
nakhoda,0.17628903687000275,0.9799490571022034,1.3440579175949097
rata,-0.8789874911308289,1.3327511548995972,0.7852044701576233
maksimum,-1.877272129058838,1.4126675128936768,0.8217021822929382
knkt,-0.14828629791736603,1.35331392288208,1.3060466051101685
apung,-0.37790340185165405,1.7744332551956177,1.3590635061264038
paman,-0.29346853494644165,-0.5321138501167297,1.4194587469100952
rupiah,-1.3422813415527344,0.6231198906898499,0.7929453253746033
panen,-1.2951310873031616,0.20416639745235443,0.7818538546562195
konsistensi,-0.05883573368191719,0.8886658549308777,1.3914101123809814
high,-1.1244479417800903,0.47566860914230347,0.8128326535224915
riset,-0.37398815155029297,1.5308468341827393,1.370374321937561
mou,-0.0820688009262085,0.3490517735481262,1.1287908554077148
by,0.2599663734436035,0.8074330687522888,1.2626451253890991
komprehensif,-0.6871416568756104,1.6351208686828613,1.2247573137283325
perkeretaapian,-0.4467025697231293,1.63092839717865,1.2356716394424438
plta,-0.18671934306621552,1.019036889076233,1.126875877380371
sibuk,-1.0032490491867065,0.5617270469665527,0.9605554342269897
jejak,-0.07652251422405243,0.4598354399204254,1.339990496635437
kantong,-0.7051211595535278,0.28809794783592224,0.9019184708595276
paket,-0.9406986236572266,1.064784288406372,0.9054239392280579
yuan,-2.3688387870788574,0.8247901797294617,0.7614790797233582
sangkut,-0.37520915269851685,-0.2586119472980499,1.3091484308242798
mobility,-0.5315493941307068,0.3467220366001129,0.9982264041900635
kunjung,-0.6014079451560974,0.30970436334609985,1.1908925771713257
tertawa,0.4597734212875366,0.5708751678466797,2.0177831649780273
siar,0.7333120703697205,0.37027767300605774,1.8929239511489868
pulomas,0.7040097117424011,1.3904203176498413,2.1424739360809326
perundangundangan,-0.6313673853874207,1.0896456241607666,1.1779334545135498
gesek,-2.499415159225464,-0.2992483973503113,0.8649148344993591
setapak,0.2550155520439148,0.5985397100448608,1.3188142776489258
transjakarta,0.26696693897247314,1.4661176204681396,1.628076434135437
iecli,-0.3622969090938568,0.9717370271682739,1.1458826065063477
negatif,-1.0085557699203491,0.6446408033370972,0.8652404546737671
ina,-0.6205376982688904,0.6229690909385681,0.9445669651031494
peristiwa,-0.5614761114120483,0.27124783396720886,1.044776439666748
kotakota,-0.7654488682746887,0.9783387184143066,1.0226091146469116
potong,-0.13181030750274658,0.20372812449932098,1.2223984003067017
aceh,-1.002471685409546,1.032492995262146,0.8006436824798584
okky,0.26412275433540344,0.9621442556381226,1.5168851613998413
bila,-0.6565764546394348,0.3993369936943054,1.127395510673523
rutin,-0.03974470496177673,0.49540844559669495,1.209384560585022
aum,-0.07203850895166397,0.8323458433151245,1.1684753894805908
plus,-1.0463227033615112,0.9903032779693604,0.7564061284065247
tangki,-1.1972863674163818,0.6627212166786194,0.772724449634552
modus,-0.9376163482666016,0.639763593673706,0.8309950828552246
laode,0.012564051896333694,0.7806141376495361,1.2002668380737305
kirakira,-0.31238317489624023,-0.06609301269054413,1.293794870376587
makanya,-0.6144565939903259,0.23301948606967926,1.0236914157867432
moda,0.20098865032196045,1.3786624670028687,1.5561730861663818
psn,-0.38782966136932373,1.5230296850204468,1.3415169715881348
medan,0.000414477864978835,0.9153770804405212,1.3605878353118896
timurbarat,0.16653937101364136,1.2238614559173584,1.4655417203903198
barattimur,-0.013256692327558994,1.5819488763809204,1.4492899179458618
eastwest,0.47165265679359436,1.1840569972991943,1.6467844247817993
point,-0.11932902783155441,1.2060507535934448,1.2815310955047607
djoko,0.5842941999435425,1.1045606136322021,1.7899163961410522
komponen,-0.3713715970516205,1.5850809812545776,1.2131866216659546
anjlok,-0.40928974747657776,0.4060615599155426,0.9470482468605042
bukabukaan,0.5049287676811218,-0.10788827389478683,1.8645418882369995
landas,0.27298587560653687,0.08410206437110901,1.7855839729309082
paja,0.1281246691942215,1.222461462020874,1.483073115348816
administratif,-0.27035757899284363,0.8366192579269409,1.1498020887374878
bobur,0.348274290561676,0.9748888611793518,1.686296820640564
kurs,-2.4753122329711914,1.339417815208435,0.8039069175720215
detail,-0.10722939670085907,0.5456907153129578,1.3034813404083252
analisis,-1.1323010921478271,1.1932224035263062,0.985626220703125
fungsional,0.6671394109725952,-0.31388968229293823,2.460446834564209
administrator,0.3288392722606659,-0.8354454636573792,2.417659044265747
bab,-0.3974945843219757,0.710102915763855,1.0669078826904297
lampau,-1.906632661819458,0.9935523867607117,0.7083544731140137
sulaiman,-0.36534377932548523,0.8464478850364685,0.9395186901092529
stok,-0.48753008246421814,0.9169920086860657,1.1051937341690063
instruksi,-0.20012083649635315,0.3724564015865326,1.3533471822738647
aparat,0.553251326084137,0.5558756589889526,1.7430866956710815
serius,-0.40562236309051514,0.7725059390068054,1.0508416891098022
cermat,-0.6294012665748596,1.2977945804595947,1.043867826461792
menindaklanjuti,-0.25951993465423584,1.3593668937683105,1.2751939296722412
berlarutlarut,-0.5331115126609802,0.7951332330703735,1.13308846950531
jaksa,0.4666688144207001,1.0976423025131226,1.603806734085083
pmk,-0.051376864314079285,-0.4174371361732483,1.699881911277771
blibli,0.26496702432632446,-0.2594430446624756,1.5722788572311401
lazada,0.30306848883628845,-0.4795713722705841,1.6326885223388672
tokopedia,0.42620986700057983,-0.32452237606048584,1.670578122138977
shopee,0.26957741379737854,-0.46137580275535583,1.5656825304031372
ecommerce,0.22783954441547394,0.27406781911849976,1.4017565250396729
kemenhub,0.5205831527709961,0.7894827723503113,1.7456287145614624
roadmap,-0.13184525072574615,1.708268165588379,1.5730459690093994
niaga,-0.22979769110679626,1.3861593008041382,1.142081618309021
pompa,-0.2239018827676773,1.1762717962265015,1.2155051231384277
maritim,-0.2750273048877716,0.9502350091934204,0.9826684594154358
ksop,0.5988750457763672,0.9526110887527466,1.8194246292114258
power,0.0006463308818638325,1.1668044328689575,1.2437763214111328
kontraktual,-0.18834711611270905,0.23317913711071014,1.1472901105880737
ccidn,0.26246562600135803,0.3834947347640991,1.4950674772262573
cidn,0.3418898582458496,0.25555047392845154,1.510884404182434
prospek,-1.071593999862671,1.4738221168518066,0.9982507824897766
galbay,-0.2279408574104309,0.5395761728286743,1.2680376768112183
fungsi,-0.34119513630867004,1.452351689338684,1.2618467807769775
aster,-0.08306333422660828,1.8296600580215454,1.4104050397872925
kimia,-0.00043772082426585257,1.7246853113174438,1.4384262561798096
hilir,-0.584274411201477,1.9280115365982056,1.3148301839828491
manurung,0.6440114974975586,-0.008842336013913155,1.7650766372680664
coin,0.6425511240959167,0.11354739964008331,1.7152982950210571
yaser,-0.16174860298633575,0.40529733896255493,1.1290689706802368
sidi,0.20696024596691132,0.7823166251182556,1.3994321823120117
sertifikat,0.36499252915382385,0.5733428001403809,1.4679754972457886
lainlain,-0.2294626384973526,-0.11392012238502502,1.3536874055862427
halhns,0.1841263473033905,-0.009407421573996544,1.497642159461975
tahuntahun,-1.257003903388977,0.4159204661846161,0.9438554644584656
kas,-0.6075658202171326,1.0986236333847046,0.9219706654548645
ruu,-0.7560461163520813,1.0801377296447754,0.8847317099571228
financial,-0.07630427181720734,0.24510058760643005,1.2573585510253906
profit,-1.0528883934020996,0.8188069462776184,0.8316270709037781
acumen,-0.38548535108566284,0.3793061077594757,1.0784841775894165
insight,-0.30028820037841797,0.11993573606014252,1.275723934173584
olah,-0.40108931064605713,1.6600728034973145,1.2321866750717163
sebar,-0.31799790263175964,1.5173465013504028,1.158736228942871
executive,0.58377605676651,1.0285919904708862,1.703446626663208
capcut,-0.41667449474334717,-0.17391833662986755,1.0183720588684082
kombinasi,-0.43121394515037537,1.54701828956604,1.1775169372558594
geliat,-0.5356184244155884,0.6796332001686096,1.1399705410003662
wajah,-0.27129897475242615,0.8647623062133789,1.369236707687378
agam,-0.5064931511878967,0.9723719954490662,1.0198478698730469
lifestyle,-0.48738113045692444,0.58265620470047,1.0322771072387695
gambar,-0.7254316806793213,0.43705254793167114,1.0518203973770142
senyum,0.0680287778377533,-0.16260357201099396,1.4843336343765259
sassuolonewsnet,-0.13691943883895874,0.03416820988059044,1.212544560432434
aquilani,-0.4048859477043152,-0.28695181012153625,1.295149803161621
tv,-0.17748889327049255,0.8425350785255432,1.0942739248275757
roma,-0.5820061564445496,-1.1932960748672485,1.6633018255233765
savio,-1.1143711805343628,-0.43931618332862854,1.0302820205688477
formal,-1.2425342798233032,1.2925631999969482,0.8557972311973572
hektare,-0.8802093267440796,1.118884801864624,0.7833666801452637
timpal,0.23519156873226166,-0.026666009798645973,1.6943259239196777
solossa,-0.9548158049583435,-0.15011702477931976,0.9074656367301941
atmosfer,-1.4833362102508545,0.1788177490234375,0.9379354119300842
merson,-0.4336368441581726,-0.6308214068412781,1.3151278495788574
asistensi,0.07065541297197342,1.3138309717178345,1.551356315612793
kerap,-0.9079515933990479,1.2763220071792603,0.8648484945297241
sederhana,-0.41222137212753296,0.8752711415290833,1.0566935539245605
tools,0.6720877289772034,0.6347670555114746,1.7584503889083862
paspor,-0.8875648975372314,0.9273828864097595,0.8286718130111694
team,-1.2157424688339233,-0.1457185000181198,0.8705225586891174
leader,-0.1210336908698082,0.13179486989974976,1.1848796606063843
pribadi,-0.4530409276485443,0.6307762265205383,1.0029104948043823
insyaallah,-0.0682150274515152,0.20173843204975128,1.27345609664917
aspal,0.12843890488147736,0.03931663557887077,1.3347752094268799
formula,-0.5794456005096436,0.48767706751823425,1.0156868696212769
nugdha,0.22984939813613892,0.21976709365844727,1.4085490703582764
ancol,0.1779111921787262,-0.08223970234394073,1.3883520364761353
action,-0.591652512550354,-1.2402963638305664,1.7036892175674438
coventry,-0.9437829256057739,-0.8511269092559814,1.34303617477417
romero,-0.8563804030418396,-1.4194906949996948,1.8329967260360718
tumbang,-1.0176434516906738,-1.4991636276245117,1.897762656211853
omar,-0.3362092077732086,-0.11063424497842789,1.0725115537643433
kudus,-0.7184615135192871,-0.5712295770645142,1.1788007020950317
giorgi,-0.39595267176628113,-0.9045121669769287,1.4872816801071167
madueke,-0.8580986857414246,-0.32274553179740906,1.0119153261184692
milwall,-1.1354031562805176,-0.8608758449554443,1.3706037998199463
lucas,-0.9655447006225586,-0.9740794897079468,1.374119758605957
tubuh,-1.0605303049087524,0.19964519143104553,0.7631153464317322
alhasil,-0.47944942116737366,-0.7368724346160889,1.386426568031311
saran,-1.2371058464050293,-0.44691526889801025,1.0216726064682007
capa,-1.048713207244873,-0.10540619492530823,1.0892189741134644
sugiarto,-0.11757088452577591,0.5996324419975281,1.0889695882797241
arya,-0.11827325075864792,0.8027967810630798,1.0579676628112793
rakerprov,-0.5231496691703796,1.2257038354873657,1.169319748878479
duluan,-0.4730575978755951,-0.8512769937515259,1.4972214698791504
mahasiswa,0.1874569207429886,-0.23738670349121094,1.3716113567352295
thamrin,0.3613559305667877,1.134426474571228,1.5268925428390503
taktik,-0.974290132522583,0.8107439875602722,0.8022563457489014
cetus,-1.5413844585418701,-0.2440006583929062,1.0276265144348145
ruben,-1.3042206764221191,-0.5064188241958618,1.0323293209075928
event,-0.7696952223777771,0.5584164261817932,0.9720220565795898
laurent,0.047619178891181946,-0.5570103526115417,1.681836724281311
pakansari,-0.40854522585868835,0.2726989686489105,1.0905680656433105
panpel,-0.012529689818620682,-0.1445687860250473,1.3944494724273682
akun,0.330561101436615,-0.1852019727230072,1.5849061012268066
wajar,-2.2737014293670654,0.5052399039268494,0.8444196581840515
lesat,-0.44565337896347046,0.7178729176521301,0.9944930672645569
bakat,-1.7256838083267212,0.14630772173404694,0.8350051045417786
andoni,-0.6534730195999146,-1.0626848936080933,1.5811270475387573
tipe,0.3069668710231781,-0.28794997930526733,1.7053629159927368
rinrin,-0.4537149667739868,-0.48687517642974854,1.2033593654632568
pabrikan,-0.5783933401107788,-0.3057689070701599,1.2335913181304932
road,0.6734327077865601,-1.0514638423919678,2.6843254566192627
portman,0.2802852690219879,-1.3268929719924927,2.4137492179870605
sekalipun,-1.1350754499435425,-0.3129739761352539,1.1527659893035889
to,-0.08394289016723633,-0.431967556476593,1.1708906888961792
palacios,-0.3752392530441284,-0.9461009502410889,1.511637568473816
cr,-0.40551549196243286,-0.7703641653060913,1.5725586414337158
saad,0.4467596411705017,-1.3519591093063354,2.6537387371063232
jebak,-1.2166574001312256,-0.5096290707588196,1.1517400741577148
banting,-0.749826967716217,-0.6619799137115479,1.2973806858062744
deportivo,-0.40930238366127014,-0.32473453879356384,1.2463918924331665
mundo,-0.25043249130249023,-0.41851744055747986,1.370543360710144
besut,-1.4889476299285889,-0.9093436002731323,1.2854710817337036
for,-0.7451685667037964,-0.4389314353466034,1.0945605039596558
kendati,-0.7272636890411377,-0.1866300106048584,1.173043966293335
lalai,-0.3521081209182739,1.221864104270935,1.1254761219024658
sita,-1.2304964065551758,0.0752473697066307,0.8902360200881958
keliru,-0.8309667706489563,-0.41005900502204895,1.1463967561721802
imbuh,0.1547449827194214,0.6768630146980286,1.2393543720245361
macam,-1.7815722227096558,0.4101979732513428,0.6582856178283691
sikap,-0.05050890892744064,0.08706838637590408,1.3292280435562134
mls,-1.9955672025680542,-0.9489283561706543,1.2906334400177002
la,-1.6948739290237427,-0.6568131446838379,1.024247407913208
ego,-0.9923692345619202,-0.6859645843505859,1.1222749948501587
garap,0.22778083384037018,0.9213762283325195,1.429399847984314
arena,-0.24563513696193695,-0.9589264392852783,1.6113260984420776
praktis,-0.2965848445892334,-0.005953616928309202,1.2092251777648926
parah,-0.7814053297042847,0.08684910088777542,1.0377799272537231
fer,-0.3978884816169739,-1.3465205430984497,1.8307464122772217
courtois,-0.38586488366127014,-1.1523690223693848,1.7519348859786987
thibaut,-0.14880862832069397,-1.4604417085647583,2.09462571144104
van,-0.952693521976471,-0.9244638085365295,1.2781709432601929
modric,-1.091561198234558,-0.8672935962677002,1.218774437904358
prediksi,-0.8794360160827637,-0.46067285537719727,1.120102047920227
afa,-1.1452399492263794,-0.27980050444602966,0.949854850769043
harum,-1.3215357065200806,0.15007849037647247,0.8871435523033142
fatal,-0.2664099335670471,-0.4682452082633972,1.2922292947769165
schalke,-1.0147647857666016,-0.8916168808937073,1.4216169118881226
bundesliga,-0.6154400706291199,-0.7325730323791504,1.3565804958343506
pedro,-0.32787278294563293,-0.9343776106834412,1.3995637893676758
goyon,-0.5889931321144104,-0.1946866363286972,1.2489577531814575
worldsbk,-0.9355734586715698,-0.6728489995002747,1.3863884210586548
nicolo,-0.12704116106033325,-0.8196538686752319,1.4042034149169922
guevara,-0.19482889771461487,-0.6605812311172485,1.3106902837753296
cc,0.31718605756759644,0.5876770615577698,1.3246119022369385
grid,-0.6682072877883911,-0.6783418655395508,1.4191670417785645
iran,-0.18312594294548035,0.20922863483428955,1.0609641075134277
oca,-0.9474790692329407,-0.8090229034423828,1.348433256149292
madu,-0.9469749927520752,0.2545749545097351,0.8187251687049866
foden,-0.9387970566749573,-0.5055046677589417,1.1711288690567017
bobot,-1.3906593322753906,0.37505418062210083,0.831581175327301
garis,-1.8380318880081177,0.5680583119392395,0.7849777936935425
umkm,-0.45207419991493225,0.6992980241775513,1.1911420822143555
gandeng,0.18333803117275238,1.5421509742736816,1.3584113121032715
eksklusif,-0.653175950050354,0.7589434385299683,0.9063579440116882
hibur,-0.42529913783073425,-0.35736188292503357,1.2525485754013062
gbk,0.14356675744056702,-0.1633908599615097,1.3827197551727295
isyarat,-0.8542250990867615,-0.06491728872060776,1.0902107954025269
player,-0.44362735748291016,-1.0003254413604736,1.5002764463424683
ngumoha,-0.30708661675453186,-0.8070290088653564,1.400559663772583
nyoni,0.23695586621761322,-1.0724903345108032,2.049513101577759
trey,0.18565277755260468,-0.9909787178039551,1.8998825550079346
apaapa,-0.9157260656356812,0.28733405470848083,0.852374792098999
bagasapri,-0.972923994064331,-0.044687144458293915,1.1160154342651367
seperti,-0.5350919365882874,0.016705650836229324,1.1153719425201416
benjamin,-1.4422539472579956,-0.29007405042648315,0.9008796811103821
naturalisasi,-1.4611445665359497,0.10954375565052032,0.9775397777557373
tatap,-1.18265962600708,-0.5498402118682861,1.0805343389511108
komposisi,-0.5285729169845581,0.10516903549432755,1.2170486450195312
eks,-0.25882333517074585,0.2500764727592468,0.8839888572692871
doa,-1.171599268913269,0.5290070176124573,0.797078013420105
double,-1.7050602436065674,-0.018146442249417305,0.8039891123771667
fadia,-0.6722075939178467,-0.38219863176345825,1.1126925945281982
amri,-0.14200440049171448,-0.5114852786064148,1.369873285293579
adi,0.6176279187202454,0.37632033228874207,1.7100554704666138
urut,-1.768046498298645,-0.8309769630432129,1.3167474269866943
curi,-1.3657907247543335,-0.11081474274396896,0.9075953960418701
saat,-0.7165087461471558,-0.4698870778083801,1.1820725202560425
datar,-0.5976150631904602,-1.2997697591781616,1.7113559246063232
marukawa,-0.6912664771080017,-1.06751549243927,1.5488380193710327
rodrigo,-0.34528660774230957,-0.9794031381607056,1.5631471872329712
lebar,-0.4152182340621948,-0.18720698356628418,1.2013607025146484
christian,-0.29787853360176086,-0.6795156002044678,1.3254791498184204
maulana,0.09468036144971848,-0.6059142351150513,1.5659230947494507
egy,-0.1677602082490921,-0.8845314383506775,1.549494981765747
affkrs,-0.26189476251602173,-0.6333996057510376,1.2979786396026611
picu,-0.7389383912086487,-0.23348309099674225,1.135454535484314
sundul,-0.7746782898902893,-0.6038903594017029,1.1415826082229614
suporter,-1.1215674877166748,-0.5696036219596863,1.1552437543869019
abai,-0.8412233591079712,1.4225502014160156,1.0347775220870972
wietrzyk,-1.1477879285812378,0.5336431860923767,0.8455750346183777
telat,-0.8363410234451294,-0.04929542914032936,1.131758689880371
toilet,-0.24274031817913055,-0.22165480256080627,1.2770084142684937
cepirit,-0.48869696259498596,-0.11496178060770035,1.206669807434082
kontroversial,-1.6908421516418457,-1.2407804727554321,1.5891461372375488
der,-0.931787371635437,-0.5646587014198303,1.0462208986282349
neuer,-0.6285253167152405,-0.49902456998825073,1.1427433490753174
marcandre,-1.597511649131775,-0.2518389821052551,0.7941570281982422
juergen,-1.0270733833312988,-0.6497772932052612,1.1219786405563354
valverde,-0.4961455166339874,-0.8347054123878479,1.55067777633667
tumpu,-0.26675844192504883,1.0612906217575073,1.0470941066741943
berkat,-1.0584181547164917,-0.6400704383850098,1.1326559782028198
pahlawan,-0.2969149947166443,-0.8445761799812317,1.6471834182739258
bunuh,-1.1865737438201904,-1.1095484495162964,1.5798412561416626
nottingham,-0.7914042472839355,-0.8800357580184937,1.3557075262069702
hajar,-0.16148878633975983,-0.8598533868789673,1.7199571132659912
london,-0.3906964659690857,-0.6062184572219849,1.38764226436615
athletic,-1.1361558437347412,-0.9972019195556641,1.5060772895812988
mcyaff,-0.5507853031158447,0.24569422006607056,1.0990016460418701
alhamdulillah,-0.19724459946155548,0.14970888197422028,1.2507081031799316
individu,-1.6192597150802612,0.3623974919319153,0.8544893860816956
walaupun,-1.8615185022354126,-0.45149844884872437,0.9226112961769104
partner,-1.1035373210906982,0.04114559665322304,0.9210460186004639
tokyo,-1.0930274724960327,0.21341747045516968,0.8347354531288147
moh,-0.02132839523255825,-0.2973385453224182,1.1904752254486084
andai,-1.5004162788391113,-0.575649082660675,1.1024038791656494
oratmangoen,-0.7677149176597595,-0.2946287989616394,0.9264329671859741
ragnar,-0.7869132161140442,-0.45472121238708496,0.9648026823997498
kim,-0.3296380937099457,-0.927959144115448,1.493353247642517
bezzecchi,-0.7430757284164429,-0.4541734755039215,1.1316072940826416
prix,-1.15809965133667,-0.9431293606758118,1.4835400581359863
sprint,-0.41183093190193176,-1.0783536434173584,1.7444398403167725
marino,-0.8514801859855652,-1.2027314901351929,1.4552453756332397
mantap,-0.46644487977027893,-0.30950218439102173,1.3651163578033447
sungguh,-1.674057126045227,-0.2704499065876007,0.9736286401748657
youtube,0.7327665090560913,0.03684001788496971,1.9308559894561768
wonderkid,-1.8208707571029663,-0.25354957580566406,0.8607733249664307
usir,-0.2883370518684387,-0.23147709667682648,1.3311809301376343
akumulasi,-1.14594304561615,-0.20827539265155792,1.05265212059021
ayat,-0.23043394088745117,0.12613919377326965,1.1789928674697876
verifikasi,-0.34913673996925354,0.00930817425251007,1.3146253824234009
pentas,-0.4153047502040863,-0.7948762774467468,1.6131349802017212
filipina,-0.39322611689567566,-1.1795376539230347,1.7686456441879272
divisi,-0.17790208756923676,0.016151292249560356,1.307094693183899
pelita,-1.3692374229431152,0.4148871600627899,0.9038727283477783
adu,-0.1782614141702652,0.870981752872467,1.2085773944854736
ciamis,-0.016040466725826263,0.4757312536239624,1.1530497074127197
mroaff,-0.9027669429779053,-0.029141835868358612,1.0591191053390503
respons,-0.19646143913269043,0.7492120862007141,1.2854074239730835
shin,0.1830434650182724,-0.4635978937149048,1.5339938402175903
pemainpemain,-0.1383577585220337,-0.20784948766231537,1.350368618965149
gianyar,-0.7592620849609375,-0.6099756360054016,1.1679790019989014
dipta,-1.1390023231506348,-0.2121771275997162,0.8293190002441406
wayan,-1.6582187414169312,-0.20039913058280945,0.7816827893257141
pramusim,-1.2208329439163208,0.04847908020019531,0.9095008373260498
kalteng,-0.9033368229866028,-1.3093593120574951,1.68204665184021
mental,-1.3065990209579468,0.27098849415779114,0.8496459722518921
mulus,-1.4875576496124268,-0.7003384232521057,1.1268519163131714
rentang,-2.3761825561523438,0.40316009521484375,0.7687573432922363
maresca,-1.0634642839431763,-0.4990192651748657,1.064316987991333
pep,-1.147087812423706,-0.3436245024204254,0.967543363571167
donnarumma,0.10266759991645813,-0.2707863450050354,1.5644867420196533
rb,-1.4428236484527588,-0.6590797305107117,1.0773667097091675
sayap,-0.942911684513092,-0.8238086700439453,1.432538628578186
pantai,0.11653562635183334,0.7718570828437805,1.2009434700012207
shots,-1.3872785568237305,-0.8108399510383606,1.2336348295211792
estadio,-0.22453661262989044,-1.3114594221115112,1.8994327783584595
tunggang,-0.8846567869186401,-0.13709205389022827,0.9701011180877686
zaki,0.06439134478569031,0.04639943316578865,1.1404082775115967
muhamad,-0.04634905606508255,0.44996437430381775,1.0382297039031982
fajar,0.6040043234825134,0.8564677834510803,1.587501049041748
tayang,-0.2815825045108795,-0.046118397265672684,1.1863601207733154
tonjol,-0.6677942276000977,0.4175416827201843,0.9901019930839539
anthony,-1.1367853879928589,-0.7956087589263916,1.2252854108810425
pangeran,-0.742301881313324,-0.5172817707061768,1.185876488685608
brentford,-1.042985439300537,-1.4611709117889404,1.7769705057144165
detiksepakbola,0.6083583831787109,-0.4186376929283142,2.009936571121216
farhan,0.22787366807460785,-0.6322928667068481,1.5784316062927246
erti,-0.21809473633766174,0.39840179681777954,1.0414282083511353
ball,-0.9211830496788025,-0.40033188462257385,1.0120333433151245
serap,-0.6780461668968201,1.1032323837280273,1.0540016889572144
jebol,-0.5283980965614319,-0.18070583045482635,1.0889711380004883
cerita,-0.6457852125167847,0.11828037351369858,1.1311614513397217
teman,-0.7120389938354492,0.031730860471725464,1.124403953552246
brunei,-1.6035703420639038,-0.4987436830997467,0.9631836414337158
school,-1.4868700504302979,-1.0889012813568115,1.1876503229141235
optimistis,-0.10569316893815994,0.6501062512397766,1.2622382640838623
marciano,0.05771489441394806,0.6073837280273438,1.2967013120651245
kejurnas,-1.1217314004898071,0.46378934383392334,0.948845624923706
age,-0.5086734890937805,-0.35723352432250977,1.0386574268341064
nih,-0.7222654223442078,-0.24674001336097717,1.119494915008545
tebus,-2.0837607383728027,-0.5077320337295532,0.9877741932868958
trofi,-1.5408298969268799,-0.7598918676376343,1.1989107131958008
juluk,-1.8914662599563599,-0.5454702377319336,1.021694302558899
kagum,-1.5179493427276611,-0.4801362156867981,0.8945406675338745
pasir,-0.1950731873512268,1.498511791229248,1.3932784795761108
iup,0.2824617922306061,1.5858628749847412,1.6359219551086426
corporations,-0.15142586827278137,0.3683869540691376,1.2505768537521362
kontraksi,-1.5193328857421875,0.7293689846992493,0.8806243538856506
denny,0.04186432063579559,0.7560589909553528,1.2167686223983765
ramdan,0.07952592521905899,0.4458094537258148,1.330702781677246
bi,-0.461246132850647,0.8297728896141052,0.9536592960357666
pangkat,-1.4464696645736694,0.18816840648651123,1.09822678565979
tegur,0.28069043159484863,0.4220706820487976,1.3889884948730469
maulidya,0.21699729561805725,0.4262778162956238,1.5445832014083862
dody,0.4817580580711365,0.27503857016563416,1.7233681678771973
judol,-0.8174359798431396,0.7163206934928894,0.818915069103241
telusur,-0.6407345533370972,0.47379323840141296,0.9623781442642212
bareskrim,-0.20753493905067444,0.7722219228744507,1.167302131652832
sembunyi,-0.8579248785972595,0.6313184499740601,0.8331608176231384
lelang,-0.43773961067199707,0.8349044919013977,1.1847461462020874
mikro,0.07527364045381546,0.5584763288497925,1.449678659439087
ventura,-0.1670910269021988,0.726543664932251,1.309539556503296
lending,-0.26236701011657715,0.18246214091777802,1.0910521745681763
peer,-0.28453704714775085,0.06682245433330536,1.0561444759368896
benefit,-0.6470602750778198,0.8700486421585083,0.9847261905670166
usd,-0.10329432785511017,-0.34692439436912537,1.530861735343933
budgeting,-0.8647927641868591,0.6159207224845886,0.9155670404434204
blusaving,-0.5375439524650574,0.2567894756793976,1.0077937841415405
jauhjauh,-0.4896979331970215,-0.03313872963190079,1.2200915813446045
tentang,-0.4535544812679291,0.4186546206474304,1.0077619552612305
stimulus,-0.7176673412322998,1.6318321228027344,1.0634297132492065
audit,-0.24873678386211395,0.5350533723831177,1.056290864944458
presisi,-0.6103500127792358,0.9769572615623474,0.9846052527427673
selfie,0.23137009143829346,0.9619407057762146,1.5081437826156616
accreditation,0.7343370914459229,0.16737760603427887,1.7542130947113037
akreditasi,0.10342948138713837,1.1702256202697754,1.3057365417480469
xi,0.8291834592819214,-0.17731672525405884,2.105691909790039
commodity,0.07014568895101547,0.6471883058547974,1.237350344657898
fahd,-0.3136523962020874,-0.5475721955299377,1.2992680072784424
substansi,-0.02299378253519535,0.7510243654251099,1.2955790758132935
head,-0.5467984080314636,-0.2872887849807739,1.1177408695220947
fashion,-0.3316972851753235,1.4801112413406372,1.1150505542755127
polis,-0.11795824766159058,1.1628894805908203,1.477577805519104
embedded,-0.8298507928848267,1.360332727432251,0.9054730534553528
store,0.07983215153217316,0.7635097503662109,1.3057334423065186
department,-0.23409007489681244,1.2654868364334106,1.0703428983688354
tardi,0.34610626101493835,0.4387935996055603,1.5228872299194336
lampri,0.6503116488456726,0.49304595589637756,1.7922736406326294
foreign,-1.6327474117279053,0.6117996573448181,0.6228915452957153
mangkrak,0.04015480726957321,0.32992884516716003,1.1898711919784546
dibiarin,-0.5064215660095215,0.07260945439338684,1.0487918853759766
direfund,-0.9084267020225525,-0.011462044902145863,1.0724642276763916
dibayarin,-0.8109520673751831,-0.09412417560815811,0.9910216927528381
ara,0.22440598905086517,0.42857685685157776,1.5472851991653442
inventarisasi,0.30469444394111633,0.5455227494239807,1.6158926486968994
selaras,-0.3090880811214447,1.5656578540802002,1.189452052116394
leaders,-1.0582311153411865,1.134353518486023,0.8085926175117493
mang,-0.911884605884552,1.0720350742340088,1.0864282846450806
fitri,0.026401804760098457,0.8251359462738037,1.2617758512496948
t,-1.3484959602355957,0.8415595293045044,0.7386849522590637
mukarromah,-0.7468260526657104,0.6486372947692871,0.7715495824813843
kurniasih,-0.6215328574180603,1.0768450498580933,0.7070014476776123
budhin,0.45870256423950195,0.8148714303970337,1.6963324546813965
tower,0.6199192404747009,0.6750988960266113,1.573905110359192
exofficio,0.5539017915725708,-0.13892963528633118,1.854034185409546
kiki,0.4587176442146301,-0.3071231245994568,1.7751960754394531
friderica,-0.3958938419818878,0.6457946300506592,1.118903398513794
danatara,0.10500150173902512,0.3609365224838257,1.6511812210083008
dizolimi,-0.2538246512413025,0.9900761842727661,1.3046518564224243
terzolimi,-0.5976016521453857,1.339888334274292,1.1664959192276
timeline,-0.8834584355354309,1.2299485206604004,1.0997450351715088
concern,-0.574203372001648,0.4391907751560211,1.0288445949554443
hal,-0.6606590747833252,0.01009438931941986,1.1917568445205688
direksi,0.7682532668113708,0.8330370783805847,1.8624024391174316
ilmu,-0.7378455996513367,0.6627569794654846,0.9188429713249207
banjarmasin,0.10762181133031845,0.7161372303962708,1.2893460988998413
trisakti,0.46135109663009644,0.6741176843643188,1.4436415433883667
vts,0.1664205640554428,0.8581418991088867,1.323390007019043
service,0.25521320104599,0.5296390056610107,1.3122671842575073
notice,-0.12504279613494873,0.3071816563606262,1.0334104299545288
asam,0.36874350905418396,1.1089526414871216,1.4543073177337646
bukit,0.6115859746932983,1.102235198020935,1.6193034648895264
perta,0.23950208723545074,1.3338334560394287,1.3484814167022705
geopolitik,-0.6119599342346191,1.2400323152542114,0.9356889128684998
lanskap,-0.44178879261016846,1.2089734077453613,1.1496455669403076
cave,-0.7565966844558716,0.9182448983192444,0.7086423635482788
wenas,-0.2703295350074768,0.8372114300727844,1.0852059125900269
pungut,-0.36169278621673584,0.10775493830442429,1.0554020404815674
ikutin,-0.7916756272315979,0.23164115846157074,1.0886883735656738
long,-0.39091956615448,-0.11526250094175339,0.9886059165000916
quality,-0.6678879261016846,-0.3547290861606598,0.9573610424995422
rojolele,-0.622431218624115,-0.4563804566860199,1.0469684600830078
sumo,-0.6935871839523315,0.05702115222811699,0.8791483044624329
risi,-1.1747567653656006,-0.4691612422466278,1.0740547180175781
pancing,-0.37698447704315186,-0.2726965546607971,1.317170262336731
hitunghitung,0.08929239958524704,-0.01885717362165451,1.338734745979309
psp,0.0030554085969924927,1.0313961505889893,1.3654288053512573
orientasi,-0.45067256689071655,0.8699837327003479,1.114923119544983
riil,-0.35047388076782227,0.718725323677063,1.1694254875183105
ketidakpastian,-0.8240964412689209,1.0670278072357178,0.9486651420593262
institusional,-0.4140886664390564,0.7392438054084778,1.0637561082839966
kontinuitas,-0.5082964301109314,0.9163866639137268,1.0771816968917847
yaman,0.05947166308760643,0.8639907240867615,1.155806541442871
milisi,-0.13528068363666534,0.8123680353164673,1.1366286277770996
wright,-0.0638422966003418,0.18510906398296356,1.3354347944259644
eskalasi,-1.0297595262527466,1.233619213104248,0.8098882436752319
brent,-1.5062227249145508,1.1587295532226562,0.6914741396903992
cnbc,-0.1626635640859604,0.18137140572071075,1.3051737546920776
drone,-0.10319212079048157,0.27946120500564575,1.2117847204208374
departemen,0.03763945400714874,0.2654586434364319,1.3133628368377686
gin,-0.9691820740699768,0.33586135506629944,0.9865916967391968
jakartabandung,-0.02042493224143982,1.0299019813537598,1.4425803422927856
endtoend,-0.7819715738296509,0.8001729846000671,1.198027491569519
kek,-0.0365663506090641,1.1111253499984741,1.3205162286758423
persepsi,-1.0723375082015991,1.1005580425262451,0.9429048299789429
maruf,0.7684638500213623,0.26919299364089966,1.819040298461914
himpun,-0.4707184433937073,1.1810216903686523,1.1494807004928589
angang,-0.8073609471321106,-0.05876592546701431,0.9057718515396118
makmur,-0.10157089680433273,0.6230357885360718,1.0777291059494019
niagaboga,-0.6646575927734375,0.48086419701576233,0.9521198272705078
macrosentra,-0.2928163707256317,0.37519970536231995,1.017465591430664
iklan,-1.3607771396636963,0.9585641026496887,0.7323771119117737
klbf,-1.261978268623352,0.5485183000564575,0.9371330738067627
bahaya,-0.6393410563468933,0.6602919697761536,0.9757724404335022
jembatan,-0.5719516277313232,0.6383199095726013,1.0387762784957886
bhs,0.058064647018909454,0.2696230709552765,1.412349820137024
selidik,-0.05129651725292206,0.6370102167129517,1.180698037147522
pns,-0.26524966955184937,0.8703637719154358,1.0423792600631714
nya,-1.089982271194458,1.1068114042282104,0.9203099012374878
plat,-1.1518399715423584,0.4218827188014984,0.908316969871521
ex,-0.9367229342460632,0.7218747138977051,1.0052536725997925
buyback,-2.061817169189453,0.9065182209014893,0.7316405177116394
logam,-0.8011643290519714,0.3786177933216095,0.8154726624488831
jpy,-0.3939109444618225,-0.42374125123023987,1.3197964429855347
aud,-0.47669947147369385,-0.25880926847457886,1.2694367170333862
gbp,-0.2717561721801758,-0.48378801345825195,1.3809456825256348
pek,-1.3810585737228394,0.2962796986103058,0.883397102355957
banjir,-0.6188657283782959,0.5200713276863098,0.9453694820404053
mellifera,-0.7780278921127319,-0.04977822303771973,0.7771366834640503
apis,-0.6461308598518372,-0.10197953879833221,0.8135542273521423
riau,-0.5072826147079468,-0.09351004660129547,0.9544602632522583
understanding,-0.2662322521209717,-0.16204266250133514,1.0648529529571533
memorandum,-0.3969264030456543,-0.21438834071159363,1.0806283950805664
tplink,-0.004508087411522865,0.603184163570404,1.1271076202392578
loan,-1.8107820749282837,0.9539942145347595,0.663104236125946
unsustain,-1.6761579513549805,1.2194492816925049,0.6947258114814758
stakeholder,-0.22463993728160858,0.7554463148117065,1.2828716039657593
terampil,-0.3088156580924988,0.6899253129959106,1.2883858680725098
finansial,-0.5092896223068237,1.6511863470077515,1.1994937658309937
lamun,-0.856670618057251,-0.7550742626190186,1.2245402336120605
kelakar,0.19359537959098816,-0.4234899878501892,1.9591658115386963
iur,-0.5802180171012878,0.2626703679561615,1.0879989862442017
taspen,0.5976055264472961,0.5999453663825989,1.6657310724258423
estimasi,-1.7752430438995361,0.6388470530509949,0.7964885830879211
umur,-1.0734728574752808,0.19032001495361328,0.9851572513580322
lowong,-0.19019269943237305,0.3388294279575348,1.2374024391174316
darmawansyah,0.3401699364185333,0.3711301386356354,1.5161806344985962
rekrutmen,-0.5637389421463013,0.5791646838188171,1.1083558797836304
batch,-0.6590105891227722,0.32604464888572693,1.1000324487686157
kemnaker,0.10634662955999374,0.5108374953269958,1.2379347085952759
sulsel,-0.01383415050804615,1.106493353843689,1.3330429792404175
fdlfdl,-0.26519593596458435,0.5927639603614807,1.2781896591186523
mihan,-0.7003672122955322,0.5406031608581543,0.9078917503356934
klien,-0.6987333297729492,0.6652622818946838,1.0485076904296875
apartemen,-0.12976929545402527,0.9023422598838806,1.3072179555892944
lansia,-0.5276467204093933,0.8679448962211609,0.9802029728889465
fei,-0.4633525311946869,0.5771908760070801,1.0027419328689575
zhejiang,-0.3609539568424225,0.9479095339775085,1.1009750366210938
malas,-0.7802315950393677,1.30400550365448,1.0127183198928833
tren,-1.3053075075149536,1.2545498609542847,0.8136768341064453
jelma,-1.0101038217544556,1.2960470914840698,0.7959524393081665
konteks,-0.9653187394142151,0.5257234573364258,0.8473806381225586
sense,-0.6141316294670105,0.453499972820282,1.05018949508667
golong,0.0860120952129364,1.5764234066009521,1.5168198347091675
sekretariat,0.6427497267723083,0.23677846789360046,1.8904684782028198
kalo,-0.1446220576763153,0.4135255515575409,1.2199591398239136
bincang,0.49986398220062256,0.852608859539032,2.0664138793945312
bus,-0.6617356538772583,1.1460926532745361,0.8974437117576599
bumd,-0.6111257076263428,1.408102035522461,1.258878231048584
konsekuensi,-0.1771964728832245,1.645682454109192,1.2216883897781372
meminimalisir,-0.5784821510314941,1.3713980913162231,0.9843240976333618
kaharforce,-0.9031920433044434,0.9288944602012634,0.8444615006446838
memberitahukan,-0.7023027539253235,1.0330287218093872,1.0485936403274536
agreement,-0.10563158988952637,1.4618474245071411,1.2488104104995728
coal,-0.025708172470331192,1.4089417457580566,1.1440556049346924
fsp,0.28454914689064026,0.618547260761261,1.3404383659362793
sakti,0.6338143348693848,0.6215872764587402,1.5079905986785889
tj,0.6726306676864624,0.6147754192352295,1.6658380031585693
tanur,0.7204508781433105,0.7542453408241272,1.6823921203613281
ta,0.6744475960731506,1.2283868789672852,1.7535574436187744
tiwa,0.524396538734436,1.1302707195281982,1.5905438661575317
kelar,-0.1916755884885788,0.35894325375556946,1.3498159646987915
siang,0.28699609637260437,-0.26052093505859375,1.7200772762298584
nota,-0.307840496301651,0.3875170648097992,1.029693841934204
iv,-0.27951738238334656,0.617504358291626,1.1374202966690063
desil,0.22957751154899597,0.6265169382095337,1.3594940900802612
lpg,-0.9413130879402161,1.0897775888442993,0.7795116901397705
akomodasi,-0.727421760559082,0.8862888813018799,0.9625130295753479
yurisprudensi,-1.5860661268234253,0.5104807019233704,0.7235937118530273
ira,-0.5530422925949097,0.24982547760009766,1.0297355651855469
sal,-0.8723679780960083,0.7304702997207642,0.9452980160713196
saldo,-0.49947407841682434,1.0149997472763062,1.0030202865600586
investment,-0.6278640627861023,0.5401076674461365,0.8892959356307983
bungkam,-0.29321086406707764,-0.08133825659751892,1.398142695426941
happy,-0.11085086315870285,1.2052046060562134,1.2559263706207275
demo,-0.214737206697464,0.456548273563385,1.2536888122558594
kaum,-0.06291123479604721,0.20233982801437378,1.4421218633651733
ketenagakerjaan,-0.09444331377744675,0.5386582016944885,1.1383147239685059
umk,-1.7661452293395996,0.5685408711433411,0.6571608781814575
ricuh,-0.4298516511917114,0.7819339036941528,0.9747928380966187
ikutikutan,-0.7520319223403931,0.28427618741989136,0.9864276051521301
kantorkantor,-0.12844830751419067,0.8540228605270386,1.2173503637313843
iqbal,-0.1855124682188034,0.2888560891151428,1.2548062801361084
konfederasi,0.021777203306555748,0.1572834998369217,1.2482362985610962
arus,-0.18261153995990753,0.5821430683135986,1.2039004564285278
kondusif,-0.7936214804649353,0.44912460446357727,1.0684531927108765
patra,0.24562890827655792,1.2745829820632935,1.3336526155471802
lesu,-0.5867061614990234,0.6980051398277283,1.0188504457473755
ytd,-0.8653049468994141,0.7844580411911011,0.9091744422912598
konservatif,-0.6949823498725891,1.1711546182632446,0.9620364904403687
asset,-0.5250298380851746,0.825834333896637,0.8595941662788391
selektif,-0.9392516613006592,1.2802057266235352,0.8885011672973633
timbun,-0.904790997505188,1.2289527654647827,0.9236317276954651
pertamax,-0.38614484667778015,0.3842203617095947,0.9968854784965515
nonsubsidi,-0.8358904123306274,1.2410036325454712,0.8801554441452026
update,-0.7573818564414978,0.4045087397098541,1.0945968627929688
bentang,0.0734894797205925,0.8587506413459778,1.2688148021697998
share,-0.4814195930957794,0.7957298755645752,1.1383756399154663
arifin,-0.2539314329624176,0.6714401841163635,1.1736559867858887
upstream,0.04264887422323227,1.2668687105178833,1.2650173902511597
subholding,0.021198784932494164,1.4371496438980103,1.3244187831878662
sunaryanto,0.2737812399864197,0.9297747015953064,1.5469235181808472
chain,0.591770350933075,1.6591789722442627,1.7925797700881958
muraza,0.3274010717868805,0.878995418548584,1.5716965198516846
terjemah,-0.37144914269447327,0.6464981436729431,1.1503784656524658
pionir,-0.1969911903142929,1.4061803817749023,1.2051172256469727
bumi,0.22433391213417053,1.231594204902649,1.262576937675476
appraisal,-0.10449583828449249,0.8400506973266602,1.3771474361419678
north,-0.4587353467941284,1.006325364112854,1.0072405338287354
kelok,-0.567824125289917,0.36997902393341064,0.9405748844146729
gulamo,-0.6030371189117432,0.4175095558166504,0.9859579801559448
phe,0.28397396206855774,1.48551344871521,1.4872883558273315
bos,0.722438395023346,0.8278228044509888,1.7179826498031616
discovery,-0.7103946208953857,0.9314448833465576,0.8742595314979553
price,-1.017065405845642,1.3291831016540527,0.8157989978790283
short,-0.03120460733771324,0.09765033423900604,1.235727310180664
mock,-0.17943234741687775,0.15794982016086578,1.3841185569763184
optimis,-0.42484250664711,0.3304041922092438,1.2050554752349854
shanghai,-0.9217247366905212,0.4562700688838959,0.8620573878288269
index,-0.866263747215271,0.4706067144870758,0.9655569791793823
turnover,-2.221614122390747,1.089446783065796,0.7474253177642822
lompat,-0.1363973766565323,0.18988783657550812,1.551497459411621
simpang,-0.07090679556131363,1.1951638460159302,1.255744457244873
rasio,-0.2919856309890747,0.9922983050346375,1.0590159893035889
miskin,-0.9783005118370056,0.8419435620307922,1.0133124589920044
kerangka,-0.9176352620124817,0.4405823349952698,0.8891522288322449
properti,0.34880712628364563,1.0297858715057373,1.3804316520690918
desentralisasi,-0.15010225772857666,0.991115391254425,1.2079198360443115
governance,-0.4074804186820984,0.5905996561050415,0.9780607223510742
modernisasi,-0.5506757497787476,1.6530057191848755,1.1773810386657715
supadio,-0.0048461174592375755,-0.08542587608098984,1.2330119609832764
asap,-0.0804016962647438,1.0010595321655273,1.1483744382858276
kabut,-0.10359451919794083,1.1417192220687866,1.2039551734924316
afirmasi,-0.38737696409225464,0.6923808455467224,1.09018874168396
kecuali,-0.9605124592781067,0.7997651100158691,0.8761679530143738
pendayagunaan,0.4021811783313751,0.11271367967128754,1.69732666015625
panrb,-0.1396300196647644,0.0005966131575405598,1.2813469171524048
purabaya,0.0761437937617302,-0.2407483607530594,1.5570014715194702
tax,0.8194643259048462,-0.023866325616836548,1.9973393678665161
hok,-0.20555603504180908,0.7645182013511658,0.9665351510047913
sni,-1.4554967880249023,1.7233184576034546,0.9087849259376526
edward,-0.22263897955417633,0.4886457920074463,1.1857088804244995
lab,-1.0579109191894531,1.0060274600982666,0.7040095329284668
abalabal,-1.2616772651672363,1.3856090307235718,0.8014718890190125
andi,0.2844940721988678,0.2867065668106079,1.3684688806533813
okkpd,0.14556531608104706,1.0832395553588867,1.331466555595398
inspektur,0.4110027551651001,0.09750503301620483,1.6622800827026367
ditindaklanjuti,-0.38245224952697754,0.888864278793335,1.19448983669281
giur,-1.3448468446731567,0.35615867376327515,0.8296252489089966
truk,-1.3239924907684326,1.0182558298110962,0.6848269104957581
kilo,-1.9191803932189941,0.6892182230949402,0.716583788394928
laboratorium,-0.2806834876537323,0.3129926025867462,1.124755859375
limpah,0.3290570378303528,0.16557569801807404,1.5614497661590576
sosialisasi,-0.45360225439071655,1.0089514255523682,1.1751166582107544
direplikasi,-0.5054941773414612,1.455609679222107,1.144413948059082
komersialisasi,-0.17322450876235962,1.5450602769851685,1.3561780452728271
test,-0.2170008271932602,1.1530342102050781,1.1968157291412354
andriyuda,0.1973627656698227,1.4038527011871338,1.4849090576171875
efisiensi,-0.436795175075531,1.186638355255127,1.1245759725570679
oksida,-0.8504250049591064,0.6149229407310486,0.8594768643379211
engine,-0.2311158925294876,0.7003031373023987,1.0600379705429077
auxiliary,-0.30323466658592224,0.9969600439071655,0.9264308214187622
genset,-0.26107606291770935,1.35035240650177,1.1865071058273315
pelihara,-0.40257591009140015,1.0752347707748413,1.1336512565612793
hours,-0.3410872220993042,0.8312987685203552,0.9956236481666565
running,-0.2708790898323059,0.8899107575416565,1.0188343524932861
port,-0.08872391283512115,0.8510670065879822,1.1898795366287231
green,0.1378146857023239,1.0007928609848022,1.3253847360610962
heru,0.687049925327301,1.0747512578964233,1.6586743593215942
tenggang,-0.2939675450325012,-0.25493526458740234,1.3057633638381958
grade,-1.1051058769226074,0.6197594404220581,0.7670869827270508
scp,-0.24912534654140472,0.04885099455714226,1.0301547050476074
profile,-0.33589687943458557,-0.04477052390575409,0.9098544120788574
credit,-0.4678279161453247,0.03510354086756706,0.8312281370162964
standalone,-0.864357054233551,-0.28273361921310425,0.9243485927581787
tempo,-0.5938851833343506,-0.1482008695602417,1.1481751203536987
volatilitas,-0.9331507086753845,1.2539339065551758,0.950475811958313
outlook,-0.6304733157157898,0.6696956753730774,0.8682968616485596
idn,-0.09361742436885834,0.42063766717910767,1.0868186950683594
erat,-0.4406399428844452,1.678781270980835,1.309348702430725
kepelabuhanan,-0.4227529466152191,1.5416717529296875,1.2295268774032593
bensin,-0.6520187854766846,1.0537238121032715,0.924466073513031
komersial,-0.031188663095235825,1.1553261280059814,1.3698266744613647
alkali,-0.3022312521934509,1.3569176197052002,1.0479909181594849
basis,-0.5218603014945984,1.4036461114883423,1.174045443534851
produkproduk,-0.4120580554008484,0.9070292711257935,1.1185787916183472
kode,-0.2919180989265442,0.8068747520446777,0.9201974868774414
sontana,-0.33486223220825195,0.8355576395988464,0.9478644728660583
rizal,-0.5950559377670288,0.4732125699520111,0.9460220336914062
erw,-0.01420582365244627,0.7724375128746033,1.2178775072097778
ptun,0.34118711948394775,-0.37165209650993347,1.5227000713348389
gugat,0.2923893928527832,0.1486186683177948,1.326115608215332
taufik,0.5035597681999207,0.46283969283103943,1.507139801979065
suap,-0.23394708335399628,0.6161653995513916,1.0768390893936157
kronologi,-0.2697715759277344,0.6424005031585693,1.1169689893722534
kooperatif,0.023324349895119667,0.6635290384292603,1.2016795873641968
perseoran,-0.25849294662475586,0.5783085227012634,1.2135844230651855
berantas,0.5425688624382019,-0.029647188261151314,1.6715954542160034
makasih,-0.5220978260040283,0.7122136354446411,1.218394160270691
jenjangjenjangnya,0.03120991960167885,-0.1027950644493103,1.4629359245300293
hrphns,-0.36692723631858826,0.06906775385141373,1.0397212505340576
sanitasi,-1.1959574222564697,0.04182009398937225,0.7067467570304871
climate,0.4197220504283905,0.2882354259490967,1.5215905904769897
nambah,-0.3621191680431366,0.2185659110546112,0.9206334352493286
ketemu,-0.5626605749130249,0.21704046428203583,1.054147720336914
roeslani,0.13712701201438904,0.14418894052505493,1.4139044284820557
ntt,0.5273622274398804,0.2817222774028778,1.643629550933838
pascagempa,0.10887762159109116,0.4423643946647644,1.3048521280288696
sangatsangat,-0.7540619373321533,0.6966231465339661,1.1291656494140625
pertimbanganpertimbangan,0.4644273519515991,0.29423707723617554,1.6826738119125366
owner,-0.489066481590271,0.7291932702064514,0.9673933386802673
semata,-1.41728675365448,0.7279018759727478,0.8279967308044434
pijak,-0.36492374539375305,1.247518539428711,1.1427297592163086
kpi,-0.5463491678237915,0.4372316002845764,0.9858636856079102
flow,-0.7850596904754639,-0.0753304734826088,0.9109318256378174
cash,-0.977411150932312,0.11528330296278,0.7701594233512878
graduate,-0.6563212871551514,0.3085308372974396,0.9380953311920166
fresh,-0.6607211828231812,0.2814580798149109,0.9745334386825562
cost,-0.26883193850517273,0.7326378226280212,0.9711153507232666
skill,-0.7691663503646851,0.4492504894733429,0.8636431694030762
peta,-0.3674646317958832,0.942477822303772,1.007983922958374
bottlenecknya,-0.6741042137145996,0.81807941198349,0.9141392111778259
tebu,-0.731373131275177,1.1021900177001953,0.971660852432251
koordinator,0.19852587580680847,0.742132306098938,1.2077041864395142
dapet,-1.522560954093933,0.3307267427444458,0.6950344443321228
april,-0.40957486629486084,-0.05671747401356697,1.1507965326309204
format,-0.0011335618328303099,0.07154688984155655,1.2906574010849
editing,-0.9937421679496765,0.6184993982315063,0.8433642983436584
nentuin,-0.826808512210846,0.4754864275455475,0.869423508644104
views,-1.6543760299682617,1.1880830526351929,0.7259839773178101
followers,-1.7928974628448486,0.9857237339019775,0.7773805856704712
lampung,-0.12380118668079376,0.36941179633140564,0.99248206615448
class,-0.6023585200309753,0.4689810276031494,0.8361086249351501
mastery,-0.3610226809978485,0.22641216218471527,0.9378088116645813
modern,-0.45283424854278564,0.828610360622406,1.1543232202529907
heritage,-0.8614792227745056,0.4678373634815216,0.9241122603416443
heritagenya,-1.0749636888504028,0.2913389503955841,0.8800891041755676
teliti,-0.29489174485206604,0.6655709147453308,1.1102162599563599
citra,0.12469586730003357,1.2726625204086304,1.319165825843811
development,-0.9069380164146423,0.41810277104377747,0.7639968395233154
lekat,-0.699633002281189,0.6800433993339539,0.9180734157562256
ruangruang,0.002590934745967388,0.5542009472846985,1.1433430910110474
bising,-0.1599496603012085,1.006367802619934,1.057879090309143
denyut,-0.683341920375824,0.3980407416820526,0.9269411563873291
kuliner,0.055592577904462814,0.016786448657512665,1.3493095636367798
betapa,-0.678852379322052,0.2845429480075836,1.0463714599609375
angin,-0.18203791975975037,0.22599577903747559,1.2836277484893799
alberto,-0.41408199071884155,-0.19334812462329865,1.1762444972991943
zielinski,-0.9171598553657532,-0.7691797614097595,1.2094354629516602
konsentrasi,-0.8138226866722107,0.3600456416606903,0.9557088017463684
mesti,-0.28581076860427856,-0.32785385847091675,1.2831668853759766
udinese,-0.20810739696025848,-0.6798152923583984,1.5469404458999634
romano,-0.8321733474731445,0.17613349854946136,1.0017812252044678
crystal,-0.6093622446060181,-0.3466984033584595,1.0141581296920776
spesifik,-1.0069634914398193,0.30707496404647827,1.1743698120117188
pikul,-0.7338269352912903,0.8143774271011353,0.9055992960929871
nutrisi,-1.0851949453353882,0.8671307563781738,0.9727206230163574
bibit,-1.3644598722457886,0.6163662672042847,0.7882958054542542
ardiles,-0.9117807745933533,0.36475032567977905,1.001997470855713
pilipus,-0.8069226145744324,0.8799235224723816,0.938046395778656
academy,-0.2509711682796478,0.11059395223855972,1.0985686779022217
asupan,-0.4761894643306732,1.4088740348815918,1.0095889568328857
recovery,-0.06175845116376877,0.7585327625274658,1.155364990234375
kawankawan,-0.12146968394517899,0.27150145173072815,1.338058352470398
mahar,-0.062919981777668,-0.47718679904937744,1.489316463470459
press,-0.014686129055917263,-0.5590683221817017,1.4099228382110596
sesak,-0.6482090353965759,0.2510206997394562,0.9332880973815918
lawat,-0.7362967133522034,-1.0800025463104248,1.4130231142044067
simpul,-0.23454241454601288,-0.2018454223871231,1.111569881439209
wibowo,0.2811395525932312,0.3675003945827484,1.4425528049468994
mitchell,-0.7192600965499878,-0.2727200388908386,1.0028678178787231
gambasvideo,-0.4170832335948944,-1.0723954439163208,1.4904558658599854
referensi,-0.4656761884689331,0.8827365636825562,1.1561683416366577
dokumentasi,-0.5238152742385864,0.7813056111335754,0.9470663070678711
panutan,-0.7941148281097412,0.035701651126146317,0.8872187733650208
adhang,0.04058924689888954,0.6700592041015625,1.268845558166504
lambat,-0.04706209897994995,0.4300379157066345,1.3323701620101929
delay,-0.6425226330757141,0.686626672744751,1.1379255056381226
feet,-0.5956129431724548,0.10763474553823471,1.217074990272522
acu,-0.5991497039794922,1.1675773859024048,0.9852306246757507
servis,-0.3796546757221222,0.6970615386962891,1.0653226375579834
rinci,-0.43017539381980896,0.556016743183136,1.0866928100585938
kamar,-0.31868836283683777,0.9818562269210815,1.2025243043899536
edukasi,-0.4389609098434448,1.3052356243133545,1.1471847295761108
revo,-0.3230832815170288,-0.22127355635166168,1.1060888767242432
hilux,-0.5247700214385986,-0.048345353454351425,0.9728139042854309
toyota,-0.7398384213447571,-0.02155582420527935,1.0173946619033813
reli,-0.5454155802726746,0.058526504784822464,1.0158671140670776
bujuk,-0.5064634084701538,-0.4077457785606384,1.3262879848480225
ketimbang,-0.8267783522605896,-0.16749316453933716,0.8442758321762085
imi,-0.06054065749049187,0.23283147811889648,1.2200053930282593
ikat,-0.5731041431427002,0.2307858169078827,1.0988703966140747
andri,-0.29048338532447815,0.9947517514228821,1.199510931968689
rombak,0.027827830985188484,0.08101441711187363,1.4582405090332031
ceo,0.3463135361671448,0.408482164144516,1.4872902631759644
sarga,-0.12495791912078857,-0.3177766799926758,1.4088085889816284
bayangbayang,-0.7964856028556824,-0.8512051105499268,1.3828154802322388
arbeloa,-0.6992316246032715,-1.0411068201065063,1.3740302324295044
lampard,-0.6428650617599487,-1.1598749160766602,1.4780136346817017
frank,-0.7354839444160461,-1.1425367593765259,1.400795578956604
aston,-0.48288652300834656,-0.8800888061523438,1.35381019115448
banderol,-2.0265252590179443,0.8025645017623901,0.6470306515693665
bel,-1.5801948308944702,0.46451714634895325,0.7322978973388672
februari,-0.5469074845314026,0.3434591293334961,1.1240655183792114
rinkrs,-0.6324561834335327,0.12624451518058777,1.1671632528305054
legendaris,-1.2748994827270508,-0.6097360849380493,1.0657845735549927
obsesi,-1.6224058866500854,-0.8199700117111206,1.2605562210083008
nawaf,0.28769442439079285,-0.948874294757843,2.0138747692108154
alejandro,-0.37676551938056946,-1.1873795986175537,1.6590498685836792
aqidi,0.0273866206407547,-1.3015886545181274,2.2963428497314453
mane,-0.14627914130687714,-0.8675710558891296,1.4433817863464355
sadio,-0.19559785723686218,-0.998674750328064,1.5925861597061157
felix,-0.31404149532318115,-1.0939548015594482,1.5307767391204834
joao,-0.3824161887168884,-0.9919718503952026,1.382991075515747
zayed,0.09374818205833435,-0.6532725691795349,1.502780556678772
bin,-0.1811758130788803,-0.6187399625778198,1.3100708723068237
hazza,-0.29457563161849976,-0.15759964287281036,1.1708959341049194
riedel,-0.7102493047714233,-0.7901645302772522,1.1804958581924438
clemens,-1.008920669555664,-0.7193512916564941,1.0734143257141113
pelota,-0.44083207845687866,-0.8723490238189697,1.4171053171157837
pedrosa,-0.5529677867889404,-0.8953316807746887,1.3470209836959839
adria,-0.5565667748451233,-0.830984354019165,1.3307960033416748
lightning,-0.8249243497848511,-0.8289205431938171,1.347051978111267
goal,-0.6183782815933228,-0.86561518907547,1.4549307823181152
mulyadi,-0.8654566407203674,-0.8291549682617188,1.199870228767395
viktor,-0.8136852383613586,-0.532075822353363,1.118707537651062
tjoeaon,-0.5215789675712585,-0.6647388935089111,1.251587986946106
mohammed,-0.5855146646499634,-0.3262915015220642,1.0119153261184692
mathys,-0.2396797239780426,-0.9514403939247131,1.5190197229385376
mohamed,-0.04199787601828575,-0.660139799118042,1.499106764793396
byrne,-0.2249836027622223,-0.9370891451835632,1.4817379713058472
imagespeter,-0.2919355630874634,-0.9001257419586182,1.4601551294326782
dubravka,-0.8156079649925232,-1.046565294265747,1.4238576889038086
terobos,-0.35267123579978943,-0.35840970277786255,1.2821158170700073
bergvall,-0.3423716127872467,-0.9580522179603577,1.400191307067871
trio,-0.24299094080924988,0.28484171628952026,1.1244680881500244
gomez,-0.7539523243904114,-0.6397920250892639,1.0483405590057373
joe,-0.7003946900367737,-0.5262956023216248,0.9498481154441833
araujo,-0.31624945998191833,-0.7855923771858215,1.2277495861053467
ronald,-0.5537992715835571,-0.8451278805732727,1.1741071939468384
west,-0.9365506172180176,-0.32344067096710205,0.8424423336982727
akpom,-0.9409950971603394,-0.8686087727546692,1.2869702577590942
kepa,-0.849436342716217,-1.1000462770462036,1.4243214130401611
mehmeti,-0.47149303555488586,-0.6498942375183105,1.3530545234680176
zubimendi,-1.2370725870132446,-0.787709653377533,1.1655802726745605
noni,-0.4793669283390045,-0.4097413718700409,1.2210079431533813
eberechi,-0.8169572949409485,-0.17873457074165344,0.8291207551956177
oper,-0.9246825575828552,0.12154393643140793,0.8533302545547485
lenggang,-0.8626930713653564,-0.40804189443588257,1.093866229057312
papan,-0.9237055778503418,-0.8086094856262207,1.3587278127670288
federico,-0.3889707326889038,-1.062651515007019,1.5619707107543945
laligaeasports,-0.6551074981689453,-0.34665271639823914,1.0734294652938843
en,-0.7528058290481567,-0.48926615715026855,0.9942112565040588
victoria,-0.8406339883804321,-0.7207714915275574,1.0879158973693848
guler,-0.36198946833610535,-0.8054236173629761,1.2610825300216675
arda,-0.22850805521011353,-0.7501855492591858,1.3549585342407227
tidur,-0.5080634355545044,-0.020286202430725098,1.281596302986145
owen,-1.2159665822982788,-0.5664324760437012,1.0665401220321655
maret,-0.5946786403656006,0.12825317680835724,1.0768214464187622
etihad,-0.9542232155799866,-0.5623927116394043,1.155974268913269
sergio,-0.7732366323471069,-0.5292389392852783,1.069153904914856
pr,-0.9660223722457886,0.7436574697494507,0.9060080051422119
pagar,-0.7534758448600769,0.9816431999206543,0.785975992679596
dempo,-0.8894123435020447,0.5851417779922485,0.7664920687675476
raker,-0.48773127794265747,0.6480539441108704,1.049274206161499
lantai,0.3541295528411865,0.2820236086845398,1.477628231048584
trail,-0.3971361219882965,0.8057414889335632,1.0198155641555786
monza,-0.039222363382577896,-0.8850734233856201,1.7443640232086182
neroverdi,-1.1757872104644775,0.05705682933330536,0.8801639080047607
news,-0.3819044828414917,0.2889103293418884,0.9631391763687134
italia,-0.5688654780387878,-0.8621715903282166,1.3588553667068481
tepi,-0.6564526557922363,0.2437906712293625,0.9539541602134705
venezia,-0.793077826499939,-0.4123690128326416,1.1333955526351929
mapei,0.07353188842535019,-1.0523948669433594,1.9398038387298584
paha,-0.19245076179504395,-0.29382869601249695,1.2504576444625854
tanggulang,0.5934240818023682,0.818686842918396,1.6357381343841553
baguna,0.5623113512992859,0.6472545266151428,1.6771026849746704
lemhannas,0.16328197717666626,0.0037120573688298464,1.3478542566299438
lxii,0.08012892305850983,-0.22061794996261597,1.2600759267807007
ppra,-0.17173683643341064,-0.1429675966501236,1.1125963926315308
alumni,-0.4584195911884308,-0.062247153371572495,1.1814345121383667
penasaran,-2.1333539485931396,0.296711266040802,0.7294178009033203
tradisi,-1.8593859672546387,0.9293385744094849,0.8305056691169739
catur,0.03462537005543709,0.7891716361045837,1.4385906457901
atlit,-1.2434507608413696,1.1621969938278198,0.7799844741821289
brodjonegoro,0.5077211260795593,0.13620395958423615,1.5407049655914307
soemantri,0.3830570578575134,-0.18921002745628357,1.5077710151672363
gelanggang,0.2663554847240448,-0.5225245952606201,1.5213452577590942
hall,-0.16444803774356842,-0.6361321210861206,1.5005203485488892
mh,0.18368078768253326,1.0335745811462402,1.3545575141906738
fraksi,0.03947890177369118,1.3328566551208496,1.345565915107727
kontingen,-1.0213842391967773,0.8674196004867554,0.8814043402671814
dinihari,0.3286520540714264,-0.6989048719406128,2.0076754093170166
ac,-0.8647130727767944,-0.28441333770751953,0.9594827890396118
wanita,-0.01388311106711626,-1.0875706672668457,1.7078638076782227
allianz,-0.8369607329368591,-1.0183722972869873,1.5281907320022583
ole,-1.0719542503356934,-0.655986487865448,1.1569474935531616
sunyi,-0.2119111865758896,-0.18858487904071808,1.199111819267273
hut,-0.18809083104133606,1.4520682096481323,1.1368294954299927
konser,-0.1504996120929718,0.7473422884941101,1.2346830368041992
jimmy,-0.22058166563510895,0.082241952419281,1.1773149967193604
naikturun,-1.3835878372192383,-0.7585951685905457,1.4257190227508545
bolabola,-0.6320337057113647,-0.8371647000312805,1.3853861093521118
latar,-0.937727153301239,-0.15125548839569092,1.1099721193313599
naung,-1.1170930862426758,-0.24480320513248444,1.0836762189865112
dipungkiri,-0.9168630838394165,-0.365491658449173,1.114912986755371
selang,-0.42238807678222656,-0.18955914676189423,1.2118793725967407
merangsek,-0.4675416350364685,-0.3023791015148163,1.1780441999435425
tempa,-0.8446422815322876,0.6195194125175476,0.89767986536026
bayraw,-0.2281365692615509,-0.2919002175331116,1.192766785621643
postecoglou,-0.14539189636707306,-0.8044652342796326,1.5672296285629272
portugal,-0.2688836455345154,-0.23443904519081116,1.1694871187210083
emosi,-0.29600173234939575,-0.27179157733917236,1.2988814115524292
backpass,-0.682653546333313,-0.7627667784690857,1.357975959777832
penggawa,-0.34096845984458923,-0.6522229909896851,1.4003281593322754
giorgos,-0.6787800192832947,-1.2129815816879272,1.731619954109192
ngambek,-0.4547605812549591,-0.3838646113872528,1.1649724245071411
kamera,-0.31715473532676697,0.450155109167099,1.0474050045013428
rang,-0.681330144405365,0.06036138907074928,1.016493320465088
ukir,-1.0421274900436401,-0.4523322284221649,0.967086672782898
cakap,-0.5976527333259583,0.4825601279735565,1.0740382671356201
tapia,-0.4370727837085724,-0.28952765464782715,1.242079257965088
sahabat,-0.9727920293807983,-0.36220061779022217,1.1198410987854004
analis,-0.31824007630348206,0.7688414454460144,1.0554131269454956
leluasa,-0.7351945638656616,0.1291608363389969,0.9298731088638306
alur,-0.5492923855781555,0.32132378220558167,1.141864538192749
jelasjelas,-0.7033433318138123,-0.04522057622671127,1.0495119094848633
warna,-1.1025323867797852,-0.43673473596572876,1.1136040687561035
webb,-0.6157417893409729,0.12859851121902466,1.0285717248916626
howard,-0.6575762629508972,-0.14481154084205627,0.9452255964279175
incar,-0.8741574287414551,-0.5519993305206299,1.2160117626190186
mvp,-1.3244229555130005,-0.8585046529769897,1.3060002326965332
doubt,-0.6217269897460938,-0.9096512794494629,1.4018974304199219
without,-0.8874766826629639,-0.9004442691802979,1.3043383359909058
lm,-1.3308169841766357,-0.05553656443953514,0.8627511858940125
nominasi,-1.416455626487732,-0.18784426152706146,0.8768132328987122
rilis,-1.0889675617218018,-0.3265109658241272,1.028051733970642
pulga,-1.7417352199554443,-0.45263633131980896,0.9380635619163513
timtim,-0.6220569014549255,-0.6122502088546753,1.1297498941421509
brilian,-1.0906230211257935,-0.0378723107278347,0.9858089685440063
entah,-0.397442102432251,0.020535137504339218,1.2612690925598145
lammens,-1.0480655431747437,-0.5110763311386108,1.041993498802185
poles,-1.0443445444107056,-0.28098592162132263,1.010117530822754
ring,-0.582625150680542,-0.7777247428894043,1.1991287469863892
bull,-0.4296462833881378,-0.7226149439811707,1.2735258340835571
barros,-0.9450879096984863,0.26025140285491943,0.9335708022117615
vinicius,-0.7492213845252991,-0.7276757955551147,1.2990270853042603
harry,-1.223048210144043,-0.8278689980506897,1.045708417892456
bbc,-0.12403061240911484,-0.9533650279045105,1.6743310689926147
golgol,-0.5474812984466553,-1.1464935541152954,1.6091017723083496
dengar,-0.8215671181678772,0.3733171820640564,0.936783492565155
kompak,-1.0261287689208984,0.6008320450782776,0.9939184784889221
gimana,-0.6691558361053467,-0.15479464828968048,1.2032605409622192
tempur,-1.5548312664031982,0.5702527165412903,0.7752805948257446
koefisien,-0.9957314729690552,-0.6721031069755554,1.4949471950531006
manila,-0.4725913405418396,-0.8078941106796265,1.4155876636505127
mathew,-0.5690796375274658,0.006993028335273266,1.0280007123947144
jantung,-0.7623980045318604,-0.00031860111630521715,1.1902227401733398
kevin,-0.7226452827453613,0.11148097366094589,0.9437921643257141
rizky,-0.20045363903045654,-0.28528863191604614,1.3320987224578857
covid,-0.8937607407569885,0.49659231305122375,1.0245211124420166
benin,-0.5071806311607361,-0.828073263168335,1.6174123287200928
tango,-1.1157784461975098,-0.6428712010383606,1.1837493181228638
dark,-0.7237550020217896,-1.076971173286438,1.4460819959640503
saji,-0.927310585975647,-1.055193543434143,1.3618210554122925
representasi,-0.7004015445709229,-0.06987212598323822,1.1695556640625
reputasi,-0.8600612282752991,-0.821537971496582,1.2452185153961182
gila,-1.425708532333374,-0.6857863664627075,0.9849348664283752
ai,-0.42385628819465637,0.00579184852540493,0.8612397313117981
moreira,-0.5075889825820923,-0.5498510003089905,1.0683695077896118
diogo,-0.4216877520084381,-0.6112443804740906,1.1517772674560547
bagnaia,-1.0084266662597656,-0.49799972772598267,0.8869684934616089
francesco,-1.170233964920044,-0.48719343543052673,0.9543896913528442
aprilia,-0.5601680278778076,-0.4825461506843567,1.0139875411987305
mir,0.018288858234882355,-0.5141741633415222,1.3229421377182007
gresini,-0.28115910291671753,-0.5900497436523438,1.204981803894043
fermin,-0.09124696254730225,-0.6262466311454773,1.3343769311904907
vr,-0.19252754747867584,-0.5193584561347961,1.1725947856903076
acosta,-0.5471583604812622,-0.7867236733436584,1.1792010068893433
adelaide,-1.021844744682312,-0.7355332374572754,1.401055097579956
menandatangani,-0.7670484185218811,0.2342682182788849,0.8093691468238831
miller,-0.9308139085769653,-0.32264795899391174,1.1519238948822021
versi,-0.6159084439277649,0.05484733358025551,1.1011067628860474
impi,-0.9370458722114563,0.5295596718788147,0.9680902361869812
izan,-0.10562595725059509,-0.5481515526771545,1.2296758890151978
dan,-0.05008908733725548,-0.6375920176506042,1.3107495307922363
alex,-0.7023016810417175,-0.5730269551277161,1.2529587745666504
pirelli,0.11875879019498825,0.5909321308135986,1.1137787103652954
marini,0.015034055337309837,-0.1071169450879097,1.385730504989624
luca,0.03328577056527138,-0.21365143358707428,1.4288603067398071
krscas,-0.8782463073730469,-0.06537356972694397,1.1057010889053345
opening,-1.3417519330978394,-0.6647416353225708,1.1597235202789307
qatar,-0.1615145057439804,-0.35459044575691223,1.472039818763733
d,-0.17993082106113434,-0.9966060519218445,1.8470402956008911
kong,-0.021640095859766006,0.02110503986477852,1.2145557403564453
hong,-0.35375022888183594,0.07316262274980545,1.0607179403305054
uzbekistan,-0.021190525963902473,-0.6930992603302002,1.5227652788162231
makau,-0.6321139335632324,-0.46688714623451233,1.2779428958892822
laos,-0.4040658175945282,-0.7122845649719238,1.4925721883773804
j,-0.3997717499732971,-0.7986172437667847,1.552794098854065
pacu,-0.9343275427818298,0.052948132157325745,1.0384725332260132
nafsu,-1.0385526418685913,-0.07611054927110672,0.9487820863723755
duet,-0.5728517770767212,0.030154787003993988,1.0050147771835327
elak,-0.8168938755989075,-0.35905128717422485,1.2268565893173218
puruk,-0.9053291082382202,-1.1911036968231201,1.5755947828292847
kesah,-0.38624802231788635,0.07034877687692642,0.9903497099876404
phil,-0.8132330179214478,-0.4820261299610138,1.1330708265304565
aknega,-0.1855883151292801,0.6099817156791687,1.1274614334106445
thohir,-0.2670287489891052,0.29329630732536316,1.1704797744750977
erick,-0.5312327146530151,0.18361134827136993,0.9897043704986572
brand,-0.0025598318316042423,-0.18942560255527496,1.2850825786590576
fantastis,-0.6810515522956848,0.45270198583602905,0.9514084458351135
podium,-1.517133116722107,0.3663581609725952,0.6749652624130249
tangga,-0.8262573480606079,0.38086190819740295,0.8539997339248657
bag,-0.737825334072113,-0.10686226934194565,0.9143751859664917
goodie,-0.6975561380386353,-0.09832368046045303,0.902411699295044
pulau,-0.2518160343170166,1.0386534929275513,1.07158362865448
sengaja,-0.4914611577987671,0.561712384223938,0.9445452094078064
marketing,-0.1748439073562622,0.5956014394760132,0.8840219378471375
riah,-0.5715700387954712,0.2496366649866104,1.1117496490478516
alfagift,-0.8486752510070801,0.6701909303665161,0.9017017483711243
bayang,-1.1676849126815796,0.19464388489723206,0.9474498629570007
trent,-0.4297671914100647,-0.8906537890434265,1.491155982017517
tular,-0.9454384446144104,-0.26466289162635803,1.09684419631958
mcconnell,-0.148507222533226,-0.877818763256073,1.4761173725128174
ekstra,-1.3313469886779785,-0.3733503818511963,1.0656216144561768
eksplorasi,-0.11521901935338974,0.7373965382575989,1.3073440790176392
tarung,-1.2382771968841553,0.1739276945590973,0.7702319622039795
widianto,-1.0652841329574585,0.005358160939067602,0.9125290513038635
nova,-0.8632922172546387,-0.20955687761306763,0.9782255291938782
nol,-1.0981740951538086,0.0032397224567830563,0.9608261585235596
minder,-0.7372698783874512,0.05373954027891159,1.0786854028701782
rahayu,-0.5237358212471008,-0.09614637494087219,1.029834270477295
begitu,-0.38434064388275146,0.8253282308578491,1.1556296348571777
desak,-0.305743008852005,0.3763999342918396,1.136803150177002
bryan,-0.9693067073822021,-0.5908196568489075,1.0841786861419678
andrey,-0.9477232098579407,-0.43822625279426575,1.020646333694458
division,-0.14186722040176392,-0.1549845188856125,1.184478521347046
amin,-0.9748252630233765,0.2926107347011566,0.8538965582847595
sejati,-0.42444851994514465,0.3972802460193634,1.1049797534942627
joaquinfadia,-0.7617721557617188,0.20026101171970367,0.9211065173149109
murni,-1.1474593877792358,0.1792702078819275,0.8005384802818298
amrinita,-0.8187598586082458,0.02643226645886898,0.9621402621269226
ramadhanti,-0.23762771487236023,-0.20333488285541534,1.102264404296875
pasaribu,-0.38594546914100647,0.2996731996536255,0.951377809047699
nathaniel,-0.4205223023891449,0.1747356504201889,0.9179914593696594
alberta,-0.33845725655555725,-0.1458360254764557,1.002435326576233
davy,-0.522260308265686,-0.5121638178825378,1.2092676162719727
aditya,0.3952845335006714,0.22681377828121185,1.4851131439208984
hadiah,-1.2238043546676636,0.00913709681481123,0.7954663038253784
stevens,-0.4741348922252655,-0.5884515643119812,1.1953784227371216
sonny,-0.9294165372848511,-0.7957664728164673,1.2158840894699097
zikrak,-0.031784284859895706,-0.7203910946846008,1.430928349494934
nul,0.09064726531505585,-0.6091171503067017,1.4699891805648804
rampung,-1.1337860822677612,-0.2888508439064026,1.0189512968063354
diarra,-0.6686484217643738,-0.7486881017684937,1.2006891965866089
moussa,-0.7462562322616577,-0.7869018316268921,1.1829205751419067
juan,-0.13872426748275757,-0.6571552157402039,1.3537299633026123
iury,-0.0530342161655426,-0.5850176215171814,1.3815141916275024
johnathan,-0.6049609780311584,-0.5297493934631348,1.106136441230774
sambar,-0.5043100714683533,-0.5666059851646423,1.3063206672668457
muntah,-0.4165536165237427,-0.3732430934906006,1.221068263053894
monteiro,-0.448401540517807,-0.8423082828521729,1.33338463306427
junior,-0.8800255656242371,-1.0689507722854614,1.3043097257614136
krusial,-1.0096187591552734,-0.4877595603466034,1.1835359334945679
rela,-0.5623275637626648,-0.4147407114505768,1.25934636592865
takut,-0.9435456991195679,-0.7141551375389099,1.3168401718139648
udara,-1.3798424005508423,-0.9702059030532837,1.2867389917373657
resah,-1.1721118688583374,0.06162939965724945,0.8448900580406189
garagara,-0.5285979509353638,-0.5134862065315247,1.144774079322815
tanggap,-0.16577108204364777,0.03935556858778,1.4294404983520508
mencret,-0.7045364379882812,0.6330799460411072,1.1784769296646118
diare,-0.5266243815422058,0.22374789416790009,1.1082721948623657
dq,0.01094304583966732,0.18183164298534393,1.3703440427780151
kotor,-0.16317149996757507,-0.2420196235179901,1.2830348014831543
boleh,-0.6752631664276123,0.3028753697872162,1.1065400838851929
joanna,-1.1915078163146973,0.3051583170890808,0.8016971349716187
beijing,-1.0830389261245728,-0.03575955703854561,0.9263372421264648
kesal,-0.42497652769088745,-0.34461909532546997,1.1856765747070312
hull,-1.5155266523361206,-0.9014591574668884,1.3402210474014282
yunani,-0.03590080142021179,-0.39881929755210876,1.2910782098770142
panggung,-1.183961272239685,-0.3802308738231659,0.9983488321304321
nations,-0.9285387396812439,-0.9713855385780334,1.4265375137329102
rekanrekan,0.028123995289206505,-0.05543871223926544,1.3532438278198242
kocek,-1.3186894655227661,0.1776117980480194,0.8099969625473022
alamat,-0.9599968194961548,0.24965547025203705,0.8913305997848511
whoscored,-0.39978429675102234,-0.8623687624931335,1.5437755584716797
robek,-1.0263285636901855,-0.5464897155761719,1.1794604063034058
paceklik,-0.9867681860923767,-0.9988714456558228,1.4689198732376099
municipal,-0.5202003717422485,-0.558623731136322,1.23267662525177
thomas,-0.7054842710494995,-0.5304638147354126,1.064247488975525
kampung,-0.955009937286377,0.20390745997428894,0.9379676580429077
kento,-1.2499412298202515,0.35571619868278503,0.7214582562446594
ubaidillah,-0.2726161479949951,0.26076310873031616,0.930901825428009
sekulic,-0.27366212010383606,-0.5580394268035889,1.168828010559082
balsa,-0.35529497265815735,-0.4278642237186432,1.1054681539535522
luka,-0.8564283847808838,-0.7275957465171814,1.0343486070632935
jeong,-0.3858465254306793,-0.9819054007530212,1.5275945663452148
son,0.24872437119483948,-0.42399439215660095,1.4628663063049316
ko,-0.1754283457994461,-0.4675983786582947,1.1873565912246704
lee,-0.016500281170010567,-1.0589038133621216,1.7738550901412964
kemelut,-0.49413737654685974,-0.5733022093772888,1.1627845764160156
menitmenit,-0.8671572208404541,-0.4402805268764496,1.1578891277313232
gemilang,-0.8770021796226501,-0.42890772223472595,1.1022045612335205
paku,-1.1784675121307373,-0.2959252893924713,0.932470977306366
teja,-0.7814465761184692,-0.7575371861457825,1.221073865890503
redam,-1.3371204137802124,-0.28787198662757874,0.7976490259170532
tebar,-0.8240059018135071,0.37612655758857727,0.8859615921974182
gidong,-0.5436721444129944,-0.7245468497276306,1.3515411615371704
hyeonmu,-0.303598552942276,-1.1641182899475098,1.6790320873260498
kang,-0.31065019965171814,-1.0546519756317139,1.6172256469726562
gp,-0.9275382161140442,-0.9396970272064209,1.260223627090454
terkadang,-0.8391640782356262,0.0009765543509274721,1.1105972528457642
sulang,-1.2336692810058594,-0.1314542293548584,0.9771996140480042
mars,-0.7376300692558289,-0.5378791093826294,1.0618977546691895
makhluk,-0.8303171396255493,-0.4999221861362457,1.0568041801452637
instagramnya,-0.4989430904388428,-0.08203239738941193,1.145097255706787
tajam,-0.7994030117988586,0.16257189214229584,0.9194808602333069
segi,-1.0213764905929565,-0.6678571105003357,1.132358193397522
youth,-0.34606626629829407,-0.37653258442878723,1.1347758769989014
tur,-1.0004686117172241,0.2374647557735443,0.8446012735366821
superstar,-1.2367273569107056,-0.5911741256713867,0.9885472655296326
sabet,-1.309386134147644,-0.9818383455276489,1.3542296886444092
kid,-1.5214788913726807,-0.4545701742172241,0.8587953448295593
tilik,-0.331876277923584,0.08834239095449448,1.1375932693481445
lisensi,-0.5268057584762573,0.1992276906967163,1.060951828956604
stadionstadion,-0.3557696044445038,0.5616149306297302,1.066325306892395
casyna,-1.0020451545715332,-0.15908798575401306,0.8281855583190918
patok,-1.2104594707489014,0.6498509645462036,0.8326312303543091
analisa,-0.30516040325164795,-0.18411408364772797,1.2904244661331177
pakistan,-0.18470586836338043,-0.855294942855835,1.6006733179092407
sebentar,-0.19807128608226776,-0.2400050312280655,1.1468788385391235
club,-1.032821774482727,-0.5853634476661682,1.0308316946029663
psm,-0.42877039313316345,-0.6812505125999451,1.378649353981018
semarang,-0.6321218013763428,-0.8615981936454773,1.3455591201782227
persipura,-0.6745319962501526,0.0357983335852623,0.9288331866264343
seru,-0.23503339290618896,0.47045469284057617,1.0666003227233887
tradisional,0.22370566427707672,0.153781920671463,1.2652199268341064
gustavo,-0.647977888584137,-0.29389694333076477,1.1538959741592407
da,-0.7721591591835022,-0.472164124250412,1.0693092346191406
remeh,-1.109440565109253,-0.3314567506313324,1.0247985124588013
lengah,-1.146704077720642,-0.5751604437828064,1.147778034210205
taeyong,0.12800030410289764,-0.3329295814037323,1.4767860174179077
squad,-1.3839045763015747,0.12642502784729004,0.7507335543632507
sulaeman,0.3510480523109436,0.43304702639579773,1.5498428344726562
comeback,-0.27214744687080383,-0.15063181519508362,1.2183128595352173
samarinda,-0.4788661003112793,-0.8159424662590027,1.4694751501083374
gir,-0.3796731233596802,-0.9266905188560486,1.5538660287857056
delap,-1.637420892715454,-0.7323201298713684,1.1054147481918335
laskar,-1.0687260627746582,-0.681017279624939,1.1625175476074219
luntur,-0.8419311046600342,-0.5358412861824036,1.3064428567886353
anyar,-1.2142027616500854,-0.30984628200531006,0.910740852355957
meresca,-0.6231899857521057,-0.0024263053201138973,0.9447983503341675
kubu,-0.5924305319786072,-0.2310967743396759,0.9689276814460754
gianluigi,-0.25880342721939087,-0.24399520456790924,1.2750083208084106
ynacas,-0.23250693082809448,0.27399563789367676,1.0427899360656738
leipzig,-1.5686099529266357,-0.17610427737236023,0.795313835144043
rekanrekannya,-0.530152440071106,0.10989539325237274,1.0494487285614014
sofascore,-0.9126246571540833,-0.46531951427459717,1.1318999528884888
silang,-0.5157902240753174,-0.5451406836509705,1.240546464920044
cuaca,-0.17431960999965668,0.2853706479072571,1.3092131614685059
sakura,-0.5368708968162537,0.39524421095848083,1.1268260478973389
nur,0.10078287869691849,0.7230803966522217,1.1255848407745361
eventing,-0.6520123481750488,0.404823899269104,1.0499778985977173
soekarnohatta,-0.3845883011817932,0.7192016839981079,1.1085890531539917
prosesi,-0.4512084126472473,0.18478216230869293,1.1624557971954346
spektakuler,-1.0115959644317627,0.37969455122947693,0.7961971759796143
toreh,-0.8338685035705566,-1.063734531402588,1.3579483032226562
gigi,-1.0083101987838745,-0.45655912160873413,1.0130553245544434
chong,-0.6112863421440125,-1.2495280504226685,1.6101937294006348
cong,-0.6472789645195007,-1.3351688385009766,1.6630467176437378
cs,-1.155542254447937,-0.8694105744361877,1.1467247009277344
alis,-0.8199193477630615,-0.820513904094696,1.1713438034057617
adam,-0.6826509833335876,-0.7666571736335754,1.2173012495040894
peleset,-0.6228880286216736,-1.0099607706069946,1.381761908531189
walton,-0.06906978040933609,-0.7125263810157776,1.3375788927078247
afif,-0.06384783238172531,-0.6848669648170471,1.3543635606765747
lumat,-1.0724281072616577,-0.7704619765281677,1.2107747793197632
ayo,-0.10224349051713943,0.20258869230747223,1.117972493171692
bosan,-0.7787336111068726,0.7877092957496643,0.9648544788360596
nongkrong,-0.4034340977668762,0.12206150591373444,1.0300288200378418
tiap,-0.8570753931999207,0.7863953709602356,0.9755735397338867
aktivasi,-0.41994109749794006,0.40519559383392334,1.0836437940597534
variasi,-1.0533580780029297,1.0783771276474,0.9194464683532715
elis,-1.032292366027832,0.9532972574234009,0.9433075189590454
pplp,-0.45055219531059265,0.3655676543712616,0.9808794856071472
progres,-1.106032133102417,0.0763041153550148,0.9946349859237671
bongkar,-0.840897262096405,0.8154974579811096,0.769379734992981
inspirasi,-0.9194132089614868,0.7306662201881409,0.8798385262489319
jalanjalan,-0.4818444848060608,0.37738966941833496,1.0579811334609985
berjalanjalan,-0.5219188928604126,0.28769436478614807,1.0363909006118774
asrama,-0.7219874262809753,0.06439626216888428,1.0632846355438232
invitasi,-0.7585962414741516,0.164858877658844,0.9285712838172913
center,-0.44295981526374817,1.0751339197158813,0.989345371723175
sponsor,-0.27944350242614746,0.8629903793334961,1.178895354270935
streaming,-0.4999632239341736,1.2087311744689941,1.0660293102264404
solo,-0.8527798056602478,-0.24958442151546478,1.112012505531311
amanah,-0.4501560926437378,0.6100203990936279,1.1411844491958618
fjortoft,-0.6803252100944519,-0.6157621145248413,1.1005884408950806
jan,-0.7560415267944336,-0.5277261137962341,1.0198122262954712
seringsering,-1.1468935012817383,0.3941231667995453,0.9914349317550659
dortmund,-0.9454936981201172,-0.49330615997314453,1.0184522867202759
borussia,-0.9756734371185303,-0.55376136302948,0.9929510951042175
affyna,-0.6740380525588989,0.5567087531089783,0.7989373803138733
bugar,-1.048628568649292,0.5667176246643066,0.845294713973999
patah,-0.8848649263381958,-0.42314019799232483,1.0899779796600342
fa,-1.6325418949127197,-0.8052191138267517,1.0866018533706665
renovasi,-0.9902424812316895,-0.17041194438934326,1.0393058061599731
mirror,-0.7727959752082825,-0.29180237650871277,0.9991370439529419
affpur,-0.57413250207901,-0.061639897525310516,1.0785914659500122
amat,-0.9604116082191467,-0.23442278802394867,0.9473761916160583
tribuna,-0.7203441262245178,-0.2751724421977997,1.1586987972259521
akademi,-0.40581706166267395,-0.09858539700508118,1.0495909452438354
nil,-1.0780078172683716,-0.32618409395217896,0.8387219905853271
sungai,-1.14164400100708,-0.44575056433677673,0.9055809378623962
