id,PC1,PC2,PC3,PC4,PC5,PC6,PC7,PC8,PC9,PC10,PC11,PC12,PC13,PC14,PC15,PC16,PC17,PC18,PC19,PC20,PC21,PC22,PC23,PC24,PC25,PC26,PC27,PC28,PC29,PC30,PC31,PC32,PC33,PC34,PC35,PC36,PC37,PC38,PC39,PC40,PC41,PC42,PC43,PC44,PC45,PC46,PC47,PC48,PC49,PC50,PC51,PC52,PC53,PC54,PC55,PC56,PC57,PC58,PC59,PC60,PC61,PC62,PC63,PC64,PC65,PC66,PC67,PC68,PC69,PC70,PC71,PC72,PC73,PC74,PC75,PC76,PC77,PC78,PC79,PC80,PC81,PC82,PC83,PC84,PC85,PC86,PC87,PC88,PC89,PC90,PC91,PC92,PC93,PC94,PC95,PC96,PC97,PC98,PC99,PC100,PC101,PC102,PC103,PC104,PC105,PC106,PC107,PC108,PC109,PC110,PC111,PC112,PC113,PC114,PC115,PC116,PC117,PC118,PC119,PC120,PC121,PC122,PC123,PC124,PC125,PC126,PC127,PC128,PC129,PC130,PC131,PC132,PC133,PC134,PC135,PC136,PC137,PC138,PC139,PC140,PC141,PC142,PC143,PC144,label
1,-0.12439991189344785,-0.011088074065824743,0.033212008517519785,-0.11601038703294782,-0.11393475662443227,-0.04979858037353675,0.005384803598102083,-0.09036697091044574,-0.058655696406653995,0.022024251814907265,0.034332205761890125,0.019744442226256483,0.06430752950685456,0.03549590653289896,0.06683660016270032,0.037338601792219206,0.26164757342467937,0.14295231179058412,0.04960889934853281,0.1024653283228901,0.31654980649196895,-0.1708805553672531,-0.08962273574674481,0.24085083618720354,-0.05105347913597077,0.05513795858050438,-0.07283204788656696,-0.013580650774420213,0.10080369001689532,0.11976776047883805,0.06893429229545886,-0.0327562309580556,-0.048949955876217935,0.007040195973167786,0.029170342676343705,0.09274221722830042,0.04201374994533672,0.022692752634286616,-0.03863372747922364,0.036886129288204735,-0.006054543541547418,-0.06451762585352193,0.039738358904887534,0.03188375119843594,-0.10830846005494041,-0.08354285698656672,-0.08093193649068761,-0.02038186123956672,0.05347358467766331,0.015000414574931925,-0.015946096834761034,0.012550135064761792,0.0009849601024912128,0.04373467474812841,-0.08585907046045733,0.05386058039686464,0.021767403799630543,0.03396673379889881,0.00010710236589508985,-0.0337787340156188,0.11283761621793954,0.059474842095352684,0.03346348201499093,-0.06432618381472789,-0.034097667843688256,0.011925519621561232,0.04365166913582548,0.06632937111482123,-0.036610675519649236,0.07457416655079796,-0.03553732960631027,-0.09601745530765747,-0.03100242576000961,0.015341900195123293,0.10179436924417301,0.016738757366259356,0.06173546418011532,0.0180981113702377,-0.03504224089486371,-0.06369406615161713,0.008027392405646988,0.04198518481035253,0.02420277717181931,-0.10063523208814333,-0.022817054016875483,0.050605460295037485,0.023616100741810225,0.0645476229986732,-0.04293889565789504,0.02269867654910758,-0.06904618701052141,-0.04932066415130354,-0.06805881024941447,0.10773127040339388,0.10817212664126004,-0.15615630867754374,0.06263619726141756,-0.0428319963626951,-0.07717476188279883,-0.020614746163806746,-0.10327707127666544,0.09725380275671984,0.030820235744079234,-0.052955250596639074,0.015400208677763698,-0.055790493230428236,0.023431637555506,0.08586434782132699,0.029672233469686088,0.044952710552314444,0.04366530499099383,0.1950865220096482,-0.025917686826542993,0.12279895072470177,0.08995571213680278,-0.05444104457939302,-0.029366251543096675,-0.0278877470361617,-0.06372663119673014,-0.032485749854592336,-0.0865651025953784,-0.026806809562580566,-0.04862468117771416,0.11787956197256808,0.10788745489855997,-0.08442193409445585,-0.05323375891761108,0.06688206970738529,0.16554610436006464,-0.12656282051154846,0.11916768713523714,-0.15391878405261064,0.015167035327119905,-0.15532081505583223,0.06005854479557324,-0.057028609136653224,-0.003385877011697435,-0.01562959790814373,0.028461704500538556,0.042291855100916695,0.08606258094345749,0.09508468609638131,-0.003321738714206371,0.0037413740931842364,sport
2,-0.13779167102312237,-0.01903926386224044,0.04057351170781229,-0.12653140855460202,-0.2250881930555229,-0.12696254271253873,0.0096618065437818,-0.004840888132753283,0.031885917328769865,-0.03358161113805029,-0.07358227288725713,-0.004175948880220437,0.049503714937586187,-0.054400171966657834,0.006512065991574809,-0.024029891713465056,-0.023454423656472687,-0.08858902983791939,-0.10719049935015011,-0.055289923935784455,-0.16134177369829208,0.11137719053553277,0.10490032686385001,0.022681016124454976,0.025084422706378187,0.10004559900179266,-0.0874746139952535,0.019378294321530605,0.022254099847306617,0.04914648453840044,0.13068286188543793,-0.08059043107775872,-0.027435804100892424,-0.0096723334092583,-0.017065506780157134,0.050289795466085654,-0.029419000700870356,0.04620860250344221,0.036067690801702364,-0.032882010225722166,-0.06747651941751984,0.02478915945682237,0.03554120052891243,0.06348883719332901,0.041397037660335236,0.002588923760773307,-0.007986310238635894,-0.0087152272625905,0.08519728061386542,-0.03041635678387942,-0.01325515790448446,0.008316719180514446,-0.0579642918081372,0.008012183518098806,-0.08957067111070195,0.18997119155424708,0.06905515021809817,0.038782675954748345,0.1392605264899336,0.06598568997445196,0.10159784592912871,0.08663724344134101,0.10140430939728481,-0.11769693261794065,-0.15085197833211597,-0.0342449861367926,0.07110943558502668,0.00825453491226227,0.013671309856905343,0.06471821425205315,-0.09679079480675554,-0.05568217392665723,-0.00606270422333957,-0.0412708291428166,0.07803345896837136,-0.01027957724470136,0.04460670156637624,0.28635817139899505,-0.09423512974322182,-0.1551909166100739,-0.06629973318454364,0.03443339824694894,-0.05966158199953329,0.12172490847215979,0.03935768913726894,-0.016799571760885153,-0.04322242565407761,-0.08217094410968453,0.049113389362260965,-0.12188460908573215,0.04139374072725704,0.021417998032030733,0.15946448726574808,-0.04879562380045098,-0.13780698659730875,0.19597669471976376,-0.07511374251467012,-0.12192982448133602,0.17970108217403608,-0.02015461143181486,-0.015636704801202692,-0.06913362671075743,-0.07163772247359054,0.2518296576723485,-0.059943688005747155,-0.0513465619561428,0.03989928871258691,-0.06773387178126573,-0.1182269275872647,-0.06960817979694953,0.13105508392318174,0.10001679120399204,-0.15633843405445003,0.05785962248046138,0.006667195895088118,-0.04199127683187309,0.011080539058603463,-0.04499687333777155,0.08311935887268593,-0.008948099869201049,0.07227627397441382,-0.03176237061019183,-0.012668437874239855,0.020001826834639216,-0.02744160300637327,-0.0274795882157994,-0.005997008748664226,0.06151534039177258,-0.03517811441382961,0.01011909396810905,0.03026478580998796,-0.04884276115685967,-0.03488625033185674,-0.007840201040664165,-0.0017017206122654008,0.02745926955641011,-0.019357604134208995,0.032893449345506996,0.00851347021372734,0.021456648382186874,0.05210874352076468,-0.02372505896821271,0.029642776139752944,0.04454263114146889,sport
3,-0.18237881580490015,-0.019881689860567632,0.07445839508199385,-0.16442277868316274,-0.18708528960304235,-0.11936317754829173,-0.022466610500836474,-0.07272210769251515,-0.03727245633604595,0.02323447799898085,0.010263594518160675,0.023315243801204887,0.11881374909675034,0.019064665054150724,0.0836243836697238,0.03874618257738113,0.33733902535944804,0.2565716234837111,0.07760567596359069,0.1021198073075501,0.27541746006336315,-0.16339905986900413,-0.05609385146025203,0.10824607075843047,-0.029770813355173183,-0.013622560293342165,-0.06523523353477649,-0.10770380964173691,0.014111321015361649,-0.04097580768846259,0.09591097306663772,-0.0022559139881990543,-0.02659418440820224,0.011730956716943651,0.004554597436505449,0.020093583217176844,0.007632542918726067,0.030598614906433792,-0.0020860098880738217,0.03901887452942786,-0.04317569691901273,-0.039009126994596834,0.03098148831430329,0.011774738052654617,-0.03743230378840844,-0.0012299614403404218,-0.01029185551502335,0.014159908649731224,0.08856133758673257,-0.006700885358532376,-0.03045983150580336,-0.010331719791652655,0.022308765711149217,0.06672960083905596,-0.03838422154069602,-0.05092650011840114,-0.03707645052491406,-0.06608738743078782,0.007012681565713256,0.04041633290266445,0.04681294939452172,0.03015808554075283,0.021046460392415672,0.004027193340365884,0.0410042766037114,-0.01290000715498477,-0.022475229527895015,0.011446403483995539,0.02158485134188001,0.007631236808494073,0.04535373032260023,0.05757985592570529,-0.006001874973501366,-0.04668809579232841,-0.02775222859814987,-0.0018394422924436036,-0.026495780868381093,-0.01009882794342027,0.05590010712736033,-0.16654549707481778,0.025172600367448415,-0.05166292154005584,-0.04327243888048569,-0.022726273901144,0.032927741075869627,-0.034359239804563416,0.02048326410454069,0.0003027906726005267,-0.05198863743627727,-0.05585514375175438,0.07796809871411853,0.04683988401294918,0.06348419954902255,0.007592584045355072,-0.06858206338845264,0.09040638790947844,-0.06747787898781703,-0.0010855227349856026,-0.016157501209051146,0.14089084587796666,0.0882614192821085,-0.07035716495020962,0.014236595973719972,-0.002179117586553652,0.00408244298176855,0.01082743397367658,0.02793516596682362,-0.05505160239074257,0.05274215899271256,-0.0706079510821423,-0.1530180267870298,-0.19104016259970585,0.07677850669414678,-0.05655491033991843,0.09739321966537658,-0.14295097823315864,0.04641528724294539,0.008717380037052438,-0.06762718465081287,0.03172573252922567,0.05078862032959409,-0.010642648262103665,-0.031057209409987067,0.024552560586800797,0.04055632638489857,-0.0643664315475392,0.0871104942604102,-0.004738107923473255,-0.018030596066511983,0.04900810217988666,-0.0670976182657848,0.040410619806932856,-0.0777996831549359,0.0467274830671453,-0.08517445136786386,0.01665038987734925,-0.08029794414423924,-0.027778961084414723,-0.0009267078297794427,0.05321056535573314,-0.03590799721133873,-0.11942145880633184,0.0033185641911212473,-0.02823878193864509,sport
4,0.010424351028515296,0.004844798539508445,-0.1390636527027013,0.027704045376839542,-0.11224776737747402,0.1415876717158205,0.04336059621052306,-0.1369162703231806,-0.034576335125822304,0.05525821713354351,0.15773872272217832,0.11391907779545177,-0.11994891315687431,-0.11752994867465313,-0.029819182405903536,-0.13049824189524295,0.03497317291002334,0.0062321503673929135,0.012637087245909525,0.01197004586720022,-0.029704527819872935,0.08018820245982725,-0.08205916286926777,-0.09683344715939105,0.045951573516187866,-0.0029845817492871107,0.007442291350375969,0.02834824095940339,0.025774109086615822,-0.027535838042182775,0.021177064165626498,0.033203971848442135,-0.12523952990226414,0.10322684480337883,0.04244034894114549,0.0330341084031108,-0.015978779613295004,0.036786848426653446,-0.03263736093197338,-0.07747010387652861,0.07110460104548406,-0.03717445365654748,0.1438617237105492,-0.1143226894887512,0.057779682803139755,0.027738134317087975,-0.006914064587865722,0.02932782023996874,-0.02960436472235274,0.013595417728236253,0.05903473706273153,-0.0003574420450543976,-0.06109925882557433,0.07573403324646626,-0.07320063065869792,-0.15528404335405205,0.1411018596007103,-0.004472929873645981,0.0863053652717255,-0.11874994339641827,-0.0813535654393681,-0.06363039501351668,0.04263984683226881,0.07956053313272769,0.03307185812629246,0.05434177858813969,-0.16023717702601964,-0.086679817890042,-0.0570061053630627,-0.012305711118178672,-0.07304060380394528,-0.09939444165610593,0.07541705913679582,0.014831521042457763,-0.028957893193377077,-0.08956438794769647,0.06441725144797965,0.018475093695086788,-0.05002988054605048,-0.06925000036394219,0.06195575058106711,-0.017003948047938817,-0.18461092228120995,-0.142317700051363,-0.04565513933653688,-0.012505804267552099,0.016657873568159943,0.14326743280495594,0.17902536367860297,-0.15682059562132905,-0.0038505516491253973,-0.09205423628649492,0.04400644612946584,-0.043436248317279054,0.10681241618945123,0.07037953156379641,0.01680897613029039,0.10239305735344537,0.018584345631116793,-0.055254667971663056,0.2029899000605908,-0.011519927769077645,0.21720903050417661,-0.03960373388716791,-0.21558862348140953,0.019149192472492495,0.07409653006167365,0.019948786169363242,0.049812183553845604,-0.1901997215403147,0.15905740235029758,0.08119912165387418,0.1339994009680168,-0.1645163304733834,-0.011152843173532991,-0.009669689080009094,0.06196228643229034,-0.023911597694557182,0.028197184016405807,-0.08899941046007098,-0.07921106267401555,-0.01642073884595429,0.009457090767212361,-0.03754328075366328,-0.02163219308458324,-0.043854162721406825,0.03321847163526332,0.034580975721272895,0.0029841675789098678,-0.017916887100855542,0.04355724019700637,-0.04253437473300541,-0.02717491539753252,-0.05886362251411744,-0.038031564724641566,0.03508233515586876,0.008980541135043674,0.053524429549236356,0.02414291268812597,0.02200619436014096,-0.03141941854706809,-0.02053580116078191,0.012930643513744374,-0.010227813771773042,sport
5,-0.026787184877042826,0.02178089670965405,-0.12756598073982378,-0.00017069662152425854,-0.09994898511652987,0.11885842260278313,0.02272322702193152,-0.11574494151421322,-0.057506706214416,0.017477451180598288,0.1492976155582459,0.08291701231034315,-0.15208601545145775,-0.07423928414957279,0.007759933990848475,-0.12189727324860485,0.012325176779835575,-0.04997090579411418,-0.010418121469693245,0.002566359053625038,0.021767134046221045,0.03443601607865074,-0.13170646170040073,-0.004459504160637886,-0.03456409731248285,0.048541941377602746,0.0048025333994768426,0.12521333294576278,0.02780173935079919,0.026265792360070806,-0.10469834301361927,0.006182022036415997,-0.0672844518379951,0.12279995803423749,-0.026765414643770958,-0.1161868379684603,-0.05156392210497182,0.04280032803030049,-0.14687817727415556,-0.04410756418985094,-0.07297365846048613,-0.012888552010142988,0.04399632151198553,-0.14143457103916382,0.07055866997502265,0.10596257845534325,0.02072024984837053,-0.02902196058156185,0.1378533794805908,0.038019924578164534,-0.057257765159133736,-0.046598900368500215,-0.02171424075188907,0.09278313112513152,-0.09975041198094843,0.05867455216743698,-0.043511301814899664,0.13005029941645904,0.10289644035506347,-0.03215496346995058,0.05184180080585674,-0.08051914007368816,-0.07328668875872274,0.014377788188111399,0.035122232782076185,0.045482587330126896,0.045844004100685544,-0.11317944676901563,0.02821126097801398,-0.0708509258257937,0.024489483501769934,0.02446205387026927,-0.06329901761819412,0.16549400228848518,-0.10170648579572134,0.030222246453817443,0.014328351245354814,0.040268463078306505,0.06747506039770389,-0.0732248037199877,-0.1309173058160199,-0.0581727245697018,0.2785289316521935,-0.018188726050307424,0.09876144545018507,-0.01866171475634469,-0.010737085450249852,-0.11206093211893868,0.051804505554057016,0.03414410384706741,0.11109336190796401,0.053069702780436885,-0.029084095205189585,0.02592874897305511,-0.038980834733021774,0.040159479271944035,0.13483102562269317,-0.04640220864656249,-0.038868170602313734,0.11682035012416457,-0.1373029755309775,-0.05923760890449386,-0.19560863065170636,-0.05480620348297735,-0.17263077645449248,0.16987818979473596,-0.10798946058608817,0.13655070067322803,0.19979180797470997,-0.031834500938004384,-0.03203188404391124,0.09445432508197564,0.024570000694219565,0.05054673158499812,-0.017321221539001147,0.009518080680309814,0.08730886929456143,0.034210569645533956,0.03311534762116006,0.017521321239111036,0.11250746015188588,0.09608812150456753,-0.06691160542517655,-0.06063825845527367,-0.06580821939293306,0.00012710650505338603,0.05185581464605976,0.04491893006387576,0.0021193036780226566,0.0001038028889895509,-0.071290300812918,-0.02700427937005512,-0.02135083627693149,-0.04579807741655202,0.034503352129322665,0.010046907505884299,0.027412658241622208,-0.05630748346340695,0.038057586707579326,0.042651001551927185,-0.05819564449234572,0.011197521629630629,0.05267371444762311,0.02604975850507819,sport
6,-0.17703656964921485,0.0011322252503612785,0.11296463373088438,-0.09491195168700226,0.07028301459873346,-0.05561734469808528,0.5774137083029931,0.3087703457609058,0.04605888364432059,0.03248583569432661,0.07281978387202835,0.02104040040647719,-0.008062466697935214,-0.04964729597136528,-0.06854470311897913,-0.013597030806434422,-0.0033858112991273907,-0.03312455540841081,-0.03936493725578214,-0.00032110274620101095,-0.03938688112777482,-0.0001235501743997542,0.010782057869719393,-0.02630858473101659,0.011894664259805489,-0.0015336837425482433,0.007420512203399895,0.008231334675045991,-0.0217989486039566,-0.018266337534236607,-0.08148930150545174,0.03192257576034421,0.05223452277317014,0.006587957427661849,-0.06752879922375017,0.05532276043414122,0.12016045698159113,-0.064542364643797,-0.056204314889796075,-0.06182691179841885,0.009146315818890208,-0.09602434957949739,0.017557517891042377,0.06274793241716276,-0.014940831346190743,-0.06111845497008934,-0.03722466438458964,0.08218461976952739,0.030482855646227408,-0.07908496828350885,-0.008510072047429951,0.07787366977295712,0.06326673964219301,0.052477703216515785,-0.010621970348799454,-0.038711365440627366,-0.04781484452786376,0.05660217675892322,-0.03568608261776924,-0.019371869015178646,0.12797579434487266,-0.03536209700252586,0.05031842877888747,0.037827454651062124,0.0596925337233445,-0.019802519019330694,-0.06423291373147887,-0.047969332214996475,0.09456625559236001,-0.021473408621052882,-0.012837939585972036,0.02301814382460308,-0.04277942595611826,0.0018461551447282885,-0.03948641808734519,0.07784051342741358,0.041224167167456256,-0.010974378862143004,0.031086219347425625,0.004643055998003607,-0.027448715873143726,0.03309457972829532,0.021184771932183696,-0.0953640124849768,-0.10401351090437815,-0.030109617459329486,0.009729728178814899,0.09742153249587295,-0.030200181392035768,-0.03687018524597279,0.017483883190648638,-0.01842355476012196,0.0321259835745981,-0.016715615846921564,-0.021853639279038585,0.011724348274580337,-0.017130746046814208,-0.04034066508253907,0.019525508275911915,-0.015545409537477203,-0.019162813616370154,0.036219797008994345,0.012085862846700482,-0.03799808486886385,0.10773731784032209,-0.01361533218927069,0.00022450253423908143,-0.014269137197382443,0.04581259881799128,-0.03512931935207945,-0.0014028800789469915,0.007073711060622141,-0.0812397503553558,-0.00872198384224988,0.14026389029219694,-0.06091753623623379,-0.03836681713264606,-0.016601755254810134,0.0624890064261789,-0.05990140506448916,-0.005394856303571174,0.018471977267282298,0.0701191603989984,-0.12279849568294292,0.010705619584591274,-0.016917382672283134,-0.040828265916611116,0.05866023575416031,-0.0727771254656257,0.018156442490002336,-0.0033481586153730723,0.043098434291426777,0.09802121884571145,-0.016620507853513166,0.04166070070901786,-0.03670796897718115,0.02556478310751384,0.009736231526179338,0.059318013412466765,0.024029150170274058,-0.07942947856911729,0.019297075943288076,0.1114642712783873,-0.0764426263700483,sport
7,-0.24152270240113255,-0.006743792133017741,0.1800321480591944,0.6195546141844103,0.0892964549467657,-0.2169826263398101,0.012897165382399175,-0.09902496521903852,-0.009905601074220846,-0.012579230537947085,0.030382407325940112,-0.0055910567805717674,0.04416999130291535,-0.039585183504762304,-0.01565199687882488,-1.5218000697652738e-05,0.01587332370114933,0.0766470430824553,0.00011187840646181247,0.032439246168017355,-0.02931899240231362,0.04628224021219587,0.016257320887802552,-0.031084645629566005,0.00862370161369047,-0.004853210475317178,-0.005816173885826425,-0.004117916486738329,-0.008103611736789104,0.019359563337115072,-0.002692553849867664,0.015196845738715934,-0.0011488584075782756,0.005651140625364521,0.017333793909690674,0.007621726686792617,0.005444834642947764,0.0026709165749334374,0.0007471559698284785,0.011016244702170093,-0.007820583418301583,0.028137773656071743,-0.0030723994269039076,0.03234616042323614,0.008403170135050328,-0.0010042229256110983,-0.001580878449391643,-0.0010950908242544912,-0.003089227930804674,-0.006268770242212224,0.03916818874672548,-0.016722979250003604,-0.0185209631781712,0.020803896804828182,-0.016025246455536084,-0.016294750454468654,-0.015505975360311924,-0.02606331597686722,0.005536110250532349,-0.03781160553584874,-0.030537541790269625,0.014088527435051602,0.00781400629282378,0.031645751041675274,0.0006279073124052025,0.02173667423808316,0.006646323952983274,-0.010400757530558094,0.02635095315674942,0.007973367696171055,0.00024013793618865836,0.03597012272148084,0.017147777151116518,-0.00948176479163848,0.005729796439251775,-0.008717653418814092,0.041831541508175134,0.030744295099096406,0.016989194238322052,-0.05219912923884515,0.010225824639721496,-0.009686815248372237,-0.0022501283304552514,-0.05654435175649597,-0.02605794537624353,-0.00022087695463404014,0.01406311397340654,-0.023090801319895753,-0.05479035289453522,0.026419491892985213,-0.019204697763621128,0.005498453779971652,0.03980343377212531,0.0122306836383257,0.029040037764221836,-0.00733452120294683,0.017794732417753388,-0.013942953749452893,0.04683983390151444,-0.005472888954024051,-0.01507632128435105,-0.02172300994059815,-0.03223576053817397,0.03419149791945422,-0.052287140002109087,-0.0009467573315022416,-0.02193528409496231,0.0066202865637125475,0.011156522796641949,-0.04499550687138353,-0.007325045667292232,0.10128601903589,-0.013547085268737175,-0.0025651220111794237,-0.045841314988714466,-0.055710345872642925,-0.0022182512414579553,0.0249278769888828,-0.04599834789667793,-0.08506970028869153,-0.08367896629896006,-0.004607007092269873,0.054324645876314574,0.03939059487820678,-0.03686154419688865,0.02207589295214856,0.017058348844673724,-0.05770205960031734,0.023907733539769094,-0.02941902261229174,-0.037815428807658355,0.058213856651225186,0.009220079021387476,0.10500030035135355,-0.014759546341327234,-0.0847909265596376,0.07456697795061491,-0.18128915386974906,0.17106562572059758,-0.10495315493150686,-0.044022817666751986,-0.10125625565827931,-0.06985313127964485,0.1535665287856221,sport
8,-0.1341210861528161,-0.006380435108007636,0.023455822913150744,-0.06001566203184774,-0.029969105337059983,-0.009405541317332441,0.008778965854485718,0.01227145694613415,-0.10191565148838339,-0.051007225475707046,-0.012677817842386814,-0.009548031226174073,-0.04973207821553678,0.0608079513915565,0.07740530147973962,-0.011024834057219669,-0.040840758596980824,-0.03546497955050785,-0.035179975033794046,-0.022579232877632773,-0.004687502407992183,-0.024452335200821625,0.004901497473791652,0.10008980930518029,-0.044267033629918344,0.0049582094608479664,0.0880922865068354,0.11147641509296333,0.10590115259856815,0.2542734678058798,-0.166271629150906,0.03776279080775023,-0.004738582940906784,-0.007049766904337394,0.12332318294266718,0.03765919996099649,0.014174432522306473,-0.05590514647172668,0.017183624304905425,0.070387298988918,-0.010705269676279244,-0.24156851966749412,0.08249226944568797,0.0563856960100127,-0.1777982224426314,0.000912281461516283,-0.07127681090399927,-0.022383922047363197,0.01216110984868085,0.19011264753614096,-0.18026991666552075,-0.051235735747000404,-0.06330843769351524,0.06941858433310112,-0.09628223075038878,-0.0195626361293416,0.013541510048277347,-0.04816988217438433,-0.09742914885997248,-0.10727660881349668,-0.006471925937524007,-0.0003232832386892072,-0.023591195655273105,-0.015320364177093773,-0.06343476213169033,0.09944035424510256,0.028162449861830086,-0.0367969520875021,-0.11148877603322613,0.04794948555992023,-0.07391601218382483,0.0359053231709135,-0.0026689431224410963,-0.1420616209281015,0.09312136697181425,0.22226282032732078,0.03828673839475998,0.024905659028999706,-0.00629577989810603,0.1564328170538596,-0.08959203197640646,0.10193347217589532,-0.004149340714734214,-0.1468301904308424,0.028362093669364142,0.047600057814426305,-0.00047133969085067835,-0.1611638821810254,-0.06805576313481726,-0.11999120094611576,-0.16060106564502424,0.0654739063122429,0.050732900080176405,0.0005578276750838223,-0.012133121922576135,0.04373788139289365,-0.17016960543845613,-0.16027911272578416,0.11809635174791185,0.03308721356178945,-0.05454308914461246,0.0721686493937997,0.10456147051261996,-0.056946397397247286,-0.0359469152833801,0.1876448857142757,0.01408213000670373,-0.11855297777441226,0.06445288478068908,-0.10082538538542217,-0.08826954880561434,-0.049329382791838766,0.09981654994594343,-0.013315210290168494,-0.06501652776730367,0.10410357070976327,0.09642370107316843,0.06528771016148804,-0.018728260774208364,0.012435526435755287,-0.0035621651029107814,-0.1127385787066939,-0.05759324235170729,-0.049992371674966125,-0.03847096255520219,0.06029685517809708,-0.00023687832927885735,0.008190716178002114,-0.0011202668666675634,0.008018132736302464,0.005658212222182206,0.035941997225625064,-0.03563198762588902,0.02815892960452976,0.05361844942396824,0.011120912038878538,-0.021378874566397258,0.04975463100322015,-0.015457671755459229,-0.034613740224301935,-0.008443333282935969,0.0018110468466411194,-0.03369316117941308,0.01608872157405415,sport
9,-0.008720984198383549,0.016540411909470715,-0.13925617358490364,0.03771305513389261,-0.10617735485726494,0.20719064393718456,0.06960850903272472,-0.17371285429999772,-0.05467144399013251,0.13047751036390948,0.21233963901198882,0.10469096235856522,-0.0521737734568565,-0.06417523192078428,-0.02950121243257285,-0.06094940629083579,0.01128716975323505,-0.046994275236347964,-0.027398746484418583,0.019509316615468675,-0.03167817382099633,0.10320266134743442,-0.09948524500019819,-0.085815409259951,0.02664568296063745,-0.004996638367747644,0.009404955201028603,0.033347517686658994,-0.009924251466969947,-0.05534572971307512,0.05916934283098431,0.08628794333660982,-0.15487294343682237,0.1855956270660391,0.04019333155976499,0.09364344034453323,-0.0902007833835406,-0.008366303060546882,-0.06485638044101077,-0.14193878947339805,-0.050225242532397865,-0.0528523969111888,0.18218164622555963,-0.12611351714089386,-0.0035415066421362056,-0.016256867264800235,0.006433608061752815,-0.03263156140858446,0.12296282788602474,0.12521942273490813,0.03090493630302346,-0.10349501013550956,0.03743495982119354,0.04521773487793885,-0.041050163157647514,-0.008683994816011759,-0.05253110990840453,0.04622498119921294,0.13005533811450706,0.09089487172013881,-0.06340574861335725,-0.11618687660836188,-0.03783877499093023,-0.019288334717714618,0.006815513925180024,0.059419828152698514,-0.049579291886515796,-0.0633988080954625,-0.03450750325736331,-0.03308400502625591,0.07910987952537728,-0.028177141925346857,-0.01462014543346707,0.013168384792884,-0.001912557985646921,0.029443752723646816,-0.023543232148957816,0.06124732756434371,-0.041099428004007746,0.04972187151794068,0.037539886427596175,-0.006504736062230591,0.031029049744766043,-0.0009795313768788125,-0.02200948366079778,-0.008193853444690894,-0.02225096958143853,-0.019240103245236246,-0.060452357013233864,-0.03894506483359854,0.10043686011575756,0.1181401372368128,-0.057809993310324444,0.08250934106882735,-0.015328635766634957,-0.03035936916492297,0.15854241472089706,-0.048722158868512624,-0.06802827817588558,0.042987673172292164,0.012597179834755348,0.17339645049044197,-0.04028677609819264,-0.04913866851875476,0.0036917636860421903,0.062294122632671256,0.16551376870820958,-0.17305231672739446,-0.18877764913353043,0.08385602892430116,-0.06659425784949266,-0.047875909994682005,-0.15283743405689224,0.10925181189189385,0.021948401104952928,-0.06142310453103005,-0.059136968631056004,-0.00014353565835848126,-0.07846381465332548,-0.029722184440773403,-0.031109903166833076,-0.1097753412093975,0.12932862266581122,0.06328322673215508,0.07771718333330808,-0.012923080004873827,-0.08907797174652773,-0.12795854036057683,-0.0855556689209171,0.011281384742410526,0.1386880980298099,0.05776150744702117,-0.01281635893915823,0.13862471920979763,-0.039305188260950426,-0.03359952118198222,0.022832104214922825,0.05898356300561205,0.020203656408390294,-0.02334854033245101,0.10118466748326788,-0.033120127803232195,-0.05694505849197461,0.006394111480623744,sport
10,-0.18337752240575672,-0.01828122805835507,0.11577091587953729,-0.08962372235898937,0.2553367185436403,0.12320739402237729,-0.03851515143310195,0.02184713202666582,-0.36490202523803905,-0.12795116168331452,-0.03726230329296881,0.01494551803014456,0.03649688507047523,-0.07526798901398932,-0.11137224566486605,0.020386909435151944,0.06596770104458052,-0.06186406888643404,-0.09546347444300023,-0.0644716745347194,-0.020956557430768852,-0.013558428091160365,0.014616119393901447,-0.054607285114561956,0.013570509626763726,0.10289810657507122,-0.0494561837330402,-0.016540255953151905,-0.07703356208765498,0.03159933892254766,-0.02695311510745876,0.00681204841874728,-0.0038135854484022,0.026355320225436782,-0.03670756175873549,-0.001977140039546431,0.12701963972447516,-0.0753766384498118,0.044835468616654446,0.0003467727314155374,-0.021029176058238803,-0.1264427126289763,-0.029816878585757517,-0.044599370509199925,-0.14513667640331643,0.06945435079762387,-0.032463950476570184,-0.10571194437511292,0.021704716816884427,0.14906584715858034,-0.03519205482457833,-0.1654537479275821,0.013966609088654802,-0.08492145260264752,-0.013867547551432293,-0.05463687756557901,-0.006154376381785718,-0.18605251526579553,0.07372394862106396,0.0030104905310424468,0.00017298298887085108,0.25613778259656717,-0.03854989578096595,-0.031242906200838354,-0.0448858155091601,-0.04496224825787242,-0.007333820632054075,-0.11794558924332875,0.07589975834060335,-0.08756855386542703,-0.018407040802553152,0.10996405002706383,0.08204124835338858,0.138571751589815,0.0016719001108547035,-0.04646803932131391,-0.03719073065476756,-0.12432983351352081,-0.018246911240747052,-0.0003730135351527019,-0.01659667318765621,-0.1523248354776575,-0.05981658620440395,0.03649968019356575,-0.051952924479921406,-0.06421318043147009,-0.004485718291189279,0.02976999952283299,-0.03100661774983294,-0.050630852377574455,-0.024595043997235323,0.006341072540866922,-0.01972985869849376,-0.06830036698090458,-0.00537875141664329,0.058458172929090065,-0.026259733075573704,-0.038678294153926616,-0.008301223321499653,-0.0919180552229804,-0.002387287675980908,-0.011634855942346083,-0.0724405820233992,-0.018663353107789316,-0.0957676356348451,-0.07057483584975627,0.0015250917954796064,0.024377274707732564,-0.05565326504176569,0.02665465335784889,-0.005198430730710438,-0.009851088904949306,-0.026313807299288405,-0.013547115755876504,0.053527238739378105,-0.046614779397280655,-0.04463261448120693,0.028930169979355973,-0.015677302207873594,-0.012718719994104387,0.015415538717913978,0.07085581090217359,-0.028257118238529902,-0.052653300065674744,0.033168532568438915,0.021403853764934408,-0.023578506713640427,-0.011813655126699215,-0.028478800006868664,-0.06188014349872671,-0.004102194468392554,-0.0659924499247532,0.0005869840710430624,-0.06338195508621522,0.01307206619632354,-0.021234074594645085,-0.008600860064493314,0.015661243987698123,0.0015894643230794348,0.021797029210552554,0.05152204010857987,-0.03749446359684738,-0.004350838891041398,-0.042183616524606324,sport
11,-0.17746717909351517,-0.014818650727973892,0.08697141821361154,-0.15106292851295267,-0.18885172730600655,-0.17311707988855066,-0.029758053951033887,-0.03763917170949177,-0.03348294600282221,0.031383988896195966,0.027859574214536147,-0.01102586426979749,0.07075902724472628,-0.05937182877592759,-0.02129178015064304,-0.03974889579636905,0.053093778251035326,0.07285682276785294,-0.0030438311971856835,0.0555396605906877,0.006629436289991427,0.011830122237549215,-0.03200033041377524,-0.06540837261317275,0.0030664024965888046,-0.04028229544687263,0.06784888762427109,-0.006903542021971482,-0.06164490130343825,-0.09107807554306631,-0.14752848400232818,0.050943356971118556,0.12252761555162271,0.019867886161127998,0.033719793002011084,-0.07792485314263427,0.007906479864140215,-0.020881878190026137,0.10222005975180112,0.042835380118267395,0.012401091471326174,-0.19939688529096908,0.017007812300736606,0.10281506991224185,0.0889483643261116,0.20366211998269082,0.12537144075301834,0.008078242736282756,-0.002191085245424682,0.04743517909089516,0.03293830495187275,0.00040899108385792987,-0.030737046994951125,0.0293302216215955,0.12485586457121448,-0.08078505614785393,-0.10044319604345367,-0.03577590284414943,-0.06032066492724867,-0.05255091657085807,-0.08988739819793813,-0.10976166961855345,-0.07237538071627149,0.07301356283917539,0.09937660560417698,0.020350015306393594,-0.018997512121606042,-0.060465640643397274,0.017427578916003567,-0.058587273069672714,0.14087994175855728,0.17190428637981262,0.07838719089892332,-0.157790347675942,-0.11892214109407778,-0.01621216464670771,-0.00880939597511244,0.028592990571128414,0.13336101904214614,0.06262609192777671,0.016254072967431116,0.041097954665490134,-0.20018544538103378,0.06431114779935002,0.18498070168989322,0.021912016490401753,0.00032744005281300833,-0.15184610627861148,0.056409885032693834,0.06148258913204144,-0.04476320955617564,-0.06728767298121227,0.10702315615731128,0.07641382167697951,-0.09312432229207412,0.04408301615614647,0.036103768217302816,0.04696565837684374,-0.04300058951982407,0.0574184251546097,-0.10128221292135212,-0.06998927205014412,-0.03716291550557552,0.12088132783937115,-0.007741609750606894,0.0607856545229028,0.0029645520094623103,-0.038973319933786256,-0.027096570101206627,0.018128576310549253,0.15996726646563414,0.059430738773868876,-0.010842606234916584,0.07741336360324,-0.03549432245484336,-0.044313712780997376,-0.04408466456603071,-0.011616810923801804,0.030067675860950393,0.014214168455638611,-0.08501699763900833,-0.04733313996573663,0.01845015196545204,-0.09346420358513814,0.041180987241303146,-0.03901219350785073,-0.04558032794806525,-0.09278506889026396,0.07684967577492448,-0.19864847028585106,0.03390084762320757,-0.08181138624137212,0.03378772907657747,-0.1102437491573766,-0.10533250958791174,-0.048624881786143936,0.008814398131065456,-0.011852754477801326,-0.030129602784305095,-0.004846899781859693,0.011442455175921865,0.04228717954344192,0.043060034761315674,-0.07664706535869366,sport
12,-0.18283500923683338,0.007609701936547331,0.08768555134882836,0.0711856862046193,-0.12227067290043041,-0.1067674410070863,-0.023165027883180152,-0.031482464394808916,-0.019555463969701013,-0.03254327374257984,-0.041649409436333974,-0.02709289525208049,-0.13539078361784423,0.04047346935392482,-0.028555378204559827,0.001783795929950119,-0.14130346741311967,-0.2326450765026315,-0.052498844641649334,-0.0677143417571298,0.03799139756200656,-0.1215632711804184,-0.012621037121654612,0.07178537390626605,-0.032462037627925606,-0.10381179085005797,0.015351374937280842,-0.09834469446943904,-0.05195255800569323,-0.0990951062091413,-0.005717010156594668,0.07512369165253249,-0.04523450769887864,0.06467427109956458,0.04512590812924618,-0.01699608191938852,-0.07592702256326588,0.07337896195671798,0.06685491066857564,0.0645007801558191,-0.09616147748791268,0.02185169162315862,-0.0239501288946924,-0.08474274203116053,0.049868328342093815,0.013137090843155716,-0.056990614585410104,-0.00971211401110816,0.11848701529688963,-0.040058346233610334,-0.13526856337579635,-0.06416353815636769,-0.27590279447287613,0.08369905519836923,-0.043916786913424335,-0.0370261714881465,-0.08817024306923611,-0.04975329237099395,0.008187187220679648,0.007193408507929467,0.1928123956868233,-0.016676184797809683,-0.08519206213186534,0.002754423223067725,0.041274112652649096,-0.007881422806252767,-0.041544775289866526,0.03003542001089251,0.1524293246122768,0.0835435102136164,-0.003576123520444598,0.05685806240451179,0.026769184980393265,-0.09839947826217332,0.05232901385851599,-0.15050548637307737,0.1310029824138243,0.05178636944634919,0.07517357894757806,-0.07672394375710583,0.05915303709636432,0.0381120763769564,0.13008075910586112,-0.10323487225950528,-0.05731382155092555,0.08847319877008404,0.03454020545472319,0.11791299894029313,-0.03537489325806414,0.04536827580859217,-0.02403110651883962,0.023098987547516322,-0.029923067293780425,-0.03815895759882325,0.056165149817223654,0.06419524630253785,-0.11747884538703439,-0.0372199151108686,-0.017065948920457683,-0.05523217396435364,0.021657706196961918,0.03804119328544382,-0.018575445605011377,-0.028810506158287483,-0.09121915716167885,0.024915913129131488,0.039719161467012744,0.07455310574654918,0.0006789379718617511,0.19550785197112522,0.1126869101391563,-0.13107122588251,0.008781488254934532,-0.07333475014884462,-0.034384192332313546,0.020075994860270115,-0.02195687672657231,-0.11332985729544212,-0.044092148818432285,0.06130901348179469,0.05216487443207813,-0.08066013608602157,0.05649890561375711,0.06164614757938681,-0.1139343224127469,0.16003178265779475,-0.120630633411536,-0.03459346705966226,0.02945582967024296,-0.057576960197073854,-0.025925953351949586,-0.018379054764495483,-0.027888440364823977,-0.08178397290569595,-0.043708832295898996,0.09931544421159318,0.011598359063146607,-0.0649002218277178,-0.023235292854941792,0.04153297571910134,0.06821959397552918,-0.011467128393087188,0.06245537396946533,-0.08202559609698068,sport
13,-0.15022421300819033,0.0011507317789279984,0.04923147901218959,0.06376653453677565,-0.12179194506965013,0.013406890016565481,-0.07676577321034682,0.06532955151582999,-0.013583064464794653,0.02459162262659398,-0.0323382505642269,0.006752138560995069,-0.18479584485394887,0.10686963039951239,0.005054767604235916,0.021322350119788308,-0.13191473924954258,-0.31932700424707333,-0.02535175445841097,-0.16964849501011964,0.11490247830757463,-0.20222014641511551,-0.014803867386784754,0.20535965266755193,-0.08146859025125282,-0.032844965387826566,-0.04797522924167269,-0.14734259819436152,-0.050388982037950385,-0.05057275247639409,0.08979175932278612,0.09968902466580251,-0.06676589866502933,0.0517324906720249,-0.03136188047939601,-0.01249265036091643,0.0608744167070657,-0.009988450216424612,-0.009508171327845408,0.023897181041682685,-0.005264667268349375,-0.09595582210196632,-0.0009300026776160543,0.037981660959492666,-0.08362182552001456,-0.018983368856093745,0.0063045764348027365,0.010510217720226075,-0.004545549489671107,0.04584731697769156,0.104818163710759,-0.03250557107427651,0.006986831169460569,-0.018657877635339912,0.03402804344088807,0.054797255723706965,0.09063208249203294,0.02448103960814372,0.04325161448532635,-0.02365475608349,-0.028146612661368517,0.01218300984283554,0.003368602029518838,0.024707488768952457,-0.01330823637252966,-0.006638823508850328,0.017096253626283926,-0.06550310289861018,-0.05859986096981185,0.03587749829942383,0.01435186937791042,0.00996937404466308,0.010276462662294303,-0.03448073035239533,0.034586121050124236,0.012224990956163221,-0.04711192254829284,-0.006773684504246456,0.052555212197298,-0.08177366883236914,0.005839392455189789,-0.08016475616898608,0.030209108374932337,0.01766911658883262,0.01560588805634849,0.047033457777434944,0.027876427019388885,-0.05310242533631631,-0.017693255189750654,-0.017987504890472752,0.08073699496808229,0.06271329850533447,0.008975007631472126,-0.012131926103530866,0.07840423028769299,0.004203388473502286,0.13061209099120752,0.15102505550474618,-0.051408871605191434,0.08053706782517453,0.07498664820852684,0.015338328515407623,-0.08631982917754447,-0.02767182613455344,0.1099064243640147,-0.13152403630451767,-0.04954855344533079,-0.1728785860014576,0.03580831886004843,-0.22831861378126322,-0.0283550347017631,0.07725623853221747,-0.07566500421531928,0.10440214003036699,0.048164608601871134,0.04607014438235359,-0.004328167920460351,0.05920637525182107,0.10026079299186763,0.028678975578037384,-0.05615275738677792,0.037892274049244265,-0.010727619177654397,-0.06835819267245467,-0.1542813740830501,0.034163718736205224,0.0056827429611932025,0.05662619217973667,-0.08310915253414897,-0.13694968707923588,-0.011688717601723514,-0.036122312831234064,0.0631474068938931,-0.050966769749929086,-0.01754133066882165,0.03715934047724746,-0.05892438400119886,0.05536277095149871,-0.11978461371567356,-0.10935581545020884,-0.06746547454475482,-0.05270070279034709,-0.0815586379895057,-0.0632430785627752,sport
14,-0.11639758188213593,-0.0020201530402878085,0.02175135749532028,-0.023470439292895037,0.05059216453842032,0.030260336477133692,0.041850185332284066,0.0068486207108840805,-0.08719885961412352,-0.04615431899709999,-0.06560195834327359,-0.020260048791662464,0.030265472738723834,0.01707458243664807,0.018281800274441495,-0.007359472132577345,-0.1014885994632392,0.01133305667888274,-0.050369217328745164,0.04498847031276784,-0.008091498493069066,0.10281932063897009,-0.06867113473165133,0.007571708545223863,-0.013104575960320374,-0.39410598046789663,0.4263589684999768,0.10678959957391372,0.32928842261159597,-0.035359643151383006,0.3191759712695628,-0.17640904134442914,-0.007312943862737677,0.019143863655737933,-0.08337320920549171,-0.11338508869226759,0.12451593125325137,-0.11765568388198051,-0.00810269152196788,-0.02185862803677258,-0.00858255358410496,-0.11914442635591296,-0.03307893318692112,-0.0028082697322581542,-0.08355428672522805,0.13830098812581373,0.08823027141690236,-0.05876469605093949,-0.004783163814709521,0.018047230226483656,0.04286752860511522,-0.03381135933697009,-0.009337030647439683,-0.05998634555275934,0.008726149621068924,-0.006155881508803299,0.003135409527358109,0.023445738799242704,0.03490917060887484,0.03135910250979841,0.03854156637063933,0.05580758279056665,-0.01439889989073768,0.022562945559057565,-0.024365286463145286,0.012143147621768696,-0.015816925214224595,0.03736922888334357,0.017671454186995922,0.022265319243934597,-0.009258296614523471,-0.008073400954557363,-0.01209176935235993,-0.01680933117194537,-0.0076955142930099744,-0.026479452508846583,0.02219308362996208,0.03520900007208963,0.003968902330438852,-0.02305233237658477,-0.012736010926799017,-0.018723287771978105,0.03638199290979295,-0.046465919126462175,-0.039581709921867714,0.021826501658370683,-0.020601996172916318,0.01896561727244599,-0.008541444704803473,0.0036935727578295864,-0.0040082605765388475,-0.000461351340791591,-0.008980891746231312,-0.003176453852440069,-0.006521490345526624,0.0068253217595429525,-0.015216552560305779,0.0012145006513904202,0.007509260131069769,-0.004101265702707048,0.013136060953879062,0.025536342253779896,0.002949607192220861,-0.0009162082869038973,0.031948205832023485,-0.005884310612583544,0.01761595274226335,0.004786316566491949,0.021838827382530984,0.011333170391366023,-0.007553399572732582,0.012465212273825275,-0.014003579836829018,0.01868261193923233,0.062317665101392805,-0.0447730905131866,0.02901432325083171,-0.02151142995861698,0.01225077890878443,0.006395807899221243,-0.02894919172810208,-0.0017539954527556506,-0.016840718029991233,-0.005922253656584228,0.04193247347401861,-0.05066793088516287,0.04650238278428652,0.016959044510224393,0.04252195785261394,0.044761791205146034,-0.014759609881793104,0.02088572661495168,0.02371375767070549,-0.028684132613359812,-0.03727071435297488,0.0007292067839183076,0.024207741951857153,-0.012954985868797259,0.03544618415685127,0.005993535331784391,-0.04043649262220383,-0.0389159371128173,-0.057070273584644546,-0.026654181875874566,sport
15,-0.0010833995120533618,0.0650058572874607,-0.08513947248667068,0.010809597127319139,0.012332872953107199,0.08689386628037495,0.1521760557116255,-0.1703579536788137,0.0002178729386346794,0.11865372073608554,-0.12133473550850435,-0.2343164605725734,0.14543607991751062,-0.049216367064587124,0.034911088074857766,-0.10294507732217635,-0.02929148492085234,-0.03434226497473406,0.03502257420769716,-0.06757580333358609,0.00876740814804867,-0.05220400494283824,-0.13573992989688977,-0.006014909300284987,0.07822785477667264,0.03212085992574382,-0.010323838206225254,0.06759131458770061,0.0024820661874725846,-0.05799074097485193,0.013611466158047257,-0.0031541315048665072,0.16253175485308544,0.09500591450731218,0.033197063763431296,0.04454982658177161,-0.008377619880622574,0.04187699676318755,0.05616131138549873,-0.00770373659417998,0.10611356105423703,0.016763260694245222,-0.08623681490226225,0.0775972967655932,0.04640158908375106,-0.0377525006392027,-0.0919529108771416,-0.16638191164178318,0.04603803011592167,0.2012038385538754,0.019954469834504246,0.04703098479742125,0.030303335726349523,-0.10232989284410762,0.05574781330430512,0.1285102828625015,-0.08715722080808125,0.0311400022754833,-0.1631411511216721,0.04657192271016345,0.0198718106432544,0.07082924686981118,0.13533287978467187,0.11268690525387183,0.04881355122256848,-0.1076945887938856,0.13299800784015978,0.027014117953873568,0.12555555435754895,0.04020499429614695,-0.1416957177603612,-0.022608165892109976,-0.038570488303858376,-0.15548474147604174,0.037784449135770004,-0.03863117760422785,-0.02538868711490482,-0.008585888995282396,0.03233553189842484,0.034017700451013926,-0.06124108642659529,0.0036837212969664463,-0.09976237945040271,0.04355404542663037,-0.0453839595292796,0.027672874645705607,0.004562845235997136,0.14116509913486008,0.06285643432046784,-0.037919997186626954,0.00694627909667316,0.18163357857693377,0.0986714666907923,-0.12523851410544115,0.1989996228373718,-0.003425422540082889,0.02261674611047235,0.037209485797757486,-0.11710099184003542,0.1974722380149658,0.13462766684421146,0.01926473313547216,-0.06732915450689468,0.008834899038090909,-0.057780108587410284,0.2495038660917382,-0.18807471202010545,0.038165744176844735,-0.04269591622170331,-0.023100619171610562,-0.07976087709244926,0.16425277558986334,0.018178205779979834,-0.05471891583304384,0.002535870742727392,-0.045768110050733564,-0.017071784014896896,-0.01900250749356769,0.07743094018717651,0.021863044707687462,0.05737455940708681,-0.025379332344997937,0.06779880709157753,0.006829768847173111,0.045795014109779826,0.02113968973801201,-0.052941108040509034,-0.04648026983289668,-0.01118803382289168,0.01422180447127791,0.05567948063471685,-0.03417581352892605,-0.007097048226432191,0.03286897623226408,0.004081992916389775,-0.012459743223112819,0.01657572448550678,0.009659257720981387,0.02895367207549,-0.006019137343616787,0.0482310247763839,-0.0055067863532275415,0.009679225417516065,-0.027657512324594416,sport
16,-0.24706553436055387,-0.0009733169503798961,0.18643159743135385,0.7486984690544548,0.055839868947551594,-0.253295183955773,0.019178174690184326,-0.0708890847852156,0.006682101286329079,-0.020632009979986776,0.05702384210872832,-0.008670594064761778,0.045386636689596346,-0.03207897376609475,-0.00932382123208333,-0.0017010178701711456,0.036543317567364376,0.06243285419308647,0.0039257309288552355,0.017667605469680166,-0.04454188711822652,0.06455840653487767,0.008936644887606005,-0.018025228028692265,0.012718523366902929,0.03701760296568538,-0.01909610899140936,0.028380350855192686,0.005685965382156083,0.03456633499389059,-0.019064012341921954,-0.016690228397660496,0.01609937982540973,0.00479140343185288,0.004130483158814065,-0.002369925012082015,0.006772705891379443,-0.01792716654015504,-0.010487763343977573,-0.0024466463561820992,0.004111846304555159,-0.021170119278435127,0.014059510078504252,0.0028941104151056257,-0.0075035580699955645,0.0048038482961108905,0.003114551773797245,0.00500144632121007,0.009168719398978446,-0.006247534942307516,-0.01134186598620177,-0.006542071029559156,-0.004690449123351352,-0.0069216981585341515,-0.00986988825547843,-0.010332424873183737,-0.012332445537947028,0.004576751352007021,0.0067790968107099584,0.020288513350324895,0.010645200281848628,-0.00019968382280118795,0.0034886523021102826,0.007068488659779646,0.023104592600829057,0.008164309141841344,-0.00777132826716265,0.008439489081282555,0.012863048936177618,0.0002390809213123649,-0.0025236541182653525,-0.015541970426800287,-0.008759437508940662,0.009718326967466415,-0.012968755554534566,0.006014202524591464,0.008631963493714066,0.005461392904153736,0.0009151394185521382,-0.025213975696441574,0.006492798316074919,0.0124344738791183,-0.00019642880187522327,-0.017725249175521703,-0.01328780056316493,0.006686622853001962,0.005789259297122793,-0.0031796657679543988,-0.02895716199156658,-0.0006595267260565611,-0.00557298529033613,0.0002735035888285788,0.0131903542749687,0.00865874651653756,0.00654417834325262,-0.008718178498358136,-0.0063434357942855945,0.0024608869524823584,0.013644376256470553,0.012784775933804202,-0.0020323689303929147,-0.00832822234996556,-0.005173982271029471,0.01553906423615094,0.004686490921674616,0.0018386118683048694,-0.00787572955095241,-0.0036544602561654808,0.00286524882918338,-0.009299226109480259,-0.005870605910470903,0.002117962608338929,-0.014186665947744577,-0.00693336882659947,-0.007505487373486911,-0.015366649470494896,-0.0165073947220137,0.027830484721726594,-0.013515817302036697,-0.03958040212282657,0.010581968034653224,0.026856085690209346,0.010662924940539425,-0.020328136099948615,0.01677333477694702,-0.027500726566078267,-0.02672240539818124,0.006799033839649576,-0.0170505151423012,0.040257731973714676,0.019776069598207505,-0.006858318304469751,0.016333119928978273,0.0015227954450769436,-0.0364697672996251,-0.027248183775481345,0.03150968078367623,-0.0313049284276627,0.042926450010891216,-0.03309551048484013,-0.037244920940734554,-0.03420024464020651,-0.02208793533561773,0.014100196781582334,sport
17,-0.1494832983802141,-0.009667646045430288,-0.08952466608483592,0.21387467033178048,-0.2816966432038831,0.4002111831335952,-0.1677310229648437,0.3304814491985747,0.035797452227848095,0.05825622469357949,-0.10081926010133814,0.046934823244069876,0.06627022965003498,-0.09758544876610162,-0.08606237978403165,0.012007914170579377,0.11614372763310539,0.04530923865286271,0.019008722154800987,0.0682753479148118,0.056034611143338464,-0.10333430678106564,0.06941390406404226,-0.2732519073042347,0.03584537951374524,0.05694237358139932,0.10993547668027014,0.06692278224856234,0.01819117792110012,0.05891304172601911,-0.012619891732065975,-0.06567997959189038,0.048678993924232174,-0.037027381989489155,0.011679954456966594,-0.002834346813217415,-0.05567328205554516,0.027738996387808065,0.04135024097730594,0.03734040423142589,-0.018321516259766073,0.09995454387314374,-0.03589024882377162,0.07924035478669562,0.03610977388387563,0.012300608681280443,0.05111611718002995,-0.016961507471115255,-0.02504749315922698,-0.029089013780621866,-0.03649887217352352,0.0008904972873000504,-0.06580377926176746,0.039402053003090215,-0.010618303038224723,-0.0274584451357976,-0.016331310699988603,0.02613289563743829,0.013100678918199483,-0.0631119643269524,-0.010669474693672335,0.018346187770111873,-0.00816057158168014,0.0009658436163529427,0.018677532433436755,0.02225462250572614,0.0036303967745216,0.0004176390671843752,0.010188252619404465,0.002323602481838851,0.013226463565672955,0.022987971177777615,-9.224826978797824e-05,0.02275747338532509,0.02143223202665008,-0.02831552629185408,0.02558814067893925,-0.022177351486615853,0.025108056656162087,-0.04216913126413072,0.04112478665535963,-0.023593935726110977,-0.016685177284011553,-0.0408012234237683,-0.02034548933213514,0.03446808323126784,0.011588533060466796,0.037237201343842126,-0.056009416346648556,0.014623090185696077,-0.011304706360615938,0.017908179383636175,0.016614319144828336,-0.013097042278677971,0.042050150509109534,-0.009949075316948998,-0.025422453704442828,-0.00537142532288722,0.014388229775956562,-0.013685289090861124,-0.033413288527655835,-0.025492907996562002,-0.007055736192936165,-0.006939054634159231,0.0007364626688223389,-0.001901824324805474,-0.022631896988820507,0.0393159458563637,-0.03247216846374209,-0.04760739286227246,-0.06169528297478821,0.06893607184838266,-0.009958507961394726,0.05700233510411427,-0.036455034560876044,0.03198921577332291,-0.026004884950397853,0.01660479566782847,0.008102571945770213,-0.09589991632434668,0.02725166637408132,-0.017945677077800672,-0.03132735670914587,0.007166990514320489,-0.05766374290887673,-0.007955142332901847,-0.03047436299889902,0.0209614102809582,-0.0784855837475693,0.000992673414425017,0.015845355474347636,0.05444231790403875,-0.0236645255666282,-0.04899551216959047,0.025243589929567146,-0.06311274437555928,0.016835997782723235,0.00980019595739495,0.009835429231587988,0.029743561618341536,0.04754273373052634,-0.001081406458912894,-0.009924204513215401,0.011832623064236396,sport
18,-0.09975221959214042,0.0438664042642822,0.028319800592790847,0.08566646033601921,-0.12859810588858056,0.007399087573546171,-0.0473648691005497,0.06493430858307986,-0.032864844826705514,-0.0035127987813055135,-0.1342246391077684,-0.029717864625060365,-0.2444828639170066,0.10284225663059955,-0.007981556150544489,0.052812527028331446,-0.1653268607170524,-0.36522420279003326,-0.031781760089749755,-0.13145760874001014,0.2085853712059664,-0.24544054713525945,-0.003869990416977513,0.11652556343404186,-0.049335470110688534,-0.14685060833218452,-0.058940045201459776,-0.1584202670329215,-0.07198441877647173,-0.18181502236399452,0.10077096256334928,0.06563887421986211,-0.02638787573807205,0.00907883764652888,-0.007498650996429946,0.10185352272097195,-0.007818889250776145,-0.012946928778787767,-0.0008299699298516453,-0.042266806904315446,0.015936151428496005,-0.032164831601178036,0.07327650644792529,0.050915643393114315,0.04822759895023525,-0.010930180195733892,0.03253719412969287,0.03211943959549574,0.02493993163429773,-0.006156362119148605,-0.008992047852501281,0.02163934241724367,0.008752101648203923,0.03833823708267572,0.05442365441013816,-0.04634743235936782,-0.017293513883074076,0.044924709332590324,0.002587352556591377,-0.09190999118374893,-0.032453115156613206,0.002067193730962946,0.007787291385295081,0.023405671353331103,0.013267639861842437,0.0210914856010963,0.03515380291356342,-0.009767062939664381,0.007531724938056707,-0.0013017787280729244,0.03295354583668301,0.045462524208301644,-0.014064243785301448,-0.020557382113925136,-0.009373386613709716,-0.038587772762995014,0.029124383302763495,0.01964208949360685,0.022717899567625467,-0.06974052677469829,0.044513901156375144,-0.01719647687454044,0.0075859761350365405,-0.05037255746635502,-0.024779805906411663,0.013228811463893413,0.045647612505453655,-0.028148851056674275,-0.08885058074274739,0.019590563099079066,-0.03163013973466586,0.04277105518541833,0.043674919333632684,0.012190487864784076,0.07242583427997615,0.024359701707287146,-0.027320631748330333,-0.040598116469333805,0.06594673135243391,-0.04025602342063859,-0.025459578186190948,-0.01868678498090656,0.0005071114709283916,-0.014739775865361284,0.043512745585970826,0.02102657567201279,0.013345554970003377,0.029768696253491177,-0.05930982271436301,-0.056281121432984596,-0.004198448117951041,-0.02358055049151193,0.006311321865398861,0.011684660758724175,-0.07308305132496622,0.038437853661682536,-0.0713726720089701,0.08837099708470779,0.03171119539811943,-0.048103546303636564,-0.08528727342926827,0.08888919255197218,-0.015057939914944135,-0.04830042196885508,0.1609031767647186,-0.06796711866791112,0.09121100123224773,-0.062214450674617325,0.020669256950510598,0.10635764372815149,0.013054498782377008,-0.039851451139165966,-0.03829634717321446,0.08104182553146892,0.02401241571856436,-0.020663592045817233,0.06925690074357883,0.016928707195451954,0.14285289466555898,-0.04047178997284364,-0.042731326336412086,0.10701055872547363,0.02664437649970778,0.10368355171068118,sport
19,-0.17959033758715207,-0.029524626120864244,0.1157743495516814,-0.1387590989548569,-0.156811728980255,-0.08039497763376972,0.015232654743254291,0.0015523910626988621,-0.06564886293221671,-0.03921730768353183,-0.035047688725436135,-0.0047171277159243526,-0.012360995736103749,0.06371338836904605,0.11156478358141159,0.029525431681910026,0.02990409212179866,-0.1220290791759863,0.006924326336178009,-0.1429034567939168,-0.2386728729540816,0.04068578515766718,0.10027466630018196,-0.0051091632340117665,-0.006513923590484087,0.28100833039535744,-0.2429023220062009,0.10215980765305979,0.1115919402262994,0.22674028545356112,0.3965622722276205,-0.19291755596357607,-0.06757480251634175,0.008887654316309045,0.01194123504149614,0.07834791358161151,-0.03866465230017017,0.03468760465471288,0.0023775816541226854,-0.014443758061731957,0.053900893923158784,-0.007891925550347574,0.011034105916749627,0.018308422100500214,0.05225603922794275,-0.008736474863432509,0.07663813016683574,0.03943801363865903,0.007014097730814415,0.024564190533579625,0.11400631804658959,0.050408890393745506,-0.0719038136690314,0.1326707725430159,0.06772770664775063,-0.10669903750290527,-0.09856625625035832,0.024958986640467785,-0.045542966880500524,-0.02703120646060922,0.042206236577329415,-0.01980882846655602,-0.05765518144110058,0.03138447495521482,0.009745469389280066,-0.05571063234146977,0.03956064780571912,-0.02598386585410329,0.02572127005580315,-0.022613136606630037,0.0648663754626584,0.031383253104580115,0.011007840658327904,-0.002352375973204753,-0.04345075421831087,-0.015561165807812744,0.00676835354781712,-0.06560524034488795,0.061600896561147096,0.045940414043992864,0.031798852122381156,-0.0030347036677687003,-0.007557978366574334,-0.030045660714649435,0.015003340406417888,-0.008132728851012292,-0.0018956925870293002,-0.006997202492254026,-0.017473832566025766,0.005368728963668588,-0.019270464743718855,0.007227796446955568,-0.030546686885402803,0.016364775422294954,-0.004101496028176647,-0.021984387920168588,0.033744803691293325,-0.013941398984760522,-0.037288889133995376,-0.016680689863746205,-0.004082469961832579,-0.006085088152135856,-0.030488158295768703,-0.027000211756461213,0.005370682446939952,0.037086601903736194,-0.035490606197124686,0.011362934840783934,0.0008656436397111586,0.042999262835797046,0.011852487358250377,-0.004289090847222593,0.007918535941960866,-0.00532408728947207,0.002862082701837531,0.01874931581475841,0.02746998803577689,-0.009386024908403904,-0.01032478110312196,0.0041899109493402165,0.0003540282649567,-0.02697694173746536,-0.008232548171101856,-0.014683691240286347,0.006224310416395888,-0.008666422096894482,-0.03408834260550388,0.014482312829481684,0.004263249246291618,0.020245217991624726,-0.020541802765429985,0.025691622006983404,-0.0025292718144794214,-0.01859734713899438,-0.03368521394093259,-0.0069949160959764615,-0.006738305192745297,0.0019729002079606943,0.009722372965358144,-0.047900632694366806,-0.010176193386711496,-0.031990313073603685,-0.012776692510270677,-0.0035874632178022996,sport
20,-0.07467994923944701,-0.013106661849599351,-0.035557427892397644,-0.016330653604554976,0.014223942731875616,-0.01734312577574363,0.007594025960137111,-0.05068870805343074,-0.03735900866930108,-0.0649423656939266,0.01151517473457068,-0.06228897380133761,-0.03679400541626932,0.1060725019478473,0.11568096153606272,-0.0811152227086438,-0.33294084626960985,0.1545680944744565,-0.32318596847269493,0.3508432109006398,0.04245348529441938,-0.13774309499325624,-0.013140706630586642,-0.099696340273754,-0.001978690399160531,0.03242534407342021,-0.10147796428132409,-0.11069973631657608,-0.02544606427257581,0.052476099148375664,0.06115474436901776,0.03290367230525794,-0.02934593976315786,-0.011610256624327991,-0.019625624889298574,-0.03063745639830812,-0.005577106540423043,-0.03042720794870743,-0.026585434104682785,0.04486119201586392,-0.007945061821284925,0.010224740909787504,-0.03568694887668936,-0.0011359163370475145,-0.06342215157767628,-0.015636715561007986,0.0274025822317126,0.0033951276855016315,0.028201762614068197,0.01260991114516371,-0.007787350492808914,0.005476571762839431,-0.03021124648824175,0.016043881989702052,0.0007466754627585465,-0.01618203104886595,-0.029171365984366367,0.006699292392232446,-0.02598779245300289,0.0001112648524620313,-0.052237748689569194,-0.01364803027036473,-0.01253276840410562,0.002267145589191632,0.00579215101217068,0.0030042630411959443,0.034965140722148895,-0.0004183134738945072,0.019293849255978383,0.006045700631177716,0.014463436083109958,-0.009644492403922013,0.0011228915247592645,-0.02191401413345052,-0.009413811027925977,0.02416819092329967,-0.025888854743025234,0.01943131232120308,0.04845865929613691,-0.017187163032358888,-0.04362549490036836,-0.008448241399078594,0.015706636544014968,-0.0036004347634316937,0.004697570043117776,0.024680861709661918,-0.05026859692812986,-0.04516465402832017,0.05093795629392888,0.040031842454374265,0.022657128510996973,0.07228037754037843,0.0780109493985569,-0.010345203814465354,-0.02095317204767429,0.025532008721320405,0.016989680379032153,-0.04993442829552191,0.11811568017568763,-0.06320605448505388,0.04324260010481648,-0.06085363012639945,0.027212295065460964,-0.08241511937031526,0.04817766030100016,0.012530677321704977,0.0688362038027313,0.006092280770416285,0.13802560046586607,0.03117607687739195,0.01696519472660514,0.16937714060819173,0.14818863656942785,0.08029800002124814,-0.024472390379213005,-0.15078145122905792,-0.25447259396971783,-0.0387143814786902,-0.0063005048871521575,0.12968184156408566,-0.21543497264545444,0.07631435669804781,-0.012385025604805627,0.10670252305397819,-0.0556628206871775,-0.02909056846354632,-0.0835107789789116,0.0174486060406004,-0.03890094242203131,0.13324832334897177,-0.026521562713055957,0.019031442566412843,0.008837072667631982,0.015404718292594058,-0.0693324756677196,0.002664186969658313,-0.026035978270990415,0.08481898611394673,0.0339993027280804,0.011429654827963277,-0.021771686238542923,-0.07341025368975145,0.042316349186965946,-0.03529979808037643,sport
21,-0.2414450601970953,-0.002701087811420582,0.17576751498993473,0.5343435956860698,0.13704848202292083,-0.16833872581482537,0.013438363468943244,-0.0635621239372763,0.003592876986030834,0.004710123240427602,0.04889382322179343,0.003924961149498322,0.01976425125771618,-0.04258858038490814,0.0038037671107522494,-0.01816411366003681,0.01556385779509781,0.06820044163765854,0.014697938791060851,0.008710080275365167,-0.039134509996285434,0.059689914388229987,0.009778407861921575,0.020368752111579805,-0.007156792695986187,0.02921224911591277,-0.04600630827665035,0.009020430597575749,0.016025580446446433,0.015932530492595506,0.03316168249802093,-0.02727212522872844,-0.00920707390784336,-0.015686582192545102,0.02367652977744884,-0.02030520152885029,-0.04479223095578504,0.0215786143426442,0.005151025655994122,0.02175841036253368,0.0019304736569150187,0.01290170277819356,0.024899938358428027,0.019820525978977346,-0.019188978230785976,-0.03431187563521966,-0.009236543461014476,-0.014699115784506335,-0.023984816512507393,0.018201502473024662,0.013841841296546024,0.03759629719517473,0.020858487226117994,0.04137578322430084,0.029675399031961473,0.02262210120096202,-0.002376279104818328,0.020471975069407553,0.01863772009872329,-0.03646013246162331,-0.032392190535640325,0.006446341977782556,0.032198750220349945,-0.03037661674277504,-0.030667228118125903,-0.010668598150911453,0.02955795793696049,-0.026841778156467547,-0.030142446364306883,0.009742919768184597,0.016288419937907802,0.04083994210656858,0.0074262322722746426,0.03370823578227132,-0.02546731848819116,0.010580134034884474,-0.027877528947533294,-0.048320152788880154,-0.01702992351969381,-0.00719558694311267,0.01448730841718996,-0.03031069699725673,-0.03770075864566822,0.034158512373717774,0.012454405130604054,0.006981561613715449,0.04235699817705001,-0.05412579093945587,0.004727284042069246,-0.0073456116169315685,0.030564351816414523,0.03334352445716278,0.0060833309800425684,0.00299327481164011,0.03800373038284295,-0.034945225963037584,0.049515454017562445,0.027528882627895147,-0.0224912819659718,0.007706311967689141,0.011620946451383568,0.04495402146045928,-0.015341974990089284,-0.006349886460963635,0.0032377372461495496,-0.059263373240219325,-0.021120390265351237,-0.01493197120296036,-0.04285804198326194,-0.02942076155612515,0.008961366921069823,0.02351438986105765,0.006665149255183755,0.03939039607667151,-0.025171431124102826,0.0014184042091842592,0.0017740517910295652,-0.012780818507270145,0.08775971263845202,0.06237671042868826,-0.1414387603882318,0.02165178773958742,-0.012824895474612536,0.05603614976052555,-0.06682483913410547,0.10625695386423431,0.11973122810796154,0.008604885381118988,0.10762184812770377,-0.13785324736912807,-0.13804620643083643,-0.03612000086156116,-0.017851029267917668,0.17445306559127863,0.15628038776970252,0.2152516168412123,0.008268461289402207,0.018801861278840985,0.1132393699539852,0.20406050234467582,0.16537994220886937,0.04419340779033329,0.035903174737530116,-0.14805826022321283,sport
22,-0.0628466437625155,0.0007693218396306926,-0.14717106923806983,0.05292695386780421,-0.1489701171475943,0.24311836890655514,0.013880984213273898,-0.12631696040995802,-0.040805292071620154,0.183989931014886,0.30346558418340047,0.09039453894513559,0.1816448424729717,0.13579359164044394,-0.14005602226808686,0.2564954679920303,-0.02560034862697815,-0.01927381974324791,-0.041719005181583314,-0.012752200133960985,-0.0541523519866794,0.040468977417566006,0.05188540130177414,-0.026998797449568568,-0.022846383152896832,-0.04188618053894208,-0.006480680567532362,-0.06399967938251638,-0.028707037062927203,-0.005616501939775643,0.02607075938400017,0.06931371779853432,-0.005744909786182929,0.03420864364625322,-0.004948849066966406,0.08405050647712857,-0.1171687864146663,-0.12493509421199725,-0.08246152411681522,-0.003747728519633305,-0.09177085978459167,0.004320091486230211,0.07334540672379983,0.056288637873089166,-0.10641774890640737,0.01869366211737526,0.04651782140311023,0.05151179673116081,-0.039914684623457174,-0.03346997089751234,-0.018553644628447833,-0.0021723383582077423,-0.022834361537233384,-0.028294066438302415,0.0422719556640123,0.008255871777828803,-0.022053310424235757,0.01588492731925494,-0.057505983233816275,0.050253679439220586,0.05952781945644938,0.027959664416640745,0.026836556376205807,-0.0014834622031705334,-0.0172590895863533,0.0027469817276875347,0.0014069906600770283,0.04643975441814253,0.02060986853655708,-0.0007176308665191378,-0.027297387285397115,0.014392457659054893,-0.003943675549001793,0.007142747744509213,-0.03850331396664621,-0.01405957062109881,-0.02548230499448613,0.013463129070151368,-0.033797368602354196,-0.011822097689478768,0.0055757529898942705,0.02532736783446852,0.00222963137738402,0.03242555854252204,0.029391319444542926,-0.010802567735695223,-0.0008053118653336875,-0.007997990945035616,0.033690812233719454,0.07976152468694761,0.02678858211493249,0.022356826416905208,-0.015694678836969997,-0.01899388140216692,-0.06449926541432431,0.02811269017001984,-0.032628284344460516,0.0892132452055211,-0.004470923756229597,-0.00047052563126318735,-0.008496942253229021,-0.01049179771303245,0.01636841364629943,-0.02441782384876155,-0.028727635766272717,0.02330152053807649,-0.04669941897164214,0.05970392658250245,0.05396097311078625,0.018676198040206014,0.03618366891067924,-0.018113401758736408,0.047718191467781675,-0.0637652745222453,0.06982788092422013,0.008279209905320252,0.13155429307685507,-0.04998171257225138,0.19548674372253497,0.04153789132290738,-0.19447182964119392,-0.10105407704748015,-0.1335890458637853,-0.02150114724390843,0.046354575608857786,0.05092045587840062,0.0781383266304006,-0.039128400390763735,-0.03843015598916525,0.11683544397922845,-0.08506628328833303,-0.09789524319512125,-0.0029462178357864913,0.04530824799305507,0.09236571303403267,-0.15335109122516474,-0.14874303737287237,-0.09792722241930532,-0.06433795125968853,-0.11471356438885325,0.17782217145855053,-0.03326696514537297,0.008104535875119266,-0.08386754494376075,sport
23,-0.29075190969071074,-0.036848774376033525,0.22946365584218567,-0.08187607331321756,0.24657581997779632,0.10682312878230425,-0.14281979983623994,-0.07032475837897668,0.31197121901340275,0.072394432858326,0.052769612287987266,0.016304732193498466,-0.031023360579426826,-0.0328305772282332,-0.004257170172427747,-0.0008873917716642533,0.07837894865995745,-0.0035234440469329685,-0.07850143806776708,-0.01637184670913934,0.021010531963510222,-0.03280801841615366,0.01589695733221234,-0.02195361474358126,0.003582172787566508,0.014251594492507557,0.0007327738031295677,0.008703232635103676,-0.0198871350177601,-0.025505525696284746,-0.034929005787379494,0.005983837620691405,-0.014587771773426536,0.007077227905092999,-0.00291235605724805,0.0010959507438739456,0.02792568782935686,-0.05070728752257859,-0.021679340056197306,-0.056729931473673396,0.021062264397334274,0.014957068229385891,-0.020878682594501735,0.01810759735810871,-0.06641658257576219,-0.030449583292456617,0.025965248407764055,0.016949761739854616,-0.01957353902292388,0.08974160219121581,0.15976766071426068,-0.01774549534407844,-0.12409853795787085,0.14168672062535187,-0.026919299621890623,-0.020646685476192785,-0.03876140987545245,-0.020974867052180067,-0.023964427246747844,-0.00018620893023997543,-0.0650612156871712,-0.023597366817058846,-0.05671424446410595,0.007603893526401997,-0.07073660400485139,-0.0007621066181358465,0.10198629882343249,0.033165734287273534,-0.055465934098510916,0.026836843806730126,-0.03225406670911016,-0.05391410479953512,0.022518915725234206,0.07244973366910104,0.08845873222811407,-0.049988770859741315,0.027216385619980705,-0.04497026233938834,-0.05667614609506493,0.07626726344031932,-0.00010022748518295145,-0.07041996747333867,0.12173695170097068,0.08256282184972628,-0.015112329668407436,0.030270087064330816,-0.03025323720804055,-0.004887363938338972,0.04069201322878669,0.05064810797070367,-0.06236329938937449,0.04824042373635768,-0.022643238250906646,-0.08558523069867675,0.041170120630609784,0.014283759305736776,-0.02302549796541122,-0.022057665656059877,0.034891527287610226,-0.09301220579569924,0.058364750521881247,0.10848120235869188,-0.06184363161341355,-0.00886489050575252,0.03064354873288273,-0.00032313859079238094,-0.007633822846673591,-0.041314732309878775,0.05952494805897448,-0.03246902398523492,0.029216312160691846,-0.07947814895720412,0.005105596942922868,-0.0769570014222359,0.08928135229255423,0.0662265358557482,0.017467978213338703,-0.03973819535368179,0.06916485959462378,0.032972847219801704,-0.008818072444381786,0.04632617136773184,-0.0036961627223654017,-0.03002451842499442,0.03419892191687839,0.0511331819504204,0.00684129028813592,0.062398340155192716,0.04936477318835953,-0.008401094742674347,-0.007350311647922689,-0.12801425496978178,0.028444893546752566,0.07284601210164704,-0.18014758015849802,0.058402556870738226,-0.014311159650561952,0.01395992517257246,0.01641937069999742,0.0818389931228554,0.028429128672870358,-0.04924155378688266,0.02357835077431674,0.14417920604768764,sport
24,-0.2494303792503444,-0.0199640957398854,0.18988958674603734,-0.11911034330462773,0.33175119357287713,0.1322766947171654,-0.07429848804941384,0.009043621493983767,-0.4421737177579637,-0.16530873009472555,-0.010897823692451855,0.00650025560712364,0.024698545161602907,-0.10724367781071012,-0.13961635762308772,0.016605993804300594,0.08232139306101871,-0.050499273523101566,-0.12025938709541112,-0.06688520605455107,-0.032459194030430474,-0.022348871157249487,0.03030610616684236,-0.06628193866951346,0.013225017317729787,0.08777435995061908,-0.06572224666207742,-0.030335471418713778,-0.07052562257368315,0.010964895147194289,-0.034191578769416656,0.0368387619405002,0.010720578270996452,0.02848798042622795,-0.006586008258185482,-0.00014779352909981532,0.08095043185817165,-0.046564647032321146,0.026022411596551956,0.017856701848358116,-0.004833529763375059,-0.09812834034472186,-0.02042465517845478,-0.025410863520546334,-0.12284990789327145,-0.006710975151093712,-0.02170746612584817,-0.06536871617217575,0.01122110214264719,0.07953495286366823,-0.025687529165234247,-0.11040668192162016,0.005601256507556401,-0.06595606436855325,-0.04334444223775083,-0.041699690051448725,0.012958500439791232,-0.1255206936409357,0.03844457438696817,-0.010127661938616184,1.4719873503180257e-05,0.1431676615435601,-0.021290956613817236,-0.010317265910023037,-0.026767266782727884,-0.0002718226255125683,-0.01221482087285477,-0.08779949108903838,0.035730878451939244,-0.05246641887962201,-0.014534053421987388,0.04609110920700565,0.03049394346040202,0.060154784088017346,0.0006228118072552472,-0.05168632540604359,-0.040576335810319004,-0.06411759876364562,-0.009233914113566178,0.008446977209238463,-0.009856584199281928,-0.09406504256596128,-0.03515689928079549,0.032001571560021314,-0.050724332580756586,-0.05943799144836049,-0.011345958516075023,0.011607940542837888,-0.0474155609584571,-0.032233224659091855,-0.02854674949311287,0.009591389163924213,0.009045557299988898,-0.03719780014061693,-0.04658242026179844,0.014174604050852115,-0.00677458843228008,-0.02271742756442,0.011017410440651975,-0.049740102153960956,0.015518758720248348,0.005845249001584206,-0.057981905954997894,-0.02467047478921854,-0.06819041851461265,-0.02117992598080608,0.008338568057435899,0.01815337740501743,-0.013250548106803997,0.016695534925402173,-0.005138898798668311,0.04142296833575276,0.007907644853598149,0.029550472077356553,0.0007123401651037228,-0.006379999265791141,0.014778024371698777,0.01439671628593645,0.00025733350403007153,0.02575361287551638,-0.0042563713487782815,0.026440592499260687,0.011186747934634603,0.0006617839465002998,0.009571146108524182,-0.03165907786995162,0.018308880524218515,-0.02192957599608918,0.028098072952789755,0.0019677153093180877,0.003506835713611588,0.024960695035913538,0.004007705011830475,-0.01442820255404162,-0.016173783526455262,-0.03730933225976179,0.037109241535535374,-0.038838717678959016,0.03449984430410748,0.00630320834690981,-0.013497717079960631,0.028317158332543908,-0.03939304617288445,-0.014720294611443118,sport
25,-0.06939008373198728,-0.012568601368490355,-0.02366438786278285,0.020930978049392406,-0.03357167982807519,0.05184901419278281,0.021899648368759128,0.018302973317310855,-0.038627775692895466,-0.015106754021254297,-0.024587287650424425,0.005865487102935144,0.0006821997198433421,0.04715439796925483,0.08706118601204113,0.010385360755262594,-0.01052317598953789,0.026930411780015557,0.005255592475906934,0.01678852428891674,-0.007770743705280251,0.023952691621831224,-0.022778903805397197,0.020737597644415327,0.0006464523989836869,-0.002064754024191456,0.005673580380748037,0.028498839448237938,0.04073606284457843,-0.026167790542811757,0.023006715895676398,-0.04193265356583028,0.008843755660146795,0.02827480304500797,-0.0012346594960349975,0.017185184570757968,-0.07192146436803594,0.052090309908768354,-0.005917446421429774,-0.010419410742307792,-0.10211915658978005,-0.06226239856067812,0.14291675641862736,0.05346415732973419,0.0886912674200516,-0.09242121793438371,-0.06838890550294859,0.005350301458383878,0.16068480237377153,-0.007622415701657431,-0.125097191864704,-0.08504021886261433,0.28489984186772144,0.03936067190464351,-0.2674625350177005,0.014087296227639635,0.027304818931036867,-0.17541354534605938,0.062269300520585706,0.466889295111347,-0.1266039013498324,-0.1835310023379007,-0.1505100073686657,0.042903742186796115,-0.11343617909779367,-0.18629293120499943,0.09705117062544899,0.05493031510501255,-0.10753824303727749,0.015451493464401313,0.045335469670867413,-0.08438977189703024,0.05389591608472918,-0.21330627185088857,-0.2032377255535228,0.01622784251474107,0.15249704676942277,-0.13467148288057226,0.11773358082479583,0.1027903201413261,0.0943450548436016,-0.11511779218168064,0.028546278135488996,-0.02952064289257911,0.038630428458105735,0.03203435336851084,0.0616977408524724,0.10921158621025112,-0.03148127897363317,0.05700840335894849,-0.10210300532869071,-0.07913574683188862,0.0025504318508583796,-0.11881864692886698,0.04860722594994961,0.04320966723460278,-0.01590553896332622,-0.0006717841080542632,0.043380495880713146,-0.06483421264698096,0.006743333788415402,-0.04083902206407713,-0.047201016591291556,0.015987425757777455,0.04333752492017967,-0.03879738181023274,-0.032565324151021126,0.04077232851091055,-0.018707156065999958,-0.04884809894743253,0.022636776834369876,0.027288437795040674,-0.01777232085076893,0.0034547311461384654,-0.03472577975450519,0.03916334168686094,0.013049134054766372,-0.016429401662690274,0.0537665380386122,0.008198342440452418,-0.024396791703012784,0.02952938759870996,-0.030915251239691532,-0.01310319212252754,-0.018672328566409404,-0.006197254454250867,0.023176873571775374,0.024029821707445827,-0.008964887458438568,-0.022834386716014586,-0.00840856234768728,-0.011612926670555121,0.021238786423004523,-0.021240243843256203,0.022368738545746843,-0.011806819742359012,0.016657692919824222,0.011480018001747756,-0.009558492017981098,0.004607627199891568,-0.014584926330778493,0.005942359766222617,0.016756831387658648,0.022464178480798375,sport
26,-0.28771626865845157,-0.021000641318410392,0.21536067102121115,-0.21051206731908384,-0.32591481049735554,-0.27663112890483804,-0.011376902977923653,-0.05025285127504201,0.059927193398852684,-0.008150161357786843,0.015167752919248816,-0.013228012825902274,0.05108452684435517,-0.0765801223080072,-0.109192636595193,0.015226636488516933,0.07055889185622286,-0.030882953489460144,-0.026787616544861507,-0.018304529724805525,-0.044662455745507715,0.03583106779881138,-0.014040952810533941,-0.1173480492081189,0.026953472337335464,-0.021680044708183764,0.018409896765625017,-0.02808596732873119,-0.03728996530126832,-0.08395544897298217,-0.008265203922207944,0.06778712325526143,0.013034729421298515,0.017024177794690797,-0.05200373012059486,0.013126854581902776,0.07598137182931552,-0.08786360805636671,-0.06149113011978438,-0.025794481946754346,-0.008836427372751804,0.08595746751315117,-0.11613965367858006,-0.05496153473451049,-0.0067568097320165514,0.06103593472515243,0.015178381747249762,-0.0445603872507949,-0.0340175535935763,-0.018768847437955163,-0.0838515705670652,-0.05497611101969919,0.040298702310588096,-0.11778639004086325,0.047085205179288575,-0.0041668327928788135,0.0002567814125705325,-0.015776841409181334,-0.0346441037233692,0.017371710942519995,-0.07926379774665318,-0.050693020273729114,-0.04715982544772786,0.03495571147609681,0.010725700888186003,0.02976228178090838,-0.03503537081150115,0.031118321775709466,-0.015012794796020478,-0.07698747120043703,0.010918949843261779,-0.04374798817593178,0.01687509785812422,-0.04142144309620636,-0.014042410888269737,0.047727859255866256,0.0004802346730389332,-0.029444369640750125,0.04095970080728213,0.08318452554752888,-0.010461258332472927,0.052343885818003526,0.039184036327067504,-0.010096874475735644,-0.03470874773179329,0.043325421280093895,-0.049297346586717146,0.0026385379686803254,0.009029393089783764,0.014714819717723468,-0.009086206942548908,0.0042471117660108386,-0.033845076384797446,0.007269387729872591,-0.025049196668228267,0.0008133829368503987,-0.021592712825740074,0.02930302218670879,-0.03137215357671588,0.05322013193574949,0.04862476081540762,0.04812978026198836,-0.014773460555089688,-0.01280517215255833,0.0018740071350640665,0.0170209021311178,0.045642355886719686,-0.047988616971019186,0.0915131059402043,-0.0016822552070121497,0.01834772413428073,-0.036893427017526216,-0.08026158790624247,-0.07109535794144052,0.10955062009798314,0.04195140251497244,-0.005287931566051007,0.04547884478649338,0.008246555411197627,-0.00483674597306779,0.019125679443109587,0.0991325038663577,-0.017171045205683598,0.07107697715789492,-0.06425624756525555,0.0654664530031931,-0.055736260598410775,0.12269492047603289,-0.0911151645731354,0.1031611550339199,-0.00031103165890716215,-0.10675188202965429,-0.06991767580176712,-0.05984343339579717,0.14780320749002138,0.012150426899092855,0.02946002433472016,0.08533161872872962,0.05599576085925908,0.08020076991830861,0.08915102114956039,-0.0247764790620481,-0.14511486079604266,0.014223326844320969,sport
27,-0.01680301544098299,0.0050910853010868425,-0.0752274678755055,0.00561167303679317,-0.017019035846720817,0.0629691088250663,0.043935747679984746,-0.06696686372295875,-0.03680028988124299,0.08667256996684417,0.01647871191018583,0.016304309778603022,-0.024058344303731882,-0.028792291474949633,0.0279277271781086,-0.10868963417093971,-0.0002830543768079841,0.015977029356323804,-0.023486295404688218,0.02712732848841749,0.03367664334454843,0.0511505809718704,-0.08346573485112334,0.0008452639743213292,0.04268832089249662,0.034285540478632894,-0.012241811488575324,0.0936981633906202,7.195283409640514e-05,-0.08504583846971354,0.02780995921033677,-0.05327783705483618,-0.026464207343572948,0.10538261301702578,0.06871683898204456,0.07887352542935806,-0.04580806687864644,0.07460261282191363,0.016174276116471046,-0.17537223712288635,0.045591239152981015,-0.014159944985576652,0.03374948965545365,0.017374472584080463,0.09209920877868463,-0.11968180186281693,-0.03919142926930303,-0.24278424688558267,0.11335231716477409,0.32821981035684633,0.014211643149991064,-0.06068662639872914,-0.040456312791129656,-0.08083570849209538,0.17476232916618575,0.21654416391750736,-0.18209332075119736,0.07329577104057843,-0.030534751878598342,-0.022023431193817482,-0.21243401506956783,0.05683152100513383,0.1664130195622428,0.1759831443215412,0.20532441411147243,0.002771354906276687,-0.011458471429691601,-0.07947665378146127,0.17702907731954784,0.14879516622492422,-0.06336708071161914,-0.15110636678943531,-0.06945066445250851,-0.05528218799449643,-0.03724072821061494,-0.06507913524450336,-0.0035434021687852763,-0.06241232005919361,0.01773028720000483,-0.0478390643565318,0.02154312570613009,-0.04840545240703722,0.13872670366275042,0.019798158021521114,0.04499610035332832,0.021364934915144573,0.060982388079174873,-0.10070068053850291,-0.07546057618003747,0.0027209842239732315,-0.0827567044343843,-0.17211302390466288,-0.05432656515946431,0.03017686005266491,-0.15491754806636837,-0.039238125579640314,-0.11708938199326838,0.043371007941404055,0.08551254506264629,-0.0781812553908715,-0.08620248945724347,-0.12123475036989345,0.15641748315943257,-0.036585020212811695,0.048839467667412685,-0.18679311157737705,0.05878813768502107,-0.010372824937638905,0.01226281203818031,0.005081434592978905,0.012326212744517203,-0.05042041505400663,-0.007803812319939513,0.001498727685924038,0.04250752272060994,0.04080296513991263,0.030703096147569647,0.008835827823342093,-0.006917131005753615,-0.015751118541175863,-0.006730007241198006,0.025535335186314165,-0.055721319249016216,0.008985381990641738,-0.057901445338838335,-0.013664796152361698,0.001961074518795908,0.013632173290218293,0.014687259525446021,0.009465108172306924,-0.04117938685197884,0.04280325915571148,-0.008386972052423662,-0.009061641256297475,0.007114363852557751,0.006661026960723928,-0.0445358733985802,0.0014729546773854583,-0.012840307078312326,0.013077913296851054,-0.009017762344640063,0.015592214185714619,0.006959982590364961,0.015511167867714224,sport
28,-0.11906989711859918,-0.019356448370082924,0.03096780018661148,-0.05199213885935233,-0.042868011747730576,-0.010552935198902307,-0.011079646204443384,0.014933711480563801,-0.013094172594216942,0.008281120257846586,-0.03557046806573986,-0.020036985121986484,-0.03310906609853104,0.04436254892950204,0.03198590283063369,-0.007852732874946639,-0.08234211460556741,0.014503449022125643,0.060099518620963785,-0.004859496896127296,0.0030486696997544336,0.04988461964293942,-0.046892486950002796,0.10181424991896897,-0.006450543698302665,-0.02394608500922751,0.0376862272234822,0.03325820870001752,0.020393544091672315,0.033791658236981714,-0.07535479190406737,-0.006275483651151114,0.0356175338750711,-0.006021128567726217,0.032155782927307086,0.017333912594268714,-0.06038722224819503,0.09669776123660179,0.030333252879778998,0.0667430934130053,-0.10322313574408408,0.14691000189399042,0.036022529704908636,0.08648527199423349,-0.049579024392298644,-0.10912740502048951,-0.09077058094330999,0.0879629405214799,0.005274593997682596,-0.09091125165276565,0.19249525565579806,-0.037642128232245296,0.18536557953162988,0.07275212968405005,0.056288037150259235,-0.15440438284025462,-0.11006818458724349,-0.25261210188287836,0.03650431965320789,0.021531810941825175,-0.01087067599686643,0.2984613685481192,-0.18799145796942232,0.06624789020248731,0.0674937232758167,0.008695567951419356,-0.14901869401750173,-0.09043646201481381,0.09599794166923467,-0.18055940972794426,-0.27881905669270385,-0.20184275044204794,-0.22015829267434914,0.01578221938036738,-0.09508550405821324,-0.07631159149676191,0.09263163053445991,0.11556881201056454,-0.08615130570041818,-0.031925293655647086,0.008748954896668232,-0.027437063369266875,0.07880990771255263,0.0720525737533494,0.10244783723631763,0.051041366946999824,-0.09673107687166027,-0.11148240415043831,0.05615360939154738,0.09473621870856892,0.01910926028049286,0.06273998444388333,0.08607741884157816,0.09563536537694967,0.009713644844191106,-0.07789751155065519,0.08051119699353233,-0.022217009832958084,0.0038107642870899142,0.020115691224982992,0.05604694370713189,0.04331312265630451,0.06810977620829198,0.07769780180127292,0.09856830516962711,0.07750366893340936,-0.010718876644920192,-0.018523506877291446,-0.004365924833152792,-0.0173559947218702,-0.03149271558479103,-0.09623642092178296,0.042356918671734835,-0.04926298158559155,-0.048875845722535435,0.002121948022940412,-0.025279326608502132,0.05107811353041624,0.014129587236607557,-0.006002380530489774,-0.025883027551595664,-0.07963119214405984,-0.041276288189330504,-0.012547851622104512,-0.07327014511287575,0.008262847148835734,-0.06889930114210781,-0.004633239832152103,-0.0204491980235583,-0.040421407634508404,-0.00558178007320405,-0.005828544306854214,-0.030465862986218773,-0.08110997094056677,0.0005190645605028807,-0.05523895917604188,0.06095846214384731,0.03099735866765849,0.03035057049669845,-0.0032357135371079673,0.0008301626877730676,0.010388920893963087,-0.008599958379692612,-0.013749083529871026,sport
29,-0.15650990074793497,-0.004393920010400579,0.07919096205620386,0.020057651020964993,0.10548990649966207,-0.0002490906371499206,-0.03276130222004705,-0.024967892374338725,-0.036310338411809355,-0.01522400465828306,-0.01274449044771339,-0.0166294994618631,-0.012372292398015254,-0.022653989183045817,-0.022549199202203066,-0.011999050443895277,-0.06212864542707621,-0.00916100252671085,0.022486759721648573,-0.023361872267219922,-0.004964819618401111,0.039812926786783526,-0.005645568429253721,0.01914096225004379,-0.01584704597064663,-0.11402728956525988,0.02183629993589376,-0.06765434944723941,0.006525393662840389,-0.06064063823012043,0.06766500177749975,0.010468241485310975,-0.044271465725908433,0.008858691055035913,0.05811111622256304,-0.07471724610759381,-0.21600563132229306,0.13001454837364673,0.08829814725005905,0.07586355559126325,-0.05835788435014748,0.12245332876365521,0.04743874419843263,-0.020077785335874995,0.05204759685180834,-0.1282693992485855,-0.1432431118044358,-0.03659352985516227,0.030657563028667355,-0.009384048487836515,-0.31185934677884786,0.07141396161926962,-0.16550197465530708,0.12860508892890904,-0.09015482017154101,0.07084581604795397,-0.10115873029181315,-0.07198429666881104,0.043209057816811426,-0.1781996300993149,0.12913939376213854,0.08031004862691682,0.08858365393688467,-0.15808418297261717,0.0012451306207889958,0.024208919679910342,-0.06935242413362296,-0.21565609546466508,-0.008206861185597165,-0.015742643678436457,0.11218787169563772,0.06378170943889741,0.09793762796247452,-0.06916482666581754,-0.04045890217164317,-0.02221310163181823,0.016409565560639605,-0.04078759473553519,0.03541972111616273,0.2927166919623418,-0.06772722713092408,-0.061552112631657364,-0.058682433380433545,0.2387382690944405,0.03032529988776165,0.06743657961432385,-0.12174388353807843,0.10034526726143413,0.1795311848856945,0.11792271450535835,-0.009181803452804678,-0.09079073210432813,-0.0762865646707297,0.01809415515795723,0.031538201539528736,-0.0041852205662943915,0.020938683134411575,-0.010135045730509936,-0.06761660962088592,0.06511489429278317,-0.00782333367977674,0.023245488386418347,0.11333131440599724,0.003624363779148107,0.07484017295440515,-0.0602202355444314,0.043836511387875365,-0.07401860871531182,0.02985637818987047,-0.06568221692396942,-0.09772743968412091,0.04893354657792934,-0.04290015511596227,0.03610396273965292,0.11089188745207879,-0.03142841132223949,0.02173135923194096,-0.038201530493215376,0.11209374357951028,0.008068322770809185,0.008923816625782436,-0.011778786492999299,-0.021724404414265437,0.04626219419776752,0.021864424338345085,-0.0693390688084817,0.0469881278153291,0.021940177232869344,-0.03079389362713498,0.059208193067873456,-0.024518566970309755,0.03757989951382267,-0.003444703814992081,0.007617972378299489,-0.039727742153475146,-0.09866005402181471,0.04185135286975211,-0.03524020042817551,0.007169929609194984,-0.005543339666267254,-0.05791233784498547,0.012559532028166481,0.006908658465459315,0.043964898205674785,sport
30,-0.05094994377367558,-0.01418881080956633,-0.12375549456176466,0.05053264548971923,-0.11994205100339443,0.2507544004103754,0.01910496149886542,-0.101043637852225,-0.05070245941093872,0.16404769901233318,0.305749778769968,0.07711093360119861,0.2030539352605116,0.17842339952928402,-0.1184584996712891,0.32387584210243603,-0.06667588225664267,-0.06263636913366553,-0.03888664082578419,0.01987002882536337,-0.07393414069995526,0.061608974739467005,0.1312856739638323,0.07927162227438007,-0.08094747832242169,-0.03917365013732493,-0.02953103956913688,-0.10127430654761424,0.019260169187288192,-0.0074882656047078975,-0.024475389716056995,-0.05889385814721678,0.054590148673284045,-0.14299038814733162,-0.017734414456103048,-0.09526869328408662,0.14370976004387595,0.10294061635806487,0.13735086016741965,-0.005857610471328215,0.09646253720998123,-0.02036034462027758,-0.12772611685149018,-0.035092347545546854,0.10421800067784977,-0.023059162466125473,-0.03293046117694879,-0.06837230585556095,0.016062761410290692,0.01073350624995222,-0.037604348601856755,-0.007404839525199827,0.032218944452228004,0.014608403447543206,0.009340407354232982,-0.00971702486489025,-0.012140115147149261,-0.009112151198489203,-0.0024438581867588663,-0.026933058041931423,-0.031234376625383607,0.0009317208330579911,0.037185772153815036,-0.002075814452157615,0.01332806816244086,-0.001840424566372456,-0.006903249015103835,-0.024147623156240115,-0.005472236816764999,-0.01995854508809565,-0.005710174439572139,0.004798396762883956,-0.011778575327947948,-0.035310329129394025,0.0050228044563472435,0.022543534895979947,0.03073923281042175,0.024581102218354044,0.03737757767496291,-0.025258350900384186,-0.005881095065849225,0.010837410676210678,0.007030850437064216,-0.014110278921246711,0.05103915698169828,0.0010495995116688536,-0.003903300057021263,-0.028175544107229642,0.023388874873362206,-0.06594278728776534,-0.021814285294372276,-0.04696730914303348,-0.02092168765553199,0.012885202304454894,0.008174490561756639,0.012469790851922112,0.04723287464502412,-0.06527288299237968,0.0017463713867511732,-9.853410536789387e-05,0.015506346868123532,0.003208421252074533,0.003970001581389271,0.021768898015935005,0.0025734885223539033,-0.01250791057353379,0.02229122698491737,-0.03127683434936101,0.043343602423275555,0.04981107286379147,-0.04763900314609968,-0.012828417844212852,0.013578491821302116,0.013760857796216804,-0.045943120767575014,-0.03009992874381824,-0.03123293429008564,0.04686235444603227,-0.08630157880381946,0.012319951431559213,0.06187074798733306,0.06294808457450905,0.030986440112203268,0.007949432870179178,0.004634186769688958,-0.034877373804789995,0.02557580941478567,-0.008852886253645302,0.0521136373642396,-0.11719223475057856,0.004227798369985725,0.03133822922986711,0.017126302481514904,0.057191721797152074,-0.0054163711639677765,0.04368449731175953,0.06714279792914399,0.11049899390981545,-0.026742209642536503,0.13345771137527757,-0.0915972709585802,0.008239414391326035,-0.07693293861519314,-0.013287709460589305,sport
31,-0.13645137032791363,-0.013831906052079262,-0.0894692013483724,0.1753279433763798,-0.3091970854727945,0.36916347827200524,-0.18129312828146527,0.3764921807421315,0.057842142295415386,0.006843898490932115,-0.17083956976025194,0.030120708863752826,0.024709022399816705,-0.147015478046223,-0.06510851935938711,-0.06624795236615877,0.09136381168645652,0.06011746998047692,0.002146468602742721,0.07890871847761026,0.041080673601261206,-0.06079720218334925,0.01928373787829482,-0.22002404761809677,0.025480565406423974,0.040842559000528245,0.07639651359269527,0.06064664663848029,-0.005586260184990286,0.04950903313195062,-0.03711592717680157,-0.022359785955691085,0.029637602979651546,-0.027984390388983513,-0.008228407642837544,-0.017681588601309358,-0.025781385346531724,0.060748059492391225,0.05002744750170867,-0.008835038267507152,0.005204616761319344,0.08148445505166747,-0.045935060815327916,0.037750911598342,0.006130762859706316,-0.0026767533337675466,0.04374797020639009,-0.03443607559282457,-0.00046379405214471797,-0.010861944167496878,-8.624391952095236e-05,-0.009049317253854904,-0.04381917773997013,0.0782340018302717,-0.010513155678776287,-0.028332355782906275,0.003978035664019709,0.025172071644853786,0.027942155100691174,-0.055751588346141495,0.001672727865783878,0.0022012744559492727,-0.011518573535039357,-0.009017861856381435,-0.0032261984191276787,0.026094898674871088,0.020157197772630385,-0.010623977759974312,0.016407205613249515,-0.010738771914608015,0.035325389737353885,0.04132976580135721,0.009012966414395878,-0.021688807693651013,0.03197223471229768,-0.02274810145076936,0.06786510352410612,-0.005570001891613565,0.01684707123409689,-0.04052425712114577,0.034060703981804996,-0.017342272294936945,0.02622772978759491,-0.03272413181444987,-0.034095391857932936,0.048974488809338274,0.026672686013667176,0.008578579272329294,-0.03319749582451684,0.004177643174529346,0.007496607295790729,0.030394476713903138,0.020246228008937894,0.000396428755115712,0.07257114786273952,-0.005199327890115512,0.019213442060373946,-0.004702985577056963,0.029467802126974738,-0.013375860471218233,-0.0011172964757278114,-0.013458027934280633,-0.009792404099767022,-0.01139037204423505,0.02319391296196916,-0.011814025653215496,-0.008670829836914792,0.018317489595584154,-0.04222567284165074,-0.061568460115843535,-0.06375262068532907,0.05051093562176371,-0.04536378366850764,0.04332043182735633,-0.05156853302632313,0.022664705875921804,-0.026252205737568833,0.03210507104856656,-0.007398169216397613,-0.08159243258376038,-0.023578898653829183,-0.014241300630423948,-0.05901487511606511,0.024830899897129017,-0.03416947086342976,-0.002137208730797251,0.03899825757752578,0.07059491098511889,-0.04762924767511301,-0.04338074397730063,-0.03148928006550681,0.05301462281545214,-0.05033921178788224,-0.07841594937411706,0.03956063377423335,-0.07279159913639888,-0.0057651297091747605,-0.0035436793317108056,-0.06350259445371399,0.05331603382297401,0.07238183939329527,0.03215531085847506,0.012164837292749087,-0.003070087792617371,sport
32,-0.16001067668637792,-0.03507318719365711,0.0686531763930413,-0.18805249539113902,-0.285835596115952,-0.20526410970804462,-0.05402943446202686,0.011594939984721766,0.042050178796135394,-0.06856073476165538,-0.003260756882342988,-0.009515974583116626,0.023328874924635243,-0.08873968192669217,-0.09113415158649663,-0.046512494725199166,-0.0850475632597781,-0.06920872349096785,-0.09321986512046473,-0.0444127863954815,-0.1455085808661426,0.12848201764736678,0.0385615514706644,0.044891836982219005,-0.026509855892551722,-0.01147615625188485,0.014038043289415063,-0.012890368146749435,-0.026119037812292755,-0.06653733876416713,-0.10573837177000783,-0.023926636184347302,0.08086533442825694,0.03440832751780989,0.09660901635548459,-0.19480498918842823,-0.22341446855731753,0.10514720641528706,0.13681039032727146,0.22247048919438406,-0.020683297973642305,-0.14253620158674152,0.14588404080314574,0.08626070019597024,-0.17627803346382695,0.021248717532623706,-0.04939737720514265,-0.00277852454503185,-0.04117335431862887,0.06389569955705873,0.10491836417398598,0.05436284713245265,-0.004754093773758698,-0.013414973853845508,-0.02416937200487709,0.05888377263729844,0.05213955833192626,0.00538478279058834,-0.01117101721123762,0.001691338007305289,-0.018921540845828814,0.007416931588767301,0.06815344160114199,-0.007208483228898172,-0.0378568492394787,0.02099040127686587,0.0005071437662476651,0.039396917406454894,-0.06136912202345905,0.06540519084957186,-0.02578715628421589,-0.04393713101005282,-0.013109400134035038,0.013099822346831895,0.0886637317598733,-0.0017432936197178226,-0.039022771433668065,0.02301363432174885,-0.07223423466820979,-0.027931208541461104,-0.004993269519549605,-0.03031381960400134,-0.01057610960482705,-0.08449238125040212,-0.011655106568502348,-0.051117009592348266,0.0687091446851808,0.08163421939933777,-0.0007895444158107633,-0.05788046676322503,0.020625954536952106,-0.07364978501891371,-0.09673538443452764,0.0372695147550356,-0.025180211892910045,-0.028977059149316406,0.036447908574930396,0.004915919824476001,-0.11416860992497539,0.06858729185842802,-0.05791957218868588,-0.0011156333541824492,0.01908215209929423,-0.0645404418351686,0.0433788707033926,-0.03397591379885572,-0.012846470510222228,0.04659551539482025,-0.048595383627468174,-0.006941946274202108,-0.01531380030621529,0.0004409611929185715,0.007044977453403295,0.0017865343671737226,-0.015827468195557484,-0.048712359037525306,-0.07658746060661542,0.0010633805482194527,-0.0420461757174447,-0.036056257571983164,0.017445027418100677,0.10863591444302845,-0.006865166414654311,-0.005662761492836976,-0.04480325071801244,-0.025281537168718293,0.015730092765124347,-0.0038382442804965563,-0.0678688418170426,0.008385793987958867,-0.012434816532290992,0.0691358905483299,-0.002366262034243578,-0.038319733602357436,-0.08970913697056018,0.044308790217947355,-0.007692109179592167,-0.026384439724889637,0.014789835962731025,0.015028238280946574,0.06398654123025485,-0.05627685966781179,0.08841718292576618,0.0635441613990112,sport
33,-0.04260970087503979,-0.022898545169037488,-0.053624853036086814,-0.008510042562702253,-0.061236457808150985,0.09007171684500147,0.01662506849235082,-0.080472288801754,-0.04455489484564668,0.03463117426625081,0.14530490777788613,0.06914779003136538,-0.01027513235989373,0.06769220422108886,0.0151317709657269,0.0729012827692341,-0.08193237937444309,-0.04712994357298377,-0.03755074171899387,0.027128169911800306,-0.004924618772157527,0.00391687325266713,0.06941219775735666,0.1206800472646799,-0.08455018703522887,0.022617012310629035,-0.04278931992249841,-0.02044658782932122,0.04678165505534327,-0.035029354655564074,-0.09265708267330211,-0.1328566591195955,0.016970414902636278,-0.1471194786513944,-0.0402803911656534,-0.22178266042597033,0.18545501056518163,0.23403516869963276,0.1669496907242528,-0.010349727559642271,0.1412349308318749,-0.04391948765125422,-0.08743316506196941,-0.08238071583758687,0.12607087690606486,-0.038948443732031574,-0.05777740404663132,-0.08780778690957734,0.07696456027688664,0.0059270236794128515,0.040958164051985047,0.03811909032861129,0.05875718882647122,0.07960812451814005,-0.047242657022372715,-0.03199423655472955,-0.06639665707370014,0.01266466056839584,0.07429689985627691,0.046735295830397115,0.009312346694376333,-0.05544683580974081,0.04949821894715626,-0.028936905570458138,-0.050196185553224394,0.01933078585220356,-0.021253138872220835,-0.057045712316769345,0.07517715188038797,-0.008361094313876936,0.0917301604877982,-0.0740389983376032,0.050098143011728984,0.07654596661924327,-0.02576638613571179,0.06249616918881747,0.006697895338194045,0.07176515907162889,-0.027497941107062374,0.07135627399587006,-0.05732925623520625,0.03489941733589718,-0.11196346676993331,-0.009143129762869252,-0.18482554591427927,-0.07859396742291222,0.047453482322898664,0.04171152120956083,-0.23883303498195244,0.26973578543756765,0.05158678214579687,0.22076533403210477,0.00879377497168062,0.035587778139293626,-0.07862052696881898,-0.2010111351558631,-0.11801079262469158,0.1672860942376978,0.11948412850581536,0.06257844234035578,-0.007538973967369948,0.07794489434188075,0.012798995323614724,0.09122732488399315,-0.17436222075081623,0.013995746202798037,0.011691908731128502,-0.10353588329254089,0.030958407500311275,-0.07344657332440487,0.0764887451147052,-0.05651829878156439,0.031090666050098744,-0.062307632872463964,0.011643753477446962,0.04339784352938736,-0.007988297533101372,0.018182087165100714,0.052581403526097824,0.02084558942144783,-0.028135188215423358,0.01213178977718897,0.008447010985926354,0.010616309515704346,-0.0035840573319405678,-0.07495059314415832,-0.029913209341345642,0.0977971801234314,0.019065391356951115,0.005216909034417579,0.0482305459961407,-0.0007451117082758453,-0.024512606017320172,-0.01639899557639859,-0.006521693289209683,-0.04413525125702411,-0.043338322046911244,-0.05271472380408199,-0.01821291936589478,0.00208447820908501,0.03976670891065205,-0.0069873439815217936,0.024558312146948168,0.010039119409096459,sport
34,-0.22373320762763163,-0.033203519666282315,0.15610361938434586,-0.11159093996163535,0.21904880759790116,0.15547592462303683,-0.1557348989826232,-0.07356909876824859,0.3135977089334928,0.05571998534609404,0.02389328930836178,0.034413769564280196,-0.0635180261624212,0.028337680851116917,0.06029891409743201,-0.008911976674404019,0.048772446046033334,-0.08432551890414385,-0.04215717308668593,-0.021561270152356236,-0.009954938503067215,0.0005658658735937141,-0.003533555229939028,0.025618674981861184,-0.007877094934380584,0.052558478231639554,-0.02928135934123522,0.014219358229688518,0.02022813270400147,0.08915898594481035,-0.009755374116165266,0.006482225713807497,-0.0042814612463971955,0.0047124100386947525,0.022210927752647856,-0.009441194084114491,-0.0024886338610107515,0.0014642799238923309,0.027517957605111373,0.07852135243600473,-0.014343740597992507,-0.0440125562537256,-0.003592858529808712,-0.041202306747187875,-0.009686119514628312,0.09447365177964662,0.017774800389399905,-0.024320482969837496,0.00904767141088528,-0.01809582784213677,-0.09292502779997346,-0.08095513688660355,0.11097752300529186,-0.1628686603299467,0.04195720879643206,-0.04115823585192185,0.052336167900851424,-0.049601686259805856,0.05170056508563907,0.03784725596408028,0.08503485703977684,0.08479908735160163,-0.05824219806077943,0.009748180559604837,0.08317318651602054,-0.013130668082552041,-0.08309333603585461,-0.07321304323482196,0.020672740613616857,-0.04977154802781726,-0.024931577230384947,0.00853988710541746,-0.01779904709564823,-0.08178183415801321,-0.06703962129474789,0.0361041054502748,-0.03517740636078261,-0.009700502655945577,0.030021698657843172,-0.071452038480068,0.02177733575583717,0.030485387878645784,-0.08721346938509068,-0.06021141845714366,0.029912957100396036,-0.006648393451147905,0.026981134554178526,-0.0385754840438259,-0.04476267065005409,-0.0325207706398016,0.0803061150422507,-0.06103889590617194,0.017426592165873486,0.07202396052766703,0.011294555828239693,-0.006468001710869436,-0.04364422890874234,0.08257206659872264,-0.06330504922947237,0.14047355939150538,-0.07930138698492244,-0.13770967307548193,0.06562687285901747,-0.05562528861301164,-0.05023956740337073,0.0143137800006863,0.020093863019408163,-0.02025295066961774,-0.1237653487921344,0.1653612953404326,0.02832763267179877,0.10213591362478253,0.05547874646295666,0.13156719133978445,-0.09660706715263641,0.12979239867350878,0.02044502978288624,-0.08348305032943662,0.04656658337024454,-0.0335655876153703,-0.031217100870518173,-0.0305733261188645,-0.018090273017456415,0.050351013123287464,-0.01063919871010356,-0.0931124580262431,0.009487793704258117,0.25962645203564316,0.024086549154634245,0.20709764788108154,0.027268296329514826,-0.03098515731087937,0.061559048024380544,0.07607744496880427,-0.031549760981497664,0.04446237658731215,0.10302073256849095,-0.05924676068323243,0.04724386983683639,0.0464361683968793,-0.01297097750583489,-0.02388984931604862,-0.0036339908477740802,0.030730777147722498,sport
35,-0.2266802484958166,-0.025101517088660128,0.1646369419281712,-0.1154680332025398,0.2569045515836497,0.12322182924241669,-0.051943524244768315,0.02734748570287545,-0.37362932968157764,-0.10826056338059437,-0.029179998805340255,-0.0032697289235544113,0.030703066790427766,-0.07609969282367067,-0.09435294188582348,0.017344845597345778,0.0044660364695726555,-0.0015765819540360928,-0.021986499924544645,-0.026645841165054036,-0.010738507142039139,0.011359947534936136,0.02221780753780222,-0.038299394028128826,-0.005274121096791756,-0.026771687235906692,-0.01177813820452265,-0.0002526776008332029,-0.003933273632921669,-0.04977958300180309,0.04284102742864985,0.023245588939232297,0.00366896632384842,-0.018106768353939463,-0.06329439346333059,0.007099174189620143,-0.015267014028645293,0.05047387161929968,-0.05320853338255033,0.045189422618707974,-0.015320609677282899,0.0403840127227926,0.006682965610149356,0.020377247670169397,-0.0005937497703621228,-0.060450208111838724,0.011243220364751717,0.04953962231935438,-0.00558612136230611,-0.07423140601001525,-0.03224085955405789,0.10015134322734483,0.06239744004793373,0.006905754775559678,-0.06296977880525595,0.028909373947349916,0.03607678707335273,0.08559705128743192,-0.01863527769752759,-0.054208735522406445,0.005225883608593272,-0.09905069332588007,0.07812211200530608,0.041462239435618525,0.0721511134311156,-0.004294253185494793,-0.008058156395224255,0.09288938866743011,-0.10683994940381286,0.021053061163282174,0.044678570109974225,-0.0907030573686891,-0.06925340357901863,-0.11950621056144194,0.058277117656034924,-0.04527612478252045,0.05067321180483146,0.012645405282994113,0.007759988779680006,-0.12330296404568751,0.0160732769334519,0.06856801210980461,-0.06057450432084967,-0.010667995471671294,0.05331346512864051,0.07684374541439228,-0.011693471045094201,-0.0022890186360497783,-0.024983541788265885,0.014902357037068525,-0.009312510757553561,-0.06968008980600687,0.047080743550781304,0.11620897153804316,-0.040078852917680395,-0.12512906552873715,-0.034567583430637795,0.003974259139893424,-0.05036864284624627,0.07461028608891579,-0.07152379431370783,0.08125231967221011,0.05850217314156958,0.01894114105534563,0.028123344813348026,0.11519807530514277,-0.0016403475301091763,-0.026916634389387118,0.04465334962740183,-0.031986750386664174,-0.0011276802835668155,-0.023724793850807523,-0.0776354540360939,0.023796298200674203,0.07295171887003653,0.07087063927388525,0.05789397029015724,-0.050222368599338325,0.04595577623662614,-0.014887546958583478,-0.0008725221528969665,0.04431643612514046,-0.009240735422597344,-0.07903244784503086,-0.08345981284116695,0.014006651767159897,-0.041802303012293436,-0.005035881804096559,-0.02858712050210197,-0.01191702840711731,-0.13903228546766133,0.10233348933314011,0.02561952263155386,0.029412610653971452,-0.14465773580534427,0.12975665112144305,0.04492127305701434,0.04110418684215814,0.0902586658545335,-0.013843163148586326,0.12060639662844315,-0.02256357779318317,-0.10677885982522048,-0.0831120722494131,sport
36,0.011851246720126688,0.011347291543359731,-0.12451731108307103,0.02233338611567745,-0.01572982916260523,0.021410128989516476,0.020434575442285163,-0.03688007252339325,0.005300923947636248,-0.013578239850897301,-0.0054303875188247315,-0.005308335385663007,-0.07839147311929448,-0.031676652423890325,0.012365188884324831,-0.009645672638575308,-0.008991091519942183,0.03798905534182434,-0.024860686309017187,-0.045180935929847364,0.05041214833593485,-0.006929383958975734,0.027257705750150872,0.01631723185074739,0.07050234175474876,0.04687939362807267,-0.013354250480255072,0.126426889252449,-0.0653725449791908,-0.15197329769456921,0.0052134994696334475,-0.10704476458770687,-0.03958196247491674,0.016979340246622343,0.29668612811387124,-0.006129312639095279,0.06133512440527904,-0.19297415837082835,0.009516393257338551,0.16560666597256601,0.009466750869960166,-0.045322104211812965,-0.14934440744836552,-0.005046656994193561,0.06526619401611305,-0.15417322927319813,0.1497268144367835,-0.045686964158713074,0.01282257984425148,0.025931161753958584,-0.008211534229778402,0.10707761366906687,-0.11066361157512926,-0.01983298933986259,0.002999891683466271,0.07718033707362626,0.14625593042510726,-0.10235940102896217,-0.0233913239922531,0.02790197939501148,0.07645037595869482,0.01458540287606816,0.019292134559321876,0.07580324236663055,0.008956379755063271,-0.15788683641845674,-0.0213264795925775,0.032000997959665475,-0.010480763269056491,-0.06182412194681885,-0.2546749901234182,0.08095534650249057,0.0926375311580406,-0.1732610410288729,0.023014485221162263,0.12474390892301418,0.008356020810645522,-0.21336346005204754,-0.09517261788534645,-0.07000824332100682,0.002571721201209653,0.06501398401356707,-0.044628691513613095,-0.03360579109990087,-0.13318913993382953,0.024777478184094284,-0.015176075537412495,-0.019821670427924223,0.15949698453565375,0.20589760406798385,0.11356284230775322,0.03078596199568899,0.0559921466968511,-0.022101831223109165,-0.0904063060124843,0.053747556242924426,0.23804090444942325,0.059587078582327674,0.12806885198655255,-0.008791810711634774,-0.06316878397627716,0.069674270456414,-0.0023235017144210895,-0.07701372540181531,-0.06014643988547523,-0.002311867385199542,0.1530448191934243,0.015181310135205099,0.14973141576540555,0.05871007733814305,0.0025578276608592657,-0.11569001189756421,-0.1329094694539853,0.09808234476297313,-0.07698866211080045,0.012835554596553143,0.007281339773174965,0.029226395976451946,-0.02155752919122639,-0.08152976337023256,0.030723373193569162,-0.04132391043534939,0.0027305038285119166,-0.0006532525718228685,-0.017504466187159663,-0.050235325500813506,0.0623788493845493,0.014457784265003859,0.014631675411336578,-0.024255293164001292,-0.006995564469145775,0.004987352538382914,-0.00028333796697864954,0.01567325763970331,-0.012941687668360406,0.002962299734867579,-0.028857775867802093,-0.0033250483746119445,0.00019812000329639417,-0.013012313000327557,0.003787690277224697,-0.004187791590098435,0.010511212661105569,0.02753697527499288,sport
37,-0.30311097449712165,-0.04495441454038478,0.2264710943713106,-0.24479790150354344,-0.31125694090930833,-0.30613678158389884,-0.038357936889597245,-0.07556354728080572,0.05874629517179873,-0.004411580369507592,0.03878245818399931,-0.014642506644720242,0.08574070540654288,-0.11020705688711686,-0.13375541952345774,0.022492906621412127,0.15236152704900544,0.03004024445989517,-0.05703164803219577,0.033210611883134046,0.019545773731708523,0.003299460135294821,-0.029518513735399113,-0.09385412444566936,0.041213179774588,-0.02434110779579826,0.010214989743561134,-0.016387175967085117,-0.030915799636643912,-0.051602609660871844,0.03537503689931556,0.036419684910157346,-0.024032455158474787,-0.012906364661013754,-0.04789679804136568,0.039981402575026706,0.10178523268310102,-0.062064943044559305,-0.05578358343642629,-0.06960489848226561,0.03880692176002013,0.1124739612621724,-0.11184970599677599,-0.08300716718916154,0.04827868487738982,0.027036947704696866,0.04774907638843396,-0.03523412886581246,-0.05443552608296448,-0.010862716684100628,-0.05856110978757165,-0.052066003053042646,0.014508430549517535,-0.1445666445728594,0.022365928342954786,-0.026050662118770253,0.011207104303770874,0.005530099975665674,-0.02197570026571269,-0.023918871194787635,-0.06998403254980474,-0.03093148305731539,-0.03773444849108552,0.024444574763146498,0.029641718184200104,0.0356439179747268,-0.01131239978344665,-0.016678753335611134,-0.011236302302955527,-0.03924283590815063,0.007864753165484776,0.015740322154280055,0.028448286436401047,-0.03543910196354451,-0.014779978235081927,0.023385773452443814,0.02717312064487289,0.01851658918871636,0.0444516094453509,0.1090685394790989,-0.02244263938299775,0.008327308159461175,0.00811054762590251,0.045982889740191504,-0.0013075704024068271,0.029867657848366924,-0.03304097699366431,-0.006928295657282849,-0.020344566215699567,0.029241415954998455,-0.015333397994559177,0.025332122328672196,0.022994472870086293,-0.013715048639899068,-0.013349912639169096,-0.03411357233956311,-0.04723919760246104,-0.018283418945305593,0.013135612432241693,-0.0742786911204068,-0.009088515729637023,0.01388613958143131,0.011388415397701742,0.018134837689429195,0.0035975480440401317,0.03959870633472776,0.020753413695677392,-0.041315204823276414,0.01789734976355834,-0.007024796620350297,0.04368980269898638,0.028192006087908988,-0.015586022341845668,-0.0011951256060741824,-0.037390023052536775,0.02073786794615558,-0.006833543981318456,0.003607336368043287,0.05117265212643427,-0.010566445140637735,-0.014971464590274963,0.016619093800351377,0.01001919453819473,-0.00973220317780868,-0.03169595030275206,0.10291853150331504,-0.027411729807362284,-0.010710466735794092,-0.03057763510644489,0.05132122763959721,0.013089645170342681,-0.019698825693075152,0.0635571963661022,0.017969301483113053,0.06940546960369835,0.024562420539409994,0.0453736143128377,0.053216183937380895,0.09583362379021486,-0.02384495400744469,0.036091670210255486,0.04135856657331155,-0.020702888514187324,0.0713308681347033,sport
38,-0.06585225510421365,-0.011925434356571767,-0.05436856301394608,0.00949070493107865,-0.07927536038107033,0.1207570252110654,0.012867540381214843,-0.08019872351759279,-0.05342157980018473,0.07447685277899116,0.17719716390157547,0.07301823299502264,0.06313276563319072,0.12373608372440158,-0.01821816508339469,0.15649418860953593,-0.05017288912682538,-0.05881691843184131,-0.020901958528146105,0.044459277446619636,-0.008653901022898512,0.056119391634360236,0.08445820445740833,0.11119318936720299,-0.06895746963677524,0.02330959974858178,-0.024959838594958293,-0.03147531242807014,0.03375244308310881,-0.021107086521041585,-0.09357528712399292,-0.07249268833226721,0.05538372043408833,-0.20283440739928268,-0.0648109714938124,-0.18960128687278321,0.2665510853643737,0.18814432496602704,0.17956467132269166,-0.08612711647289506,0.18384687699577595,0.0035668618569464354,-0.20435137090089242,-0.10343243660561381,0.21532519422597932,-0.044676501813628554,-0.04088385619343348,-0.11491196431644152,0.02369356170688394,0.013538665309735319,-0.002484516300028843,0.012784635482550029,0.04841458942564878,0.055671993507063935,-0.06675425238927848,-0.019572744165034222,0.04787407787140281,-0.046871169970454866,0.003021434575782658,-0.08166307562661691,-0.04459342926072991,-0.029014820408669637,-0.026247328241004217,0.013648489361414369,0.024634154475510497,-0.02856686341107063,-0.0451834785146124,-0.006531271402005762,-0.10158775601323418,-0.031836492184350834,-0.06029681256193163,-0.010774643276803277,-0.04027758889810147,-0.04521230838672753,0.08954852408084332,-0.025129093549258612,0.03413670017831047,-0.013546072688098957,0.055396334484048126,-0.030548424994769494,0.056862207556393644,-0.038067803823626435,0.08083571439555683,-0.036742868813357386,0.023374904301299848,0.03123788555989801,-0.017545684159638263,-0.009099322895200415,0.16386003608215646,-0.2344487854675375,-0.023541555575234973,-0.10940651668799413,0.024583293247037705,-0.009494330750918083,0.042647870578290954,0.10726300155283418,0.07422184987546256,-0.13670916901172975,-0.1148341330520226,-0.026982974292496367,-0.0013668857391803191,-0.002353963725047351,-0.06987438446880301,-0.08686257163804392,0.11732000420544299,0.031213921433007923,0.05237329830370262,0.01804092259481498,-0.08239965828934348,0.029291964924736503,-0.022194153702457645,-0.017683838899511823,-0.05415457090926782,0.021172542126253083,0.0187807365493044,-0.02793990197568651,-0.01374711502121746,-0.007981901816432792,-0.029853636979295217,-0.03110182344207134,-0.04854031328846989,-0.03955326270115247,-0.05720093789326191,-0.0024738912029572224,-0.008342942974372493,0.07432850055326977,0.03330374069494935,-0.044283434138619876,-0.007696323828879496,0.11857288951420555,-0.07255214286834753,-0.0719296766473184,-0.008940123234230015,-0.012382249073800316,0.0073022680271439796,-0.023151652088736065,-0.033818942571339286,-0.09373523087216676,0.04583103581442861,-0.13904821777864568,0.05988125486952791,-0.0026102210679490164,0.046463784166980604,-0.01855758230107111,sport
39,-0.08383459147643599,-0.0028609998961954385,-0.14604464156507496,0.15146371212106496,-0.18410906878866054,0.2970776561166632,0.0073359814075471905,-0.033379616549898634,-0.02218968971325217,0.17158351582451684,0.21060595698895157,0.055462958690269466,0.2036763688106868,0.13413211405405126,-0.13288562802889814,0.26402647803684876,0.02511566892418658,0.0036755287973901816,-0.01544271043010807,0.017587083845901467,-0.05701937650424888,0.02501608467528619,0.08443280465154844,-0.06155430236158263,0.02637836196772932,-0.03965853574984246,0.0010940902636096882,-0.050220129035454086,-0.045757053677736075,-0.012367019126208438,0.05854155301814741,0.019858080029575734,0.013223362769276693,0.009739523498346605,0.029504694564317428,0.06492527281128248,-0.03477658582524495,-0.16274421470682432,-0.09037590735333409,0.12769315839511924,-0.12659423093928907,0.016893719302643342,0.027083992854089647,0.06066785998084768,-0.043933265511810364,0.01020258976293424,0.02399416102471873,0.08840575936758027,-0.01618770742387677,-0.056823141206132126,-0.0570042592572495,-0.02768665033570766,-0.006587983140874958,-0.013326934055600169,0.06805629426309735,0.025331594943070447,-0.007118000438570687,0.005198493154192543,-0.008444636409359304,0.03130197294756757,-0.038935954685822116,-0.012028077394589283,-0.004699221420935183,-0.02017228380971376,-0.013140649149330432,-0.0186356631483716,0.026257653636865816,0.014439520567226733,0.04734536191356604,0.04967322335762813,-0.004456536576605613,0.030461685048139505,0.001842918173209497,-0.021300883108441637,-0.028869269583521488,-0.010008080143950184,-0.05296732825598039,-0.06399555766858991,0.008529683040561715,-0.026963552911573076,0.014282156965655001,-0.018545917600471303,-0.0038452098154175135,0.0050243454267955056,0.03207856858716865,0.010380979660482518,0.0009961838749406886,0.03339386450202128,-0.03850738322366687,-1.0488484163517104e-05,-0.06061825994340933,-0.00872930340726827,0.045004775667776775,-0.06614254736435106,0.03735149812177499,-0.019154246253165235,-0.03336671377293983,-0.0020396269631807224,0.11691098847836516,0.013598259895151841,-0.00029369689871543034,-0.04745813248541276,0.03571793581793554,0.01748023135561757,0.013274703122205425,-0.050809785925919115,-0.045705900106262416,-0.10144613294824353,0.029039081618762265,-0.09822052228454009,-0.08265774236654107,0.015811990152732876,0.027518225238615104,-0.031129739809660602,-0.014141095666899953,0.0327883811084715,-0.09870589217182042,0.08585547389649763,-0.07865533261035351,-0.00644415957371826,0.20989075045543285,0.008665697786495665,0.09585269808702288,0.05873324410573567,-0.04129885570060085,-0.01888014177753025,-0.09202125931702573,0.022583762692035582,0.11514750038616658,0.030132058083356575,0.0517470050404536,0.0016416697195669185,-0.12656229335257316,-0.05399262386256498,-0.11819973223082057,0.07278680914541252,0.014832378119504266,-0.1259125939894311,0.15558395564216868,0.012975535137888208,-0.041567266436650714,-0.0435778527801036,0.014549187800572481,-0.11365986585902937,sport
40,-0.18257709579238512,-0.01030602622372007,0.10650417620860193,-0.0884286451158475,0.1095113896289057,-0.05936775441389214,0.6931011504030475,0.3914278759382039,0.15265559991308472,0.06425675998278278,0.13309487952451354,0.06389518984012886,-0.050732071007268925,-0.013203698653441115,-0.04672241443483646,0.002810242945861642,0.012472086342108392,-0.0189699504125082,-0.01089201562416523,0.00569116721781431,-0.002670033185632044,-0.03826151734199659,0.010009700712225102,-0.011471682722324017,-0.01608053756734485,0.01777401134664464,-0.0074206121341309,-0.006986044312256377,-0.010072504570193751,0.015450565012671768,-0.011558092284651903,0.006086574443104831,-0.0037133813223175363,-0.002309373134512901,0.007301999572736728,-0.023598926114258352,-0.009857483891186835,0.0038026153404226637,0.020206059241372976,0.013613673687530253,0.010811147131527357,-0.02762430767388242,-0.011963396484424139,-0.010933307114010266,-0.016878137147182188,0.043547111063635714,0.025011707755172127,-0.015530654395932876,-0.014384931962888222,1.0908673244543036e-05,-0.001415258375641304,-0.002790904591102284,-0.013840435858154936,-0.020294171381271743,0.009299595448472297,-0.013943806633860566,0.007120596068078014,0.03116581146686628,0.00525094746884539,0.0032432450433177145,-0.006567893888849699,0.004885649804600506,-0.01004960954596827,0.011796524657981328,-0.02681587850113571,0.009490928259181432,-0.003731013807060379,0.016887985235067456,0.003509072009185821,-0.001566386029077358,-0.026797675856594552,-0.0026332589203347996,-0.010124463814731328,-0.010166652754505057,-0.004586730057382407,-0.0007334634477078811,0.03551981157596094,0.009257721215738254,-0.0004611799913513733,0.008090367528572836,-0.0008110532743290911,0.005785022173546913,0.01783373313751766,-0.027762686300249747,-0.036052506137382104,0.015869466288816646,-0.014879362576595933,0.027011823382260804,-0.01697229853634225,-0.006468946486508211,-0.010217299742652225,0.0020498473444557105,0.015353908120276172,-0.009083299485803779,-0.002712018168259558,-0.004583095037023937,-0.025347197480600946,-0.014395893767036214,0.020951406197315184,-0.021331927069308594,-0.00800005101412487,0.03355300651102387,0.0006470093805209528,-0.005906488002387674,0.01831135898500852,0.010962678709747334,0.02665952937988938,-0.003472461528626956,0.011239605949106626,-0.011188016203595339,-0.021954880829485147,0.022842143456340943,-0.03581230190797846,0.02680320761826077,0.08185210740020085,-0.034805449263198285,0.00192671738227704,-0.016832228178895903,0.0281328821472739,-0.033605801080916604,0.014481652732060632,-0.014058473462856205,0.022387205019825784,-0.028646995429224515,0.02013682569151494,-0.014565030604262468,-0.006071897192406143,0.03770122596209501,-0.0330864105888565,0.051770624423408663,-0.011934964873740012,0.025671392354302457,0.05805942221422294,-0.015819982002800173,0.045320196477906124,-0.003699084761131692,0.01989003738796727,0.017482155374682645,0.02062480800736103,0.008657670203747383,-0.03991887428826229,0.009625069276049196,0.03630286887794343,-0.07585968232691212,sport
41,-0.04823191026255683,-0.0003031741943279121,-0.05067281342648355,-0.02819879293848825,-0.03247130505546532,0.0036828322033751427,0.016983686689185946,-0.048111239826336936,-0.025009837509333454,-0.0406165314624049,0.007600579431667431,-0.05630643466437577,-0.03542076544890745,0.10445157494136599,0.13761373739715993,-0.09373985953091354,-0.3661716618663285,0.1725406557554802,-0.3087441104129826,0.3576742170563209,0.04729214345197304,-0.12589024372010008,-0.00211237871123538,-0.12913244250986577,0.002021038663379951,0.08820913241479054,-0.13208850169921554,-0.12088285927884466,-0.009187551045516131,0.058379074854882335,0.07359789851061238,-0.003859718466202469,-0.02230899267646748,0.03300741692655379,-0.04472689686492328,-0.002072515815759178,0.03266737453787152,-0.016090440450412805,-0.025433279483728276,0.05796960836882617,-0.004255950312902203,-0.006762732676032645,-0.00909284633173032,0.03623873646479409,-0.02872103449593605,0.027311472245511476,-0.0006916718236264625,0.024794119143906786,-0.03322052174631889,0.0036560525542292874,0.006179591241942308,-0.013371105305745538,0.04209411571098093,-0.03301791723340832,0.02079927884866225,-0.010860736480308296,0.02590854634429941,0.011505954781530827,-0.01637230658823105,-0.005434191259843507,0.03751678640407307,-0.0036707929254633682,0.007756301281753709,-0.005126482349778466,0.026628751688592987,0.013987050113826584,-0.033520558836885386,-0.0049865906152919415,-0.016597816184528522,-0.024714539006692095,-0.034220596372981936,-0.046150596862404414,0.023929554738162023,0.009547820513255893,0.04192557715557938,-0.0058751699755628765,0.03416134693093916,0.011520540200070898,-0.0319933655798795,0.01659249398511818,0.012635265315843707,-0.04590649782647651,-0.004590846516993955,0.011198215406412436,0.01587325966055645,-0.06965510499518171,0.06926839641048708,0.03421899610083587,0.014809345269615033,0.0036541948482620786,-0.018317327040473487,-0.08211064765977515,-0.054631098656696755,0.035670166018406724,-0.0025873056142337422,0.002303099650607923,-0.004258606917574203,0.04388749283151038,-0.10718258023087136,0.09656813389441049,-0.028836532038323093,0.02477841315011392,0.009288178238073496,0.0427829443200782,-0.02704508037817103,-0.0402031683754086,-0.052848661437081224,-0.027409956331158915,-0.09078835630419599,-0.03251388728693406,-0.012738668316960577,-0.13751450069265767,-0.15044156925178748,-0.06512557509447245,0.010003028001997457,0.14084802967415505,0.2481242496629355,-0.015261764087967736,0.03273146142982537,-0.05900502887060379,0.14627646535332683,-0.03300097522530593,-0.027713339293101345,-0.05824434936527664,0.08659924985153304,-0.005632808178911952,0.1066213042568034,-0.003484345329208094,0.08011465465171491,-0.112087495951137,0.041211998004127184,-0.02669576797791063,0.020079959189367967,0.019000197167354457,0.022090764185848183,0.0066106471395491195,0.08567246151345154,0.004063097843917896,0.13926167024654815,-0.03901896108507212,-0.005122169731355783,0.028016164947491054,0.07917501410155361,-0.03879872821797055,sport
42,-0.10424966613824933,-0.004446149046954028,0.027694175007599752,-0.05648681200537643,0.01017007226760628,0.007810618021343144,0.020352860909700687,-0.011835170660453247,0.03019619094590543,-0.00398380212015915,-0.018178445576232657,-0.02269549653573232,0.017895865519706917,0.022101192692142408,0.030481673471547985,0.0018025164920410768,-0.006407700323289956,0.006720363348942811,-0.03196201113015497,0.008187466896937725,-0.0028402737267692055,0.03474581084754946,0.007805789613915572,0.002611596087473143,0.025950590473619563,-0.001920415784537633,0.04084449457802924,0.059807528500420495,0.021481492296695305,0.011468367752495632,-0.0324468393020665,-0.05168240255782966,0.06712041493740799,-0.004248437209312049,0.022401960059262614,0.05208375742249386,-0.0406559237185138,-0.045406880814458074,0.08795594316950504,-0.025399628002018657,-0.035982972848054705,-0.13496812694532725,0.17961913761144963,0.1613496680818569,0.22171508812369262,0.06895828641440525,0.04928575796754564,0.05677699321566431,0.014373101562876958,-0.12488656559078974,-0.1236384499280152,-0.008258182125439793,0.27321690308519464,-0.015752894073706884,0.004850388494897129,-0.0007907123057580377,0.070413103386331,-0.10315907901804983,-0.008392911237625564,-0.04247857950029788,0.06232953881343039,0.04945192829576991,-0.14015448915241238,0.2479853755711635,0.323870444018435,-0.13737416252487983,-0.0424831561744225,0.06301773730595225,0.0341229236119158,0.21642978595085832,0.23864050880977444,-0.10811012025890093,0.2152205715319447,0.2091751448440548,0.3565028214611458,-0.014198899055042326,-0.026789120215034084,-0.006392002679600703,-0.0745899941757382,-0.01912449818271812,-0.12753565032720665,0.007404432191336467,0.06155337027949494,0.13670311502175525,-0.04978867384786636,0.07051601145278545,-0.02476350147973255,-0.09604469501720965,0.056826830844899194,0.03426020607274237,0.03968416579723094,0.07563841686899753,-0.027330640539262548,-0.022555989750669355,0.09887334292719316,0.09064426413358145,-0.023053242917812015,-0.04923522107578876,-0.004421293463902441,-0.007646765341594492,0.052636351035528994,0.07322868081969375,0.0429430266581092,0.016976304289890633,-0.06018183860929772,-0.02168317499638405,0.03749937764437258,-0.013842328344983706,0.054327350612471834,0.007342266469494171,-0.013481699919086937,-0.0064507800506921715,-0.0034191724394376528,0.029841669838173213,-0.005607050946406728,-0.020870175785124914,-0.0018119406920662257,0.023870607313729492,0.0015186026804437488,-0.010715346513674317,0.0007252178018096764,0.011190352910172082,-0.003939801264408473,0.009544138807465376,-0.0042961405807906165,0.006202045648243814,0.003526456266337577,-0.00025531369881530696,0.019025555571652177,0.004908630667908391,-0.008411786861936641,0.006188937972800753,0.0003886203531039848,-0.0007379938961302282,0.023195315416587342,-0.005801424506928691,-0.00800617929440867,-0.007105487374687358,-0.0056581517746786955,-0.009383760390114269,0.002961350403816067,0.004557287986366393,-0.0002983306897562481,0.004261636920631467,sport
43,-0.21291940629724426,-0.0002211145133865184,0.09845671982448707,0.568974284806291,-0.03175479044408871,-0.13459952581511567,-0.028543303257837677,-0.047267911051484986,-0.011806016953032175,-0.016401380096050265,0.061889256028932464,0.014237343383919231,0.009001633623149489,0.02268900462379137,-0.005127224067456018,0.01325729007617374,0.035320427308613275,0.022223657017135152,0.007742741933664323,-0.011488185897132939,-0.01686828592073197,0.005827280516705336,-0.01294997008479574,0.0172652555646668,-0.0020440706904593406,0.051683451960893655,-0.0023719504648348627,0.02391390646030832,0.015190239594057301,0.051802160759642515,-0.03834434581254425,0.010720157057410985,-0.03741731853399213,-0.023283841764057647,-0.045007649857407406,-0.023240819700771034,0.06829556744629373,-0.03045566728213757,-0.032208262112583055,-0.0010052271674086653,0.07183751008356667,-0.07401262044885736,0.0034515253822285734,-0.07573329323199146,-0.013354987444135177,0.04416734395872705,0.01381621389663277,0.006626796412533277,0.014600975259663444,0.004589175377758046,0.01079243822355271,0.010253814926023555,0.05937620000171597,-0.05387548525832382,0.021903352104578912,0.02324466313518124,0.1028732936942561,-0.00862913618490804,-0.016706215808683998,0.03408222848342577,-0.028342137498431615,0.020431723480053583,-0.02724318613799949,-0.02198470780120476,-0.02398478594510497,-0.02419368972323288,0.011994125829039077,0.03783329148905932,-0.0440422714262516,0.0007084370429190156,-0.027243329726478756,-0.04177909642936107,-0.001597284364902099,-0.009747917873760583,0.07352857160329494,0.03197454535850264,-0.07516215006591223,0.012337130859796753,-0.02037381275536532,0.029413375114368902,-0.02264948123608077,-0.0054996897871866166,0.011482877356748718,0.012570454459133669,-0.02492715833786827,-0.0360361400977157,0.024934749827805473,-0.03757381487965694,0.06465665621933539,-0.05948304795331982,0.031159877443806695,-0.013118489731411885,-0.0058024720671836765,0.022746319337755432,0.013169399686080857,0.042750025635439066,0.03691752314958116,0.06894297684829873,-0.028737276181933814,0.006469004476973437,0.00030502525814896916,-0.048573524354191065,-0.02075371391816676,-0.06937191909414375,0.14782652171890506,0.040809759986050645,-0.008347481709480568,-0.04373919710254518,-0.01747463090992957,-0.03724700508196914,0.0043413827936884175,-0.04595946864161892,-0.01387655547797299,-0.0687017622443509,0.008742117963818697,0.10499806746610754,-0.020183918014208903,0.021817185470632966,0.08534396456366392,0.12853787385189042,-0.02105582437541289,-0.10601867306283154,-0.032611447269458534,0.009617478843054274,0.05482547838789888,-0.07661794470414662,-0.08409940804876495,-0.0200823659689758,-0.07067950299929109,0.08754569110726186,-0.03920773483797194,0.11958089257747011,-0.0661579712997261,-0.11352978330204395,-0.10375851504277815,-0.05885078677183347,-0.058107373085563144,-0.062219747130961185,-0.02133964559091903,0.22647518219916707,0.060839272105343324,0.18689746541498203,0.12687335771391595,0.08017854408867651,sport
44,-0.07886346312079771,-0.016788546196879042,-0.015366111679347651,-0.0006223217816195117,-0.06376070437717286,0.07692191681799732,0.04853030903770696,0.05219250012774099,-0.10562093208933722,-0.0185242118315193,-0.09299198468936029,0.034631503661846245,-0.07263633091136143,0.33384512223042284,0.5755605392525879,0.02434896989238801,0.25338675420492063,0.10892461610138762,-0.03272695249722727,-0.15715255407358197,-0.27065366713040173,0.042269708949845324,-0.022671694166786167,-0.09097489070601773,-0.016992850116357063,-0.07048981691761369,-0.011396614231525664,-0.10323019315677151,-0.05780465208675359,-0.08056410865596313,-0.059250501970663894,0.05485454155154289,0.029044628085705317,0.023303423139069177,-0.033613477107347,-0.04492325478456563,-0.013376388774959592,-0.010332963043106774,-0.00973073866973431,-0.01075965328129973,0.0481937550064307,-0.0005661678797465936,0.016913067429907103,-0.01905715510607518,-0.041187503472163725,-0.007736583547158342,-0.005549072348409369,-0.040575962264678245,-0.02988405361942434,-0.0011281328686089972,-0.019018079509121953,0.029289575184308612,-0.024394286855168465,-0.03834125050467867,0.01405507173135899,0.006068382269373438,-0.003572852071643985,0.013381099689005221,0.0014707397977558702,-0.013313917219689537,0.005266587964259982,-0.009416628241593611,0.017151685438958134,0.005029460370039957,-0.008311067709471964,0.026983160239237497,0.01571411051746019,-0.010045125647758977,0.022712224499903292,0.01086503118730889,-0.058188886915428464,-0.009281378085526693,0.01787163850793645,0.043360978601226584,-0.0013878989684519125,0.01594007510279334,0.023308738812536953,0.031332845692156656,-0.05884573531235936,0.051352246084695505,-0.019037890226463308,0.0001796438032074966,0.020234669230570584,-0.010544975231402466,-0.017633363419124276,0.010724831877618602,-0.006779526202677197,0.012071475721722204,0.02992857902653949,0.031137398165592165,-0.020308747255873866,-0.014974063063684158,-0.0008209061864598388,0.02417210852264035,0.03146613176379523,-0.03818914229993928,0.022183768002578062,-0.052557130081029385,0.003633178763472858,-0.05974856156770921,-0.027240570573776234,0.05314513647382974,0.02612917480888242,-0.02808112037788393,0.01916229797616693,0.019375052089195495,0.0024522767076796677,0.02435638960307747,0.0019400843965816175,0.03132861795984689,0.07000711550477504,0.05710016974523712,-0.05184551484091909,0.030542639152454868,-0.02073798378537938,0.10564231216303738,-0.03514689744041507,-0.0036096137040014706,0.012498513804471891,-0.03481625116842344,-0.03745868869166831,-0.022554745252019514,-0.0037424368416420725,-0.03341112275504237,0.004797167199988612,-0.0030028330882767395,-0.034869765163593,-0.04471877580071493,0.015194839165752637,-0.006467592753679689,0.004157605655772875,0.02002565464962728,0.03358381865519883,-0.03586570157839064,0.027729792391073354,0.03007888520149566,0.023247497160194707,-0.0018620945852330388,0.02782178230324875,-0.0138414876212691,-0.03549236044564344,-0.01687754983907356,-0.01574490088956477,-0.038351284345261034,sport
45,-0.08356712692388465,0.009637746820861855,-0.09090708126953365,0.08164067985005695,-0.18316451162124878,0.2723948464224556,-0.04931966458202513,0.27487277290648376,0.07296337433258963,0.004259904448732179,-0.19672075214371187,-0.10131511583980075,0.11907362103442348,-0.144192683563892,-0.04685285143289841,-0.1183554350332172,-0.003419542630147451,0.05689888231034722,-0.01496170271727491,0.059925678495328094,-0.08781147311724258,0.1999974667399386,-0.08117452068584093,0.22001841216217552,-0.013377728551182591,-0.015805605038127016,-0.10118267279802823,-0.05181832666808011,-0.012782124346735813,0.018866841153644405,-0.0011938232208465753,0.02409196090733331,0.03353049488589179,0.018501744999374466,-0.05183483457581385,0.017801620487226354,0.055631976121982424,-0.022932108573394585,-0.028392902921511108,-0.06391243256111662,0.0029409976665838136,-0.11270204128184344,0.04392600631245373,-0.014475223923377956,-0.018226707285112793,-0.06194523406186462,-0.12766108355162614,0.10280733910429334,0.041973213376429556,-0.02784567033676495,0.04179577437307136,0.04762017436139284,0.051517359181579306,-0.033401942965506665,0.051200627783424775,0.018585193141149196,-0.006104649473658643,-0.04767974328627447,-0.04102332435472588,-0.018257117396837132,0.13455633781978962,-0.06421022162034416,0.04008719406413932,0.007472548584121246,-0.0025947398581081783,-0.05033985007515453,-0.05094817735212936,-0.07143283096993626,0.06561010933297577,0.005157189518434036,-0.06502952696366195,0.026188081867711724,-0.009019092082931434,-0.008256484224388193,-0.03216835440312504,0.027694997704965797,-0.054576955945542314,0.055202606845855665,0.0038502010582526567,0.034916635621756904,-0.02348618331853305,0.00589395561658714,0.006047764043305925,-0.03792194639596338,0.0012104539285756298,-0.05961077322869381,0.0051627700784295846,0.034668405404842666,0.04829856172085533,-0.07885870852244116,-0.017580924745417677,-0.06234822551600256,-0.017404593933273694,-0.018475475694146867,-0.10557555086494104,0.008385206124283841,0.025522180569409404,-0.046835898610850725,-0.015600213109103374,-0.0014092254701919534,0.0010366380292854886,0.004681666699057392,0.00475344600506161,-0.035036726404702165,-0.010888557856563072,-0.012752065534544903,0.016393560084655454,0.02502062671227837,0.13084987346511667,-0.023394852218109042,0.11871953732903529,-0.1350523957874524,0.020702411582159925,0.0039051677281367334,0.03536706700070994,-0.009368796160361355,-0.08942294628109426,-0.01258069829814963,0.09012061293201555,0.1966676606211846,-0.03980927372514153,0.11875470895379671,0.1441142252069818,-0.016519301493074165,-0.017038963179717967,-0.016868082281908302,-0.01992901768510618,0.005828461129965328,0.0006754780960476463,-0.11174685546494918,0.04472546202147637,0.07205100895725453,-0.06180190337428128,0.02981598824099404,0.12015674636492826,0.004288271781084036,0.08517254822028116,-0.08337134603845459,0.053573326979643614,-0.04545153568550194,0.0325838809414342,0.05929015164829011,-0.008380276167255722,0.13166442050220314,sport
46,-0.25822469472167425,0.010519576672982228,0.19524062807117973,0.6654326410227285,0.08323260080691236,-0.26983682013086197,0.014509283137539547,-0.10287122140655254,-0.013316453814849865,-0.02007423668018757,0.04581341361963553,-0.004345452421053392,0.04449837054338254,-0.023194126630728878,-0.014896034643749993,-0.00377175919880779,0.010280639883297913,0.04912058313100898,0.003063576752112825,0.0033470292324113953,-0.025973328858615873,0.04163310172707213,-0.010302537218891466,0.013444892316648046,0.0045978850533183215,-0.003834284522182469,0.0040437182133428685,0.013106632450083477,-0.012696356737147377,-0.02676123848758595,-0.017990038364648627,-0.001482592010147372,0.008999468236261833,0.00920293808416028,-0.001133006926872505,0.0158467002286767,-0.006151096970172954,0.009084328336689927,0.01701610611531429,-0.011842528434590311,-0.0332044945054432,0.02606949314400801,-0.015201129847287675,-0.019711307983363516,-0.011135333716459446,0.021431900870305484,0.007680960547801088,-0.009080408294583104,0.025276230879562246,-0.01468459961462181,0.004088518203672357,-0.01100783029650921,-0.031949533142583766,0.016349829469257438,0.0017126261696909018,-0.018019399509046307,-0.024421851438013037,0.02491077959101929,0.005348263193208295,0.006356764866007344,0.04117628881786651,-0.02475094460822627,0.007434679206834146,0.0048316428354355356,0.018322669785044206,-0.004563451726322087,-0.02019195448897885,0.017411546215443083,0.017927849775694914,-0.003239782824769248,-0.001729336008864275,-0.00038311669248796614,-0.011749587892805356,-0.01986112852290306,-0.002001444486318555,-0.048755000597011995,0.025650226899709253,0.02229285802840853,0.007995761954273282,-0.0330912028353578,0.014826418549139218,0.01068163933082205,0.022454995175310924,0.0030504168770084327,0.025700646974678696,0.020225603379263865,-0.017066860721087814,0.05234958155769736,0.01352584945999132,0.007864253607227522,0.02132720229210538,-0.0026481585616223565,-0.02109144034227591,-0.022527745789640993,-0.024513110557172205,0.007000202707057522,-0.05809992108087483,-0.031423417417789756,-0.024070240324593515,0.0012287402900144594,-0.0015572147630728145,0.025360051349834857,0.03311950742004135,-0.0004426712321739495,-0.015824165365522423,0.0007302963176835447,0.018861743400762642,0.020970323453874055,0.02509101526512666,0.05294977512806581,0.012336090132230667,-0.0646555431761736,0.0005090611453041445,0.030678946062862887,0.032705507264140045,0.011889422599617451,-0.0031493164740710026,0.0005730799706188248,-0.02563104371700619,0.006511196748670459,0.052460628242766795,0.06191510139035424,-0.04073034609870084,-0.06631337796951971,0.025160437764907607,0.00019127507869625606,0.005248895034365171,0.06585060955749993,-0.01820663568453561,0.0013867845650721152,0.10040561359866167,-0.09196215922213118,0.024700083684044843,-0.04908875281269068,0.04189116909530826,-0.03278170932051721,-0.056701787830596165,0.14274048016579224,-0.14505313739537612,-0.0864581889000961,-0.03549290460958941,-0.029624188842576896,-0.03444836754567118,-0.05047197620955847,sport
47,-0.06472079177961769,-0.010616122174294978,-0.12744397816489686,0.027402432869820057,-0.12659294611680885,0.24012535922477302,0.028625185650171425,-0.1580981919634241,-0.049412945991601204,0.1839957598668471,0.3379751111651335,0.12328364332266192,0.18794751406046528,0.1487379882284224,-0.12089016864871956,0.3037901173532164,-0.027309601412671195,-0.05353559018350782,-0.041528674518087866,-0.011170835615257332,-0.033018009878970946,0.018473974402172515,0.11161181333683977,0.07233202913623625,-0.0670928507571201,-0.055582160902360664,0.00032371077326640333,-0.09785675398532387,-0.02453220933125101,0.0780696355621799,0.01121971118610954,0.04220075381910269,0.030261477828038785,-0.00684057574260402,-0.008267350481362746,0.02250249745087673,-0.06970242104968391,-0.044412901753363696,-9.97654594749616e-05,0.03480802430203267,-0.051725447576009664,0.012208896378919828,-0.0032777631879934337,0.09061307883533642,-0.11299505583905635,-0.019387440084566727,0.04560920387897527,0.013512830251434422,-0.05970638405626664,-0.025429934530177657,0.0077264148632939615,0.02985154430928938,-0.01212861952313913,-0.020858790944081784,-0.018322164554831162,0.01902684743056854,0.01687589862100267,0.0012533762684456332,-0.04649860045502891,-0.03298047177485912,0.05291356476791023,0.0527342310307507,-0.016483575042377272,0.024696508110296216,0.03438439182099347,-0.006461288059142834,0.03895759523736475,0.020040900774268542,0.033995150870946844,0.0519549144894759,-0.0410997012894027,-0.007456863279560484,-0.008921428511524698,0.02698456214015848,-0.0090303566064458,-0.010946506205487034,0.0012444415892263504,-0.0035425014952886885,0.018780847524167935,0.0286111638835317,-0.020650320940172873,0.008769547145416202,0.020910502698467226,0.030874569220047585,0.013997436656794844,0.0059109252741223394,0.015396870575660079,-0.014156576964168424,0.01753236422921153,0.04001093754347421,-0.030835180681309877,-0.038149002568383994,-0.030671932887555136,-0.02133825649307601,-0.010449593687034237,0.004913049902582211,-0.018898056782807555,0.04870237223750097,0.007230504249486914,-0.03818294093707502,-0.020803654544624618,-0.05174577186538443,0.008181035465004762,0.009724328650551001,-0.00029724707712914156,-0.03337700370913541,-0.06913036810341606,0.1710579637960828,0.06809962295428607,0.02579630209396142,0.05195838792421121,0.0887296435656665,0.021361144263673245,0.053896337070542935,0.004218307424250626,-0.030526931496204827,0.09665610329772553,-0.08199797574728634,0.05198570573348724,-0.051068292503250054,0.050451184605122296,-0.0010583845245006637,0.03458584073636288,-0.05221187255764847,0.025835278404160462,0.0062935662537620535,-0.06906746194252311,-0.038847657673460566,-0.0699316219849705,-0.06483655701090207,0.09147933825257665,0.06552304807284139,0.09671672484744437,0.04922618161534533,0.021729411391956322,0.027363687263991493,0.0775926235672911,0.1797073987870028,-0.0315400524306227,0.034213282659195904,-0.01588974065136368,-0.004652167044581197,-0.0403927632410383,0.20737517353987833,sport
48,-0.24002152233321938,-0.019585985820926834,0.20310059711164416,-0.08662117273563794,0.3324608406542007,0.15551999942224515,-0.1354132349042744,-0.07840335922387744,0.3958415722493103,0.09036288504654313,0.0085518220535622,0.015965647284070055,-0.015155462018901408,-0.02839834621139036,0.043421083088493885,-0.02061667806967358,0.08991168205127675,-0.03627315776637437,-0.1303917758976952,0.011264189565131923,-0.007333391899922817,-0.013424382388499348,0.03198990930676246,-0.052812665573970075,0.01811900340491211,0.018891537416086714,-0.019113510349704394,0.027459945378724458,-0.009815869608741834,-0.04235896989366611,-0.015393746778048719,0.008135813024516473,0.03484271851264551,0.009393028335475001,-0.021078510159631813,0.03754166508294586,0.043716168969632443,-0.015337052462488784,-0.018031281229367375,-0.053392721082989605,0.014747268496230575,-0.03754107932390438,-0.015476725737189766,0.052003906579692796,0.028279764154530894,0.0365749318646166,0.05297916776816218,0.02359914178636522,0.031553553004209554,-0.0030606047748289187,0.0574254143594338,-0.019378225421807442,-0.06520361986492024,0.05782671690191364,-0.01704232208483405,0.0018980771730150636,-0.006094166788049004,0.04858442755178493,-0.02211757923549388,0.022173135599756352,-0.036580507190768184,-0.05950242118311116,0.04043096212988671,-0.0018595659110253037,-0.07708504106529342,0.012287029133932245,0.02906830534711545,0.08050856664973961,-0.010920410127293763,0.036099091639637246,-0.019262714043843537,-0.05981888008993253,-0.020200506082811598,-0.024718670244916915,0.019520204158660376,-0.05837129781692284,0.08753785030677028,0.0693849235497424,0.0005682309802506277,-0.029557433321065137,0.004398487517603714,-0.007461074219115232,0.013466792918125147,0.0216790783701653,0.033239959189729266,0.04108212322277671,-0.06770992361120184,0.035093244754335416,0.0006808727414014719,0.04974234055219434,-0.10398946201711755,-0.03140484987444109,0.024658801648726716,0.029694786369302024,-0.12021522464565944,-0.009878885284269107,0.0017398954926263147,-0.03615861414820962,0.029301144109615727,-0.024471536227546532,-0.011182065429131955,0.06678885347459677,0.03485324493692259,0.031177921852084334,0.0126175924912059,0.10915411823889537,0.035259403605435266,0.034760547219633814,0.06837956264205612,-0.07253798448551359,0.0007011544923815344,-0.03963578217232137,-0.001840385621879932,0.0014920799721449196,0.06636269961721619,-0.1298870212708933,-0.026366556685670412,0.11681396022630737,-0.020092245423838157,-0.1474903397613395,0.01731955104225131,0.13328098911729444,-0.012612824663944292,-0.06416146076520213,0.053567035773413374,0.02658548747075626,0.019601997257151702,-0.07562858292574556,0.0012599372125480512,-0.042899857909847273,-0.01559860244730221,-0.01272042204789609,0.026606175873279545,0.026019536384933577,-0.01282063495099698,-0.15586002307020846,0.08021139941985528,-0.17992476722925746,-0.09067240979962941,0.08116258648120588,0.0461476764397722,0.031889882871666976,-0.03840722680781855,-0.07470709497312625,sport
49,-0.23747700401260238,-0.01872472862745582,0.1647222744257249,-0.12117633089015103,0.33035413738586433,0.12626811213095498,-0.05990549392150396,0.01686725248799867,-0.44188695342523093,-0.1450763849531292,-0.02331765805511866,0.012567704481406998,0.027901642698560304,-0.11416875273346161,-0.1528143799563069,0.008907634627497775,0.0762483988223778,-0.04617619593764788,-0.0369118214872368,-0.00986116830706157,-0.01250683488204105,-0.02983824041938291,0.01711793402698013,-0.053411756988083293,0.016618905091561723,0.017501834651244115,-0.040366979009129875,-0.03913229138685937,-0.06077264476715131,-0.07955815401278889,-0.04185049751637495,0.027158596685789033,0.0100071352560318,0.0024310557554622636,-0.021381251318527573,-0.022465801399898785,-0.019500906476519666,0.013655874923493539,-0.04169656087821084,0.005742216616470094,-0.012508470179203942,0.05450281540954374,-0.0032748553379430283,-0.005406738957720032,0.033792598346630315,0.01352924078907084,0.005277125555533497,0.028698669007506665,0.025605877730604628,-0.06818187871988265,0.035710456163039805,0.06029319556308625,-0.019888231829636463,0.01077055423905871,0.01584178231483634,0.019385048270364,0.028312518062327003,0.10147986968021747,-0.033518028719926526,0.052491551974506584,0.03075825537700337,-0.09872087837909814,0.020932189984156857,0.010647345871563676,0.031021771876753545,0.011665649594122238,-0.0018369544056852233,0.08103882799646453,-0.005431748833035037,0.03761622290364732,-0.015551329264088119,-0.05911504908792313,-0.05348063123733592,-0.056002885271690145,-0.021093644789781374,0.015165346608532877,0.040269386610311465,0.09245111081053331,0.013396203992673987,-0.054618661166866464,0.03175114986022189,0.04806743645368813,0.015829972657926236,-0.030362897088251926,0.05592018185975122,0.05212632385459206,-0.015704080950113577,-0.03309345855280651,0.018569401536956843,0.03715120283423903,0.0010685469606107872,0.024231336044082036,-0.023161373606022103,0.029764853651435007,0.040954149885371056,-0.025092443752302747,0.05053774165817389,0.013463749894386109,-0.01181227531001572,0.046123885223460816,0.008135506052153126,-0.008426490947876609,0.05158593709026584,0.002811242694762756,0.032502285586275804,-0.016289481767963427,-0.014144039806547378,-0.029618686601629335,0.045486540274161706,0.01862083375608283,0.055255237437477046,0.02362328001908568,0.018241025962113588,-0.033686453018094996,0.0003555021314100093,0.002603045777191323,0.005297531088545783,-0.04574454823207034,-0.03182066915950451,-0.016062489488869573,-0.01823379024787297,-0.03570910628440345,0.006239392711094396,0.07925650194860195,0.013434941389014618,0.04862525551542509,0.020454763364256962,0.044255040982717236,0.029972921622154418,0.031928806200521104,-0.013187321111305793,-0.08287907720234579,0.009708223985887932,0.01131933965755314,0.013854358150135653,-0.004921331365525727,0.005853306947512337,0.055080992075687965,-0.02667457525348628,-0.048722582579275496,-0.13619121439272244,-0.06688162240776728,0.03941836785164094,0.12405035852481466,sport
50,-0.24506746753778214,0.01952505671508615,0.17170505870801447,0.7438090530456464,0.031435826793387994,-0.2333774048854424,0.02001172034147495,-0.06285364484047751,0.0002973678288047164,-0.01331633143650242,0.018605725759478862,-0.01892824723455486,0.023652850624613118,0.0030566564394720226,0.00536977054584647,0.0008558113465131436,0.02608904635769944,0.003471087820160536,0.019540926572528868,-0.009291839576057882,-0.030000192557223044,0.025083162158335857,-0.0010670787832761032,0.013426653595235934,0.005802899987276115,0.03369160836265803,-0.012640671236991094,0.011652590282734738,0.005724973568713912,0.034288433155045546,0.0013486388940999094,-0.010338648208541596,0.01216736240257261,-0.0010767997315775072,0.004431358530102322,0.0042310815440363995,0.0028266616455321428,-0.0067376605995090886,0.0013967502466641771,0.007381500617743774,-0.0045921862992234835,-0.013009667375489932,0.011875575293523497,0.006037937598528948,-0.009034932754136093,0.02266885507602548,-0.0023407270388253196,-0.009479958598881798,0.003300123192854098,0.0030808835761150307,-0.02741506530288077,0.009515769773506585,0.005627681630332683,-0.015711149987897046,-0.037613198322341286,-0.0204902637473686,-0.0035144492276725538,0.005338236429596056,0.0006003528849887651,-0.03013803920986759,0.014160369177929096,0.021007563702057506,0.002433300302456412,0.003937547318262097,0.027376136032265068,0.01780505675003251,-0.028724253348252037,0.0013482849282230541,-0.0025910819704764144,0.0005250289119635872,-0.00985879650970922,-0.0153720890404511,-0.022830330516866205,-0.003890079363714448,-0.002190003062484172,-0.010682385732367095,0.020457916926568166,0.002299151421771974,0.014981921543083004,-0.02804470427741056,0.00025888132655499553,0.005835958524367686,-0.0013882137411239041,-0.017222041761604925,0.0154798587909232,0.008463810745605637,0.008786258541234859,0.04415057900919208,-0.03425342273373994,0.023615487307373652,0.00325338499677198,-0.010931107279663049,-0.022178186075977394,0.004507420940989113,-0.008392110905469428,0.0030940994211168748,-0.03928316647052451,-0.014726503524480407,-0.014854708767651312,0.034082057766087366,-0.03213458291661992,-0.012927763276589475,0.008898240371305866,0.015123529148271437,-0.012246767481279808,0.007998811411171036,0.02043882228955164,0.037184427843770816,-0.014722525500228028,0.04404770437331541,-0.0025751981853317915,-0.03318870863822256,0.020008090374321275,0.02786332075166727,-0.029782619138314672,0.00957715901868918,0.007292918346877266,-0.011948808115039934,-0.036435458785849244,-0.017591392249525054,0.08928639621827915,0.026108892292092442,-0.004160723048930755,-0.08134589736395971,0.047094934365549825,-0.06090745256920873,0.004689494109407904,-0.013661514340907845,-0.06416309970413937,0.011342507921959982,0.08911555353719912,-0.01297412704026468,0.014396850369180626,-0.039176818173963665,0.010342002808437506,-0.024285161824233778,-0.03397497679820215,0.10784438035747956,-0.10798108307069704,-0.10759034252026589,-0.061113852195450354,-0.023193676320009286,-0.024385109228648998,-0.028057702452056573,sport
51,-0.07966437709634495,0.008376118552079344,-0.02869771430387719,0.002496592235872658,-0.0028269070396851233,0.02511844519779134,0.04442633755494276,-0.060690775790364554,-0.03735020872774415,-0.014685493134073234,-0.028956548650176012,-0.09832693713937336,0.019664241925091624,0.08860940399693906,0.11588743208910676,-0.09654001040710045,-0.3666910736067434,0.17377882922825902,-0.30444014457356955,0.36798942048515765,0.03744190710437555,-0.12049516448585601,-0.031450553918392486,-0.16310236239639994,0.024395813844478354,0.033980913117583535,-0.09948445396968791,-0.1316752449458864,-0.015193405314926913,0.04704866485648019,0.08262120013499585,0.0393935308203748,-0.022406709203751228,0.033965174737023845,-0.033521975734197025,0.025700376778127695,0.02869636190236845,0.00673754137110427,-0.02112756915853155,0.09536624920303137,-0.025216455529790783,0.06228449894845438,-0.08869537052752909,0.05270201439441055,-0.016250887589252794,0.011899091651844948,0.0130851549695193,-0.0022086742939875083,-0.007084234627383384,0.019325647627489666,-0.018173772762992882,-0.047483710800315125,-0.005354656572225265,-0.021404895942953257,0.04125204663413667,-0.026722936204462817,-0.03756410873936534,0.02633109886942821,-0.062497939705000116,-0.02570029769263892,0.007218394005363876,-0.07008423674048621,-0.04503873822139807,0.0016129979567820153,0.02161849162465916,0.05691769660828468,-0.011586282218837932,-0.011625994805774816,-0.02645463323343233,-0.08965914843672745,0.009951528027763489,-0.07607609579028742,0.08145510674588502,-0.01350694355984895,0.10993521063773497,0.07058443650267975,0.06404228596088414,0.09492179639835878,0.0037901023173117594,0.044480922169357826,-0.04509667068492061,-0.09108369140930035,0.035490924934147176,-0.09499676514155501,-0.028458971113603255,-0.12770640299909014,0.0877044914645508,0.015319448227918085,0.051734097198315794,0.09413781220370221,-0.05380936622728295,-0.06601020789337594,0.04499091587831428,0.021605083533368524,-0.06301749580690844,-0.016138154359864862,0.05946526814596252,-0.025731208947099165,-0.04678278681263139,-0.05411042237018033,0.08967819267337333,-0.03419281385304749,-0.0293670895385238,-0.018713133371802297,-0.04121136173342122,0.008728232189246045,-0.04715299218537911,0.03902594689190896,-0.09132591158386733,-0.02049987190632037,-0.027719734300578038,-0.012743672928084218,-0.021661323068720133,0.019246840461879217,0.009062800319319973,0.001705916949213662,-0.02190958852244905,0.020736187552806512,-0.009735094792871121,-0.010038388835473007,0.06405900681739674,-0.02733839190620065,0.038688687909957886,0.012276541826365905,-0.03774359307277453,0.009003282557125004,-0.021028247296839286,-0.002922332593620955,-0.053057245672951524,0.0038573095058263437,-0.009587529884891031,0.0005695279241668819,-0.014359942775211914,-0.005165640597818108,0.0322318693594163,-0.0009367589911960029,-0.06398069039219122,-0.040351979476194726,-0.134332246761788,0.027329581750581127,0.005212632963957764,0.014265807070315106,-0.09577791701764074,0.045528432187372625,sport
52,-0.2114801901154024,-0.03045573433139064,0.1264601479680024,-0.205619596054504,-0.18721031760826795,-0.16925891661228643,-0.04457599034799455,-0.016600848977694607,0.04887016018942807,-0.03956044007384633,0.06013851956222392,0.016108027777824052,-0.018432393759423352,-0.06839690952254009,-0.06538811885754713,-0.03087254750187007,-0.13071577972626672,0.04345040239843675,0.018067103940826678,0.004518366796978634,-0.12266117579161365,0.09610827587810218,0.04844831759009946,0.046206345007641245,-0.051342147225600265,-0.03021284306956497,0.016022226429491165,0.006901681832660375,-0.027044459361932,-0.050274759435057145,-0.12438932382656875,-0.060274885451269744,0.09114373422851046,0.013576687266416983,0.08229380262298569,-0.20434811242347467,-0.24003525239570972,0.1310490841604776,0.15362152851792435,0.1553781727365924,0.037149522885393034,-0.07606856322940948,0.11951986645638142,0.017897772851385184,-0.08618829843196756,0.028580842014549565,-0.0037971226548138117,0.022545890501850515,-0.021426600203978113,0.03504871006592443,0.16795880791423207,0.09741133827271453,0.07893150762074073,0.019075335739470144,0.032698003706024006,-0.009170199004886675,-0.003752614922236862,0.041456916294395636,-0.03849628860174482,0.07098183572281054,0.01220079406063931,-0.0297902512668247,0.012519546399228658,0.025659157763869643,-0.017991582838297777,-0.026886177672085888,0.031111009030474927,0.013845226005899403,0.025561774716847625,0.018704735170036842,-0.00033335802252176404,0.05317889453136258,-0.04146131125497376,0.09533610274573644,-0.015982012969095842,-0.022293704172532784,0.010616248952426088,-0.056799404944115874,-0.07971361692877219,-0.02099317151550039,0.007338953960237111,-0.00986193474642784,0.0508107851446657,-0.08173687847686145,-0.07910659021849017,-0.06879561978725782,0.03822488621861884,0.10719752389161578,-0.06021373609493278,0.012317903355348174,-0.022702853180104215,-0.010858856053182906,-0.011101461285583368,-0.05913211980857326,-0.055536802519465,-0.03666701453544584,0.008294439325790031,-0.047527034784745854,0.04885708516112407,-0.07656576370873489,-0.07386817936771942,0.02672161993776783,0.017449495244844723,-0.06333118781822525,-0.0512775994714981,-0.008336067217354822,-0.0068810195868003405,0.06320681831044321,-0.04265674078345511,0.002061837770418052,-0.06245865001075812,0.04230419013659587,0.030196448146019413,0.02568234875520178,-0.04718821748889835,-0.06945004211912044,-0.02133676510413145,0.05831327931045849,0.03511523933040521,0.01622490720272693,0.04280275803611718,-0.03628839556333811,-0.07990111990382509,0.039272386014902835,0.007596623275426128,0.021759902505648993,0.09735816372536062,-0.11307108631598202,-0.04562112737286493,0.09204866359894506,-0.05362016565275447,-0.05954651367396923,0.07615939196591358,0.03184333390448211,-0.030882809739936887,-0.01701875179987122,-0.031179782511765095,0.06656315704976767,0.047195895067300805,-0.05099920546224957,-0.0039040828059456346,0.021186200879952332,-0.10425409028013884,-0.05970445111168215,sport
53,-0.11657854692171568,-0.004557179832204539,0.0030117507430286483,-0.03347994497180812,-0.030851575582042174,0.06588920558265161,0.043020130393223555,-0.003337754665265053,-0.11319789902181483,-0.0065472695576651975,-0.08939697422389846,0.04712889180360731,-0.050552942079381734,0.2557896024712801,0.4564646943250863,0.025659052873941473,0.26907871793527566,0.18774345545744153,0.0048403536285381655,-0.10745893356683302,-0.1922835662898664,0.01685348718553674,-0.020303850461001766,-0.09954206452956717,-0.01951852357415373,-0.07153162016917623,-0.009718067521868845,-0.1461859980963813,-0.06877859556746709,-0.10301808710218574,0.008038857518900624,0.06356785783015063,0.027747603327033632,0.012776663614711479,-0.04106190612569079,-0.07221432126561927,-0.02733050187985456,0.029496784771781717,-0.009017989592230548,0.024659365631451772,0.0006823406794488933,0.0418266402117186,-0.0027263341819408595,0.012008941801365103,-0.021374910239891114,-0.03676528069822415,0.00959867965430601,-0.007527739804629384,0.03155300538649585,0.0015723398402524898,0.02377003173946892,0.026455939257321967,-0.054475209072918654,0.0076189330892185506,0.022269647021728935,-0.00946857722717535,-0.03384907101682249,-0.03345159845713273,-0.025301632114169657,-0.0077447982176763255,0.06779477646097913,-0.00022378908293435774,-0.006897299999147229,0.01840162320290185,0.019668423937944476,-0.023368328197920046,0.006849926422703699,-0.012199800294549345,4.2490488081072474e-05,0.011904669034469047,0.06072032906325573,0.02471205183835527,0.002513838056568045,-0.04237842227284956,-0.03068504014990553,0.01314086970069932,-0.05112791711461005,0.029328455692735542,0.02848940806038734,-0.11799002398282354,0.009695458487658197,-0.03568384825588963,-0.046795891889108564,-0.07508516477552124,-0.006367623769901393,0.02029490723828001,-0.03749800193118763,-0.025524814001222515,-0.08759561759434194,0.015410886604279667,0.11217345139885206,0.06549089800970298,-0.02342407408138561,0.000947983869357899,-0.07015571079652268,0.15178497841066493,-0.06121736696547834,0.027065043955358945,-0.0413978751575382,0.03601000046735903,0.08547183878723139,-0.12965844227324563,-0.043799151673236614,-0.04607241559131233,-0.007614288632747164,0.008533022921573956,0.0648659957032148,0.013830631559949312,0.00416037966972633,-0.07311908692921207,-0.09572449107934305,-0.11151457790486359,0.04784086162542195,-0.06641501479683276,0.04739627619805671,-0.11565331984111957,-0.02203044751243798,-0.0066859706565499406,0.007861901974393229,-0.06486475277037175,0.06163510406649787,0.008440429717971263,-0.02472578054457368,0.07443667991902936,0.04572139992342997,-0.01862937673824008,0.09720652448157321,-0.0007448595120765123,-0.021949816707463824,0.007827090381766773,0.013386552706544905,-0.058974289360355224,0.09810170262474026,-0.021951640253747514,0.04095860629094019,0.0387396481936674,0.10745232498568956,0.0936313247984289,-0.008493043622941798,-0.026269953952602045,0.10877565202959828,0.19283243757868218,-0.01113524031063285,0.08364448873465702,sport
54,-0.22645168401389976,-0.02274477226124313,0.1559374377249213,-0.1171560907276748,0.284029982785467,0.07707452900492866,-0.0938552522909846,0.019812897590607618,-0.3213653665927824,-0.04400622059344959,0.027139983533648174,0.010353856331234448,0.023645184811491925,-0.07911284484820436,-0.09526927071112176,-0.006877716792975864,0.053175713044812924,0.032611286306172486,-0.02198951162960227,-0.001052540561585651,-0.006186957150464243,-0.012878093290112146,0.022031435723695446,-0.04522565232955396,0.003288704067417946,0.006742417120434686,-0.023406323981029563,0.00828394524612696,-0.029771063659177626,-0.05187798406533548,-0.06821533391591697,0.008041045699224758,-0.006699126541118131,-0.03407892673003895,0.0343095532995491,-0.012883927611821196,-0.0843231234899325,0.0516514259775837,-0.023373378188511335,-0.02943801662907052,0.09338400091275645,0.05802044684020523,-0.0023512475787444507,-0.05744516464582963,0.06031011744587005,0.04243571258584631,0.04726346026392602,0.05554708877175353,-0.03291776770682188,-0.001258775855951943,0.12102818924772389,0.07660072645017457,0.0008347215906241959,-0.007307347423358969,0.10259448446891549,0.048894996435937046,0.006759636630911632,0.14259501586149992,-0.08111117064789414,0.03508660916139271,-0.004520196513561615,-0.16242663724823828,-0.004729615394545681,0.01581940353001142,-0.03964563594781355,-0.015757156816750006,0.01868331083971223,0.09862228206349039,0.005137551753342375,0.08443432592229794,0.01834568108228531,0.037937068092566764,-0.02626561019478449,0.07928143650013819,0.0017755131205392885,0.015246592180045227,-0.024280299472206876,0.056973655382555735,-0.05233913026881633,0.05832966738777583,0.030039233804576654,0.03572580597504887,0.06721239601651136,-0.02164017031691691,0.010922217742460242,-0.0019467262379582895,0.009299508970296442,0.054152989064536874,0.07722179652991464,-0.040612471753442056,0.04147957550284634,0.03225181436698614,-0.014173569872964531,-0.08738467465495585,0.002228019979812657,0.054107739573430444,-0.02344390272194169,-0.04725016765472619,0.0658920341629118,-0.02490240901933502,0.05137772941223545,-0.014685694455886187,0.04162395221546604,-0.06427749136951035,0.06278060050929296,-0.04346771965760782,0.01413172503823333,0.007170091184394286,-0.06257328788862357,0.006228581580810903,-0.07890115423207866,-0.141008308386767,0.0453984198659101,0.12868260795965042,-0.09394439479767068,0.05540168637311799,0.0008086567956291313,0.010953845488555965,0.1680157999405459,0.14701918643292253,0.027333705263593727,-0.1286952999918431,-0.08742965748306564,0.04582268666613309,-0.10908655354547683,-0.1571165320631259,0.0022214715347674977,0.07057611552812873,0.003085384032044725,-0.057795235838861723,0.17740804041877994,-0.1120261085084705,-0.11115572083869237,-0.06825544034786665,0.031412173278077465,-0.13208805563668785,0.12557858345457237,-0.029515949551621415,0.06777397143751679,-0.027420954774282892,-0.03926644240476111,0.004122440092635488,-0.022994558503660112,-0.08094861046220972,sport
55,-0.1564301059979031,-0.027942401095111664,0.07226567257714574,-0.14961408387376632,-0.13935925957875364,-0.1256642643558112,-0.01623862239667857,-0.09353151763154821,-0.023251851940243172,0.018902497827487597,0.03554637108608191,0.005399836488433769,0.13437884882417114,-0.03704676039310459,-0.03096300140274173,0.03941948698188159,0.34175380108525494,0.20171877205682312,0.04635392141812073,0.14509356789006095,0.31853205610113616,-0.13301628321749284,-0.099414845774567,0.16332419525845823,-0.008516624309839332,-0.026445993177859433,-0.06877634306803133,-0.07039254878483622,0.041436976798310265,-0.03701737700494247,0.14235261795722562,-0.061944694118217715,-0.04244703835497184,-0.0034302828201956226,-0.005015030986960893,-0.018748860447957084,-0.02495498848607519,0.02337960997287104,-0.010842858380798872,-0.011905464416202275,0.0523971926066889,0.015567738909936953,0.04926487839388395,-0.018882736960277386,0.01839556341434396,-0.0048568676891001415,-0.01985771665957079,0.022151308095427865,-0.045532577445545216,-0.015450955239415105,-0.01961100746609226,0.005837135274962935,-0.0037950865560505524,0.01494826565833075,-0.0015139726525123423,-0.011551304296449391,0.015454891919074152,-0.0011333814512303976,0.01443750472856022,-0.02431388519198323,-0.0016997952966632183,0.01321121819104338,0.015516113503798444,-0.025863312159226878,0.00906727191073338,-0.0029983953573824744,-0.049667510226376936,-0.058361469730146436,0.027807026310028748,-0.019325569959702825,-0.04948947489662,0.008717077859308787,0.018670438965035722,0.09256150598035201,-0.003793890988059298,0.018212713839868108,0.011846884887035664,0.014515120696310313,-0.05709600177256457,0.07911171503367975,-0.02235731626869199,0.030012884471627595,-0.035040773353102746,0.002082938266151549,-0.04895015502731973,-0.03567816202025097,-0.007576228493725134,0.021378113372866776,0.0020389799300308048,0.023838834627657284,-0.04670306362129414,-0.0009483617529171096,-0.010339579594570417,-0.0935496622115361,0.04516096332151566,-0.02361643652660291,0.030847789788780923,-1.4701596112561483e-06,0.05658999924880555,-0.05178665465976577,-0.020609164111665742,0.006131606245269993,0.05852722452058078,0.017878382041676986,-0.06498419294388495,-0.0030466098320886645,-0.03927848390685903,0.006841329090894473,-0.11963274942242176,0.04687365072107852,0.040304740886335844,0.04456078115633795,-0.014663760594661018,0.029709906418647427,-0.2113638706180059,0.14481980234760705,-0.07178469887070431,0.0054235250624114295,0.06811281506206222,-0.053009919225403955,0.0736350409756365,0.12728793367167412,0.08364666101058912,-0.08105954667468955,-0.1702607741430289,0.08757183046805703,0.07058711934162194,-0.10248556451311194,-0.1310246677295196,0.052542988294425934,-0.07974846839677008,0.0674109386775842,0.020161271288413402,0.08635537563368399,0.03040220364671596,-0.017541556486738535,0.06756773694795633,0.016440095251981104,-0.09682763065550666,-0.04785719606583589,-0.00827836676269522,0.08443690946249181,0.034854961887574115,-0.0615850747274466,sport
56,-0.07967834307962239,-0.02717414000952343,-0.022280141777048214,-0.0025603182298095696,-0.07690416045667574,0.08630703973176096,0.023389359224377397,0.0422817043775906,-0.09979835432258219,-0.005908079575581237,-0.08019375230543434,0.026588266065822784,-0.08379134702293803,0.2999162374171285,0.49920793731578944,0.035494447434971,0.2378552416463509,0.11819204779151625,0.004129051272664999,-0.15206983699972265,-0.24008706332752983,0.04443544450495349,-0.018057637203154713,-0.10511217355095182,0.0072200981099631596,-0.08638881612875271,-0.015758554815044425,-0.10226394825825359,-0.09579870631602058,-0.1377554551746441,-0.01993352817905716,0.05354116414327565,-0.0007262602066020248,0.018353917919887202,-0.026478258765512352,-0.06036489337123058,0.030086572809221317,0.0007914649509449252,-0.02618766606101069,0.015296372020140236,0.01682805574851624,0.032962165318040915,-0.027016109288068867,-0.08165341874412915,-0.06048128927292708,0.024253805099386915,-0.005756568471650801,-0.01135043206252934,-0.0441805729971673,0.0051683498953785795,0.01623097577214697,-0.021388245660229416,-0.004526838012833361,-0.05451414803274973,-0.002923313508792073,0.010413969895623747,0.044857594320772964,0.02961120944493198,0.009465704744384504,-0.011704665948256105,-0.040516815443764224,-0.02439890702222823,-0.020753827924075964,0.006161087505273986,0.012421245149259207,0.01614711954868529,-0.02256581236971469,0.006990561491357566,0.003897452429347698,-0.0003183442041463723,-0.024158626585573353,-0.004977034703095095,0.002461203149306426,0.06372672797251251,0.04310156154205984,-0.05457575987512226,0.014784947855298734,-0.0112438547277848,-0.03350412074789287,0.055971829563957326,-0.017337452911861815,0.021787909815101147,0.06111488874261118,0.06241534976511392,-0.005635174266333563,-0.030534084970180217,0.07036146531272246,0.036304187921743385,0.05533725161276418,0.00654804216975504,-0.014745828489203616,-0.051551739320241846,0.04648951463370459,-0.03456772267457919,0.07041034216050489,-0.08237919478776658,-0.006013890519686185,-0.02315589603851477,0.03217124272927072,-0.007247582121920624,-0.09616248826692483,0.09045805371288329,0.03888384972418665,0.04109535719532043,0.011907547124651955,0.005786623129763032,-0.05147367803154018,-0.031826712775096036,-0.009246459862844822,-0.009067246443562252,0.04495307796763474,0.07536489568387181,-0.022100273959150082,0.06305761345526296,-0.039700816400347366,0.037006373056963644,0.03409448140237976,0.01861139703953551,-0.021511016614530917,0.05438898707875217,-0.036650107919798655,0.028551394687270793,0.02432942372227717,-0.04216097311836138,-0.04999488048006447,0.04236392761606824,-0.06720414859575485,0.03268992634547214,0.013209751706418095,-0.01723064979784206,-0.013030961491462507,0.02950610718920806,-0.09146700231524754,0.05743956928799806,-0.02666849734439569,-0.04827167935945246,-0.10583094046086663,-0.06938112035904301,-0.01188229991237978,0.029036785312152945,-0.061504089996896556,-0.1333926611906639,0.027358718456799803,-0.0009259438443822847,sport
57,-0.20446915517873496,-0.03142423431829365,0.10333802215699252,-0.10061257583382882,-0.02386906536493401,0.04850007012319724,-0.03649447607872903,0.005259077194957657,-0.1226889790292327,-0.0005694592888417762,0.00268039508426763,0.03409097062339373,-0.07941253957427061,0.10370361031313013,0.07647253976653202,0.024903359109184516,-0.11108194447994292,-0.0390643114925369,0.12335892294667766,-0.01882286160734645,0.037024654459992534,-0.019669573380192006,0.012570161145662775,0.1846870856038847,-0.03144365063498026,0.015272605746363702,0.09108598538677884,0.16017869775898802,0.15726637122247913,0.3262592495118407,-0.19740092346077837,0.036654009922984204,-0.04191044115126721,-0.04481007537360214,0.1083714136667601,0.11248555181634606,-0.045578249559458314,0.02519306797541731,-0.05109002674328478,0.10125231093256906,0.026430213103723073,0.08792990255135784,-0.06473936147432584,-0.06518103149509373,-0.13196296457444323,-0.042126015365775954,0.014723754042537368,0.020520978374120768,-0.0016018998577790678,0.0634144546232795,0.03787856290199815,0.07010958573497088,0.00499128895005053,-0.06139731136203717,0.06610979440615031,-0.08582032731739973,-0.022528613593898142,0.055511533220399034,-0.09119055072148757,0.020884520350298006,0.029126683600894133,-0.11851555126150888,-0.014048026933757975,0.04209265774243421,0.06596911840053298,-0.01909696908892257,-0.056818192743137125,0.025708843385988788,0.015553693014515476,-0.050989641477992946,0.11363072692463645,0.012747495723953567,0.009952496364716575,-0.026513786909501996,-0.019666004899811743,-0.05599888486899837,-0.007977862619388475,-0.019738003381764634,-0.0005441482433503796,-0.08066197226865111,0.03448550290525065,0.02500459896658857,-0.041140268186875696,0.0939807547959158,0.017900057329803862,-0.0322244155035314,0.04706133180071262,0.09311439120171877,0.04215221218848583,0.038746310239407965,0.10809848985330739,-0.061578122127187496,0.04858655662273584,-0.040690645398409386,-0.006698974566877518,0.04649552093786107,-0.03420999295467921,-0.02376664126958662,0.023410031874994564,0.0791465691873288,-0.02186099545510843,-0.002140091211532687,0.04252923199022347,0.04943465206797564,-0.016695678497743106,-0.059944628595487284,0.0031888266742536244,-0.13112230384004903,-0.06347997243857921,-0.033357894665939955,-0.022312596370930207,0.03926756030084183,-0.09194634964721873,-0.06579760394816589,0.04006296222736638,-0.0026738574529961237,-0.04494485063965397,0.057560234931772654,-0.08000308809796947,-0.09844208335259946,0.020882072023087284,0.10124576199735488,0.0076051277779224215,0.10371458019558924,-0.0580907665702099,0.1270861278447494,-0.0058555193383558685,-0.09663907573152349,-0.04816456410606265,-0.015991533577896476,-0.052247970387653254,-0.22072128104650987,-0.012837797970147018,0.06223064243394355,0.05313526324041269,-0.09079588308215664,0.0066230229176271575,-0.04192297838687348,0.008564387652747292,0.1249939026623005,-0.11016823021000265,0.006953242145757243,0.05205717898363664,0.10407321636222105,sport
58,-0.14889365460961454,-0.00958398439165821,0.0674018827984406,-0.04620896095497174,0.13677416329730055,-0.025732100094146778,0.7007752205161027,0.4121327642551737,0.11952227975572777,0.08165117256611686,0.12866179472189088,0.07587584163655826,-0.05284284134965332,0.005944173945045734,-0.042738768901109496,0.009717895514893837,0.02565792761900436,0.011327256978777478,0.0525825301540762,0.013747341966189259,0.04307257796057863,-0.04285719581367301,-0.023270070741183268,-0.007954237079328026,-0.016071921144170657,0.02837569526597697,-0.028091742030260446,-0.0272844082249642,-0.016272274610389142,0.006546459284201335,0.03874987719734025,0.004929135027725075,-0.03776877560675658,0.004159932420781652,0.01814572017867606,-0.0434450874615564,-0.02543409422653954,0.021271342612895573,-0.0032233691349506134,0.032937741947775045,-0.01517879513702516,0.04816896177025093,-0.022627347544262905,-0.04498660618421877,-0.0234896037363342,0.04006026963544704,0.027292246736614022,-0.0518648489909506,-0.0019904398601715643,0.03907996740058293,0.004054328129446871,-0.040646364415116584,-0.03184879589502683,-0.03488739672613778,0.006857074906385999,0.011907076377741561,0.016657473178142805,-0.027883589741162233,0.016866491338595763,0.010137664229841787,-0.03917701078877292,0.01048268025773258,-0.035299999609095835,-0.00528611252662962,-0.03272688910958366,-0.0061706210784831655,0.030477912480296146,0.000774142754683859,-0.024203109443779413,0.018716190162537383,0.010981059894102028,-0.008148330628030089,0.019244043341379184,0.0032433907007534146,0.020210736222245868,-0.04570867234837886,-0.029119680566178096,0.010874515087163679,-0.00917761228281953,-0.01732305171184839,0.006451468127423239,-0.02099872205051333,-0.005089744171589095,0.04613058434431733,0.053898530372562925,0.007618866318403571,0.00781523713759038,-0.044177128942411055,0.020507845138066257,0.02404319142309578,0.004698321149872982,-0.01055114047352228,-0.012869640707138098,0.00691927992919508,0.013596083972247444,-0.003536434500378008,0.0017204613167298242,0.017061488348499177,-0.028554487810804136,0.021777222006774254,0.010440295415815133,-0.029140916269255933,0.004045054307979375,0.015422401928008634,-0.04186962863703526,-0.006244661260252475,-0.00905656986932346,0.009914070614925398,-0.015312687777659971,0.014350138757450325,0.014970613975549317,-0.022117357782874474,0.03891333555698247,-0.013077110133389587,-0.06326524683967358,0.022385534364664665,0.0018896875412849087,-0.000756688273644764,-0.021649705331204933,0.02962649895929448,-0.0125139069713647,-0.003578861750265867,-0.02079365006819766,0.0445070434863181,-0.015397558518695781,0.0011749635731888317,0.003926598464773054,-0.025915882261062617,0.03285041325558893,-0.00347544458232345,0.004906583442968562,-0.0031714487674846833,-0.04443267221829352,0.0023528932461315665,-0.0324111562645249,-0.0048795286619681055,0.006691831364172586,-0.008201354780759758,-0.007536988364637293,-0.021278898309438795,0.016989310385880616,0.00031428060010363546,-0.029803509455208887,0.04863376748941482,sport
59,-0.2477667924809851,-0.04988851218455911,0.15355932139835624,-0.12042712684054349,-0.20908670650601438,-0.10780761708004682,-0.07398532040766119,-0.0017375930819416988,0.06191499680649459,-0.012062036563450413,-0.04179533410351511,-0.035227267664505325,-0.05867575523226321,0.011175885382267587,-0.05932175505551109,0.022292666957683314,-0.042440420750980916,-0.14059873049452568,-0.04540478309200389,-0.08168830929404514,-0.12777604357003747,-0.014168063014133812,0.01870798859454753,-0.080677210664455,0.04114594940836507,-0.007801630847519475,0.03186628695523042,0.029342050400296346,-0.01409593590215517,0.09155843946627404,0.00761572354403523,0.06070357471765481,-0.09018169096584965,-0.045352218244724705,-0.008811944904068775,0.039409519287827,0.05562928292132332,-0.016485536331017406,-0.12088704355322555,-0.06888323122452567,0.018673137553836455,0.16861414307289962,-0.12322244247705559,-0.15300523216201933,-0.050110256675992414,0.004383101161094205,-0.039886927366586646,-0.055129421525741226,-0.059227763032086336,0.011505438368545891,-0.15552508319797725,-0.04283280730804076,0.1404763557482088,-0.20405927347404101,-0.07581048364328916,-0.019802472012791825,0.0540205033659794,0.02937891773111162,-0.022184965241507596,0.0161396624924403,-0.13098179658366188,0.003462659550606333,0.05819938908054151,-0.010020589128040765,0.0054417572918539475,0.020076151775952313,-0.0624968891577064,0.14098104131991288,-0.05410980515233662,-0.03960258567910295,-0.03620613101691361,-0.06302621475083615,-0.043989881538211574,0.004102634610668619,0.007393106367336154,0.0024725649265903544,0.039129134919178,0.03466745141533848,-0.03304003864448684,0.021331142787865166,-0.04330540233949698,-0.02146561483552975,-0.04095975575206885,0.028214956515817395,0.04130881727860734,0.0783044504410245,-0.05960744904563818,0.048088778731830616,-0.016980743829223374,0.06434784393916784,-0.03605240552212223,0.02154645613080955,-0.10727884023825897,0.0006195042652464941,0.04058469111091084,-0.06195897693688978,-0.005075384475357626,0.01549763061508626,-0.02586533210496091,0.038702987120910665,-0.014287831706908621,0.04966331646641182,0.1344525897499917,0.026198936237189604,-0.05037694652354129,0.051715219389503075,0.06972182357081302,0.08824018260704997,0.007212605989685552,0.02760841371273976,-0.06742838293448566,-0.04002321628669945,0.0987232421869506,0.15639943350091084,-0.050210294975878075,-0.1935884189227926,-0.02759464723307808,0.0869913959665571,0.0722799701315087,0.05877560022287709,0.1139199790713476,0.07166788919560746,-0.023602156588801763,-0.03480941169757357,0.04453730005900967,-0.10981963025882996,0.13389841072641928,-0.06932694939043467,-0.03824716511757199,-0.11153631774739217,0.03308614461179965,-2.5100545979355737e-05,-0.03962564101039294,-0.043458129846710526,-0.07975868878223774,0.12546938625399118,-0.07008056932636675,-0.04244382278934052,-0.03123656793872704,-0.04742139367726933,0.015861981275906573,-0.01970489477320966,0.16452928674262535,0.022771640097613535,sport
60,-0.02897407164327458,0.04755023153970691,-0.12477664274216523,0.006046087936984003,0.010997259808642771,0.103020590624182,0.14233166234968397,-0.18009298370119417,-0.04891015760467573,0.1020245655602635,-0.07802820994026957,-0.27092994861924463,0.1672435739297828,-0.035754499661642555,0.04735267905573488,-0.14679153357862149,0.034183006999300186,-0.14963221654054196,0.09354996766744875,0.0032168813675073774,-0.021450673090190133,-0.12852315078819235,-0.18447835026664922,0.06370594206513722,0.02763272521377938,0.11399624611897892,-0.0031265605073296718,0.13633756496083158,-0.02785540791768332,0.01782426870731111,-0.026779979859123604,-0.0076881662277063076,0.1218981623755483,0.07448006533975071,-0.19123338623905628,-0.19918368759158647,0.060355938479293804,-0.02581585330654109,-0.16267376662538624,0.25225008247122155,-0.1199189207533363,0.05340029234279244,0.006728750099024848,-0.038173905918359306,0.1254234369849642,0.16898861760002115,-0.12454137215962444,0.05967672268258888,-0.014357227218337319,-0.1207424606005644,-0.00589620176266148,0.0468291487517582,-0.03590997521981024,0.025079129924132047,-0.04380432177015143,0.09759141187606597,-0.013537452490722657,0.07097036326440893,-0.05730272863614231,-0.043989379070980966,-0.11128946315600007,0.0038480070519109205,0.0405540674239093,0.04528877606560346,0.012962856316063804,0.03130232845561609,0.07200577402409994,-0.03619658936835862,0.028090272072980243,-0.0012428201421444695,-0.018015405701311882,-0.009493702450856789,0.014317572733842675,-0.003925034020502046,-0.0007764430275171817,-0.0070192684759404975,0.025736761823694543,-0.0062392389791006975,-0.0064581604090075805,0.03439757382168475,0.03466851179197495,-0.017856487223238824,-0.0729450796846788,-0.013157844099304313,-0.07352752140914294,0.02918064923599021,-0.050355043886010066,0.0231430262657965,0.0016667700163724465,-0.05376564715336496,-0.008801100736219333,0.0022812986079556686,-0.013230366363137527,-0.025320613670119226,-0.036651553231687124,0.008365506207858269,-0.03125041328357481,-0.022851253420476253,0.020418346514775313,-0.11095971712773543,0.023290999172581043,0.07287722747196779,-0.04056121621492349,0.024333104542907054,0.01889512690919516,-0.03125326558808382,0.013185811686150125,-0.031667320330965226,-0.08759909846267692,0.06583327642098245,-0.007637686988876407,-0.09816047974752642,-0.020784468864368615,-0.00013693230304969714,-0.06919525615369602,-0.00694162413150821,-0.005425551285415193,0.02296604604201284,-0.0314560831002367,-0.013736980003819045,-0.08804651269602187,-0.07113848342084834,-0.0877628692630223,-0.05910493871027119,0.024355076574401488,-0.032773104558082106,0.05955876701220109,0.04667323225600797,0.031619557138475626,0.001018987036741521,-0.07718244727395147,-0.005742443059500117,0.06994490671293652,-0.0022948599361608687,-0.0654309607117198,-0.012532684392688134,0.00873159899643461,0.01985746531154178,-0.0893776720415614,0.1033648025431471,-0.05590104611013717,-0.02505288387045825,-0.0698759692305023,0.16708537024044093,sport
61,-0.2040650692358454,-0.01777120142808505,0.12589760421322174,-0.11357573202343085,0.053943384582246255,0.04092008147767505,-0.11228255523141642,-0.01262255372464428,0.004044757102008263,0.005483558773303105,0.0138866197711816,0.02369848698477397,-0.033158025194336194,0.06773123310338061,0.0015889026248096872,0.037430866074364744,-0.2739158960199764,0.17728968314660026,0.5815476419204371,-0.004574352226972292,0.02965018019243172,-0.04292111959609358,0.020809269831826394,-0.09914095084282007,0.02822876394256571,0.08330818184147705,-0.040076593920202574,-0.03386737428904955,-0.08013101444606671,-0.01658367368482821,0.034172959084492874,0.004538055361738231,-0.02733490501716484,0.01306676386555728,-0.04018019510317986,0.020446149313430747,0.05651750283214499,-0.07063748651265353,-0.023141969342036998,-0.05694565800670082,0.007169612090525978,-0.0634867249328823,-0.008719548387467661,-0.032964594820041514,-0.047804740309685526,-0.008640078012896664,-0.013552461623984073,-0.04409348917684922,0.02581257375644323,0.010310504222390496,-0.04686353711987539,-0.014621789118828192,-0.004761533240515951,-0.06608510194488303,-0.060221928902490916,0.0453810574627875,0.05706275178090661,0.03817787665955385,-0.0016476123511590607,0.027693359197000323,-0.013110547599613966,0.007847990077386463,0.04220090880658187,-0.01654202021014292,-0.0656139867624643,0.0051218765888627615,0.04072365325972858,0.04487241978586113,0.010141968458751635,0.04717918428808804,-0.006832904609083344,-0.009090760591639392,0.017962932395779136,0.03003463094373171,0.031056742211726582,0.031227706079553646,-0.03089461394177177,0.019512887172234667,-0.009164301236126545,-0.011018600041758567,-0.015542853621724265,0.018004758631280728,0.020820302001510735,-0.044135503598118284,-0.0365612114057199,0.007821089962495921,0.028830343647879765,-0.02357009999506756,-0.00389365376893027,-0.007250338300903825,0.02402515216743052,0.0025395014245322843,-0.039758202377510675,0.02374210158309198,-0.024307206518954648,0.05166121844222883,-0.027972182931080374,0.0028725749702334497,-0.0028036254835969673,0.05546911965056046,0.0056729938399885296,-0.05048890718296628,-0.007228410632393758,0.034253805802530776,-0.012873574143161044,0.024654658930310238,0.025476003848486892,0.02731590443465463,0.012228545386139447,0.09232274252808793,0.040407649384214935,-0.02228693332249948,-0.023331304880434882,-0.06608773748787947,-0.02114596392326891,0.02476068431167926,-0.01102639674086924,-0.03646374522884392,0.014963341637333536,-0.025900362483808316,-0.04821326108333824,0.0058055704452590964,0.05363554707865516,0.011165712025634267,-0.09842580558544609,0.025278345998849594,-0.029567580826092444,-0.028956842471675907,-0.038036527410568656,-0.021050404404387366,-0.04778201795907735,0.023303367944950255,0.06720313871474473,0.03365003817360157,-0.07577781164610208,-0.19008634913546993,0.09993366267532061,-0.02534901114576207,0.014828942845375054,-0.053913036973728415,-0.03695896999875166,0.034503187765340816,0.0036255631824163234,-0.050012957154942035,sport
62,-0.048809569271511394,-0.01914172445223137,-0.02585138950609933,-0.037003855162284625,-0.038572700922924905,0.0007967093029285398,0.01631066538910341,-0.01755939221472117,-0.027249851273029115,-0.035218889188977635,0.005738454778759956,-0.021643427670470342,-0.032770487611710135,0.08559323984620842,0.12969519293718265,-0.06599112064352673,-0.25334306820185903,0.1256785589151505,-0.23501962209776178,0.2684144955645593,0.047005889570402505,-0.08730611618870587,0.02401234808211454,-0.057048317468863845,-0.019341238964521508,0.06948347800895065,-0.04792752902596666,-0.04639750718656135,0.003244542926475314,0.021338012557306815,-0.04343030490079324,-0.028582925216860535,0.04055338478359151,0.004178904166372798,-0.008301975994614305,-0.00478498898473086,-0.0020225599377325753,-0.003272537490308018,0.023931618378790317,-0.04610447757009462,0.05001298088009919,-0.033890886021738585,0.05324715388606373,0.003989589688011381,0.02229544024672017,0.02043700633466485,-0.009241244453491495,-0.01197445972788613,-0.02322239739557092,-0.033725834214441475,0.04551648828715493,0.06799029734979314,0.017909950772784972,-0.004967553878910383,-0.0314550798690093,0.04802282263049119,0.031527421674183556,0.04932158971739915,0.12952096384771733,0.036619485469339755,-0.015740063736320323,0.06407047940574724,0.04767254511015649,0.017754807097984313,-0.058555765917056114,-0.054317829050116735,-0.05878806862909785,-0.0037563903456214742,-0.03217572333561213,0.12828664439431042,-0.036045122972159116,0.15919879991278774,-0.0771362188225334,0.10827672893860416,-0.24573283622220504,-0.09981020425799624,-0.06420737785656572,-0.18730614506416968,-0.11769663936688773,-0.03063268234916543,0.11596967974566784,0.146673545188455,-0.06230695958536969,0.1487635112337981,0.036437742548025044,0.25435447378438625,-0.18475973607795235,0.009708334831696606,-0.09516809540904614,-0.24073002731155008,0.10813544020081249,0.06255321134987538,-0.140253662483043,-0.10910852740191682,0.14633256202671016,0.006367635056252446,-0.08786695057687122,0.033668267022075815,0.037277016932839524,0.10187029732190848,-0.18111471819492264,0.09321607240564095,-0.004054524228952479,0.07864550548341527,0.02532501715494796,0.030517418144009774,0.046200515566368915,-0.01973792243477526,0.11815788455335521,0.06486297350667124,0.029397713076041283,-0.02897819203452929,0.010301491192558347,-0.06432645021607446,0.0011951607059921033,0.01991416529027959,-0.010884183675691756,0.02441773240578248,-0.022521910564471507,-0.060972108886670776,-0.015967626110567144,0.0033350712560366977,0.015720782595942062,-0.06114887863470772,-0.012444796634440121,0.018125702406558277,-0.03817737687231887,-0.018266564566507725,-0.031739153352065896,0.0013011904989624103,0.015090473213752603,0.003895403860171633,-0.03412186739469333,-0.03407164707198342,0.017256688228251223,-0.004411463753340818,-0.004227893670844672,-0.0319611651862435,-0.04835150511789155,0.009693507571950295,0.019681464370252425,0.03336970382965541,-0.03178725636120191,0.053705379800022636,sport
63,-0.17114137948457542,-0.015729875998492224,0.06731748925729798,-0.07716912025971345,-0.029297948291026464,0.00611808905301002,-0.01954364754461475,-0.03260725898592579,-0.09097450761753947,0.013432759983426168,0.039024425915951705,0.013225788909033743,-0.05066607578493656,0.10662314692816473,0.07957373297918108,0.009202650907458223,-0.05469065596226566,0.004164728383585342,0.007203522470846142,0.0019318757138615515,0.08961422693570027,-0.06637921599908807,-0.043078927932600104,0.16600843035504423,-0.02568102137367575,-0.05686451178001729,0.15561927153821517,0.1749315245593725,0.11837697789684337,0.32869829753385876,-0.269393820438808,0.08191738221546341,-0.03452193653654432,-0.03535240921368326,0.10211162425759937,0.16231273812417626,-0.07361026236573212,-0.0012438324925292754,0.0054474778226225005,0.013958649775882083,0.024272017176577867,0.11018937382019392,-0.07002084611856006,-0.10484207754335027,-0.04376817179458249,-0.013948608915524073,0.010270807753678932,-0.028687972917985284,0.0056606274300143675,0.026655852159107752,-0.07048289144303685,0.061664272259715915,0.018645523242669357,-0.11854754918349714,0.08293281880159853,-0.05123888332920067,-0.02351961084937569,0.11406019287725974,-0.014360521499438868,0.0035691572209900165,-0.011167189206323607,-0.0694335223003063,-0.012522941636412403,-0.003847002287475196,-0.029851949729966902,-0.05469784860910332,-0.031794571969453046,-0.037806217787647055,0.05045673631319034,-0.04307504344517594,0.07668035685208502,0.021080612551704098,0.012270093158460714,0.04172882149580013,-0.031811854147883636,-0.11390779805871228,-0.056320420323247675,0.023748422200649114,5.3639508126385355e-06,-0.049238813479390575,0.005920752965920435,-0.07603105174829526,0.09988014273318985,0.10098042224535467,-0.042795056841095656,-0.05907408575887899,0.03160276808758819,0.2010882562545903,0.1031919858287569,0.055268471670543336,0.10357810717646586,-0.06376313868893425,0.029158893078790653,-0.1369299733629164,-0.09538926172637084,0.09767049401768496,-0.01997911150670444,-0.002036427147153854,0.05134976994296626,-0.08426796417609787,0.028894858553638166,0.02044662010556313,-0.08702376685246913,0.091112866915466,0.04685131953519203,0.06583110461759878,-0.019099952771786714,0.0030876340338693675,-0.014528042396180482,-0.043189311834203124,0.043103690494014364,-0.014408608245271213,0.0006037767436281173,0.003419780839973182,-0.015674589820742095,0.03058272141356753,-0.012044929371331371,0.00011179030104584366,-0.07390639051882056,-0.02570673629376993,-0.1273282652484736,-0.02914600958540794,0.023458653198645672,-0.07678686682355682,0.08497952854147627,-0.11928300670960616,-0.018726025895631337,0.06132684657316332,0.07673239332056676,-0.007115896153167306,0.015298208993684444,0.20954303134180075,0.03304248540920539,-0.004208637541545464,-0.0030726020049776635,0.10875765124921255,-0.008549695445181832,0.021558136145265007,-0.02229084741681195,-0.0766382489049555,0.09631977878826006,0.04732434804528534,-0.0719135109609221,-0.05499948444015432,sport
64,-0.2646783181478717,-0.028268393965180556,0.20467122464052712,-0.10468448597014103,0.32941093652095527,0.18397334060124496,-0.15771164836276588,-0.09236313699938671,0.4122192702426758,0.0892670496655067,0.0428751483683761,0.01124285264626826,-0.04286394269483795,0.011920238630450582,0.04346423496977219,0.0007105067355397666,0.03190993684175343,-0.05282827700373263,-0.0714264889946164,-0.006448412242942095,-0.00034801954349946817,-0.009606384022174149,0.006871365681564825,0.013442688009709913,-0.018196448703566265,-0.004705153539349926,0.004806117077507901,0.0006858030045636599,0.0044331862784080436,0.028935305195613853,0.0010480614464286934,-0.011529343794652465,-0.003330693172163035,0.001299466031625223,-0.007043658989962586,-0.010857570298728152,-0.017412836058247366,0.022387564148895388,0.037114930551540234,0.03868581438810238,0.011668274799207684,0.004961417000341335,-0.001786122349581897,-0.07980289607556744,0.05568645964791666,0.09461134572940817,0.02326607395720456,-0.03521048266785508,0.00873729980019961,-0.04876747336981303,-0.06278409091948045,0.015160715490785846,0.004665706948198243,-0.08804382073443567,0.039564463147549384,0.025446651768926815,0.03800852214566851,0.030325202840262477,0.050322561424601314,0.02608446562619128,0.045806603440291895,0.013101164223463878,-0.008818052457524971,0.030028902970195552,-0.0002739232705610015,0.013025573477945128,-0.03455246892462499,-0.0018599876371397672,0.045230934914564,0.011940939498648204,0.01732909217077157,0.05685384887610432,0.00833672861384142,-0.033495903409050176,-0.05383319276981225,0.015881107784821477,-0.0007685742222417647,0.044370539866738064,0.059483506582804484,-0.012517302501294788,0.018022637381362124,0.04534456764881346,-0.016042759414201836,-0.07118900689665725,-0.033882631887622854,-0.011833792042285848,0.03194834734727626,0.016704591305171088,-0.04020265605769085,-0.013770147380438075,0.042509208103445544,0.047973975718884974,-0.013301196382199195,-0.0018665088923869454,0.05754231070536116,-0.02227099706662071,0.007441749160626472,0.029694706822825854,0.0011259132339226693,-0.01759398839980541,0.033435734287913736,-0.008483891441179064,-0.020746341757956522,0.01989024280202209,0.002989924192195603,-0.06115688555889039,-0.00876011656259608,-0.0038108716404952987,0.007543959702510545,-0.009457632697618323,-0.03869199443317606,0.002833919683597529,-0.029011693990401845,-0.041845684615456166,0.013143197130239611,-0.024065036189858106,0.03607974966649442,-0.05518281636454148,-0.011626040829106836,0.11756320075920784,0.0048989862682540745,-0.13255952958903083,-0.006212850410589223,0.1002063011234354,-0.10326175245705506,-0.0018995508158168842,-0.00603677191137255,-0.15301503880472148,0.005231981401335288,-0.06744595671852342,-0.06914735672011851,0.14959815025302406,-0.04166551112247814,-0.10461265877931442,0.06913433586074352,0.025093015016132265,-0.028459807466682533,0.16071104546549045,0.053309668422510316,-0.045922067599538124,-0.09457314184291456,0.06427670938907722,0.021241295568130345,0.0048444991810513115,sport
65,-0.1959362171533551,-0.032193422924851625,0.11251936761756803,-0.15299065417468785,-0.17036132511275678,-0.10568491618753656,0.0036508951090978717,-0.011427967636819495,-0.02940234750606057,-0.018936001179457308,-0.036737499461654596,-0.03684346600612148,-0.01719972686705701,0.03024757913985066,0.030311472789922564,0.025306906743201282,-0.016084920646264777,-0.14847578071484824,-0.0058721351864650245,-0.1483537572611436,-0.23238876452185023,0.04605165325527032,0.08454660008827518,-0.011364811989973429,0.00979287254334718,0.2909925246611205,-0.226712210291837,0.1189135974432497,0.11496337779506824,0.2584886617222001,0.3886912410447847,-0.1848487113804959,-0.05942957629413576,-0.016832541950440177,0.015398509168775977,0.09528198574072885,-0.017146448189197847,0.005067270585828626,-0.02491855980262116,-0.028005578802956024,0.06317323430317116,0.018515532419089216,0.004770565192686679,0.0320579905002437,0.07960354356375672,-0.015637041211721464,0.0523095560387233,0.046402084184353765,-0.027908186920927468,-0.019436194098754942,0.0666396660678955,0.03877588832061006,-0.020622544631263583,0.11262913903672819,0.07942216858066002,-0.11971929538749305,-0.06274742844469212,0.017885089991127975,-0.059185881213713716,-0.04184369665179217,-0.0024347057420437326,-0.006496731848282592,-0.04246600643533373,0.044659489613269036,0.0322244728826226,-0.03218356634178642,0.0013864273607126169,-0.01537404792752129,0.01891485067429484,-0.012448378325940807,0.030972843372160754,0.0529377644381925,0.027191522116500475,0.0027673898257151606,-0.04154027210920466,-0.01675738553251871,0.00020606149768983209,-0.07518731263418249,0.0651712767867168,0.06653894397958077,0.019252981641442866,0.0056841146791865626,-0.0022594364282999164,-0.03128472856441304,0.0020676078892168143,-0.0005866639251987291,-0.005749047041995883,0.005937141017558663,-0.010537701992814896,-0.015461432198379553,-0.023523643567439724,-0.0059039213932516035,-0.056418734771370965,-0.017358198352313406,0.013060350278315796,-0.02857960446204914,0.045640234773010546,0.023523395005628427,-0.004086445998570681,0.0033190554529401077,-0.0003616169568078717,0.007871892857012348,0.013846555906745314,-0.04277314345801221,0.008959248162458928,0.019901367912538024,-0.00806793414604092,0.006490102835885163,0.03579198225961659,0.014984299868714811,-0.03371158110281225,-0.01344225710149758,0.0319287415748865,-0.0009240198829466725,0.005186345431874922,-0.012784729655379936,0.005909791968708901,-0.00893860180487192,-0.0191312117664386,0.014660931651830536,-0.0076508353943623665,-0.006556755240860914,0.024104134644444993,0.005842816858671563,0.019661364150941253,-0.0014045711948016027,0.02702877344053861,0.0066790954263255525,0.00835116914711172,0.005159281608434788,0.007084913718567939,0.04569331343715596,-0.017395148967162807,-0.0031506295091740673,-0.012783279530763662,-0.010641016533708279,-0.011735048827369874,-0.014266152196069588,-0.04122852615383233,0.025002912840496043,-0.00037786256042706426,0.01647073313092169,0.003848073371426042,-0.007218388183291258,sport
66,-0.10555027186607746,0.052065917634213844,0.039541430721548615,0.10819350309692108,-0.14982934838066006,0.06572310732250163,-0.07652113454573711,0.11951786850145978,-0.02824162497944066,0.008162900747497136,-0.137222518798704,0.0019830786579533755,-0.2395731737717307,0.10559917664781485,0.024131553812240848,0.016495954253161343,-0.09513724608588871,-0.35432415957844204,-0.006273691651596799,-0.1516290221112025,0.1998497583550726,-0.26706694902322153,-0.018690169283354437,0.11122118642333924,-0.05915982298044283,-0.14520744680389763,-0.05083500817726298,-0.14525451000685682,-0.05026933492511874,-0.17307803708018243,0.08093041973559839,0.052980264803924385,-0.002431982311183699,0.02235331958838106,-0.009558163422531036,0.07737591727239114,-0.010131835586111788,0.0017342633606954327,0.010293398443366785,-0.06381070811985631,0.037108859100625786,-0.05357605099573866,0.02406189669683362,0.03518428300609437,0.07065811698796212,0.042105852504492544,0.030435722754372587,0.04060241722552802,-0.09873476588728508,0.023125552393602308,0.03001147772186732,0.07624515793190256,0.07518321146254746,-0.02395692370431105,0.06468104428296174,0.004476679711848747,0.026183926516036193,0.00626333976221743,0.006374205568583385,-0.0285320408702337,-0.06274800639829291,-0.004149254566282098,0.009412591746081243,0.005900929286382699,-0.01593300404915779,-0.023446391108425824,-0.009787642138652096,-0.009486865354913323,-0.02216669396800548,-0.05620609686537407,0.009990225276440688,-0.00563357963309912,-0.009430421630089673,0.02072979334097963,-0.03084508111888088,-0.0071188958185360455,0.009800762343315726,-0.015610203150502159,-0.011559657528999045,0.0422988612117019,-0.031970016664827,0.042818737006706166,-0.04239100181176177,-0.006351820010217888,0.03476699077152704,-0.03333413193740032,-0.05497483927603859,0.04083131503085676,0.04639408326043043,-0.004561359552878964,-0.03413556854766232,-0.07984956291358544,-0.018921975452340874,-0.005872173353558706,-0.09064809996871077,0.030214147511685642,-0.022577901463091,-0.06409007305753239,0.0016213151069777267,-0.03235943941253996,-0.025130435353133508,-0.02657958463251499,-0.0019435640240493823,0.03756072770974495,-0.06558820313514636,0.06482722021730715,0.004318715545276289,0.057902454946064615,-0.009631124087320713,0.12249312021216574,-0.014263848796886308,0.002778584484969803,0.03000834292902528,-0.06673997398956732,-0.06373113143703694,-0.03321912310368719,0.027429981480628928,0.014944580460739794,-0.010153164992099697,1.2252948426383145e-05,0.0843147937427142,-0.04519354289046805,-0.06611220739782993,-0.023668812995740893,0.052695684112022606,-0.05023701392089762,-0.01973645542521496,0.049028594297091985,-0.04565815206095172,-0.007348907136530805,0.06107606596891996,0.06468500851706484,-0.011954044569717706,0.07025542942569081,0.051558888933486244,-0.09005713970455118,-0.05850414548553844,-0.04654429863459119,0.05061140437107734,0.15492514261571427,0.07938832427399968,-0.07759889678362192,-0.08016057453813846,-0.01616529290691275,sport
67,-0.09675057820867138,0.0007380428053122541,0.0043254801428794995,0.00402031717884849,-0.05585596299914374,0.03744514835720463,0.014763454098936658,0.049838322503106,-0.05004044057441613,-0.004576977965325114,-0.04701306726258104,-0.0009638287009194231,-0.017928348075988535,0.04850933054904019,0.08445122990429763,-0.008872256209613946,0.01863148240775116,-0.020472097655703594,-0.03496972322374103,0.007715980148444208,0.04239335207491686,-0.020050198458882874,0.004788225810377351,-0.018483592678618745,0.02692601111907021,-0.031859571611370374,0.08796850513066015,0.04699628738766532,0.015442933670981443,0.019951867675223736,-0.09197242720912364,-0.0017704717755796893,0.06711554607131139,-0.0009919277150165413,0.08956352838052702,0.15905542209958712,-0.08988807712741011,-0.04766964101425315,0.10400168484747639,-0.10192127665488661,-0.007142619978538093,0.011759320349423901,0.07468327805352025,0.1398663575632813,0.29811321213795067,0.12331970567966025,0.06671074159374933,0.0072529193780208195,-0.020424271958934627,-0.17259199658156701,-0.25715579225922075,0.08486546304527735,-0.0029009084012484388,0.14419826207859737,0.06885981208210645,-0.12440332729023705,-0.07248830284340309,-0.0003447497617537601,0.04234524271828401,-0.06789391885422187,-0.2925130321652879,0.17874800491355888,0.05713976689368295,-0.14075088103882435,-0.11609882775723433,-0.009342542956275839,0.21450026831002963,0.16881967662054148,-0.07822404692835702,-0.15114329207641208,-0.1552401399461734,-0.10452969998286275,0.03649511146720283,0.010482954361206031,0.0345293275332752,-0.06506537416066102,-0.10145394052446345,-0.03847144594256544,-0.06256324273693072,-0.026572518991445804,0.01805852047306903,-0.1699378490886726,0.020047990836778752,-0.055820973216354264,-0.11875911906599257,-0.12196176601296085,0.009445563766019361,0.11901105179145031,-0.03513730535412466,-0.11563278500317449,0.07671831271923736,0.051286149663703554,-0.03733547152489113,0.054159802807546474,-0.19864634369780998,-0.03409520268941358,-0.021758443612632218,0.013326022246677623,-0.05947400496607559,0.13097404481889421,-0.08837766302383909,-0.005294356656734285,0.03413203301998147,-0.06308128617113151,-0.035605682769959374,-0.014663631478721042,-0.02700283625123029,-0.06064045641789366,0.06871234205632157,0.033387204591533284,0.015575966157682914,0.009230285437962612,0.015172506531559167,0.05266053869101236,0.04951853612100557,0.03264730680679204,0.023636823061569657,-0.04522540288476675,0.01110082807925771,0.08065069505075502,-0.03991692341208531,0.013486867429964175,0.06197604628159884,0.035926890090840546,-0.06117625859878983,0.055786953117070756,-0.040229400267101166,-0.043171432916531916,0.013128004295446766,-0.021886461322540216,0.0031345656234879173,-0.07357168786422387,0.040440464019869636,-0.0006209176025516517,-0.01707385992372417,0.007354763420119745,0.03303560457863849,0.03519314048250847,-0.013211906805051904,-0.036272112672822814,-0.054892103458380005,0.0051068813606199555,0.009965099349609789,0.007538146555390072,sport
68,-0.12283030862531213,-0.010386587929310685,0.018091150208533323,-0.04927164797215642,-0.12146069640749109,-0.008829889927016037,-0.00268579600827912,-0.02463895206296506,-0.040419114025737356,0.01124635029673326,-0.00038424467269998274,0.00456145496808457,-0.02847974508079542,0.00990188047223723,0.0347785908995276,-0.006449048194651631,-0.04499746649679545,-0.01943343793174987,-0.007547366506544414,0.030386511710304376,0.026504618640210094,-0.018715187439871262,-0.006850989605036976,-0.01873547679430052,0.006552393414798127,-0.013689878818530909,0.10023372992985213,0.08385485905266196,0.03927711262524644,0.08665386501628443,-0.11816197518370718,0.0163252729853497,0.03312904741879221,0.02696015818716223,0.01177516137705563,0.11351367900185391,-0.006685708422254842,-0.02567963461272567,-0.02329170527176433,-0.09054876087798246,-0.050460840719005855,0.18294652922377427,-0.11368262821812326,-0.039696690409939665,0.24263668584600726,0.07778786676863185,0.10489551401983657,0.050227493952773844,-0.021845257548359434,-0.08167202420761623,0.22269962956037487,-0.10691024183490389,-0.0996850675369615,-0.02153183049660651,0.00865104203859917,0.18262798554848603,0.19033007484706949,-0.08328320761468298,0.22335384995166807,0.1284266557205119,0.21172999833625022,0.00938294422989837,0.04949257316799095,-0.0449774100716365,-0.09470025784473415,-0.05778836350952149,0.15453810343904179,-0.22563220532087003,0.04354601163549093,0.14203152316056272,0.04049503115069931,0.03411818606808757,0.04397863500719517,0.0029253931755976793,0.04130032562426978,-0.0005879921052449794,-0.06981279840298593,-0.08952114823894657,0.019394716232730987,-0.022747790741425238,-0.019945102096781766,-0.07500055112297513,-0.1455081165824373,0.057215422545717355,0.13628465462158215,-0.13713839470650413,0.1453469533722203,-0.023958476159382406,-0.03222712554050432,0.03707380365870584,-0.05596468820558444,-0.04195490084659599,0.181053758643243,0.05919983758899998,0.048014230810061974,-0.17327793252906604,-0.08135627600298384,-0.14339222012658798,-0.13412228395459155,0.018568276017795957,-0.06713333313671031,0.05788300949384906,0.14130722000335916,-0.1855256755191085,0.03972078867187424,0.057030406470797844,0.011929899368911633,0.04314384208296478,0.030741293757114,-0.024214191941661016,-0.017429893425152863,-0.1056056305559101,0.06487978796187191,-0.027718437337868298,0.01395483285620356,-0.010721665194034367,-0.03708255858982278,0.050319486255504614,0.023811216323478296,0.010278300868432125,-0.017213933598572,0.014838141801161981,-0.014304036803487317,-0.03626313519502427,-0.003052425449417135,0.018075330754805902,-0.022604260569506148,-0.04199257852155876,-0.03510626471058678,0.009566892699639819,0.016618324872024533,-0.0038444599747765426,0.029210674579975008,0.007048983072054462,-0.0048388805210884305,0.011777191085868333,-0.015070602954487344,0.05489641906968551,0.015321561132721685,-0.02110710829075315,-0.0065486339681916856,-0.009957935369951721,-0.023536898080939363,0.018353730321921335,sport
69,0.06038005914549358,0.16483578528320098,-0.09709794339901455,0.030265516709146546,-0.12615518904505899,0.17939811001125583,0.1366188397084404,-0.3337448548942688,-0.08390805288330098,0.09168417425053661,0.1670495003613775,0.27946194019665355,-0.33401553793507077,-0.3367370254077815,0.08745451655570702,-0.32549867508964037,0.07381861643067196,-0.03977233919586941,0.06211561840167683,0.02723618952651958,-0.011790267555097746,0.062187644116139355,-0.08473533180541969,-0.040225089128230244,0.0033014510663040755,-0.009287195999748718,-0.021521548202644465,-0.06312316085209027,0.020320027594235675,0.03732796754361479,0.05154057509664223,0.047454448750930564,0.03862270782828248,-0.06177378273773398,-0.02674332562262487,0.005203073085325041,0.06888945492700975,0.060374827479296234,0.08008112584603938,0.058713894575516234,-0.02154150829444157,-0.014225282771986833,-0.12696131473222808,0.09951286898376122,-0.036033877114292234,-0.08123332044533177,0.017150965573720055,0.04705128854294023,-0.10499113068174207,-0.08213088538786668,-0.02164881764308121,-0.025769104237962314,0.05227807998189995,-0.06546268989929817,0.07495596436188867,0.0047857859454358866,-0.03745399467969786,-0.023325554971865628,-0.07532604498375726,0.0033849059886354154,0.0547294681727407,0.057154990099118515,-0.04808921188551595,-0.10823829493215965,-0.041624705290544274,-0.04199058752533978,0.06272005957879526,0.0965970777629056,0.010047262996140836,0.022397670531409387,0.0338814234713606,0.05318696242264604,-0.009962909168657287,-0.039312220126355116,0.02526297284356064,-0.013598333083467426,-0.01331464084118341,-0.0021702701082978986,-0.017750533772859328,0.008336519558494468,-0.0012626958454454115,0.03617214045366815,0.042362426309378594,0.04746520095637754,0.02760491114398993,0.05119843917959296,-0.0010871105477022838,0.017842742737140645,-0.03463174185430076,0.00707837157961102,-0.04991935839753913,0.012443102325834614,-0.03311891923424928,-0.003205173508537251,0.008666829093739727,0.016956004782962636,-0.007085753541237476,-0.012401882819407765,0.02857228931572718,-0.005560918759546226,0.011054084587223902,-0.051197602959422946,0.022055177646119795,-0.030410647440210926,0.02247791023958458,0.001525667105802018,0.008844921020066617,-0.017289691358950757,-0.034121337084746794,-0.006560766765647073,0.02230737432967229,-0.0144994448566248,0.000523764083399795,0.0025661998686005954,0.013084826444716475,0.016659830148462458,-0.010345883322422207,-0.007773421082041226,-0.023292504417653157,0.02515112253145355,-0.01158692872273308,0.028707401925228096,-0.0029140565724333645,-0.04539348110310902,0.0036539492236134694,-0.011141598832671582,0.01072336784593267,-0.004683601686353463,0.0056381772324459135,-0.006159928043643641,-0.023447141476615405,0.013980859271712928,0.0013294823953669546,0.005223259309822985,0.005470332765001319,-0.004081376348362335,-0.00033670008869666297,0.003330585690482854,-0.004884928208569209,-0.009567050356754682,-0.01839791042853592,-0.010722788166329962,-0.0015049685538090045,-0.006959177162264849,sport
70,-0.0157696672418611,0.04546613454296681,-0.15891034505329435,0.042157120597677566,-0.07567109369278764,0.24267316025340796,0.1597900032351827,-0.2579897859031541,-0.03907150313455025,0.24311746649457078,0.13158914586078382,-0.1366924273899303,0.29522533913309934,0.05001027531737442,-0.0962571084399045,0.10844267787808824,-0.048210837606510314,-0.08172405963838796,0.002563273775768868,-0.06592475246673843,-0.0496599419600265,0.0040236478674833,-0.06860819446781528,-0.04984124338455806,0.05541231511667102,-0.0399961684123209,-0.02082113370550481,-0.02718404702821984,-0.048167548321349285,-0.052293018919155956,0.05732695120134926,0.10279402078431372,0.0451818862710487,0.1617636037468509,0.015758283768968224,0.12938808080810393,-0.16283573555741393,-0.07249671213911664,-0.0388402371492593,-0.03851617638544751,-0.013688501945505456,0.01612208975472891,0.08063481448465737,0.038201222723840196,-0.08453847344183157,0.05469519879899612,0.023762151126746275,-0.0006764379506426414,-0.03446430992115819,0.037220266375114525,0.03849583878438139,0.031988782076467284,-0.005680852580111234,-0.03047639060896314,-0.0074075576363144225,-0.0449500998447295,-0.02957539291730926,0.03240051241348003,0.013247096066104544,0.0006432179649766953,0.02567805059035092,0.018310885769751692,0.026273037066479068,0.027259182530113873,-0.04964770310874023,0.00804657383417658,-0.010209128616168076,-0.0009109560146188916,-0.029711850039576906,-0.04058630499567048,0.023769961778949595,0.037305605754295985,-0.008788413364697507,0.03650923961687442,0.011502848119437492,0.044911114865309826,0.04642667300659867,-0.0011006233425941141,-0.05645816582678573,0.05479922140295581,-0.039896144247879815,0.015918495398541278,-0.06527106602686487,-0.0074252111044118526,-0.043570942385596556,-0.012161843381926328,-0.04051372045473525,0.010902963722763769,-0.06407136853505623,0.0074569013022158116,0.007593420488240071,0.037637374359149586,0.026855498150903385,0.06872404872142901,0.0032523285169413097,-0.01634675603615557,-0.02361680000041748,-0.0841146357611621,-0.07452861550561908,-0.016917762948192024,-0.02233370464603088,0.060861505520675645,-0.026504139334613076,0.008701241368827745,0.034631999082308615,0.06513161857568656,0.08387237000428056,-0.03434390847406661,-0.11271283748755817,0.030861337399758056,0.05683297979710843,-0.11834540249133955,-0.09304540037290104,-0.022357241960517988,-0.05211681359741446,0.006261461764003928,-0.09593238523564711,0.025083127754887465,-0.11949138881295102,0.05820257971944738,-0.09991203366287571,0.08061036119513505,-0.04436444524751841,0.002594366584608441,-0.08411874142420894,0.0018297318416956219,0.12583091102370844,0.15326079941033327,0.019426896285250995,-0.01006856840829383,-0.1170829398766938,-0.022921620373836635,0.03214584456248995,-0.13621128395910617,0.02385092161795188,0.06634631251055281,-0.005716039917937407,-0.0687263700318876,-0.044567536735191766,-0.000530378815546969,-0.13173885355456647,0.097539665592927,0.11896468444455333,-0.011435474520160709,sport
71,-0.2802283326637483,-0.031148645327310587,0.22723119708788403,-0.10774785100033586,0.3737462287510243,0.21099702470009327,-0.18479564031272658,-0.12010501797782591,0.4763741239331525,0.11094014911685504,0.04209184381678119,0.016557963837896324,-0.022148309358253546,0.0004997079941659917,0.043868524130371525,-0.008005416031553587,0.09946572638911383,-0.03086615261065765,-0.08471221380638058,-0.010823314677323718,0.002036817547937745,-0.03568217424444635,0.011014486226907537,-0.0012723845759147663,-0.0015023393582762245,0.028817908626338852,-0.03779777269445113,-0.0016639521268338958,-0.02540631891678749,0.02281798101350798,0.028345199890194617,0.005121092764800649,0.0020334883943358343,0.01453012611544485,0.015997402567689223,0.007950633588316545,-0.020728914924449747,0.009210974242863178,0.016121138895636995,0.026496041486146142,-0.0027848471083823127,-0.030022822937558962,-0.0031606671925267947,-0.000656116875399915,-0.010172863991723244,0.05173204152601664,0.012051868435321127,-0.029194599804060466,-0.011243215260491572,-0.017948717517480662,-0.0062580268249462,-0.010826213799676566,0.0024932929068255958,-0.05022766657914898,0.009202008933697423,0.020266234537278303,0.026826864117850104,0.016306027742326087,0.010918710341712037,-0.014255472783475068,-0.0005289464967045981,0.02597224744722372,-0.004905409683315529,0.009528339910417438,-0.025183228937126437,0.018408350192516295,-0.004949286817417147,0.002229500308061784,0.011639272634727643,-0.014372734743134425,-0.028118244888772424,0.018975120931160584,-0.019618747733512413,-0.020981379035810113,-0.011804277047960676,0.0002327517450265765,0.005752797161157105,0.0198542162100118,0.0013501418282150608,0.017088733261241454,-0.004356147035067325,-0.0038127147034142388,0.0031319640367079744,-0.0642103940304563,-0.016419120088469175,0.0009180138091873809,-0.024686442174909406,0.0006076325084621632,-0.018451774022057756,-0.017863855962823687,-0.00844371262133872,0.01545627929625226,-0.017761613202345018,-0.03967851510888255,0.004428112969545043,-0.008062378154178934,0.011483592617026011,-0.0184774305475307,0.014469927703325215,-0.026687721945354348,0.014209837074782792,0.01755276701739764,-0.024240094751181048,0.016319954574070903,0.0016746021351707297,-0.026514374493188487,-0.024919406670147082,-0.00022709013647719472,0.023857621584327273,-0.048984458405805745,-0.033536725545984095,0.01510442518339775,0.0024949867686365618,-0.022521103975071084,0.014453779539655747,-0.040019582177322856,0.028757957350758343,-0.008969327884767495,-0.0008224991937943923,0.04150505014762597,-0.02548051533950362,-0.03197205585811449,0.011673769096661254,0.0004660499534342533,-0.02642030848926968,-0.00034823458183199654,0.027236724358100046,-0.13171172667092204,0.03505609585235137,-0.0995678411034811,-0.02117095247868314,0.08464201036277333,-0.03588309689010765,-0.026139275373570903,-0.010211569877275974,-0.03892817618523684,0.01225308289618691,0.026051406862450634,0.01536360238269375,-0.057098324918577664,-0.010544234959427558,0.02493560548945499,-0.04923376790484164,0.036986134744762436,sport
72,-0.09094344057927535,-0.0048900505481387375,-0.07350984133650958,0.07768038595556605,-0.14181232233149516,0.2520196940832952,-0.09218721167294565,0.2851400996465394,0.04687954897141855,-0.011252221897298364,-0.23492139714169802,-0.043485375482678196,0.10199547664084338,-0.13019491246121304,-0.022800149499845542,-0.12511602741721609,-0.02729314789006373,0.0869992457233198,0.013313017074832728,0.12256418733777595,-0.10987603141767625,0.3625717189506583,-0.07880559786363542,0.3941243784920095,-0.0446140677500027,-0.050946625074142035,-0.17760433147230406,-0.1545172219119274,-0.09079378436781431,0.0010789351046068033,-0.012016464957222047,0.1070094679501929,-0.07138186346655397,-0.006269700460977396,-0.00490963886486137,0.052206285395087336,0.04465090618622048,-0.08950588722131039,-0.036427991046972835,-0.04658209363576319,0.015364460612004171,-0.003818999402451558,-0.0804503628366037,-0.020109489437753,0.021199805144152335,0.09800679542109021,0.10892593064272348,-0.06741154948311447,-0.029903627913169757,0.021870959253494412,-0.04685631472612558,-0.015442921090315462,-0.04744009017280218,0.013210750573363465,-0.04187488684144122,-0.015063266051281988,0.002890747369790859,0.048211335370463175,0.004759851958922156,0.003411981689748402,-0.020280517871900154,0.0264376166777583,-0.010875205828420434,0.004332487551395648,-0.009516079217726594,0.02366073778622429,0.020795060888823654,0.03675652993055962,-0.021598518295939777,0.026284958876249355,0.05683875762534221,-0.01352017547458793,0.012219737711884617,0.01852817408449237,0.010050323720891615,-0.012563512393781763,0.033580782510379895,-0.019410709686294436,0.015410873042703041,-0.008812417785511164,0.004346224846548739,-0.011246976922802113,-0.008419557886285125,0.011978518329924064,-0.004457691043880988,0.024829287255864068,-0.02104277165840257,-0.0005931704192170318,-0.012537909748017549,0.04088780239957394,-0.0002693969142267626,0.025245999178390998,-0.002805296168646132,0.0008282892723311113,0.03907492819221037,-0.008319108988070643,0.00791537806172076,0.032863463317279205,0.03896990224700315,0.011678533730197675,0.00588570272052608,-0.01751820688067371,-0.018457883544350087,0.00043838211202416676,0.013985503430511336,0.01607298011442513,-0.011655730372093089,-0.016349836106216115,-0.02250187857363252,0.0008000042405408016,-0.061334489483508114,0.03535447270440562,-0.004725281827417622,-0.0052110031055640675,-0.030768626185623076,0.00018047745341363556,0.04228037737354222,0.020036016815358007,-0.05277536952758491,-0.04676040720092619,0.004612238007248799,-0.06829197857525698,-0.030225898932153817,-0.0103403900811791,0.010317196653616313,-0.016759822582596572,-0.0043789513388938555,-0.009481174698488679,0.005884856807915455,0.03540856027569407,0.016923820723268652,-0.024152697631929874,0.03069153782956938,-0.018544609005667144,-0.025941747501675966,0.002749842955197353,-0.01963656920606666,0.010849268731354725,-0.050165328328253295,0.007465974810566321,-0.03534187642140886,-0.024609659896543318,-0.01575375233981002,-0.07242918756805003,sport
73,0.05720087627755301,0.08146691058802481,-0.07105027280899698,0.014603832928124682,-0.07923577394968757,0.11879732686721055,0.06501916914488312,-0.16586820442300024,-0.03770052685717713,0.050208144527030346,0.1483820128878581,0.14110185592280025,-0.22020356051409895,-0.1251007541295653,0.008831273340265688,-0.17046200736896233,0.009656180482666782,-0.017604746672788323,0.009078247953032616,0.005823335473378237,0.000616066374692268,0.07278184831775854,-0.09428024128050871,-0.055676801447225754,0.04690655592331464,0.008496450807593337,0.024625369266984956,-0.019367308963428722,0.03107722267169648,-0.03332668863581235,0.013884548713838228,-0.015530661391945297,-0.100794556503216,0.09362511783577894,-0.002383640828400788,0.06958121020763401,-0.028614440356921053,0.04216889443857655,0.03155430983845627,-0.15110457556093865,0.14432612207317708,-0.011002901013176053,0.0852804006416014,-0.09330310296826948,-0.040106049942441234,0.04383539436121748,0.01053722490467109,0.019572153228739095,0.024861765694419637,0.053812553540067434,0.03974242126195829,0.12818760609582083,-0.06774743013424837,0.06389867432346691,-0.11312520323010987,-0.10160452752311187,0.15263862322502406,-0.0660239735463663,-0.04006159525331807,-0.023249751010860218,-0.033497188613154975,0.022357617929958343,0.045904385380235495,0.13419313385549408,0.0034184424851570394,0.0862168771124305,-0.11892125325360146,0.001937715700283435,-0.061236847600876144,-0.07259805336392575,-0.017461425460623913,-0.05604154712350206,0.08746556177524809,0.004382892504353889,0.01916272786691928,0.1003431653679588,-0.008336647994704804,0.013150305655381606,-0.011811644226822265,-0.05457392740702817,-0.0006137153638800262,-0.037804050986328344,-0.2002748601757255,-0.03409712475719559,-0.0258624564601742,-0.060788080329578734,-0.039705345541474715,0.0015300885373812944,0.03978028700098742,0.07040385545144937,0.034962576884683204,-0.067375203824392,0.10825950054021422,-0.04391134572883193,0.031009227536781758,-0.04245911398161469,-0.16814895028270208,-0.07960334670921565,0.03525002422545153,0.0293364486934747,-0.05810920099645095,0.04673600460974154,-0.12569066288440678,0.18907646549655321,0.22438806803894198,-0.1614325811342961,-0.18822782899606563,0.07181497592420165,0.13114968819106843,0.15491672218015334,-0.17463434713941123,0.0008686826238624364,-0.006452114120538345,0.019856716171679136,-0.06291711766026223,0.0063451075475824716,-0.07057075269318705,0.002958530011283838,0.0627084848471612,0.10362279213242022,0.12199818160627135,0.006538053965040565,-0.00402336055390948,0.10445544784288603,0.0600493456810196,0.10153044697765491,-0.031355485905955306,0.01528873449852316,0.038915785386572255,0.0058103681554878914,-0.03078826530099386,-0.018369600134587605,0.08610401774192884,-0.04370909241824404,-0.002335120513977003,-0.0017411042239349791,-0.026944077728416158,-0.030705672429477974,-0.006716319528755247,-0.01025530519402377,-0.0027736853054880165,0.015257111877903752,-0.061588884932283025,-0.008140927113401681,sport
74,-0.23666465337679415,-0.021760884568676354,0.16133810633567672,-0.22039707557282634,-0.25799467187388553,-0.2229645882684238,-0.027561434101584334,-0.09711490957936825,0.008306938950731072,0.026862158763201544,0.04323184500515518,0.027616200307862313,0.15615196978797188,-0.07705721706382461,-0.044398024096775235,0.03898131191263121,0.3253630165716973,0.2125368475649616,0.004813178696723021,0.12053548671368622,0.28095736422124834,-0.13254514106408677,-0.052689822602881076,0.09540447742524363,-0.006179213388656475,-0.0023390769398864164,-0.06076104111691394,-0.06253583916610375,0.006673378661627347,-0.041303735204492605,0.07382789233953327,-0.02500720460400875,-0.04433215676481672,0.0032554330731635476,0.005460957641426415,0.014386729721543864,-0.026855505739586723,0.015556615993401614,0.029373988885491482,-0.022092720082085595,0.036015999374253024,3.595122764495104e-05,-0.01593377212913865,-0.03322915665839382,0.01399494657561969,0.014603769834032908,0.012684605756380014,-0.013386608819144129,0.012504598809774198,0.011053679449372576,0.034565557539942206,0.02912775217469415,-0.008566575282218885,0.0009974035932281203,0.01083111000238026,0.002690617599174808,0.014723279088575387,0.043723222853024706,0.020577715515351043,0.007811303207187367,0.015819535048607915,0.0015951779469197918,0.014010332359289912,0.0050374941310010685,-0.011809717439715286,-0.016414593765449244,0.006233943920168198,0.004133120342331225,0.004289020574803533,-0.01930846114905007,-0.009503775190624055,0.01026332322601221,-0.027168641959923925,0.04038570120321675,-0.029564779638678255,0.00017223766165731268,-0.002544902460336105,-0.008257969449436449,-0.018287561671958493,0.008972207872435118,-0.010764733615757603,-0.04794519028806324,0.0601810940735365,0.03317274176605559,-0.01576909387750698,-0.0018174372869169944,0.01352400819738933,-0.00093010532890002,0.04732609308264828,-0.04968537714810407,0.021551144753774162,0.011529075166164615,-0.0025489620071846375,0.0011549233328857096,-0.024477837883412325,0.041110021160589635,0.03543229849711333,-0.015499690599244064,0.024538446695296548,-0.03839676320405486,0.010186666217019587,0.02442597402021526,-0.06557428876205772,0.0032775452022742544,0.06026034551360316,0.007132263446764418,-0.02634741419532186,-0.0013025642642301135,0.008403919585421922,-0.00560929247148258,0.026431569142895187,-0.025258265777014285,-0.011796334597303601,-0.03198029379240284,0.0006154583759146377,0.028355219010894144,0.05921402404340632,0.007096343628826966,0.021235490364391648,0.05304412562101747,-0.02158536055651952,-0.09667298422025622,-0.023414051166198796,-0.06806065119707384,0.04682027366050418,-0.009231798340756112,-0.0808856937835414,0.022869659306568115,0.008199228965948468,-0.006461070447875372,0.014447572674691328,0.07928318944311989,0.013494511690761496,0.036576399598002796,-0.05148130572071918,0.04512638278314394,-0.0489220242183631,-0.04448514712575148,0.017819378194754973,-0.036873804508481586,-0.10264320194848885,-0.0899842816690454,0.024649319232501365,0.033756125392361745,sport
75,-0.266528666793112,-0.041409090327221315,0.15098855654225024,-0.2187994434480765,-0.3391780275720374,-0.28285379418109613,-0.034657786603761155,-0.0390933232380618,0.07295777625579931,-0.025166752728751685,0.0047627771569442425,0.001792798959722814,0.022667642191623056,-0.07907955076393379,-0.11149092087196517,-0.015459227830717003,-0.02701650889550561,-0.06894928462301235,-0.07783349978433766,-0.04911425582816778,-0.10514661972833006,0.09515064943947707,-0.0033556095468424345,-0.13579180157458326,-0.0013505393414398731,-0.053166016820968665,0.07853799109387564,-0.036313879928241075,-0.066575009383124,-0.10230421863294432,-0.11263545334616178,0.057967371918205265,0.03100624562826767,0.010793080552540307,-0.009124080456581809,-0.12644343696156066,-0.06284142829948562,-0.003200914286044511,0.02352432804332717,0.05299784770515534,-0.0017686305489837588,-0.019397836747244778,0.0020995225268864224,-0.005511953431882919,-0.06567659213502905,0.018816955512658537,-0.032632227863230716,-0.0038391598621243927,-0.01856160860346241,0.03194558573074007,0.0018087174557803623,0.018012092526754772,0.020867931081871488,0.0033370953719998224,0.012687115822654171,0.021549831826031995,0.0208060618788825,-0.003530861118599562,0.006010343328131595,-0.020118891900224728,-0.036073812134656345,0.021615862359834922,0.0012910057311128662,-0.009824659653347034,-0.029727958218191568,0.014684613383631428,0.03058903593795357,-0.0184626338124375,-0.056009650434550584,0.027595566837904744,0.032337987765822404,-0.03141324391236551,0.02133352176698128,-0.014204336824453333,0.0254701349655094,0.01735809320169861,-0.08772148907960377,-0.06184768787659336,0.022776652107569104,-0.026277766862078934,0.019801202675162718,-0.038033269668712656,0.03139268655466992,-0.02564650012925267,-0.008099817131300228,-0.010468100718696097,0.02529970321255085,-0.010188322777562436,0.019705648030912307,6.882397018091476e-05,0.037211955362250304,-0.024584120734878392,-0.04366234189178408,0.013440871725281646,0.05949709402458436,-0.016672716329161882,0.04020469727318052,0.06435570940576614,-0.0010342255221322833,0.05277974119623942,0.060878930642501924,-0.0500545562695958,-0.07512210987724682,-0.05311511981756404,0.04731769604755101,-0.04342422078604875,-0.06191228017299463,0.03468590039850036,0.03750864390865614,0.0006603339468519696,-0.0602598309120551,-0.05370305009564308,0.0036908154871703926,-0.10535060140539725,0.03504928880353058,0.10596541603075307,0.01756300753945236,-0.07338348421580412,-0.13405893062787802,-0.06959064870091282,-0.06723576072317497,0.011135977917932999,0.09048623858347912,0.010786188380260115,0.02501938253060314,0.01413501525105744,-0.0922801296125951,0.10217965186635931,0.10472981710453456,-0.07458431316141387,0.08087425538814196,0.07462644902335373,-0.08351206725204555,0.024949863991139725,0.03255414466183793,-0.12970634095648573,-0.010506040406023287,-0.023340300783853,-0.022105228235704006,-0.002913358625513311,0.02393951074312763,-0.0006169989992196038,0.012181150771984454,0.06525483148436799,sport
76,-0.21398324087524032,-0.013667727924922116,0.14470556363609674,-0.1016097152370764,0.33110587812099357,0.14452922183288874,-0.022257639132858626,0.030583932324838314,-0.467679075140946,-0.13495944039607768,-0.045559722728081495,-0.0017704848478124818,0.047630202987633936,-0.1048801855787692,-0.13178043493282404,0.02647397479242101,0.05641165673150322,0.007043387254300853,-0.06937177971263594,-0.02753630257283203,-0.021606458118891093,-0.00024145289647150442,0.016287098491912497,-0.09493833109623778,0.022053357069167133,-0.027594745210827273,-0.014564208915073026,-0.051267367912094484,-0.04423167648830392,-0.06966676428460469,0.03786140145679009,0.019931386477507113,0.02632194050439246,0.008826067789025166,-0.02383313004285875,0.0013926769385534117,-0.0190849591184058,0.0325120243540806,0.012467061639038077,0.020355453683403926,0.0073963386329150985,0.019523719281976354,0.013493671502974543,0.03404076782273583,0.060252609350271595,-0.048911899815774755,0.0030790544536537733,0.04832470978146689,-9.86099774111928e-05,-0.05375149819877016,0.008819527500043356,0.05216303855135846,0.04882695682408688,0.015462636624240522,-0.018199920515384563,0.0006209579033947393,0.04161334752386432,0.025671480236726173,0.01761421452120369,-0.011354310870782277,0.04747491805266177,-0.0012050710146127167,0.030849184489336066,0.03566838513930877,0.0442739452105541,-0.01925054750875286,-0.014405653939042308,-0.0007313539960153803,-0.0219114183673799,0.002792753114485055,0.03671880276619585,-0.07340735435058661,-0.025456272277807942,-0.04921967412001889,-0.007674200589410578,-0.045261399527086466,0.03342887260641182,0.03344501561638198,0.034988959003008045,-0.0895915622067642,0.005936024527974909,0.002795707937116664,-0.043343268356413146,-0.008300759473684607,0.04695719496859454,0.02287235389136907,-0.028546699840500744,0.04728148890260966,-0.054324446882215716,0.019292805116366652,-0.05137714948070713,-0.020534826776720957,-3.8212801480293765e-06,0.012092419055501563,-0.09688997294031773,-0.04773465047409105,0.09847153207261626,0.03416232767800668,0.061804085592014474,0.03710548573049608,-0.019747051917234897,0.0036155434125696106,-0.05826652802864511,-0.010887954702219895,0.02510220741710825,0.06554264388985241,-0.0340956545165915,-0.004987463832494988,0.030186191322233255,-0.0353574652029224,0.01750892854692386,0.07854866878705105,0.01695410460548069,-0.06225006348529592,-0.06394161129559045,0.03815728754578392,0.030850768627196132,0.05829522448010494,-0.12972397675159084,0.005330359802553678,0.003304542408278399,-0.04461734398084291,0.055512605339344115,0.021230335616942795,0.059686031529181054,0.060950648098998604,-0.037733995904902576,-0.04576718942107551,-0.0016574171911721896,0.08031181613249785,0.035126839674119614,0.1180747426884789,0.010704139339494963,0.06532503753337901,0.1060983008748279,0.04839498996073658,-0.15615321679442423,-0.025133307888657887,-0.13691190741463707,0.015283647114985912,0.023103057015084964,0.08603693349256122,0.11784959649107188,0.06050895923012902,sport
77,-0.1896153939423768,-0.023776742452232547,0.1132003604960126,-0.045008215502472686,0.14751703521534182,0.07546789517794578,-0.04507876276251261,-0.022569039398806647,-0.053121224006271735,-0.037893456417805296,-0.03453563099876646,-0.0030628805610183347,-0.00586761250172084,-0.00506084912011668,-0.020583055037537705,-0.002173977353808151,-0.06056573936041069,0.03754292564630336,0.057118500348245164,0.02195705568351675,-0.009104801840364512,0.03919436988234043,-0.04431767100366637,0.05071498465993716,-0.014953833878876686,-0.12757639325458084,0.046529353726111077,-0.048116754678183625,0.031759466856110787,0.021410743710553327,0.05898517851218431,0.007580227563122699,-0.046467740709239695,-0.05721671229238809,0.05226400136236125,0.001671363040019751,-0.19068015850459163,0.13386771299326497,0.018511117304340425,0.11615483173283622,0.009415455226168793,0.20896176930107171,0.01650428844448832,-0.024100242937167286,0.03800045034777077,-0.19374443725270446,-0.048386826454412245,0.059584171038671016,-0.08292101450818548,-0.026002812691441075,-0.0886492164254017,0.07732965844897823,0.033936171959436996,-0.0003256236977857558,0.04596548072179777,-0.005247948246342375,-0.03630416784821884,0.01916616050871445,-0.04782027367380985,-0.04197000084287228,-0.20134604924032587,-0.03504420551672876,0.05724711084946328,-0.034597601249647995,0.07804416876414123,0.03292369761702489,0.06257290556544136,-0.07174394682499168,-0.0835159144812815,-0.05011782208650789,-0.024011035260127517,-0.02057793233534508,-0.024486301192648337,0.013425169902789387,-0.048332865609604564,0.18621126001684152,-0.11287466190334687,-0.18641320798813224,-0.060232536490654374,-0.034803707382190296,0.015362733498081156,0.034404462904784654,-0.003881662005654745,-0.028326932020133838,0.1034116337613593,-0.08917335527656857,0.27350023822380576,-0.23407031804159315,-0.0645747861793067,-0.10099701437154944,0.032373301308271527,0.12657494501354444,0.1287938259517595,0.07412356132171799,0.21051289977185642,0.09250525726407144,-0.08997149869975678,0.01090517831699473,0.028679018715259918,-0.17925137872494265,0.07221379342891372,0.0710269285534552,-0.1163567747541509,0.052839885071397634,-0.08596578933003848,0.028074126603937957,0.10865943681199544,0.0963088881895442,0.031424159913184396,0.08014704080785812,0.10185749086911082,0.0005363786258269813,-0.0759175066146541,-0.0020951211089470824,0.13557064549015468,-0.07947246579253443,0.00817408091811181,-0.03488576862521487,0.045914594728567175,0.0013304040130305043,0.07840654318788068,0.0315918071914122,0.053819548480468264,-0.05848845431701833,0.06345088210328835,-0.006801553450924682,-0.019978717989485667,0.04107854704562302,-0.015075120149306195,-0.00628023578455532,0.030890793059560665,0.025716506082261618,0.012085163707092438,-0.058006976467604186,0.0003353977022685625,-0.04351333308549838,0.029167615078205932,-0.05670906037550618,-0.058172461741649396,0.010319789354170194,-0.0023362686229391394,-0.016101847904127,0.021896066177893053,-0.03353427286995745,sport
78,-0.1890853137305913,-0.015075584128654545,0.11911712482516869,-0.08855333414611331,0.12414069464636895,0.06677023513509452,-0.08257648659079778,-0.01361705865129169,0.0037529736207444447,0.018049574860337505,-0.0045464044530989746,0.006380715967449403,-0.009688139403978687,0.026496599587897126,0.0020595867653421026,0.00530351130907333,-0.2451524541771568,0.1900569853045156,0.5156310117193187,0.042260454965337174,-0.0032296494699821853,0.022415384007265827,0.009166121572167488,-0.11527866887746156,0.01971486961380055,0.012617212233218147,-0.03763006213936871,-0.0463243711019296,-0.049438683522884184,-0.05358970532889168,0.1171639359111366,-0.03965403045611712,-0.02941884801137596,-0.00067464514278909,-0.020249071922299806,-0.029401910197708738,-0.06344577144622336,0.02564860773088102,0.02288797666959448,-0.04122074020647078,0.028481066465264483,-0.024757056922340172,0.07246231027974977,0.043266388941689535,0.051841594233984135,-0.06740884940259638,-0.03576623684472736,-0.021882224452384517,-0.013727798103827644,-0.015701812129247754,-0.11124729596154452,0.05658826770920499,0.008919809265657401,0.020653154291026734,-0.03177654276682727,0.06308836852973461,-0.013572520481716028,0.06234753907677924,0.040850255028059446,-0.05995446862005825,0.03097134749224836,0.0029690102321202317,0.0595927239550327,-0.04508355816664207,-0.07231925096976143,-0.005936547559479301,0.006442395081487848,-0.04084688871185261,0.001689595766580599,0.032822604745735236,0.006037658774426199,-0.01888556277780562,0.036934203989692924,0.029413258913236356,0.005520807109198973,0.06908411555909816,-0.029951580277094395,0.03251549232984592,0.008129391769250897,0.08858899137564005,-0.05275747037114321,-0.023785254395884768,0.044165296615459204,0.05212035800896802,-0.009691017976216245,-0.025107792803564562,-0.08009837887482396,-0.004588040299752453,0.03127255923198289,0.011869200453296262,-0.010890998263151722,-0.014119622388469191,-0.018659379571003127,-0.01969727689420354,-0.05581653532214842,-0.005368201264689111,0.11067462198124349,0.016718529258373842,0.0651829057852803,0.0048607412863815504,0.016734861333446278,-0.07045378215180836,-0.055289996191827645,0.0033577594710038116,0.052235093102303974,0.024679129540985823,-0.04423602896338301,0.04463140396036363,-0.006823351929605912,-0.04948800601947788,0.005333692669105718,-0.0936071188923243,0.07944493805404615,-0.05786224886378847,-0.13435671321415674,-0.0513305197907114,-0.07772033916060705,0.11025623212429897,-0.11902895811026218,-0.061659978654909776,-0.05812275629754746,-0.015552445382008591,-0.05415368981625473,-0.13679752862235808,0.07660417546193009,0.026759885803531884,-0.0587380618522563,0.013555410866219891,0.021634351785287283,-0.001916388725521508,0.08488788539164512,-0.11070041334011015,-0.01816013441451897,-0.08514206014939504,0.0877928262577974,0.15174150038126114,-0.04265533688906032,0.09377241253149576,0.12451863621905668,0.0618599392209585,0.009522530001167383,-0.047081931440058684,-0.062199897212083084,-0.035455968459516894,sport
79,-0.23976198359584142,-0.01940845788273353,0.18775793082882575,-0.12227978472500911,0.3540821113115017,0.18863511057593899,-0.12951204867707355,-0.08174446143724451,0.42899538302023826,0.10491683942684613,0.007699426620440413,-0.004208326206057123,-0.019923905202302927,-0.03463570974196196,0.04087433162580447,-0.03903369156837572,0.0589125997666273,-0.025695222689470013,-0.06974740594567984,0.006661730624382889,-0.022467969242722187,0.04415404482302403,0.006024589455277585,0.005284409144974943,0.0017914329563779073,-0.038281662562510366,-0.007088449513273446,-0.002237909140275941,0.01404383466122083,-0.017613947498573958,0.024421209470438653,-0.00851959509608086,0.026281143512898664,0.0019391169024425546,0.025946673372213375,-0.01458146159374408,-0.06969791883760391,0.03900564540320982,0.03472065362965245,0.047905128840407714,0.0003890091537762629,-0.007594206377819491,0.05541050485139032,0.02823320730490289,0.04480537366436273,0.009103827768613789,-0.020669320238524542,0.030905969763362812,-0.005618697896232892,-0.045804329615811185,-0.07995968155159013,0.04512979453147093,0.06041208688833919,-0.01951819198071351,0.04515441817356767,0.016734298188065187,0.025443563892219214,0.022189892064747824,0.03923025532205315,-0.023595891893683267,0.09992475648748672,0.02127653354527158,0.011016870024340137,-0.023719698456120403,0.055054955718758486,-0.007883835873769743,-0.04446805949844499,-0.08866937771721589,0.0033533770977397124,-0.03643195837174048,0.00963242080479586,-0.0273877057922996,-0.03868014193314222,-0.02705647619774759,-0.06977128771955891,0.08817003501401165,-0.02403660672232905,-0.004608491954967013,-0.010375013106211473,-0.006658875363651021,-0.026643217725326525,0.030799882030425982,0.013447527909366692,-0.05096588298619239,-0.02287177502775984,-0.047598795349643716,0.01032110022326775,0.01952365421283944,-0.0016355672267131464,-0.07060607300255023,-0.0057918599329152345,-0.07449069719549244,0.032004625429180165,0.007819923337427313,-0.00891314476795898,-0.013337064210873871,0.037266343351482205,-0.01638093078903327,0.017487286710896464,0.006023752933631998,-0.036181550944179124,-0.06393884050074314,-0.01585442533671964,-0.05412858100418815,0.05425276201972561,-0.012229720729755783,-0.056194552373049954,-0.02974916760413509,-0.021500558358683555,-0.008329786461809081,0.03084970774683911,-0.006208197271987402,-0.033765543723008114,-0.03681426762206275,-0.03476268781406776,0.06713289639548697,-0.07177870620203086,0.04306741491778016,-0.085436624149358,-0.05175055435718663,0.019907836558805,0.06117352961172672,0.041604394279477985,-0.04595395422246314,0.10489370604762295,0.031898747475683435,-0.050109154508906,0.07621210721388536,-0.0804400053216596,0.03111403933243131,0.07673906840827197,-0.1293223721079837,-0.030177137541793343,0.021789862551022627,0.04238811409870556,0.057041799170172186,-0.15574200218237882,-0.02473467867032696,-0.08062918972064886,-0.04715792642528085,0.06158272162960021,-0.058677445758534515,0.04889515309648309,-0.07295598504162704,sport
80,-0.15026442884277683,-0.012549576618345151,0.053956450697761955,-0.029615289160350753,0.07640906215429304,0.0518639924532702,-0.02086778338123677,0.001254228511887451,-0.031453215703508605,-0.0072950824673330425,-0.027937260373037284,-0.006831894988977326,-0.003494224763384745,0.013998952671285318,-0.007094727288768326,0.010753566829651211,-0.07374742473701877,0.03677267838451935,0.01518772374928386,0.029021340513877773,0.006779694013793217,0.021212551328191383,-0.04190430084724776,0.05301889130386313,0.01980355810196988,-0.12697678293982648,0.08527180569600898,0.004321568415787833,0.023805247831339575,0.000347828380101886,0.04132891978577255,0.006368992326440709,-0.06104804921570366,0.03245139948925324,0.03199102051441841,0.1023134724729222,-0.0769529510260743,0.08258174735047936,0.02390296634754552,0.00947060061262644,-0.06945063735530001,0.2004578737289832,-0.020404173661047163,-0.11416650816200327,0.019173881627236263,-0.11523641687014169,-0.11898765547478564,0.07144547886430723,0.0593453290859496,-0.008814247186452795,0.10022715848549263,-0.04854955389862562,0.05995426946055429,0.024456927567151242,-0.0644743099523242,-0.05505348580816651,-0.058800273973997515,-0.169721396733908,-0.0686051309507168,0.09831176728713263,-0.25521488025930866,-0.11131713520145886,-0.05281179287768565,0.06466308241761702,-0.11888347512476617,-0.00571037978551554,0.01724359257140116,0.04721787503247234,0.1924681510797827,0.0666572589264134,-0.1160617616840433,0.40612539244156387,0.20671217981374698,0.016268887234772315,0.16186279113285476,-0.05856874436144233,-0.015583954279071362,0.23746983459186616,0.040226109988304413,0.012575569350169373,0.003874935196008997,0.20158230058756005,-0.025428702851335607,-0.011885214754632629,-0.17040590110900522,-0.04917307185731018,-0.1397526764382402,-0.1690093012257716,0.009156246730361523,-0.1184599396253145,0.04364899665100638,0.007208015886230655,-0.009146607516967208,0.01864453632743873,-0.05431468201521515,-0.12589580100682796,0.022835271439675172,0.025756582972825754,-0.1083458317091093,0.006122681288334875,-0.0464551044800349,-0.07214357367639301,0.026925564449266946,-0.10290815617169329,0.033266918469910436,-0.07373125930372292,-0.0421941933349243,0.0204446013355172,0.05443565442311894,-0.03917088935238488,-0.020740142934543987,0.08138317222777994,-0.031295025671939744,-0.025062322320195434,0.00619629842766953,0.02958186155340621,0.060154441359430585,-0.015722039652457664,-0.027248725852281903,-0.05332936288573946,0.05215609347206105,0.03668102104478953,-0.013885307295800764,-0.06979098158186103,0.04884173446204191,-0.034060583231646846,0.011160093989254691,0.04988531220514191,0.03813190530449305,0.019725423312759276,0.0024144273443145055,0.010417646565865966,0.03132106981849382,-0.0016358900494659137,-0.0027009916651391575,0.013595305320383168,-0.0433026257695224,-0.005253355839790157,-0.020959428961128825,0.0031421387781120354,0.016747471534707282,0.007537057858090228,0.019814623804471975,-0.014496750967380033,sport
81,-0.13406415332913205,-0.01023803104495664,0.042689026287795015,-0.026630119664425297,0.0730196470022906,0.06127353165295908,0.008862407860859655,-0.001262038071687385,-0.08608168253408756,-0.039019005948889386,-0.07570882879342135,-0.02593496837029844,0.037357838069444455,0.019757201654471406,0.02653763939742982,-0.009842923976940211,-0.08858123395357609,0.030114028579870774,0.003584326173570303,0.04502192476167247,-0.0075808250662925646,0.1173583190494869,-0.07863577657845136,0.036511089789648496,-0.024369610008478402,-0.39837969475612817,0.3900550009599367,0.07592660039055023,0.35768261795969725,-0.02341524362068157,0.3758596406946494,-0.19431026583073138,-0.021794776584872028,-0.000602780205991493,-0.06000911942146866,-0.15923045066542402,0.05713388607757521,-0.08108376505187938,-0.005990297862063824,-0.008839739979686545,-0.010477583761973224,-0.044457649068119116,-0.013711956727014024,0.005973768958897828,-0.03862314238301586,0.06459851123888749,0.08279795462132601,-0.023937098626691602,-0.036904226991748855,0.011477400503351274,0.01723786671705339,0.017630006280403426,-0.03482096034180249,0.007026527345949255,0.012799812908958187,-0.002630818853108081,-0.010871699796986788,0.026301384512028757,0.005149695887124956,-0.0003630147787706452,0.012459005929892008,0.01783571681277425,-0.003805622284991544,-0.01189333296664186,-0.017641857552302166,0.018013736268059244,0.020757848837013388,-0.006878216313406135,-0.012189716615989618,-0.01608202347622013,-0.017625244064656646,-0.012578764294032187,-0.03000406339081274,0.0332041864327441,-0.03295099200367706,-0.0007515804762557791,-0.009132789441080594,-0.041705916942193756,-0.024020223284024034,-0.0018507602245923548,0.015907836793627606,-0.012777107371319521,0.019779176208360675,0.03646518228715447,0.003311771051391449,0.004494865394015822,0.02059058908812028,0.017127164995063282,0.007717661303403769,0.00864954626744685,0.008445813706603925,0.002319659036160152,0.012324861894330073,0.0008347205694433694,0.011927465697350535,0.010376333724654909,0.025772599102395002,0.001369214014514844,-0.013855207759945965,0.02255715142074475,-0.004173681102479852,-0.036705780044676194,-0.007652524035975292,-0.005948022605637026,-0.02273901529424187,-0.015068858175467662,-0.012775221491510351,-0.006520492213027751,-0.033434843843545586,-0.0018056342279073058,0.018690776985657197,-0.02644956751786627,0.013741827016473347,-0.017371697290171198,-0.04396463567107255,0.02675882539005423,-0.03238012000846612,0.0031061506635873645,0.003926952427861552,0.0025685398018627714,0.017562552539027304,-0.007382301803694461,0.01482816865805453,0.009566087486201427,-0.030837677663529812,0.03777091761981157,-0.034346483947727026,-0.017376745967501238,-0.027109672269798483,-0.0522741911601875,0.026940556046129722,-0.03909173531696511,-0.03177819444751546,0.02745075802786148,0.02499585267243413,-0.02179979196627059,0.002491889184774996,-0.004745779796170953,-0.027813812939218103,-0.008458292261148359,0.026800414413854664,0.03688242973696028,0.07017252443389535,0.03535218733464113,sport
82,-0.1598432883020446,-0.004356344343534646,0.07742220212327144,-0.04729007235603702,0.17712677613130354,0.012621661093564416,0.6269217717112511,0.3770032177904439,0.08532328189412133,0.07142810521427391,0.11084599480698333,0.06407488613522136,-0.04720692234169439,0.0018431161397562121,-0.047729678282979165,0.015458042173241473,0.013626153421892983,0.02169654260330699,0.07497064123642892,0.017253975214233195,0.04633691172194979,-0.04594416402025343,-0.02136267890189024,0.0017931632532908362,-0.024342792276924388,0.0007449075580788869,-0.02274757515388208,-0.0454953374987993,0.006801034375159358,0.007418255621017622,0.060918816631754254,0.005312427025628674,-0.04766412219095385,-0.010325927245926582,0.039516619496817784,-0.050742044636544116,-0.07962265825934235,0.06561370166102488,0.005985453759744592,0.053109603769730646,-0.0056322819150321935,0.0770486103635834,-0.007886797347147352,-0.04459015966901223,-0.004587558331659253,0.005700497366293729,0.015528067853062162,-0.037888241900918274,-0.013301536758172812,0.03990680686516466,-0.008279702010384579,-0.0028611255900088204,-0.024411898223568304,-0.016875266343083777,-0.0008023579268062344,0.024789551383683096,0.03466610204553087,-0.03678377228507054,0.022741106962251276,-0.005097729474908172,-0.058283449931037616,0.015946029910826116,-0.024389058123701783,-0.02411060463031461,-0.029134790071244476,-0.00032397955693970487,0.03347952727172961,0.02048612047039191,-0.08075497168219778,0.013732794848801846,0.018543656526272018,-0.016135014183080023,0.026915098276896938,-0.008934730000336994,0.0306265647615421,-0.04285945422626038,-0.048364207490421196,0.0036707939323227185,-0.03223405349273163,-0.011420453990770954,0.0077713323757665044,-0.022783726376980763,-0.03127859905580454,0.06879674965418608,0.08919642807663285,0.011514549558214598,0.018334439551427148,-0.07847047296107663,0.020487533750963096,0.021762416196029997,-0.003286276160436788,0.011652792321956372,-0.015819004858010924,0.006459962918473087,0.009891190593657112,0.004424489240230998,0.024680841947164068,0.03201600858735455,-0.023770088675761657,0.039058305737864715,0.0020096653121831135,-0.04175113424574849,0.001314033648224733,0.019328089571146866,-0.07760646896619866,0.009141265098039171,-0.01654594209351499,0.014929863433589381,-0.043021749244138346,0.030040288730419928,0.019300397315008416,-0.014829275369983639,0.06333214796459227,-0.008822086372867742,-0.1412428317545176,0.061005292334900894,0.016834965100983177,0.027933982063494532,-0.060693035440050294,0.0517989212791391,-0.00488152796575268,-0.0035965236627716257,-0.054306595921790504,0.07619312911922285,-0.0064071044161728595,0.0015615915338876886,0.029439567274986467,-0.0642311867194403,0.053380630110165694,-0.05330364956789369,0.01444865270283162,-0.041056855528072984,-0.08418523760699477,0.012814186489595342,-0.05834445005103611,0.021022512859713238,-0.04359994926016603,-0.030478831777251827,-0.05999806977636593,-0.011469190575457873,0.0809631820715472,-0.018620099119577637,-0.08237022348609933,0.08965021299875396,sport
83,-0.1345161696551746,-0.013216186823760257,0.03291284488843487,-0.037858031042316866,-0.09942390475052051,-0.02358706764318232,0.05058080936766915,0.010356789021398152,-0.07311480121267215,-0.013515134256235057,-5.786738825602955e-05,0.008786509950219196,-0.03854372673006211,0.1221209266060054,0.19649759334098169,-0.004506774939220342,0.00042491470141789667,0.04603143627390128,-0.02800300288729886,0.006675381370615199,0.0020568388186941577,-0.01739704482231123,-0.026098348390936825,0.04794764009461353,-0.013342030571074224,-0.05475981664751054,0.1677089061251167,0.1278754766973245,0.09491821059970684,0.23623523961354878,-0.29121479598882066,0.07572221112682738,0.04122470224788644,-0.021454453582199867,0.05229118216243611,0.16145345874425282,-0.02109866676275362,-0.05665708599180215,0.030242312291563836,-0.07365070596992086,-0.001651642913538678,-0.05122432408462046,0.010502739178017872,0.05385465801299262,0.06359527566693028,-0.030546734298095457,0.0318672824112119,0.01063971999580241,-0.012495678071775897,0.016223194990100664,-0.032698540912625446,0.028453884742118147,0.04276855882367854,0.015034714043464039,-0.001670820826996293,0.028132470538208432,0.06279477353604876,0.09036357756731468,0.04055597679878465,-0.10272411518608807,0.08450408980081935,0.020976862977223967,0.13516560364855085,0.02098723552122429,-0.0668666528507464,-0.01215093455058054,0.020490891385173637,-0.05012646362552519,-0.04038544922150214,0.04263970221134971,0.019416635864315926,-0.02913499114540167,-0.00707512122404765,-0.030604913457512487,-0.006931958156311285,-0.009350664415207731,0.08872653251403514,0.03312010836454028,0.05280830254060998,0.002930176140854032,0.05193781413820967,0.0019071933436858905,-0.17484936647676905,-0.0329202644865784,0.03564594892097198,0.12350772756237674,-0.18646409941654046,-0.14215267817638827,-0.12498413451962985,-0.011892419498917315,-0.20389333224656314,0.030668669366649418,-0.1512451196883124,0.06580237053293424,-0.02757671038215198,-0.10679801523924443,0.2731920482935583,0.11901170944253779,0.011046847378568427,-0.10965034595314041,0.21327454977078253,-0.07474309783353646,-0.17733768241376127,-0.02363627028059449,-0.0670651465445769,-0.1483142910024997,-0.01818809091897791,0.10303378465209305,-0.06025011011940417,0.08984503552050366,0.01726007860140557,-0.07466089626008222,-0.05140859020267964,-0.0948682502089402,-0.020408772906303187,-0.03215569883796449,-0.026578697330733064,-0.046817705171760954,0.08489466326038353,0.09713169455437388,0.09816360612744904,0.04099343601255895,0.01493414376639701,0.00799759798559867,-0.03141687779505414,0.02627940425866839,0.020318977713388378,0.027531037732239125,-0.04043336580939854,0.08231830717179932,-0.013178881486753547,-0.008870281854107645,-0.02808169707066431,0.018481433615931245,-0.053493413786447556,-0.040300652751072204,-0.004812209740805979,-0.028696577079825675,0.037597368979354735,-0.0058607741663316065,-0.00893632279851674,-0.07620223419206693,0.0017686321839744256,-0.03279591662072361,sport
84,-0.06369118139583525,-0.004633036995878113,-0.0013533099930231405,-0.0370538216055372,-0.0007150316288155156,0.02313215513181711,0.0629388694794047,0.009932490159635135,-0.005994579218704609,0.00024132978818316642,-0.03508020895594971,-0.013372456517106491,0.0029983986915149774,0.05523377204231014,0.08016971786296645,0.006870931591357622,-0.039541638506914736,-0.04091796932006333,0.0051573880379393,-0.022530453856286974,-0.008826149221062396,-0.0025035842830519422,0.025196927322957512,0.08227554167593434,0.007486166688941067,0.07234084624732441,-0.02460118595444224,0.059940576352174785,0.049662177028288804,0.06871084252961908,0.007011904003936531,-0.06462963321810039,0.005331698705578937,0.003607743319918086,0.024773618254153938,0.03177536116505006,-0.014947490060540249,-0.014204360096145133,0.037233255585895284,-0.035553696303623476,-0.034692825541651796,-0.058188661227224915,0.05420298905403228,0.12200224086187642,0.1323921832819479,0.05467011105699444,-0.07462506422809322,0.022367073812257967,-0.07046306353619103,0.031484604081677824,0.09693770599166045,-0.1706595901708924,-0.010050653768892656,-0.029377958755760405,-0.11506036828744658,0.23119364062192096,0.0555278264664193,-0.24101627673190787,0.057931062454160714,0.02038615699336744,-0.057876318792876295,-0.027839461346391006,0.2704076106568575,-0.22525920270858568,0.357797613718819,0.33117531386625076,-0.1901185983650928,0.3443740286229461,-0.07254206819448597,-0.09387066742162846,0.08356929591485385,0.2614867286917675,-0.10556387022748415,0.030368037472024077,-0.08902484070598797,0.0251504583454312,-0.029907462541756347,0.012120212342965498,-0.038824747835587266,-0.02571181844648621,0.05099102977151956,-0.05882301526483175,0.03710424496193601,0.02335066426940058,-0.008761907955237342,-0.04385166950048331,0.003781215522196642,0.06544847944631915,0.057515840734922864,0.108047081738877,-0.026083557186819185,0.06320505926358419,0.04379507837142855,-0.057676286942360155,-0.001555703858269307,-0.04399280427581775,0.025309783617033278,-0.020011902428840225,0.014577605086773334,-0.05552643664877044,0.06351001989443227,-0.020653841540196765,-0.05032898369803198,-0.05273510116868199,0.026351310169365143,0.04268132638165582,-0.014358899986951786,0.03123945631901676,0.02132402243468199,-0.04569980728971372,0.02507992264417959,-0.022460114126650693,-0.0184383174789466,-0.01692330804235352,-0.018855795891857978,0.023359525138462227,0.014271956731256571,-0.03831930826930818,-0.012417203828409256,-0.0006451715800468964,-0.014298619757904191,-0.0013141355309568472,-0.0009570431470865723,-0.0012238871302762873,-0.009032633481568445,0.021376360805770364,-0.04816658623498475,0.02783396538685352,0.008719364081563886,0.0219585356308644,0.010109783169417802,-0.01427696301687809,-0.009658565147447559,-0.005234448602905639,0.008028713703035286,0.001096571853754597,0.024481125859373162,0.01584712928358629,0.008728983935124116,0.012365546411511495,-0.002821392822273159,0.011762654798297354,0.0038343922654782148,0.008738304721861838,sport
85,0.027987065750770413,0.1145761189168326,-0.12184409363666807,0.02956815251631315,-0.13008395082712945,0.1774201180741311,0.13863164702669198,-0.337965348101657,-0.0897950805825011,0.1016668515051653,0.16066809543477156,0.2914190243159815,-0.3128997783592774,-0.3399846765631762,0.09391449841771402,-0.3200196330704595,0.0668654216120389,-0.031253565247332,0.05925138055469947,0.026974703878642384,-0.014711004495083857,0.05936698360663919,-0.05495051950984689,-0.039287776084197715,-0.0036055390594335636,-0.015950833330156698,-0.003902612473494385,-0.04976601302085881,-0.003080764472140935,0.05286550124568198,0.038857457431580936,0.04838380489011483,-0.014575754560995918,-0.054911705331643655,-0.03223386993477978,-0.015388147427204573,0.07256089312627934,0.07636926081217425,0.07825029573808426,0.06438348407476495,-0.03765884827104568,-0.030973844092778566,-0.12442123033416524,0.1087126236849715,-0.019740096716046287,-0.08434740756692818,0.028660676478086185,0.06018866555154056,-0.11061810105214344,-0.10333014959517761,-0.017396313040154352,-0.0326865933376114,0.03653852528601364,-0.06715944412454147,0.0873895383456136,0.011413220355986223,-0.04213885575107087,-0.01631688629212668,-0.07785853105574314,0.013099538800502677,0.04144503898452813,0.06236715361742679,-0.05459052070676712,-0.11439165299199691,-0.05528108863487175,-0.04809371409731158,0.06273478603570662,0.09865367090821495,0.007886074372115776,0.016358062821789195,0.04176929322938514,0.06749079766382403,-0.004400633440753051,-0.02896028877369412,0.035733959163245156,-0.0003876270209477654,-0.00670515621102517,-0.010997420337861814,-0.02463535096611004,0.008368202227647422,0.010094393456440845,0.039100366657434764,0.044211233417042875,0.055703215855825335,0.027852704288854863,0.05330214705776144,0.013853461175175814,0.02371703366690873,-0.06712412391393346,0.015231086579947296,-0.05738543943085708,0.015845275502514942,-0.0339910370734941,-0.00802147053773149,0.0034332764138384855,0.0178060712458643,-0.009469920185717493,-0.016394937124228365,0.03731141566684191,-0.004372402004644542,0.015518626559095387,-0.05653272331775778,0.033950764406613446,-0.029111535663342614,0.02427597844677164,0.013046134886672552,0.009524324984294289,-0.003387166125244894,-0.04192427930556884,-0.012373389650793255,0.02018433792165855,-0.013582329728576835,0.0008421222418679669,3.355905797553104e-05,0.020875975704611454,0.016859165323473414,0.0029663809933953788,-0.012716916191814188,-0.02252050178533189,0.011469768737418767,-0.015899333527094873,0.03578035194397989,0.0011195714495551904,-0.039516737466172604,-0.006236037591796813,-0.013540164367975649,0.005171370479857918,-0.014463853988156106,-0.007526818555615864,-0.004641125505656721,-0.02425839111482121,0.014835390243620952,-0.00852535936914001,-0.0014653606558747985,-0.0003693749652771886,0.0010898945660482613,0.0003030839266846076,-0.0038685185099987932,0.0021575544990887047,0.004662352497983248,-0.0224635426142821,-0.007408410196227345,-0.0029175420490999263,-0.00349191289748878,sport
86,-0.1370930488960754,-0.01806778615624245,0.09988356460353918,-0.08263850596561416,-0.05054021953448429,-0.03409277723113902,0.0710710124460976,-0.01388261537447517,0.10807263435211986,0.033115675699264595,-0.051576950014593156,-0.04444414689353762,0.023432814664942923,-0.04013742587010027,-0.011589935633577728,-0.022528834898231206,-0.04555629376489347,-0.04054915324686512,-0.05964562429808274,0.018946492307486035,-0.0807195975004604,0.07204691736880219,0.01755531500647561,-0.0824024546168273,0.04702797618044809,-0.09250904940883592,0.08389878392293525,0.04458006750140853,0.02310449268327854,-0.12313459725941052,-0.12032548021889464,0.026446726311090157,0.038627854444300586,-0.03077669714953157,-0.14078759670827665,0.17270809060252884,0.33508002258881947,-0.09245537457673972,-0.2407172497916415,-0.15704052268017468,-0.0158508292522559,-0.004402138511406542,0.038304968730704735,0.07962955482098309,-0.056779614490603064,-0.29856405044679657,-0.1522350632807626,0.11670538867470451,0.0740896910646151,-0.08700043399889189,-0.07461636706182052,0.1268354031128903,0.10356059059883417,0.158371237080589,-0.04530244175924309,-0.04105886384282588,-0.09397429214063643,0.04292061844284528,-0.037154783961241694,-0.03362586578944685,0.10661421321115237,-0.032865078193205326,0.09053713407774983,-0.06001228133184249,0.1279515298331918,-0.06477145341018314,-0.03497784631316762,-0.08736828421222984,0.06276149812885067,-0.0527330151942889,0.03850612841994852,0.11696295222319818,-0.06599304692666606,0.07090396822301372,-0.04546192247919145,0.10119299176516093,-0.01991940466576217,-0.09954973486470943,-0.0030528724848559274,-0.016573938159106873,-0.03414395639109449,0.029890506342551082,-0.006112684887503426,-0.024034911013363306,-0.054469901028890044,-0.09727723602310594,0.09604429807679668,0.03404788374413613,-0.027838878426740415,-0.04007391480751507,0.08263421542849898,0.014134519325756082,-0.011383033451152439,-0.018278317661581944,-0.024684488860639897,0.02434085636954577,-0.009413559472200704,-0.0019772379019067435,-0.025563133411397605,0.005523821995603948,-0.05277099550716344,-0.0796858341204664,0.05440414419718449,-0.03311834912696555,-0.016281682941587328,-0.03950042970494415,-0.03281094815958861,0.01593144254299803,-0.09340683439466523,0.03841037371610648,-0.016009658408641693,0.06317440156276267,0.018602075113418513,0.02087886497235084,-0.12589374062492406,0.017992165811315852,0.020809939572769914,-0.013742251435695062,0.0030751501830800477,0.006067168457239892,-0.002208815697843574,-0.044956480445225995,-0.1293385649896861,0.04201876213397083,-0.06383771960682628,0.030103245112959885,0.011004969814311316,-0.07279748199214475,0.024225410124720712,-0.09364123820355925,-0.021287137956104145,-0.04671919035421007,-0.024228330967356364,-0.0304455804295671,-0.19266006074397649,-0.004542000717624679,-0.06599636582617543,0.043606155623462456,-0.025632849742114112,0.004807495101208324,0.0872448544934638,-0.061643525415166975,-0.06218398666064939,0.06351376067342197,sport
87,0.03170996495905431,0.05981182641695352,-0.0734062525760883,0.019895835677063697,-0.04700451864665273,0.04519274999945865,-0.027971956279252003,0.019801815234320345,0.0026142359320152544,-0.004350191078547878,0.024439672890009173,-0.024418663416307586,-0.1218515818012858,0.04470461429205259,-0.021270094299356283,-0.023840469962734923,-0.03481792454854834,0.07132826021025461,-0.07869859602764552,0.0331617978868614,0.04096852239675644,0.014688627756171916,-0.006213825008431739,-0.07146452963851137,0.03528361578271803,0.007685200055370107,-0.0376454899054088,0.009485956510612977,-0.011942688157233462,-0.03605376774286937,-0.04300701545144404,-0.09066591480231179,-0.021834051366562628,-0.03382443344153671,-0.024690447150763177,0.0035141852038141244,-0.1259739731655676,-0.035148366956920155,-0.07638004622560353,-0.09715906216016708,0.16552983037013436,-0.030849254656300455,0.10090010535340002,-0.14983823186922848,-0.00416867621832961,0.1686093459934963,-0.04038241196946826,-0.010417943491959963,0.003762158290160694,-0.08593952688317001,-0.012742030985612121,0.2268245498182476,-0.0341856562839958,0.03797282176766738,-0.18726057191297713,-0.07727863436422801,0.08688661261535767,-0.19066277327094788,-0.11201197031729805,-0.02735720871994301,-0.030946738629745882,0.1883707769069983,0.00991893414864836,0.01816385229163355,-0.1059128416097319,0.02880389379121343,0.08136226961780639,0.08076408275972252,0.10572579234228249,0.06138319949240692,0.042978434301687726,0.008985457411242941,-0.27700148434429017,-0.005847903718881058,0.017215244979401616,0.019582138393612506,-0.21044616517262563,-0.09117728213419027,0.32257067742054946,-0.08077211705057026,-0.18982016358641135,0.21150713032149585,0.090805388326591,0.09356270328496206,0.005813426722703432,0.03668683648728309,0.10202184225817797,-0.04656626344768287,-0.035501885648049784,0.10239302705089354,-0.07475350641724716,-0.12566846141845178,0.046440655248484786,-0.1532629645632947,-0.09504156462065888,-0.06230674048794206,0.0299469151230485,0.02740334533511757,-0.05165488001849435,-0.02068790624115878,0.15979990280308914,0.07226515903202929,0.004463681677973169,-0.03277545243877938,-0.018247242239736537,-0.015439084311870056,0.1142738674947076,-0.086025195227286,-0.12353031458350949,-0.005675923620334414,0.023722493569567404,0.039604367672056114,-0.017583083370496275,-0.0041282932020668345,-0.013501226420020291,-0.042151161681976426,0.039320060913781395,-0.008460873659432535,-0.015474566227538848,-0.03432907304475483,0.007413700990888057,-0.014669824909573775,-0.005822096827624601,-0.013627856395107467,-0.019597719802198182,-0.004843109508806918,0.012438812416220787,0.03626336267639797,-0.02058514607790616,-0.042634145455744024,0.014958003215896786,-0.018510407390950924,0.00047087008764892536,-0.0004552445402013233,0.036583784441158396,0.03322541288309486,0.017162675414251323,-0.046958619541143255,-0.01322924780875554,-0.029965477310222168,-0.003420496064093138,0.00018111260218290926,-0.01016809556309328,0.026890802790618198,sport
88,-0.09503171107734625,-0.027190198866310376,0.046460796803147034,-0.07585986222058734,0.060115611605630684,0.03469676465681616,0.018377524706931686,0.015531977150011127,-0.2692332537783372,-0.07199507497426977,-0.009511752244927694,0.04098907370773362,0.015792082263520132,-0.036874919152332424,0.022715174742420043,0.013837006173165597,0.07729915144426258,-0.05396359660052963,-0.10503838713169471,-0.024915296103156997,0.021669886249428706,-0.03920080457248081,0.03525192746895486,0.03246052388782553,-0.0059429497009922385,0.08694564130340585,-0.02977756181792224,0.0760123286443072,-0.01361120927400189,0.07129320835966874,-0.12637976939839055,-0.00834711424968271,0.08979919183905033,0.03751017406134181,0.07329333675592842,0.03526971095520543,0.1048931431481454,-0.10759485248058201,0.04300850066437019,-0.07766501315547407,0.03124881869930866,-0.25098580087132316,0.07648569966310634,0.11129742421741125,0.09701590917141817,0.17075121086068887,0.06606409254914727,-0.017230285568779223,0.0323892892746732,-0.07275950059253555,-0.06207161133220935,-0.04662273961968049,-0.07475150101993593,0.07964905787662874,0.09878159494049504,0.013997657295140208,-0.09406469653635398,0.07769451579656293,0.07131784574407223,0.08141207807402083,-0.03301667008212497,-0.05422748869472119,-0.03678537809179937,-0.1287052071811504,-0.14955542369983382,0.06799931280978157,-0.018518590599236752,0.022850685235035313,0.0997663199740629,0.016059756049587946,-0.13957625618732666,-0.02847592231589955,0.011283234170937908,-0.03191496560575385,-0.09022268548310307,0.11697994708320972,-0.016076819981890818,0.09878305613255055,-0.03853396297306158,0.13743935080763,-0.03821815933677103,0.15560121791344472,0.20410859729459863,0.023375006369039306,-0.04264828665327295,-0.06586026779645394,0.09416369821645296,-0.07742814144030961,0.14087849442661635,0.0931787601969988,0.12638038880605104,-0.04564654177068482,0.03995699048279598,0.03953689114653508,0.30634244443704595,-0.04820465982528209,-0.027553758734742122,0.10436324446671952,-0.10325235816101717,0.006813943510270925,0.06246816436714878,-0.08746710936874634,0.10521016382829988,0.1304583988369975,0.09356451266239921,-0.10524508488950289,0.03967591088695045,0.07604960444645902,-0.03954409910901352,0.027970608777150432,-0.03613527216881082,-0.03843670552464265,0.01782943347186739,-0.09352394382815611,-0.021082854230558078,-0.10253901763516333,-0.07175808433272095,-0.014388470215498399,-0.01082032246212511,-0.1010905852648745,0.05024911048155895,0.051166650610962656,0.011602905739714207,0.016460199834730144,0.029086380441788115,-0.012945793778770106,0.08291824518629377,-0.037059068944785625,-0.030176371513715227,0.02390165141018119,-0.03272671271417818,0.02925710288415581,-0.017696166939079352,0.03780976284597766,-0.007504670454940924,0.06595352230121065,-0.0376543256388847,-0.007355766307285035,-0.02082590546073602,0.012422419947971552,0.057956133066282604,-0.017448760645416006,-0.03325914654172834,0.01894431487927412,sport
89,0.02986537545855254,-0.02454255007530624,-0.1301755569126666,0.014419397640753414,-0.011740791345283151,0.00436828862688862,-0.006513749574515609,0.025911768172788115,-0.0031004746238559476,0.06469533272961721,-0.009976295138567345,-0.08497974173116535,-0.07582258517586629,0.026666620479929844,-0.05688948739627842,-0.0259045202871603,-0.017385929836385858,0.09251846409937782,-0.042390422360706455,0.006689820989244825,0.034146616504224986,-0.009527479503227841,0.09691187197838831,-0.09906913208519325,-0.05358150892845128,-0.021420021752563297,-0.04009694889526836,0.07087429819787013,0.010147906105515574,-0.003201700815666171,0.013638045610905439,0.0930746746313826,-0.11335291242123126,-0.1648196503756826,0.10171941172458408,-0.019580262500282095,0.020449283509033356,-0.08233656687630432,-0.045529971915880346,-0.02828971763853401,0.13648538779987568,-0.08088518465687657,0.11994836183132514,-0.3238996394539588,-0.1069074433474635,0.10609836574562193,0.0223727932790972,0.06130206419344632,-0.012029755434910737,-0.00276891237959515,-0.015513893699103692,0.0699770414166913,0.06631587118442195,0.06211021170570698,0.08091253956542864,0.18398464731439965,0.04037850794897041,-0.12123609017979224,-0.05124396330216903,0.04544946472785412,-0.034586060533315394,0.09263106662292077,-0.046579216100631704,-0.1303969340946468,0.1445235090346779,-0.0368807112946413,0.08290617815414165,-0.02789653711140015,0.08940897629174786,0.049910030958801095,0.0506371210906169,-0.09117382540907577,-0.015768223381775852,-0.135171930968811,0.025933102452941934,-0.17436809115038931,0.013139499998179656,-0.021738108952718178,0.060513805527196714,0.1018853292142843,0.07839670528063068,0.13350008687612636,-0.05590567724312422,0.011397895751496155,-0.009279024667692795,-0.08313176745474374,0.00871647189822689,0.1627231999478364,0.03835687676325328,-0.04712751453614537,0.05567168008907463,0.26099370428650775,-0.040360139482355804,0.33964000889905677,0.009973939204365023,0.0623377647901125,0.10276042438828759,-0.10350831322702304,0.06957256323910868,-0.15935591149716538,-0.11054911834932286,-0.09410504020243056,-0.01197870800794891,0.04459432508616209,0.09110095482021408,0.011198850466601705,-0.03616543423042628,0.0036604605934898705,-0.0053262949338315265,-0.06801207213925037,0.029075908846400975,0.01621845488531031,0.06504922745914508,-0.054367501840996,0.0060361153301515405,-0.009931029930757725,0.04522652175280128,-0.01967450516950584,0.003755095675724923,-0.013733615237248165,0.08042998397447004,0.07282350701546154,-0.028667476877718444,-0.00880056607141161,-0.033180931155084234,0.08373931599411809,0.06499779026227542,0.032217694663804364,0.046713940380742294,-0.015674776383977695,0.026396151664977746,0.0026067168273375446,0.04007575079169123,0.022183008513115866,-0.008560774051725797,-0.02541922830771458,-0.009961604382683596,0.028512930658660108,-0.023285290433928383,0.005043499569361319,0.0009827661636511295,-0.0029185868038147625,-0.006255142101040343,-0.009156495861061655,sport
90,-0.15132063994550554,-0.013603846223962266,-0.06158461374793702,0.16113651921643823,-0.2604676837016097,0.32211222877116447,-0.17032689781893254,0.3401449294908645,0.051401590035989854,-0.012276365762028946,-0.1483804062909337,0.017919010503175358,0.004326665766867163,-0.06798015532527182,-0.025001990510553396,-0.017133381650243622,0.08129107120603674,0.0063312071302179754,0.024635776806723197,-0.0010250066900247476,0.030679428060266585,-0.1038066831823229,0.02777500867316383,-0.15505726847995596,0.027682176002503587,0.07445337141072585,0.03740464682716947,0.04675011504063388,0.04597839259447983,0.050825383334307465,0.0162515242241278,-0.06392746576673214,0.020932165004532533,0.005848220552403874,0.005022740562106341,-0.06672069114894914,-0.014714625073338289,0.046079139314801724,0.026687915366579305,0.050933149715606654,0.00476350274160099,-0.02883035004036225,0.01116425871555762,-0.025084658184160308,-0.10946456583726363,-0.04358069065106931,-0.07548521923362557,-0.009830981875212171,0.04712423198514933,0.004762653302146508,0.014347244799200954,0.00019011686211677588,0.07367505921456687,-0.029761381835479474,-0.04464770920404487,-0.005466675178863368,-0.011135575427870137,-0.021638002763991963,-0.026944565170215384,0.05920396524852225,0.055976654772365235,-0.027899361308167576,-0.001082386866152707,-0.011885063101845856,0.027696465413487612,0.018930639156548273,-0.07119779251397518,0.0057439210478992895,-0.02349032131178507,-0.02359124674136345,-0.013679696861984558,0.02450474919971797,-0.022254307658279585,-0.052415086371719107,0.026983504525630895,0.031921267651617846,0.007105140416520772,0.04230163073041146,-0.026433980031960704,-0.010617630065525204,-0.025494405875891083,0.03489045558705858,0.005724537223649707,0.01217679028624004,0.018080101346272866,0.018664130826769137,0.000704412090875358,-0.013366408360558264,0.07008821306132126,-0.055673418785746595,0.024638392691461706,-0.017861463127657854,-0.023137468407825514,0.02035483931340044,-0.017178469904844035,0.026001723653164416,-0.01996067208953102,-0.009671720402150797,-0.08941000167166568,0.07136453182681371,0.012631944501202386,0.014850866704980425,0.057817868500501496,0.05423095498367858,-0.041374805116360054,-0.009669747425470611,0.03302003744396426,0.027815661703484408,0.002940268860035085,0.10298444394403099,0.1009143253607935,-0.09686204223390431,0.008779380828625734,0.002239864617778797,0.05188163710751955,-0.03562591254767819,0.0073448141969530215,-0.020206184468288257,0.03481444108748649,0.1775012387064499,-0.0684854427242794,0.10232369496710177,0.09250796839793321,0.0018555380948023499,0.03793800103972193,-0.026415135758300453,0.03707378362479296,-0.08824125864620538,0.12806905253261938,0.03189433896833882,0.013692376705606645,-0.03232545005757476,0.035016602103663336,0.1782522718352092,0.06692623530897565,0.02194860923079739,-0.04761019844987231,-0.030349134083079474,-0.09154886716096199,0.0038136209239094452,-0.09911988710546388,-0.046008637725670536,-0.1336971195611362,-0.04403801594437611,sport
91,-0.2142129350169924,-0.020307488806616553,0.13103225615733957,-0.115281853380614,-0.12649989796998234,-0.12096488759915405,-0.013704338980709788,-0.02194133376856969,0.048026702257229166,0.026540906542560836,0.008614697050783724,0.010498417221182506,-0.011237139740884843,-0.022915732286251933,-0.004062975774364846,0.0008012688670555422,-0.22557447249445073,0.13678388428081795,0.35599644700079686,0.0572780433424419,-0.0030562903432589223,0.03399941918067439,0.02527910598866962,-0.13010886267387034,0.020288890363143856,-0.03702701379035934,0.07977587800458906,-0.01901133216604331,-0.0980646768732986,-0.11079974047061311,-0.16335218622057107,0.06020020783461277,0.0831199248174931,0.01654740986059202,-0.029566415902196157,0.011972969855714838,0.07597230148529156,-0.05832789224336724,0.06850701342234164,-0.04361968036028869,-0.011251393521434741,-0.10299359849880839,0.022352874957872165,0.07521470186388393,0.06276933886730308,0.05881546674296373,0.05169610938729449,0.04439608379010222,-0.023272808456212258,-0.03891524552800769,0.09848408121490214,-0.03191046204155689,-0.08151784637538402,0.08605532106421296,0.09063736911181197,-0.07837289482871504,-0.07952827864762357,-0.025883497606473328,0.013677935820041514,-0.04726244929236888,0.021416264805506124,0.01531699542672683,-0.05908508703873068,0.035524154206571665,0.054031481010878596,-0.004545580781946016,0.006624585402356341,-0.04292660543651557,0.05034238468007075,-0.07130364495537198,-0.042405122634737814,0.023907017219778802,-0.0521932055187749,-0.010338649259199622,-0.09954606205678064,-0.0757552188540773,0.0714181196487365,-0.00954114328648488,0.006263224535893183,-0.018840765252367157,0.07313310353632435,-0.002781001349782235,0.00011407810834088623,-0.022769697824327313,0.027420205217561295,0.013262268401170552,-0.05693670241546668,0.027062683549576017,-0.026543358041579073,-0.021491108137520663,-0.048495196163669325,0.04392183452067858,0.06807876091708302,-0.08912752466150461,0.07747334955457075,-0.07097673487589609,0.002891630874540805,-0.08829338109629147,0.05610001395163416,-0.13631869917355396,-0.021409064595697025,0.12043365012743004,-0.028176476164676025,-0.058162913538472805,-0.0278209848564227,-0.03801074359106413,-0.0007516370012048945,-0.05700326990510864,-0.029094452269279186,-0.055563987947597045,-0.011430289311305361,0.13500399936902457,-0.05504937973590136,0.147650337060057,0.11272264571049147,0.016707589126886278,0.12982635742980578,-0.040354702852422195,0.03376680299854166,0.07547782716668656,0.11464014987756675,-0.03718949200527029,-0.013683472237959663,0.14621025783352803,0.0975496405918003,-0.10747063324626682,0.13001301615510513,0.04637443732209577,0.04178115855702898,0.05100552301260931,0.009442779381924475,0.051186146276936816,-0.09790179214726205,0.10883189056594261,0.07395510533026348,0.1529169846317135,-0.031664647231866974,-0.038136555655504285,-0.10550511138721413,0.020379065245628325,-0.028149495061970314,0.018866150978769293,0.01548424243102086,0.048713519012409355,sport
92,-0.1603910078910231,0.023660578105337372,0.059925095800370025,0.34988350297537,-0.09561639653179954,0.041740450434353836,-0.06472708063822581,0.10431165687963503,-0.009429749583262668,0.016323867147584777,-0.08008026672763405,0.045962176440585534,-0.10899694795279655,0.008502273893622136,0.0345694951969849,-0.03173846096389287,0.024453406707337946,-0.14038745647956433,0.0061506743834263645,-0.05286201145701898,0.14160091624233864,-0.17278195424147832,0.005214147240434594,0.06849819113425827,-0.045651839628480934,-0.005137060248166239,-0.025654699794826912,-0.024833975003502567,-0.004951768317054748,-0.08213977916977827,0.03929997062743959,-0.004719411323738893,0.035656618471188256,0.03362490153475184,-0.05714163044819876,-0.05183879644043669,0.019637196829935328,0.02466047830995375,-0.02449313761641803,-0.022790113348988162,0.02585295086775184,-0.07804648142526793,0.0070631123244383935,0.03946560890933572,-0.024927936369031813,-0.038474064026026086,0.024260977880072164,0.04421141235061039,-0.11438374032643804,0.012963359024234103,0.12467436854920605,0.049778347799929436,0.21519562051614283,-0.10932524055390794,0.05534098026600456,0.07851363483282232,0.02333486088868038,0.07415710309076401,-0.01179476530636975,0.10474301990654968,-0.023375048064037732,-0.06462221155827658,0.01865367555911124,-0.02209536230709583,-0.07180563380938684,-0.021934654229198446,0.022699490326727127,-0.06693105448010656,-0.005058547747494352,-0.01640143548815378,0.02885638348244751,-0.00644203788868494,0.0016968109593480905,0.08965825463181304,-0.0887169537174298,0.11903479834875723,-0.06781838778790297,-0.020015355275393675,-0.07921290913027554,0.17160756848930966,-0.09680575479334112,0.02908528800027527,-0.045299054325273966,0.1103929976366523,0.0325507879849235,-0.11279370204877191,-0.10063521538679648,-0.023133812285660083,0.11751117161947264,-0.049238220962200235,-0.05206480436232647,-0.05160394143891936,-0.000721585071592902,-0.015089394810467036,-0.15319344478153235,-0.0506348827773159,0.060230642265263146,-0.08017137496632779,0.0293170538613551,-0.03879859161373134,0.03764806487942882,0.006253313020441744,0.07463750226649914,0.00033104451137774235,-0.1333563712754086,0.04907087619332455,-0.007958434913380602,-0.006011796290408672,0.04469259865977662,0.022386626749110135,-0.016447538924464107,0.0513212356088076,0.02714810675001716,-0.0605602108189696,0.134006673404295,-0.08588765154112674,0.0670470881328969,-0.12425361786248844,-0.12332438293454893,-0.10594078540954725,0.08582543957409368,-0.11704019024045101,0.03956890680374869,0.20172054216857135,-0.06928878619471047,0.08340425703340655,-0.030035625695431927,-0.0041962272851584085,0.10064439583615861,0.057175527731423224,-0.09504340698039941,-0.0018313342788798387,0.026208917565288425,-0.12506358118208757,-0.040589854949315746,0.05979643736068624,0.05708875930180992,0.006730690168063447,-0.05883079610238367,-0.058043968905752336,-0.005687764078045687,0.022730980598929137,0.06360698900342168,-0.009987377518232053,sport
93,-0.11724641426781635,-0.00245643282216986,0.021466529059637897,0.012417920803059227,-0.053516072970348647,-0.03664045794109234,-0.0017636160286480529,-0.02161100342753873,-0.014842386993070621,-0.01245884767870819,-0.02725652867410174,-0.027780116662425018,-0.07319276208780949,0.018419821264218924,-0.003372494176274005,0.016622003756038617,-0.06771154279411494,-0.12290491505752807,-0.010584934781088316,-0.015006301248880319,0.032354849937927345,-0.0362699683878025,-0.001500449005646883,0.015671131564332155,0.008432275038210903,-0.038847403932923366,0.02633036458541335,-0.001849187076720366,0.013002683862886985,-0.08394792387824458,-0.0631165573077176,0.027202536632450335,-0.004734723338201437,0.04291735117057773,0.06417837249582814,-0.04027772731034653,-0.036870482500004347,0.04381418086529161,-0.03482854081527847,-0.034589747068472405,-0.011373269643600959,0.10104371041038784,-0.10262094353396858,-0.06651322778327595,0.04877706891648496,0.06210502610173453,-0.018494965615347723,-0.06633764311972434,0.09358608307468232,-0.005238974537969954,-0.13261632456497457,-0.14469670533817025,-0.36745375582431017,0.03544409934636968,-0.014619962961565385,-0.08781133056671436,-0.11249293764691573,-0.12293028319882994,-0.1792256464628322,0.25397804608251306,0.26100775707061735,-0.08559755972136904,-0.09498325202142745,0.008160781334323323,0.1495098034901502,-0.08492288500337435,-0.012175166582146478,0.23098514837846856,-0.03562348266085888,-0.009614579616374096,-0.02412291615827396,-0.20279504214332666,-0.04278786865466903,0.24921052446941197,-0.046098769837232996,0.10323678909995453,-0.12713841597669698,-0.11365865293809148,-0.13774405940763873,0.0909114490023979,0.04620501480291373,0.09270419667298245,-0.14012192104818652,0.030342384653705846,-0.03700314131146197,-0.05620965895883408,-0.016078561653187783,-0.10416912389676712,-0.07367557863715403,-0.23613393659769064,-0.04623250710360757,-0.05064939449703859,0.0026690139292995275,0.051307245256744884,-0.09167880243805716,-0.06200803125162692,0.11367598179549586,0.031473327117355704,0.025207928297559332,0.013310663082623332,0.048846299796947754,-0.04461210522638363,0.01983370812045445,0.07036445573743744,0.06352710489503988,-0.024648492422070564,-0.08413418475897914,0.014869339561960997,-0.030818648225473394,-0.11678447709880964,0.015396492372713393,0.06182325587997952,0.004953574157335472,0.016657783016586613,-0.030769791528817286,-0.05222137928488846,0.008270725017412906,0.02931923511500357,-0.014720473527954211,-0.01275608437378183,-0.037284593704470154,0.015211372512826796,-0.005407515954850037,-0.035968676877211336,0.00840870306492487,-0.052504056643934996,0.015000111414433907,0.002181662382845326,0.02145349914737537,-0.017699940746287054,-0.024066684042643158,0.04682701079633968,0.013764321698903513,0.024451661037499392,0.013233621384146995,-0.003471502431355407,0.02037924324752933,0.004055250966078788,0.005936339212978871,-0.0067333344067707695,0.00013400614113528523,0.007903924533902132,-0.01279527243367887,-0.017804342446245527,sport
94,-0.06859492535037225,7.328120543488817e-05,-0.09226431040860548,-0.017239584009723436,-0.06839353676918403,0.09594762878904109,0.008562261271503073,-0.06085830900244106,-0.05256740440975601,0.011329081642011522,0.06812099627123917,-0.03775321914948329,-0.05298263638071393,0.018259922156782016,0.0593520078394535,-0.07230219757079859,0.02684347581383951,-0.11252098967329355,0.09176828172585971,-0.019826286472263234,0.003411676946482176,-0.07417473050901349,-0.1366724885615633,0.14686271973946138,-0.058427733568572525,0.15229789920882136,-0.04847032564083819,0.1393888076043465,0.002732366310174561,0.0804933510091708,-0.04768899559247899,-0.04031397375037568,0.05070512964715666,0.02513794659820988,-0.1948868407412224,-0.2743186180085184,0.12500180107366876,-0.09669056121616111,-0.24415453956037636,0.3118823329867195,-0.22960401575937012,0.06413588303960398,0.008134362699609238,-0.09830265534603028,0.048522203574248406,0.13474907277831724,-0.08845790183223425,0.0905906670109823,0.020004385322485246,-0.1408992447034818,-0.006383341152737485,-0.010030427999153213,-0.039030781760020616,0.04305399197043227,-0.0450768039494173,0.08790766171987835,-0.039992624751493865,0.015382659651426898,0.008395019371705427,-0.05894171988564972,-0.14181921765991695,0.004551576744430302,-0.009081838331889677,0.053574275462525404,0.06792081775124076,0.031606622508508014,0.03469485503424904,-0.056400816089466725,0.0013728138669875192,0.03874038421311863,-0.05598982525236293,-0.04423054804341,0.001718226727142878,0.004814769262481652,0.006492854558351376,-0.020295604303714278,-0.02735010349833874,-0.0595973990799509,0.026791326098673237,-0.008103084745441561,0.024004078360843197,-0.007067979095832441,-0.04564998924110151,-0.0044643136077224905,-0.029950614076388483,0.00478315505667834,-0.026792542339450255,-0.030490139201004823,0.04357942440083182,-0.016106092623685325,-0.025049363804142785,-0.03937475049395136,-0.009892792675931636,0.006502859331539063,-0.05413525843925497,-0.0033997230853123053,-0.04739205015661735,0.07506384842509893,0.05085899103847776,-0.034707536114686056,-0.01866375402653293,-0.004373275333503322,0.036004061981724594,0.011223473977647034,0.029316229209981833,-0.10185449569493822,0.03763897043073921,-0.006359456521051402,0.0041140284973470165,-0.004339745659663502,-0.061991818062256815,0.03673163466485966,0.004669017836837722,-0.00394785943047626,0.030640329157975522,-0.03060730322624392,-0.043974014274888534,0.02725408834794438,0.05688348553008681,-0.010736833570146058,0.042712625811367554,-0.008558235744290972,0.08131014995527647,0.0422453008698551,0.06400219784795062,0.058264439935975326,-0.02145766589131137,-0.06541582010200096,-0.007531483287436795,0.013950677773338676,0.11271934563549377,0.002276030092470278,-0.0213135169964888,0.05971230749556581,0.06959171640780482,-0.014035611405483938,-0.03317444146727012,0.01313164301418878,0.06802610703129346,-0.09355528642333237,0.08355039524703504,0.015178606921242638,0.04044041044854208,-0.13623215704249284,sport
95,-0.183436009489654,-0.026310865678521027,0.10141934347771861,-0.11262679093000506,0.08217614957550284,0.022228928495215915,-0.09531915223571251,-0.051008106106484326,0.2238500456783221,0.047406686075063625,0.01740705204436643,0.004625945721073765,0.008773111481944838,-0.0016045777977131657,0.010387981475951873,-0.010243712050001654,0.026459393275913064,-0.05276025018779121,-0.07946373306934583,-0.0022576988681523385,-0.01006737083714143,0.013542633975326302,0.009785338815273388,0.034722784091323185,-0.002738001444591762,-0.013231901571348128,0.05169138716837833,0.02147954671296597,0.00014435217300871975,-0.04302385680562447,-0.09354010735596095,0.02997711382742967,0.057600965103640336,-0.02565876166766637,-0.06418456296235568,-0.022682411208759665,0.2091264681292129,-0.09791914015013407,-0.10029971965790417,-0.048426601191371106,-0.03330982457165572,-0.09518909023643922,0.007471032804034483,0.060203095394111644,-0.1384207132979379,-0.16328694087044998,-0.027693408564788875,0.05728524898338054,0.04981114315002615,0.13217880582697694,0.1817108435547323,0.01715416135181068,-0.11779089527480063,0.2647029809524789,-0.13621110082988058,-0.060030995376108294,-0.10470428328241498,-0.07753239121999114,-0.12117089619279502,-0.029155027843619685,-0.1557006980827243,-0.09346242163181673,0.06396584545543568,-0.08368942721057493,-0.08675953239377472,-0.0287388038848347,0.10131934013854528,0.07701879736540844,-0.07447553340283376,0.05865547396169983,0.036120868411328395,-0.02935912706005694,0.05273881963892118,0.05532825035063135,0.11475193612409716,-0.1500212868761007,-0.011290412031628295,-0.08867174837691368,-0.030356861958454585,-0.07214405184739169,0.04238044148581666,-0.06491573971981111,-0.07947584392431775,0.22502900711013543,0.12189663659994224,0.0129892324504067,0.08051008022622932,-0.007364081388758694,0.07583553900114319,0.09335336347879869,0.021435171544852874,0.003633540784716024,-0.019724385939704117,0.09444250027224696,0.01678007078180747,0.048917012138003195,0.017185858291996196,0.010795993035881727,-0.06283310717888517,0.09552784651672287,-0.008212384617941406,-0.03711513722952161,0.04310370521375748,0.06724957331928438,-0.09062859608123786,0.014002535214541584,0.045872126589579856,0.08128641903809943,-0.06027683474515883,0.07032782085544301,0.01833847157718839,-0.014271257987445671,0.013910283949733933,0.007363135967514202,-0.08360893317883512,0.019183453683257815,-0.02957658459344004,0.0052863665879865985,-0.038501078958399514,0.031678418757743104,0.04595290373477369,-0.061405836316201855,0.029922148705724808,0.013960672060964647,-0.027168783946378297,-0.053587873606692274,-0.0398324985745626,0.0755926689186643,-0.06120330756433637,0.14906815729449494,0.01571020183996125,0.11944179574609985,0.00955869727071952,-0.04557181239281769,0.1949298939654936,0.0516996016759096,0.02180469819376222,0.05242432615628517,0.03925163749881574,-0.04258920974285116,-0.0881686411358992,0.03470881774455705,0.03373465914795156,-0.06018856519245082,sport
96,-0.11856235748566342,0.0005293638707101476,-0.07665959795311722,0.17552994117920095,-0.2523774786465931,0.3197214246596271,-0.17939228807097668,0.33250991144114705,0.06974625355605617,0.010479921746930439,-0.13089187890547302,0.02770013924016072,-0.01408419080344399,-0.09164528697657257,-0.07001933748273408,-0.022975881068924182,0.099214192718646,-0.016299277765400515,-0.010780061364310735,0.01629547780074635,0.08215715249711966,-0.1574137290671675,0.03383965588114947,-0.2155019608118186,0.02978573194484575,0.10709189292805031,0.07053436201471829,0.09619302586526518,0.02953229308257641,0.01300192009248332,-0.037537566964606986,-0.0587249111378661,0.02673736889893813,-0.023504255753276977,0.01773012511808374,-0.07868329768464352,0.0014884650781262225,0.047837193045895156,0.0313623028007296,0.008763161677799239,0.02447938350780387,0.0406690443509512,-0.033999255279750375,0.014370520521538891,-0.09323814976913126,-0.04257680504941125,0.003846023960791065,-0.0806121827369276,-0.011429276502106405,0.06595232150159681,0.024200072775780512,-0.029698757819354427,-0.037839331346020216,-0.015776189683739863,-0.042960594354226236,0.0096505054750327,-0.06659058464859659,0.02964657928800342,-0.013350575538372053,0.023001005936155904,0.0044651444573949334,-0.0013736928197747768,-0.016960772251171062,0.025979969474146727,0.02826270023613199,-0.005778197065184617,-0.02036483556702007,-0.0038182840682479155,-0.0127322134293711,0.02255948067602081,0.026810740780706704,-0.03607034058520346,0.004805738850257796,0.031259753766047074,-0.009060753871826517,0.0336958427597929,-0.0049728276086213235,0.013900739441516199,-0.045070075377606864,0.05153370309063351,-0.009488001144090222,0.009279757151945262,0.023012964252007172,0.03647040550703907,-0.02286876642582675,-0.0063355858446475614,-0.0247197302615684,-0.04373139937635257,-0.018304451917699503,0.07170803558472928,0.031509523756235155,0.042057971801989245,0.002437956661170194,0.014126218876999668,0.008896322797477053,-0.006657647150008011,-0.03915960445975775,0.04396064099902504,-0.022425594113842564,-0.05314372097206603,0.022516154280578068,0.04041741501038085,-0.0842375424210274,0.004982524761537028,0.07409966906927895,-0.023924721621863973,0.009388684957650942,-0.05082543056761807,0.0009382751526307166,0.05579070943721128,0.03566698217516355,-0.0021752902852022783,0.0065164135550832055,-0.07228009944376046,0.01577377601672986,0.00039200272298885516,0.059511069404908364,-0.04333149023515885,-0.035492202554294305,0.00768361944832852,-0.03916236454157202,-0.07603183761762493,-0.0399599017941362,-0.08813193436378251,0.0681129725297991,0.041607858743221766,-0.0038675325140964767,-0.004407825615690385,-0.011442537646046125,0.04201584495290468,-0.0043603121553858724,-0.10833724433827494,0.1159978485872032,0.01914434609150349,-0.1190882178389662,0.10949043624337337,0.001205507978089173,0.09982343155086139,0.1053907605978784,-0.08361146253347924,-0.05111725314722836,0.01641139505624786,0.10152018960627895,-0.01357508466278555,sport
97,-0.21042115647490894,-0.012125890473997269,0.09616993506904194,-0.10451033953585767,-0.03234424551178033,0.043401626390994576,-0.1062562975200087,-0.02640724631632174,-0.00385114486691283,0.005651729067207548,0.011743349014574992,0.02549804469166693,-0.0874586337861442,0.11179819106994619,0.02023710510615227,0.04326986790984051,-0.3244355707956544,0.11992629479746304,0.5967452994482391,-0.018774906575397137,0.011488387340992227,-0.0459312703057748,0.00979051590524382,-0.06711763623873583,-0.0024497895845604313,0.1236681617376527,-0.07294754605868353,-0.014423094928861983,-0.0578743239608583,0.02399728986722895,0.04815515401373074,0.01550172009961248,-0.023010835669492108,0.0065613838269430015,-0.020843989753542874,-0.021855381737314945,0.1095590112120883,-0.07053984421890976,-0.037393131578917035,-0.032130141124791595,-0.010347760395829905,-0.09924097309624189,-0.014546304845153953,-0.006790856206077172,-0.05316738390623862,0.040022615008000376,0.01196142637076408,-0.023256480609651964,0.01572614450736085,0.0183803902278633,-0.015981053058293424,-0.06362119929475754,-0.019356524262833213,-0.06655648037657515,-0.027477317856889203,0.0013746140390423491,0.02348045951283752,0.012453856435019955,0.02573716771182566,0.026015931313314252,0.01092408519721893,0.015139911162029932,-0.02055113064666311,-0.004123561713119334,-0.01385266965002964,0.004283911866518041,-0.020397834918921103,0.03663923389960456,-0.010118362776621346,0.010447100586799773,-0.03690332488387528,-0.03609683182219947,-0.006208108548425165,-0.0008761162981898347,0.0443400512176575,-0.031691757998103844,0.014622814027437247,0.01521869506080682,-0.005425136554446183,-0.07073525993619677,-0.006349748855257459,-0.0053050619238695735,-0.01648760241763004,0.0030786130465086715,-0.0005499417104645738,-0.014685939226547927,0.032736356424786464,0.00947853717282087,-0.0102254778343785,0.0025528417462380793,0.0050725492112529795,-0.011046775706224742,0.02687277196486117,0.031730485681213776,0.015614114032141734,-0.014571000907673302,-0.043273862180691534,0.009513728794352676,-0.07649873666836797,0.009574294044193988,-0.0006540352677594611,0.025429484733445838,0.05542759025832353,0.0036397830226768185,-0.009668847098657788,-0.022020965706193853,0.011399117436355844,0.004086492410309853,0.011565478627156229,-0.0016886874283439104,0.006507042939949591,0.01113078845012671,0.0027822772470904988,0.030207252442094015,0.0640958995445956,0.01565573273524476,-0.02646020071823538,-0.06315090678599039,0.041180002597950585,0.008385447499873706,0.01425965869044001,0.03828081684794259,0.032519177382601384,-0.012984857998835957,-0.01799279674386028,-0.0016102329681388227,-0.022144622502099885,-0.0013841022347348218,-0.006921267597447523,0.0018998677140316825,-0.03297231412252366,0.08721583342028617,0.035180690198348574,-0.028946001503667763,-0.03079548752620344,-0.03160054117578691,-0.03395518605621206,-0.031472414098656934,-0.06875649050328243,-0.013476152553381911,0.04103357855477734,0.002095216716868437,0.05865490459647157,0.049153967660979264,sport
98,-0.2029109742771105,-0.0424105443392677,0.13450416348388838,-0.1915571564249864,-0.3329153511796311,-0.26464165221557184,0.008320102910288481,-0.04714049538892243,0.04144120529372112,-0.0335241336261894,-0.030750901553317743,-0.040602567036035625,0.016335687095063143,-0.05898900682966304,-0.08567472923200846,-0.007451918653337283,-0.0622375316363315,-0.14540122213741408,-0.1502499325930661,-0.0627853867712975,-0.1508296535835737,0.10086243395322392,0.04101971018581757,-0.14327798125495458,0.0567369810839593,-0.03737290448457981,0.01629851088840546,0.0008001871749584814,-0.04682310682678863,-0.004641492373308899,0.006662788185502809,0.020510826315230535,-0.030585869562547576,-0.0034584921267032604,-0.05128358175828424,0.05198051038245601,0.05194968524168427,-0.01249095130449593,-0.06396667427474077,-0.022742957287896652,-0.021446498444562635,0.07752854201486754,-0.009411861863236339,-0.037947623727146385,0.0295511170433601,-0.11688719182207949,-0.06638282119899673,-0.029131536500002414,0.03219331509450578,-0.04941172381294663,-0.10912845721270947,0.0010356116914414075,0.041233080694143734,-0.04918364536519482,-0.06278961682138595,0.12029532613406849,0.0800907518319046,0.038703332191813454,0.0863268468178509,0.006599006763236416,0.010440031000904907,0.08795876177526891,0.04643031978665439,-0.045466530098775174,-0.07683307553507555,0.034171694335882546,-0.011577387182449049,-0.04129503564289922,0.003523525429554256,0.06423710884799062,-0.04444447412012948,-0.03360274484213032,-0.018735388435172095,0.019431495445192497,0.0071408687069763515,0.027356531699082313,0.005630152504070216,0.04237618481383945,-0.05625402681274623,-0.08751298554255055,0.010958329712002855,-0.003220262981894956,0.045880589028302346,0.0158872705961047,-0.005139914809437686,0.0011436697717983745,0.015210802114976248,-0.04032535150482644,-0.005985246629813996,0.0564997734238849,0.0037885564975945842,0.023542521932141326,0.041021661311353166,0.01993105479858874,0.08605368455025549,0.016148004339673838,0.021832917851024276,0.04412214630740921,0.05683088886029359,-0.027778158955077726,0.054970243065748284,-0.033235068728076196,-0.021864688622020435,-0.01763574012855772,-0.0024638611247171016,-0.04343907978168456,-0.024312280297517103,-0.017214741307226285,0.02255845840441705,-0.003743371610964091,-0.05989649837007248,0.02954489990647036,0.09043355333646912,-0.054687905903984146,-0.03921786624850601,0.07509372065617033,0.0284653857031331,0.0063141572339297765,-0.12120727033619356,-0.013882217723018288,-0.10097265123679636,-0.09930513090587129,-0.027323502962083166,0.011220130555307116,0.08176397070876955,-0.04628441395520937,0.03269961335653543,-0.12180155489632523,0.15786990598607595,-0.016029353803819122,-0.05555858694682854,-0.011161299259742071,0.0953771553836942,0.07773543243093582,0.04333939673875373,-0.07079816997339985,0.06839849996821663,-0.07896830945481599,-0.08486375764381791,0.006535389810149602,-0.1450974331163887,0.1075830029100275,-0.031651412569176286,-0.14201451341150445,sport
99,-0.1457691647608742,-0.01358082063463574,0.06769595430889774,-0.04224438090308289,0.05700999095035007,0.023944729447693013,-0.0026406809931642677,-0.010396727437981774,-0.09663294037927292,-0.01842006027004793,0.010889556681044013,-0.0018653766216737491,0.0053226091278085,0.028469002934383068,-0.006109461803143638,0.03031730192143489,-0.029062886620152054,0.059155966986509295,0.04065110865069615,0.00996979508524801,0.019334063344309357,-0.0015221055061419818,-0.02785508899581712,0.02746175521909061,0.012031157285011184,-0.08264011053951016,0.055280714855494135,0.012407968455273864,-0.028540488408824154,0.04140146069527682,-0.07803214657959583,0.09123166088829515,0.03444056302859164,-0.00592125014087003,0.01030976678891748,0.07227269679487025,-0.05103347194950418,-0.02372086781934498,-0.03283580224107729,-0.11396375771745478,-0.009699164145164592,0.2438033801420932,-0.08770579993334261,0.05458462821512985,0.11023601064350838,-0.017829140203312766,-0.0028903080729414804,0.08540709024541691,-0.12949674340996384,0.015320860421820704,0.4362048137059346,-0.08010171003481208,-0.056590190924708496,0.08453727347454225,-0.035701092548582905,0.11717373883412988,0.03928251547609513,-0.1583379370577761,0.07600619007690705,-0.02272040227840826,0.06144666010286202,0.07138378437902533,-0.049243745287610816,0.021466444229297235,0.049415439819989714,0.0829322325380555,0.06514875547749512,-0.0571377425765268,-0.11736838522097802,-0.003582929885964465,0.04737100043280155,-0.10614458544926447,-0.026977124350836098,-0.11590846334414677,0.0478355479246564,0.12960333725653406,0.0055677733319054205,-0.0809526708172497,0.08220575255666253,0.2025275429835972,-0.13892711965916768,0.035427873350255094,0.11987402322301842,-0.1954645764535601,-0.15907558580270337,0.06079011624340801,-0.038173283195076735,0.05184736731393164,-0.015918332927423944,-0.03664745776720394,0.006192665797802821,-0.015700830994164593,-0.21125866338882002,0.004874904717822563,-0.019287584372465146,0.24014220452408,-0.08205139649663291,0.0962070555020029,0.0486769600904822,0.14894635430786893,-0.05540387367282054,-0.08343535816254694,0.005159047063090869,0.15085979832375288,-0.07028308138962383,-0.039642371073323725,0.0031082084131000554,-0.07112231764378801,-0.021881096639086915,0.05322981619328297,-0.004479820241915227,0.08634617666572915,0.015264388177682447,0.0628629345339205,-0.007372950916161293,-0.0227308473902383,-0.028126132506770624,-0.04583722571039218,-0.03547623808469551,0.0062712946877513135,-0.02774338632998964,0.02563950205323618,0.042988692392089085,-0.018530391658305816,0.03576758294356095,-0.026423562669074512,0.053311942953406175,-0.033754255792766114,0.036185294983519904,-0.01455537100966331,-0.007625194506793834,0.035668971815233715,0.008567021117751787,-0.014066079343533369,-0.004614983897106028,0.032002507969144105,-0.0315785101998981,-0.03774353717261991,0.0002645316336807747,0.016716841559887643,0.0017684467469025872,-0.0008978720846308549,0.015184365892351469,-0.06196738981185009,sport
100,-0.0984245259768584,-0.016914642846285927,-0.008639840780314566,0.004500743635031909,-0.03421612657868033,0.15610397053556596,-0.07194011567885512,0.18062663916708407,0.00837769462984196,-0.03061178270143739,-0.1841907529917321,-0.0546580714675898,0.10142596333569935,-0.12378506511172128,-0.03056131374237249,-0.1326911447203779,-0.07526782087548411,0.0914487904897361,0.02031250888611803,0.12266957745162102,-0.12167753342637658,0.4174507541137102,-0.10329148050286463,0.48306661957293107,-0.06579037297671485,-0.09273746695147174,-0.19450561284197743,-0.18184465645256576,-0.08375842539898144,0.007367056820648193,-0.008258739635555417,0.14649548617265065,-0.07368436372562877,-0.0047055632623014525,0.014619586502617504,0.051332952447856496,0.0027730452012384274,-0.07960818117268462,-0.02001949526598625,-0.022308067762436434,0.007136187869692234,0.022595505417055586,-0.07176939657778406,-0.02995473974700112,0.02789402730224565,0.07349815380229943,0.10662540869501108,-0.044461985833299224,-0.05038077082398892,0.0008119896661228239,-0.03154116997889834,-0.012132921676471353,-0.026069720242108563,-0.0036650546773703786,-0.010838512554503198,-0.026509336741947602,-0.0055068777658229045,0.027893428694351935,-0.0051710613253951035,0.014323721411917704,-0.04175549434447592,0.021967222013675593,-0.030779011573369753,0.025271865261293554,0.0026973978285586807,0.0008123258761650619,0.023756879618416604,0.025625898752598752,-0.01772919019460608,-0.003779813565180337,0.017493372703825418,-0.012980403538981597,0.008986804879665841,0.012496331040394546,-0.027177776545231062,-0.013618222483181829,0.025119435521532993,-0.04494353984483879,-0.004675911967977668,0.0012532402727356766,0.00908691922932302,0.0092436996107355,-0.011786569394441396,0.013694243557662016,-0.002208157783676975,0.013911900935115545,-0.005658449659154131,0.0024579698435388863,-0.02378717333673336,0.05289282997862072,-0.005675071949230988,0.03047085102680264,-0.001740749367367075,0.002071297960133592,0.029392041894353578,-0.026994627835035107,-0.023024327420834396,0.0035359916544702836,-0.01649645829427766,-0.019799985426762777,0.00922909581833444,0.014681298686646315,0.007326257147598536,-0.015249555678623107,-0.011520454108692563,0.014719410447288786,-0.002727936352012203,0.01579474887443045,-0.014820778222041324,0.03631571433305495,-0.026202299686786203,0.007217318184388886,0.015018615379741607,-0.028395183505568584,0.014358699013576686,0.004915906049986179,0.051880783152846784,-0.017771178729792,-0.02692592322805946,-0.05407913646499596,0.0026365059415299525,-0.02732639231282371,-0.045480959548185,0.01366156883062406,0.017351754097934758,0.020223870493275283,0.010667829314239353,-0.012859970808398038,0.018076351250187635,0.04367717769732232,-0.03033695430613022,-0.02465897570436553,0.028346873985987148,0.01376087810418202,-0.06228278805252731,-0.0070503200203065166,-0.017390742480254316,0.035370615697612184,0.031126446414502015,0.008073857257874965,0.007449281016352428,-0.003135907831179512,0.012373288632689449,0.011142658319527122,sport
101,0.05644601181610362,0.07881810790524887,-0.08993287844143288,-0.00669809484307288,0.0035390343822326044,-0.0037555265089540897,-0.022034108884811734,-0.00426546100060116,-7.663082660891758e-07,-0.0878737633712626,0.06659255886453441,-0.026936312409447504,-0.09780142395169379,0.016304266110448332,-0.009151539665320023,-0.019856056179326887,-0.030373360347505887,0.021056709365746697,-0.0012891865529161101,-0.03850508467905573,0.03940432688920882,-0.033271823728237615,-0.023030485230591816,0.08755907658642999,-0.06323556409314596,0.04825881136424643,-0.06069509317163522,0.1327046228058063,-0.0373716818229413,-0.0919854176333177,-0.061143978951423636,-0.10405439899249806,0.0990255386209289,-0.09385350676102226,-0.15180314362686137,-0.10397374680841197,-0.03924938901343556,-0.18556052091992958,0.007794976401320863,-0.02854177133859835,-0.06066276690952162,0.24280244215140737,0.15481266836031687,-0.10255137034328737,0.06411839640276014,0.006855864581685578,0.2748992691578063,-0.055322118579470746,0.23334509077104296,0.10546118759081263,-0.01628792017998998,0.03525074948478557,0.08849236570719708,-0.0258807523652702,0.05934171393898789,-0.05053291899014803,-0.0497162166113458,-0.06159354222757245,-0.017461278670890625,-0.1349595046544802,0.006591988526034473,0.02939911683931308,-0.004045520662205286,-0.04365476937097965,-0.08984412822875658,-0.096409073360718,-0.11652241440709205,0.034397590772806665,-0.014524304840086625,0.02174475922249303,-0.018671226765430392,0.15979453798619683,-0.03844028986016668,0.09784419704414259,0.03355579215770113,0.07818843532710051,0.050776902810469746,0.011554025519824106,-0.11552514375801638,0.0025010890043911994,-0.07142694147870193,-0.03881632725570572,-0.04861225674448576,-0.080353096813529,0.03427699308665834,-0.04896331972973807,0.041768346749085826,0.021324324466463835,-0.04457725778960706,0.08551600914141717,-0.22011286334602184,-5.061523641453151e-05,-0.038129507170531284,0.035963219720663804,0.04502063967630988,0.1393174417944136,-0.003418793407313339,0.03712543067877436,0.07328158228845791,0.11646659681065999,-0.044380253876180636,0.005884656532899856,0.03548648132067441,0.031044989284225295,0.21234346529771478,0.10478616993738514,0.09184808282409831,0.13964319579844342,-0.04906444404647867,-0.06261824161425976,0.037128702583764425,0.09997242068030872,-0.09405890642037776,-0.18319194379769563,0.026392784049023187,0.04803415530369706,0.07429383211403259,-0.03910420669410506,-0.044266276960710116,0.09377325695228263,-0.0226233018467621,0.10434583168539542,0.03256860870821543,0.10654605151155531,-0.004199749509429205,-0.08048948398185396,-0.03049625969698739,-0.003397909720800959,-0.022640770983240188,-0.04107597750673935,0.004238684315405606,-0.026868771599899966,-0.021254923526039297,0.03921533771425972,-0.038363272946294054,0.050228009433432856,0.0068259686917518676,0.034195523761483694,-0.036465510605788384,-0.029402360407909698,-0.008270544303823405,-0.02494441039148653,-0.018149982461207224,-0.010454393665873515,finance
102,-0.007028501744833868,0.004254029802242671,-0.10367653536837751,-0.013980714491090207,0.030075440021273277,0.0011021859481951848,0.01265535328501407,-0.04680171794248258,0.0032870724132902608,-0.018676078312399928,0.02929790461095615,-0.010246425445825547,-0.040404197464268654,-0.021046860670001753,0.014327965265343712,-0.025093352423692736,-0.005513040402866889,0.008090467964170466,-0.031199591030152168,0.017428659911524088,-0.019819743213881587,-0.020259005716897704,-0.016223123752678904,0.10261236461951243,0.02091195716325318,0.12159768853210742,-0.05343980495985758,0.09118725662250358,0.022321679824995652,-0.07938206735122919,-0.06461924466548387,-0.10872341808043177,-0.05920310331051825,-0.053241027523641085,0.014510136235473323,-0.23573271249938463,-0.02584272419331579,-0.14955247686597226,0.029882861192373763,-0.24233120348244436,-0.06702152670171375,0.11523027195953096,0.02770278549126407,0.1394729905583038,-0.16221564019881737,-0.13416234475537084,-0.02511327510938436,0.05720935425028259,-0.2599854236856115,0.06472392197904416,-0.18370355738098917,-0.04782806091960637,0.029862123878795718,-0.06622503344718968,0.12814573947435504,0.0797077882211173,-0.0033068715212652895,-0.11841383193668287,0.05109267255127735,-0.0011063257823879281,0.08900890020416562,-0.0183904946904208,0.07608763668071761,0.07055901116206859,-0.01554533825080462,0.01667958788836778,0.2666514934101837,-0.029270493228040758,0.03666869762471785,-0.0740650543146597,0.1611245497510257,0.0437956937668563,0.017162229479899305,0.02232360595918789,-0.07135470193407456,-0.14043277128571585,0.045913431798301964,0.06769355088346563,0.040298182494340064,-0.016690523983449806,0.13991309130876478,0.03278304068088795,0.06578974871846288,-0.13322240134272245,-0.18669410373052722,0.00724248502279422,0.042360496786609275,-0.07340023523443859,-0.020465818789252042,-0.050481956641024596,0.014525492279358565,-0.1574296603766461,0.11745284127302763,0.0735159652832784,-0.03091715161740157,0.04394871032900815,0.06355470536815695,0.01747093105868332,-0.1662203845493398,0.013691005751053309,0.036304340971437,0.2323036751698813,-0.03934619370597759,0.18610265517112945,0.046796050757830644,0.0024116021422372767,0.06267424289412164,-0.027694569707576108,0.0901592506588505,-0.025538915576986468,0.029333625121908718,-0.006833150960989074,0.11642105241838784,-0.021826407258222578,-0.14757319115498937,-0.025688629043601068,0.05633802424276432,0.04925528796640604,0.05470817298808397,-0.022608631886525402,0.03422348086488463,0.0001186920779076787,0.015914887424646553,0.07829883417843249,-0.0019410166444745467,-0.034980666975560556,-0.034489860161383314,0.003649643831812501,-0.012210189819039798,0.058947876903126875,0.023954759577001335,-0.020724042537229048,-0.05024521100106085,-0.003989229190044957,-0.023889764756086194,-0.00991340211874076,-0.013178430090950525,0.013400228455144108,-0.016812248569453382,-0.0031734392644561537,-0.03275717125842944,0.023395726357665705,0.014007203688648362,-0.008591178889106372,finance
103,0.08242907281687321,0.029696227566787536,-0.09051385592591256,-0.006711797208593367,0.02906779380035322,-0.034511995163066536,-0.010966579058690896,0.01603545401720147,-0.013044618886309207,-0.004353398043580072,0.05535758094140669,-0.05082292745728334,-0.028737297985141835,-0.022610742353193002,0.05852071778519675,0.019628136615636407,-0.02560542222529822,-0.04314533598762046,0.018160902146330378,-0.046096730823228835,0.12222553375650298,0.13207427813765857,0.047091661441407605,0.04138348834099556,0.023762957495527284,0.10221253308282274,0.10896206663531141,-0.051200646647679225,-0.009014023069937588,-0.021514108202789692,-0.019490735886587465,-0.056464724548405794,0.016250059214753847,0.25038122799021884,0.013006672396733478,-0.06869428253144172,0.05407503011458257,-0.017516271037722412,-0.04016222593949018,0.10711779593955914,0.3525265811980015,0.1612500542085722,-0.0029883768944487838,0.19861911430139423,-0.13998250181516106,0.1426507023853933,0.02660958842451068,0.06036602765293725,0.15694274444281295,-0.1148122704851795,-0.036881236837416106,-0.05368922233169251,-0.06533588394751227,0.06601240795712002,0.008902274694523338,0.01903687423770575,0.22746728607083253,-0.07933902712603026,-0.07264636924731024,0.01532876247577211,-0.06750543980089503,-0.012580693117045596,0.16642236847261815,0.024851895788762957,0.00864502159794015,-0.11651965035787089,0.0218792196113851,-0.1307730628330359,0.030643362215953325,-0.1125404220245685,0.08441892235451899,0.00754294875433818,-0.05213510796562482,-0.055521537391932316,0.059046887903614016,0.05975273642602533,0.09256169591645924,0.10886975225702633,0.0256922832621767,0.0626624236338307,0.1338235699010274,-0.06903942646866228,0.024396248749349893,0.08704474069543663,-0.00427287163384453,-0.023546897727687834,0.032006469248870024,-0.08108713116683708,-0.11665109736649978,-0.0242890730764494,0.11714665700421929,0.05657673025252618,-0.1962681918012533,-0.0916793205078917,0.02383566525373722,0.0026457314291639406,0.03580000066071957,-0.06357918437437479,0.0009464803882758817,-0.1219270101760643,0.03694614753344415,-0.07316937913688326,0.13078868911601235,0.04603037363290066,0.04970967564567202,0.08141847597153515,-0.040708547851107973,0.03737139521127228,0.05636840628620201,0.042488962247504425,0.03655845049088676,-0.01849441083753925,0.031216596205180053,0.05070586351996438,0.0367011802780549,-0.004222559499461076,0.14215752096465276,0.00028211707490533695,-0.08014118625458931,-0.027156876620068267,-0.032147129556006813,0.02316585725475539,-7.374508683993991e-05,0.06563382057596927,-0.018600365120311983,-0.12395059210209886,-0.11840458294296174,-0.02115726201773417,-0.11901018245200246,-0.02502308995065351,-0.03831422669294484,-0.039132727222176006,0.023426200492264158,0.03631251450346687,0.010483516733073172,0.033484488802026736,0.02028821413449077,-0.042165098755599074,0.009693090907341741,0.0523797877211273,0.022876534932074564,0.015719871384944212,-0.019217281049659002,-0.07490693174178169,finance
104,0.009626460984757302,0.008261742164665539,-0.11149194633424044,-0.015176889614497148,0.019991295870345142,-0.01711513600184897,0.014266994134677947,-0.03216489489992997,0.01589943061847896,-0.05387276559768539,0.011084283642356961,-0.07855821504377776,0.03120795499233937,0.034757837745052166,-0.006291131066655532,-0.028499543093486953,-0.005675474283329797,0.03859387958810896,-0.03171404275472356,-0.04203575752339917,0.011715793845745911,-0.0803171144564039,-0.040934300919884654,0.09524801526272282,-0.04835714940907359,0.0828117023257271,-0.08329415079541946,0.12421607422197711,0.02809279164328434,-0.09783016569221419,-0.041877300248394776,-0.11911225515133539,-0.03498363453967609,-0.06351257916975682,0.04285019306665341,-0.21799495975410538,0.03372163760994926,-0.1108388020254224,0.10847880344213635,-0.21901015597253454,-0.07721828421435194,0.10887700677908706,0.03520989699302904,0.07183159140135256,-0.16215290508030375,-0.07906992976724779,-0.005128448067269795,0.15287323503470648,-0.2861813362638284,0.012431550981049094,-0.16172574052025657,-0.07727879874380524,-0.10763995111770759,0.10230640617119885,0.046568374826453526,-0.09957980186987987,0.09906263320123306,-0.03291731652771868,0.19559136496608967,0.06077191383809269,-0.09384484898746674,-0.1424473462546441,0.01335967073203555,0.030048983603262504,0.007055126292782551,-0.004795335709513907,-0.10837253380680817,-0.007819534809826015,0.13536991325897682,0.04440141258934986,0.05433122960959332,-0.12689066074439043,-0.036512248100966135,-0.10069656215608135,0.0879163357428989,-0.14057647892870484,-0.10705290065464637,0.012020802981228552,-0.03270270267921402,0.03760752661906088,-0.12991040546882382,0.07949167392907684,-0.03360005787793543,-0.09182996118429479,0.169461622880643,-0.09406093990753786,-0.10745187309878955,0.04717138918339531,-0.04923676202908998,-0.034866347350842944,0.03712667918762352,0.04685417180789628,0.03821653547862668,-0.12137863402258316,0.04064930056260149,-0.06909477518401498,0.010248279005127533,0.04079960615587886,0.11936112353017458,0.026952780495715818,0.025398313958952885,-0.18341686785545375,-0.012133527499649592,-0.06872607690118882,-0.034063640832573995,0.07881600036626706,0.022041848695744375,0.08846566671533093,-0.05891883966479735,0.09364394565338267,-0.14387034676995528,0.011109109180350268,-0.16170725328531058,0.026688005571499484,0.16031599513245143,0.05672909954939892,-0.059578602502862336,0.020981935364104847,-0.026682736850629912,0.042032100428552224,-0.06025189270102607,-0.03775783186856468,-0.05802444118568378,-0.0722316023974873,-0.02966998742738695,-0.03397144595061752,0.0034897930718358586,-0.033937864587465394,0.031800458173787995,-0.06213169918118285,-0.0221977932023223,-0.026381271711975064,0.06165299758386812,0.0034029440884327366,0.02395598586740572,0.03504308062723,0.022870872278938695,-0.036080917934105276,-0.014093586406847282,0.00369379703769965,-0.008780543594158405,-0.015713700898455217,-0.004760294051851329,0.041424155135484204,finance
105,0.14049092548859465,-0.11274130716758556,-0.049146352105974817,0.008749288034308484,0.001784433933994981,-0.012290419973141594,-0.025303723536514926,0.03831525289209384,0.02832625251033089,-0.12260940421783222,0.13437475768076687,-0.05464598539804875,0.003270639287432862,-0.09255034712164674,0.07816086417085416,0.02999764679760753,0.006714457023505655,0.0315613836383481,0.0015421423987226099,-0.04303495304935295,0.012483646559965879,-0.03909187432358801,-0.03508192447260274,0.038537814225588815,0.14929037569131323,-0.0696317741328485,0.053517744954621,0.0626323133133159,-0.16337486651684638,0.09883769419593931,0.1038611212165466,0.0774582742064783,0.017812363570933226,-0.0756070550521814,-0.11715597364462026,-0.012579402898999267,-0.09103007874081886,-0.09782088780352745,-0.042614740849600395,0.06451099106738517,0.24991664558979598,-0.09749557646736212,-0.06105041525711504,0.03640956380378254,0.10429408585487501,-0.07758098301537403,-0.07737095239186706,0.14317308313661228,-0.12927212951447203,0.10128484906267679,-0.1087764193762784,-0.009693297040650927,-0.09126550333900044,0.006780623616105478,0.06555069586975602,-0.02531772141924064,-0.08259619349260465,-0.0006591208198164539,0.1988422693171885,0.19235865674403307,-0.029405859777763374,-0.04995011337031914,-0.03998868902506852,-0.08453477360456019,0.10316081903273945,-0.09512429034732864,-0.0837760232149376,-0.1320560228360991,-0.08514775213292203,-0.009700736887110933,-0.12368679993434033,-0.013301610013787551,-0.1291504122210599,0.013290056690253082,0.22486696057711406,0.008921053082951434,-0.013013834662229088,0.052598327810571166,-0.02177794027275325,-0.08220174555745201,0.058273697713744264,0.10941433855819421,-0.03742258897467922,6.0558625919571787e-05,0.03899297993679137,0.03270019593739532,0.05184380652139784,-0.005141075229560048,0.03364700859776809,0.1270399378435829,-0.05209315877044645,-0.002056151992833088,-0.10749206649918853,-0.09979432816816192,-0.07743129577274788,0.011012712672632628,-0.08804835051461318,0.06740027105238018,-0.1412751291993935,-0.05710738893066731,-0.1560805564507075,0.038138374075071174,-0.12395777806219753,-0.05375389272779716,0.006141155948076004,-0.0204508960774346,-0.08357698774773122,-0.058228344222937524,-0.0059412650961893675,-0.031462076884505995,0.03089124121110958,0.08329142428494135,-0.026734451213079383,-0.11447107751912733,-0.04144674362264099,-0.15564838249581495,0.08516504922344074,0.05305991011795891,-0.029896471781298402,0.06193402868024696,-0.05589998503094024,0.002299148217711636,0.028745144681395003,0.00991625050101787,-0.005393575241596274,0.027429970566963564,0.08714639980954544,0.01197107682142347,-0.048709891575644905,0.06414525817369988,0.06237964411325095,0.01773836178609273,-0.07994663748053502,-0.05537006599411352,-0.0431829289783992,-0.021482413030466496,0.08326025011589508,0.033073824608030926,0.003187777600287485,0.057837693304854595,-0.073263849599914,-0.01967473640770938,-0.02284586337019775,-0.06123978612922242,finance
106,0.12499091234418871,0.05063093309937044,-0.0446790608633859,-0.013534714438727478,0.051175188068587535,-0.058676474930281684,-0.02492941066690789,0.04616214656649008,-0.015298259978196373,0.02642685962013388,0.022987421019302366,-0.12223901135648096,-0.012474683717639672,0.05071179755118413,0.05690594669860326,0.03226125516420901,0.011787107189445346,-0.07696542745539296,0.01522379419516396,-0.002568935477935292,0.18494926758893251,0.22315984750794116,0.0207218286078123,-0.025788109098582784,-0.05832712342773847,0.10321697467219672,0.08238584473272323,0.08136577222505441,-0.06088806541586935,0.01604548675982507,0.05554864703120885,0.1504028478154217,-0.1490736177878275,0.14681675865298424,0.04135451803028438,-0.07503598535850224,0.09615752327073883,0.04234920148707806,0.07076327083595081,0.0583842090138121,0.3177102424493006,0.19591034032419066,0.010092793791818792,0.31698058728969064,-0.134954410500935,0.03478717597443574,0.05058937684301487,0.06247347313287349,0.17213659522277644,-0.1547467053190371,-0.06164201728237198,-0.17390974697451372,-0.01871932494017919,-0.01909696346291334,0.07036884510447163,-0.010128375666407577,0.0635854972879164,-0.014546312729851671,-0.04519993497002398,0.00660552723483642,-0.0650416999682546,-0.07470329808823324,0.052452964768901794,-0.012957058777465108,-0.016976132834698877,-0.037237678833760335,-0.055494292724638024,-0.04691527028460825,-0.033499314687591236,0.06049718653877557,-0.02750121516184573,0.03148306153246085,0.00653796745027932,0.049043376260984435,-0.05673762791715325,0.005637710412559084,-0.02000259638036777,-0.0460571567073578,0.053584548111982815,-0.04914470090338991,-0.09580148878701218,-8.504851931461237e-06,0.08211741753552863,0.014460104070010976,-0.0008052208028168631,0.02452934324302271,-0.053924712437392455,0.06844318574011118,0.006370160056373739,-0.0027484403812482847,-0.010895901109003266,-0.018889348026821327,0.04450345434647812,0.09300416208526108,-0.030457582093241026,-0.007958944648124916,-0.005901207165244695,0.01162340238701532,0.024161395670933013,0.04188442841786241,-0.03520851012056919,0.05458945758520838,-0.03778200865583349,-0.015149081385774355,-0.043245514439760366,-0.01044002921276414,0.07440743182275476,-0.019224722114197308,-0.10219285147450903,-0.014439452937897782,0.005406513744991583,0.01748133696007612,0.013832184156696722,-0.06723886121963732,-0.017712899439632838,-0.015147314670527236,-0.10227683948152752,-0.0393654190102442,0.06780301684267798,0.06192432262381482,0.06786840497781856,0.011033903826632744,-0.018120523602533082,-0.06254090806541687,0.02343403289110736,0.13928972523422192,0.09853052548626988,0.03210877627191183,0.19586276592784876,0.017264917224492724,0.03912986872508632,0.0743327334029683,-0.03939168585408458,-0.03957955612115751,0.037772279178795214,-0.06184411752765907,-0.07563983509567014,0.037915879203849846,0.05670559368864095,-0.11423775247127699,-0.004409143110382268,-0.05061719697152429,0.06105436253223677,0.07893330616433722,finance
107,0.3083173046214974,-0.2001673257702924,0.11173566146144713,-0.0066037986255364466,0.019521794904211666,-0.02550601822249713,-0.029045732266771106,0.023394591709735773,-0.0030554776290054888,-0.014679334345039841,0.05128712438352806,0.08795610929599072,0.07029614248300103,-0.08970722191947815,0.08589429307399701,0.023012108948971804,-0.033929267344821615,-0.014275102043015506,-0.011246259776968123,-0.021441110559703613,-0.002457621263747682,-0.07969783417757167,0.03304289500039122,0.06633332871571834,-0.020602895984847616,0.04074658328026331,0.05124820368194361,-0.027010167799749966,-0.06091869686037794,0.06667218196616093,0.028698882916751534,0.002376495715215431,0.09944898061142718,0.10488982679939439,0.057577256444093,-0.07225827303198329,0.00701964208098413,-0.1267783880505306,0.0046590405918567855,-0.12542247742120938,0.031058799537189156,0.026303516512469836,-0.07198602843843012,-0.007176411254810671,-0.038212019380371894,0.0039421284673592655,-0.104706702633784,-0.07157217987047963,0.0327335660754786,-0.12792626148828506,0.02298294489219442,0.16673719631467848,-0.062328371129766906,-0.024569320989499113,0.034252058104226914,0.068960283652391,-0.12522762936600024,0.027801025277109974,0.07969677262479279,0.08202545221764297,-0.12410344215614925,0.13137129372450987,-0.07082181957633754,-0.0026532364312246595,0.022565632005381208,-0.005094294065002982,-0.1372811995858648,-0.028131677360768284,-0.14977608012727725,0.16584802981097413,0.06589271235630187,0.06514825363140528,0.023062653246006412,-0.023689106854811733,-0.046679279732605536,-0.01366063397230422,0.09230976598372305,-0.01762708595580678,-0.03788573971991219,0.006971061160674431,0.01363005023046186,0.09287228957449108,0.027737077575105382,0.05390559285481426,-0.07881034231780788,0.03821664707377948,0.08499878950666537,-0.006254569217948288,-0.04017809389178021,-0.011882661903628964,0.04051120140711122,-0.09222844164803749,0.05689607669911838,0.0785052291659539,-0.06535921744904193,-0.022037048708637035,0.052467779667153436,-0.08797059914319406,-0.02731125265484344,-0.02981362088019444,0.15755619412287655,-0.027186121477233986,0.012919898911954594,0.06733157534709959,-0.09353178246663718,0.07169558044774921,-0.05163940835995894,0.12197833789775868,0.0494516210194298,-0.09235477552467176,-0.06257207316527091,0.01960828075571854,0.0444758567707838,0.09122340646546619,0.07045036793825306,0.19677731126831025,-0.06002156499544271,0.03864243934203581,-0.14375377871686215,0.13796687180150993,0.014310700190303727,-0.053059218978093486,0.14182366879168437,0.026656910082062054,0.05287828240674639,-0.01123913421262206,0.134655409528419,0.09350199926379965,-0.1524900058449098,-0.0676929257166115,-0.06679195522250307,-0.06717198534113678,0.031877529042191,0.006603533961150704,-0.06010740345259474,-0.0468307180918932,0.00195815703450475,-0.004452157034617355,0.04231532984632965,-0.02586171347065909,0.014993085681362959,-0.005687046160104847,0.021081058656611987,-0.020007888875974073,finance
108,0.029114393275424595,0.010256506348983604,-0.104512627639426,-0.009650321867842957,0.010793824686435928,-0.01254234475278974,-0.017384551455855917,0.02281562326069508,0.005288379296035673,-0.05729302690599252,0.05735987108957891,-0.05926889639314603,-0.052754474226649486,0.01714593508198118,-0.014626448629832471,-0.017563364675458146,-0.00585320614317045,0.017416252817243915,-0.03504805434662507,-0.023187531445919847,0.05590852121949075,0.0011551186171058054,-0.002786573534637925,0.050948209758358,-0.01518531594048831,0.032214873984478004,-0.006961412416780898,0.090700650730907,-0.06297402357448918,-0.05636485003237558,-0.04566875400733454,-0.08507699890054406,0.051744015576641586,-0.12611024073949006,-0.13757443158649219,-0.09088289989951469,4.893658610633696e-05,-0.20448586260809937,-0.015801201880257534,-0.007011136143023026,-0.009907178442963223,0.12012030454834619,0.2512263353961509,-0.02320261154540456,0.11694283946747736,-0.20270108043606552,0.2255702292784625,-0.006833215262438064,0.041587768645258746,0.08407332777268367,0.050780734533507337,-0.02615894662693596,-0.10133621026418099,-0.2516651323307733,-0.039135406393577335,-0.10137966242706317,-0.09997878955100947,-0.19091806798958247,-0.13640368505665604,-0.13537926362094668,0.005627551128758959,0.10530267537065553,0.01921185881200071,-0.03278685212464567,-0.018447703904173558,-0.04772973812568719,0.048181852794213394,0.016666353962301456,-0.12407350122492997,0.08757528925273436,0.022736195424620742,-0.03424453589638003,0.13329931408284734,-0.03179960060007805,-0.10414895440865327,0.17471898785813972,0.09400807278748577,0.21582993709679651,0.0017545662318049463,-0.02972521036129748,0.03316585146398991,0.0741802680358156,0.05983026290899066,0.029891165543685067,0.16621739104304026,0.015508618514483576,0.08759567138836634,0.17719177330607117,-0.016808181322266334,-0.1032745722416481,0.15957708258165257,-0.05635888773046328,-0.08956873498813654,-0.04850895703120743,0.06731987817115012,-0.1855349171773211,0.007482345258454456,-0.03628130613107106,-0.005151854850933891,-0.07049873667790621,-0.006744803645135231,-0.04647138107264497,-0.0813068748754676,-0.043977739184440555,-0.12867802482874202,-0.02197774592036774,-0.13537011668316476,-0.1549306671822585,0.017741049280456597,0.009453290379653563,0.03449037030708793,-0.0834933652429024,0.03602052596433583,0.06050727177061585,0.034752125288093,-0.08277403607501312,-0.0713541830705052,0.01764789911638486,0.0012624606147833546,-0.02997936768578253,0.013045846098261007,-0.07227376495555511,-0.027390503895673143,-0.046441730270547425,-0.02889358921940712,0.04423628578262536,0.02824058740654567,0.02811816608840287,0.01170440429850344,0.009816672501120558,0.006664266092950081,0.035541925860707,0.04768320632410329,0.01244364114398589,-0.009469084406973239,-0.04263874921825648,-0.013119186416311279,-0.01954976824213694,0.001882978684251399,0.029767157500683292,0.002789558915411425,0.001362996863700271,0.0028895168754711526,-0.007592211390133927,finance
109,0.3392010422907156,-0.33633585910960484,0.16450302260103844,0.015034684800919006,-0.01610680213397666,0.014972885762737519,0.00536736364211463,-0.043419230210970966,-0.014380995658089181,0.13547506781024615,-0.10675824227362372,-0.025945545808821628,-0.19968001407417393,0.20057429671082216,-0.26146498443712,-0.048147302437049934,0.06946089983867473,0.12357634858477949,-0.04785099146282568,-0.04291145789345352,-0.03502842108299177,0.006065531572975757,-0.084184656626244,0.02951947966093657,0.0019113976902702774,0.06485002280066875,0.10590822796718019,-0.07199279510362708,-0.0753795045609605,0.12780401739858754,0.010133840038015473,0.02665550329890556,0.056102032324703066,0.07511998793824748,-0.05914248255038502,-0.06897910488492524,-0.03117348360643278,-0.012770931939083824,0.04935185425882002,-0.023376566577924657,-0.013748109282257417,-0.001948602776934805,-0.0313410843839996,0.021377716842425027,0.019602724050901216,-0.010884030440923358,0.000545863507226387,0.0021427121928070513,-0.004524838225910508,-0.023521040598669173,-1.587466068497914e-05,0.02761972520272934,0.01893381792412833,0.006658177339811088,-0.01469217622636478,0.014683828522613861,-0.023673227773859915,-0.023090881736170278,0.0058787581244151834,0.019715772373390512,0.02723945051015828,0.026604695960855716,0.00883960452926719,0.022781702377704077,-0.0486523319622326,-0.01475947975977518,-0.050232493817600796,0.009417115810621865,-0.027623723558068736,0.016986240069244637,-0.0038117989120017414,-0.028819630440630826,-0.01294572840624774,0.05420549656496309,-0.015045848600783637,-0.032143904279785765,0.0089443710604591,0.021481984472669642,0.04727156891586005,-0.0031476886061401164,-0.03124461472533984,0.05427992768350955,-0.007847028051376022,-0.025103691965124103,0.0017677804875356653,-0.04130479410689346,0.019315078437038127,0.0334903697782735,0.013513156135316942,0.02161304725976982,0.006842409366509573,0.012045652335404795,0.009998401652067704,-0.022831334194722087,-0.040700762966756884,0.02011115995535445,-0.004975150360761314,-0.005785234351011476,0.005730020347850571,-0.025669072305735754,-0.005226033067863992,0.02541279040064144,0.018218549372649617,0.01076503880700757,0.012728253895523147,0.022232932823116204,0.007674027085415814,0.021686506482134882,0.0024655600046728197,0.03451482519430189,0.04318202573907631,-0.001474646236181381,-0.044296979466521946,0.07227278276264139,-0.0010636282163328328,0.06390445912988944,-0.011793326945584659,-0.056680794542991304,-0.00019345535010347297,-0.023782240826024245,0.011855736974731248,-0.035992482820375704,-0.0032460713996774635,-0.0714050067565571,0.10174061686765731,0.018685011796403913,-0.023194175293491628,-0.032789104357671406,0.012611008046586346,-0.018117484145160376,-0.03671511519871963,0.026429087628924323,-0.017389626517639253,0.04313557782072041,-0.09578213442821,-0.06706218811518705,0.0005380139493477713,0.09529536472008218,0.09025835580461342,0.10500463265032067,0.040748478943098736,-0.10171042484607043,0.04916929191575094,-0.008876631015958853,finance
110,0.10244424794487787,-0.027931073506468077,-0.14611014297816163,-0.0043576041261164985,0.07072735722847977,-0.11732190063737612,-0.016724105626500528,-0.013444282734755767,0.003028518571850344,0.03521295277724682,-0.0972508690028537,0.05328981994856514,-0.03404171115994387,0.07388023893078176,-0.05267893889760924,0.03558817372892328,0.08500507240927606,-0.1299120877506576,0.07715587103443616,0.11212822731584393,0.11232614904841601,0.11685641960623969,-0.0018858101347978054,-0.19459620572562536,-0.13499339285451672,-0.37228860919718104,-0.348060912678804,0.13039780309321386,-0.11429449878188351,0.2331319519001141,-0.0444579775387226,-0.12317724900756785,0.10287318171853746,0.15605995189949215,-0.004152499481392166,-0.040130422513585465,0.0758720600982442,-0.008184015403912346,0.054016896359710256,-0.009115200232559321,-0.03494820492143924,0.018728995427649373,-0.00506931688317899,-0.0019054834151371026,-0.016823928800122165,-0.00852432497665433,-0.02032890014283347,0.022428630808873366,-0.021689784346685132,0.05705595956392738,-0.0069101321943474524,0.06007976215915658,-0.02274746656064739,-0.006034521366788906,0.007840218451757773,0.015469268230313513,0.031912668021516495,0.005460340086398261,-0.019893468924914847,0.007086189227377944,0.008242462402530931,-0.006488071859508367,0.01096835985284516,0.012676013888300973,0.014437357890395776,-0.042532456409143375,-0.005465283298082741,0.0003141405379569287,-0.06429244101921683,0.005845480023603226,0.013493306596278058,0.004187163522804372,0.0026149961796844224,0.009175294899071559,-0.023252246817547388,-0.02416400080636698,0.031982848083058506,0.023749815421874404,-0.0229835957791154,0.006847813137071667,-0.011278072035428115,-0.04367856869013019,0.01824953910453127,0.0005264218603645098,0.007194540264379243,-0.010159548872255566,-0.00380577588669294,0.00642334498399178,9.013554414952781e-05,0.011738553731053588,0.017479817184249003,0.06028496977859832,0.017090049078500848,-0.014757976125249582,-0.00340538642714716,-0.010915054607051531,-0.009015514786179988,0.036933421216840234,-0.04330827740260629,-0.013654970493992804,-0.015766393025345302,-0.0056063105717105745,0.013686909628224457,0.003882506050826999,0.051931912627143806,-0.03746936461471762,0.03483635656475425,-0.026658114443003054,0.03386967553069642,-0.05145770724500345,0.02032217610035099,0.0053284980750497495,-0.00035561223736744395,0.0018529434626148617,-0.07909244494819324,-0.049996574998071364,0.01926234527154568,0.02909176986519775,-0.023107001596441898,0.011001861336270423,-0.019462049639067853,-0.02268534021598276,0.04191086910076124,0.011458023842680503,0.0476757573827371,0.05279400561700967,0.013389314859719451,0.08478300173289977,0.05062530276564556,0.04824878494361621,-0.017885848026573736,0.028507976191775097,0.07395915012101742,-0.09821231515589264,-0.03955846005166861,0.09751820967864233,0.2027557225264379,-0.11417713418773372,-0.06918400381376368,-0.11081502342482874,0.12447679538016529,-0.08085973872655514,-0.10229250354228343,0.023758499570230414,finance
111,0.0431154966113228,0.027427963346682856,-0.24663266350701413,0.010032561408650833,0.03085598985666248,-0.019164436323698422,-0.0738180439209785,0.08253456029830046,0.09721304807962955,-0.2232614910478217,0.16081914719666288,-0.17308368050614595,-0.0320934840565281,-0.006620900912818904,-0.1399490954136597,-0.02828359884687855,0.04941010453766647,0.13301382134177836,0.04050172679972476,-0.13068221650708506,-0.1335900227165484,-0.09374949992564481,-0.05278228421782661,-0.0624911974044241,-0.2177001534882544,0.03697916442242713,-0.05914856413708346,-0.148161912782424,0.2892377811310668,-0.07691236581298554,-0.11468352161337414,-0.049683797748391496,-0.07721411732377655,0.17986768354973637,-0.0697930581399154,0.13894164714852414,0.10267352779191925,-0.019267448356505658,0.17839162992123483,0.08910005665440912,0.026383896905469374,0.04956158409005987,-0.01989912473865897,-0.028976449513290856,0.04504978348934949,0.026405685063856155,0.07196402444535245,0.2667515445432089,0.031696880062135516,0.08276120951605492,-0.050012566009851926,0.041698474133825485,-0.02409793958210555,-0.08986812221881725,-0.04322538384677155,0.04232987002089101,-0.090656092307905,0.018965679843662084,-0.03035813316733884,0.060562979924956746,-0.039304231141515364,0.057039426668925794,0.01037985956265057,-0.037482695516890985,-0.04328668058908217,0.029900574574010456,-0.04999711428015187,-0.011202004084303089,0.01766705625221171,0.07574069428936153,0.05068115382022395,-0.03309607566505592,-0.09790029131387804,0.009213833886650933,0.02911122301573205,-0.026418228531527695,0.028836216734733792,-0.032780855643077984,-0.016392885170647083,0.04008510557744274,0.06430484109872069,-0.011981242402818098,0.003972589216859028,-0.028480149630248062,-0.020856503701658986,0.014173048086303994,0.01992920287505346,-0.04811129465695889,0.027801956544783225,0.010225326586245132,0.011585248500851285,-0.002291651371166031,0.008917940074854736,-0.017602677262143367,-0.018046463083168148,0.02632611157831248,0.03465259858674951,-0.005536349829870923,-0.012653356103369684,-0.002171196768506723,-0.004672087560506882,-0.01747673252615587,-0.0038058169065457634,-0.03917048001633114,-0.04179929445901603,0.003569808028720684,0.015117552951200083,-0.047910085663793095,0.02773179431078041,-0.012019169930338537,-0.028543071794654897,0.01174991134250588,-0.04565797104915777,-0.0017606277659283573,-0.03177362106721989,0.015330750075208406,-0.007207443747089961,0.012771660690802131,0.00899072291200869,-0.01336770510461058,-0.0011974417287523942,0.03802592506861084,0.012528277841274601,0.04047015950484035,0.014850424847863258,0.03609066965035976,0.0021518586762929847,-0.02556268846500709,0.007395723648874545,0.032675531369063066,0.006048359099436382,0.009822428909495067,-0.009210089085864006,-0.031615182812926884,-0.006888253936293089,0.007416967258000258,0.05184913950947855,0.003671038401565736,0.02418766963771786,-0.024290295704629938,0.009886360140146397,0.03846393890842703,-0.01970283972135065,0.001590770949531898,finance
112,0.22845486572310247,0.4687640271572802,0.15915549138624954,0.0031254919201917056,-0.010290175244759621,0.09008809171340286,0.11097332196449435,-0.10296870393737478,0.015545533433655691,0.0767174315925166,-0.152983374255265,-0.2677092823634784,0.24981707096091876,0.008187078036011852,0.006601989169045653,-0.02527229993510313,-0.02713904629269954,-0.026513266454636506,0.010336559534923979,-0.06956692708897345,-0.006178722306820433,-0.08182035086333196,-0.060473125020560264,-0.03145585809746415,0.03746453079120542,0.016819779910834727,-0.006154414428221261,0.05136642699522731,-0.012142021411055855,0.006450886276429715,-0.06622941258406274,0.01205089086218694,-0.11869678278963466,0.10129183656805374,-0.05612148048511879,-0.05944422446987153,-0.015764492468793544,0.0841323843219141,0.056565036117406535,-0.029946997781830093,-0.02948969740646705,-0.07482289119315194,-0.03607867519092067,-0.05896144009160027,0.03961143099710175,-0.03854699099442311,-0.011546492462821394,0.014080120468176421,-0.08923914649620499,0.013734606269630299,0.03514824155438157,0.0531502321858359,-0.026185971389541266,-0.055294066074360805,0.02212672002818052,-0.12276501109923613,-0.005832012399223644,0.006977320666633193,0.017444961631635024,0.04701511159288373,0.019210053998844817,0.05337677325078918,0.0015415925077187926,-0.01951644248748101,-0.034724267912464066,0.02522873476004245,0.04249331015458314,0.024101829057436533,-0.008233466048825352,-0.07635274106981389,0.05734889155258664,0.006935604637606685,-0.0049822357113947805,-0.041888740119693124,0.03884476187608224,0.014845046877761166,0.025373324052757124,-0.01657711015219285,0.0500468820043384,-0.04557559495134465,-0.10557207643641844,-0.03155042688335109,-0.0008819782606537916,0.04486452570767863,-0.044131325154992226,0.06933148463718002,0.04882252209364818,-0.030009791892392116,-0.026875219102985102,-0.03302315626398216,0.03322300940560405,-0.007239130496009351,-0.06481580764046495,-0.03436743893925189,0.07843371970089853,-0.027534443979682587,0.033536643445110224,-0.07755587670534983,0.030043159624797394,-0.044086260259745255,-0.06990893268677557,-0.06331610478664858,0.0656374937879871,0.030936749955233007,-0.01235255007022989,0.03293262922440355,-0.03072945228480308,0.06591042611177148,0.002978941242370966,-0.08096415610145072,0.06098741616000279,-0.06742305248467065,-0.08767515966107965,-0.01925579273184591,-0.0433908096876124,-0.0014735599325583423,0.05458249678791975,-0.038937978887542,-0.02035386598644647,0.008984373880329811,-0.055092023201985696,0.09965203018887961,-0.015984401475881895,0.08056618059940017,0.00661716773974525,-0.053947398577632505,0.005400666031265273,0.0017874428440504354,0.0632368426181021,0.02297516684264492,-0.0015745831311673785,-0.007695105010748651,-0.038399331751548936,0.0032781443712149375,-0.009143857732138137,-0.07645378248283748,-0.04580093298243484,0.06177731840219539,0.05818226140891003,-0.06296551308739046,-0.019059787244420787,-0.06262400694437116,0.012173762719352589,-0.02531392975894782,finance
113,0.011606529838196145,-0.011524179950427989,-0.11746687663487347,0.028741733181728037,-0.019454090565220527,0.04973964335348674,-0.011532672087660713,0.0595655311510299,0.02286504019709493,-0.034980458728494576,-0.012247156877951368,-0.02850145961430992,0.04333150953222723,-0.003915373695512921,-0.023454702773279223,-0.014770965897094215,0.025427343109493055,0.035141529720236236,-0.016265239296111945,0.07244842733184345,-0.04653819348399,0.010294113836037948,0.027837035900732686,0.013745058659198893,0.022312846056733303,-0.053957118042573776,0.00503411533578299,0.02908420329328758,0.023478067333156633,-0.00733412512341047,0.0631894923596969,-0.037780861015389695,0.049491296853225474,0.030545897533273667,0.08513930946327405,0.03057140390439393,-0.0028362716863101346,-0.02495633723707185,0.03760586715180296,-0.10199096595109469,0.04383955913091175,-0.16215317766604395,0.0444227004930564,-0.15384002112991285,0.056755189309510484,-0.0706965272319151,-0.3379035730294067,0.2540557601960133,0.22936444070407513,-0.16659305441964772,0.08090688541715187,-0.07289422358092161,-0.09551709348978718,-0.28775351717566977,0.23377942038161223,0.015931769568656117,0.037186268829122265,-0.14825205142335246,-0.044357317466782085,-0.22514373210319624,0.0541360436993947,-0.1737358442818847,-0.030804583131529586,-0.05505645040296282,-0.10870172179711343,-0.06444436105870352,-0.009172632152142807,0.06463323078986406,-0.003412736602048676,-0.02217200185522644,-0.025667037423934416,-0.09517093964949928,0.050955763238295954,-0.06107822259113764,-0.030636905195437467,-0.0798648225260545,-0.246354840804497,0.05352669677506262,0.058403653759074754,0.015667683374119917,0.040321777200985565,-0.2019202085110489,0.02714184814737715,-0.011902722410978596,0.05947883091492504,-0.008423933371384982,0.01685654104100068,-0.07302578108589056,-0.007170278225830713,0.019399379984040552,-0.11952706086815096,0.05802124003025657,-0.10537124264579409,-0.04561475794659353,0.03063644079790907,-0.03494888813064004,-0.06749716171295543,0.0625926369212397,0.05055270369187911,0.03825834164904014,-0.037446813651717974,0.10780283908713358,-0.06726747714043825,0.09430239735575853,-0.002259903556111405,0.04848586377321117,0.04482030702668761,0.09286011594290679,0.04433261944939205,-0.007959876460635763,-0.03233990750428431,0.04149621907197696,-0.029232167122499705,0.04937596162213984,-0.019790134408202528,0.04392213832054738,-0.02259014393283347,-0.008453305157856951,-0.07463905779928652,-0.10336443157270608,-0.0028035103932972337,-0.06935782238001471,-0.036970600225420376,0.027149439556815556,-0.013647211651688551,0.002966429754107714,0.09537630057711866,0.015993073009335793,-0.059953462266350406,0.02565782664313293,-0.050083407718100076,-0.04985822655810119,0.027109684904683722,0.011704430135153062,-0.0506393865558377,-0.021670002543439863,-0.023376593779693883,0.05658709012504611,-0.0002495064055200826,0.020513715656267084,-0.011850379466004701,-0.028905109136310538,0.031504081398006104,-0.0290718271645301,finance
114,0.04314555740466682,0.021318213705631327,-0.15837433091943542,-0.005361207067292364,0.04162420251085417,-0.04125228674997532,-0.031046411291280038,0.04153200802863118,0.03323456893548252,-0.09525525092398184,0.06623772930725437,-0.16028356729239032,-0.06941710601333163,0.07975946058603313,-0.03103316727104064,-0.018222388347720397,0.039388921777929055,0.02402794151261109,0.00031978359127615556,-0.013596036436913124,0.14544797602197163,0.17902104896438564,0.03601626948956027,-0.10563370064388472,-0.23701494975826007,0.12590111351308944,0.028915641679289096,0.0761008673201141,0.08294171501550084,-0.0928511857334276,0.11421034167213287,0.2446971859406712,0.09986697355542054,-0.08054772400471369,0.020148489996192946,0.08423307475092308,0.02542737178808888,0.03249784843201165,0.040989472470526464,0.019082200143088496,-0.13457515650543078,-0.06660467282011973,-0.004169642052435088,-0.06696948402199017,0.07759663907923768,0.01677587294060132,-0.13070958249339382,-0.03817942877198896,-0.11955608494762181,0.036465647169464155,-0.0016202425120561705,0.13035955497105392,-0.06650191280002851,0.020357035582756405,0.04060811658036075,-0.05201561604264179,0.1225526240954167,-0.013230390482567552,0.006278243374880459,0.05722793368734792,0.02630277036356721,0.011678041502658287,-0.04095549248314829,0.10454536652389816,-0.005853954096671308,0.11891324394603461,0.06395188652922663,-0.018622841955143788,0.06484312346641957,-0.015352881950535907,0.0016223537283430634,0.0740622574212206,-0.02122461158239559,0.024961860361692876,-0.0175395242815431,0.1131566152625886,0.08034344675649223,0.11117199501775885,-0.08621468722866177,-0.010043179963184776,0.12028496389343742,-0.09417605444553163,-0.03335286169374438,0.10056052028744616,-0.04608947555854732,0.0005646224690525707,0.18624507003191085,-0.014316989223337047,-0.1222332335495868,0.05914344027214523,0.02742262770913816,-0.054640575044911203,-0.16323064257142683,-0.12091885060352106,-0.032738661228321725,0.04929360195113648,0.11933467349657403,-0.05526305309771274,-0.01681488374956325,0.07897672711162786,0.06601571423804953,-0.03923064746378449,0.07243118485961471,0.07334201048487146,0.08813259863902655,0.0667169572371797,0.11160959248564858,0.057017490747386886,-0.0025812324600211385,0.07456226839059295,0.02312228366658166,0.1287195832774005,0.028939597304544214,-0.00877031415628337,0.17305986442089094,0.027941482473635246,-0.05787663773610166,0.1925445467760869,0.03638852139972544,0.02586959657590067,0.05696015224244188,-0.06086955406804441,-0.0038331566562917435,-0.12607506426230863,-0.10715707398197291,0.09341315079799119,0.045690585878796375,0.029438177981967406,0.19691372192670026,0.09522483647078149,0.03686536138826549,0.01044294449236372,-0.05917832867251737,0.01605659886668052,-0.05297344319534263,-0.01224599465672267,0.022365831565880272,0.0627408814890346,-0.04497996989341971,0.014880516788994526,0.020546843850920156,0.004147199186435533,0.0020775645812447898,-0.00398593156412751,finance
115,0.16180876943044786,-0.13810351701866283,-0.009369597453411562,0.0022652268779609873,0.0019368948522912807,-0.005471462751377337,0.03255736806569724,-0.049329213402493174,0.004450167138647906,0.04607948784266082,-0.09772614054059652,0.010654445894810747,-0.127379688082937,0.1493187172062351,-0.16428979285364548,0.01057739787560431,0.01946727413697253,0.09647579605326712,-0.038394133166714764,-0.01902890674009563,0.014961609818633191,0.04218517284964983,0.02431144637901246,0.019503095803634077,0.10238894357495278,0.006211304259907491,0.00838034702143664,0.004331677697299585,-0.0456614767279829,-0.013156727937276411,-0.018069920298617898,-0.06016216324746035,-0.055295182035842334,0.02258111217548114,-0.06331474397339289,-0.003725843773080674,-0.016267754004354786,0.03576474463800354,-0.004981644580785927,-0.06657417603754162,0.04290099564794369,0.025039260596345814,0.007735785389031227,0.04610325770411082,0.03859993689611844,0.15261954759324634,-0.1697582173714313,0.031797094891067405,-0.0014661433605791365,0.03174790202597848,0.034587070011084915,0.04945327825482204,-0.017531003335156024,-0.09762992402866176,-0.1661988833920564,-0.24369109881200707,0.02522766874013794,0.07730067546770453,0.11088715961719468,-0.02950367781945028,0.031310866270475274,-0.03655781722733749,-0.05601336682614152,-0.06068521548302017,0.08258475586746161,-0.06035463352524303,0.16486506070201692,-0.029885790790105796,0.168085126569185,0.10402837292151541,0.008797472868739109,0.21694621160942137,-0.08426194974873706,-0.14295140525473496,0.051122575053057465,0.0358493389176909,-0.016100788435218134,-0.098500364262071,-0.318077786058506,-0.030945382812875965,0.044788800127621584,-0.09254035671325735,0.06925904999574306,0.003522470053142568,-0.02293541896389883,0.02723805840080861,0.01290696579595876,0.0018856355925523963,0.10694474363486753,0.0032982803548998406,-0.09048191229749286,-0.15211185024737633,-0.042296906757147555,0.24023358882982185,0.033596770986381086,-0.06626186995508233,-0.033839632658247264,0.1114521163107617,0.15638261618996338,-0.02905098093006606,0.12940350388295632,-0.056134349468357374,-0.08555552430919135,0.06355314564709237,0.01495304630387132,0.14348975234560482,-0.11037624568082435,-0.13290333621908212,-0.022984677800007722,0.055540911686716474,-0.015316139804024518,-0.0641152504429331,0.027952670734478352,0.09875304892243592,0.03543539183962459,-0.045494568155117765,0.051952164401995835,0.026576668494722212,0.025835689954449768,-0.028779989360763366,-0.003500761293140053,0.06300973894869029,0.005906211096316744,0.06887032982172892,-0.04963492449628465,-0.0033036153968694745,0.01512072104471464,-0.011456565690518415,0.012320795561806486,0.016493558938628774,0.02157896436511627,0.03206005698545455,0.07953295831208869,-0.04693925661259999,0.06450404514730873,-0.014317291024149149,-0.03152779881324764,0.026348699812764137,0.027617897962492737,0.006565379805652725,0.018925438993836002,-0.04286784522623231,-0.003862270276184222,0.00768023541112686,finance
116,0.08875423483672054,-0.0020436014977259017,-0.24099630720581178,-0.02509155138116105,0.11327686698171024,-0.1859007655664624,-0.055774255685842225,0.027658379417288114,-0.011901543270379062,0.21437580952866325,-0.19537911406643962,-0.005414287416510514,-0.22113674946787162,-0.28113182421168664,0.04974993474344062,0.48661158570747975,0.0005547707240513657,0.0009361725118044452,-0.00986558578767388,0.09700153032411091,-0.05966578368775005,0.006987765070102273,-0.11181369825242421,-0.020335997960779617,-0.021200745034366256,0.03800521297916952,-0.011993269923611823,-0.012954999258117276,0.0521880160079971,0.017768056226050336,-0.014845739138139942,0.034523821044986774,-0.016526848827445074,0.039755430942209506,-0.01158986560937241,-0.008723342533611914,-0.010402151981879394,0.026661510643183055,-0.01687625184721008,0.0027821669924949807,0.046589604616457704,0.0029742562691719454,0.010428503152490326,-0.033302800172242,-0.013556649854026213,0.0029640591237453866,0.01629089516257152,-0.0013043097633188992,-0.004504406215817434,-0.025913544824452295,-0.0018426919938560257,-0.021541173599496293,0.03142135682270544,0.003631267972229449,0.023867826712244404,-0.026543268925900886,-0.025372011652976298,0.012057440078792307,0.006963117304273855,-0.013234817476663685,0.020530739420302174,0.01931275635788288,0.00895842698886902,0.008092013952187303,-0.014055896256857308,0.01300160010907395,0.024549454957954787,0.005967868594175768,-0.03040976916369278,0.006197796482032181,-0.011118796862175727,0.024419566849999474,-0.014813920350982899,0.003814759000126069,-0.018047905260113295,-0.016650754528769223,0.0077032698344664365,-0.002995533203938758,-0.0040547404600565,-0.017186488544722607,-0.016728112172926225,0.04054233639324942,0.0058976164823901205,-8.506626550471611e-05,-0.01829226139580607,0.012965104398984488,-0.007051901339321806,-0.02308842979668713,-0.002358279243569633,0.01946140151800831,-0.025021972731119436,-0.008389674388886919,0.0023284939089490415,-0.01888341645928112,0.005809871505717173,0.027192507049815885,-0.020095726154929834,-0.009013556741216603,-0.0075330325828404845,-0.018216112823432808,-0.005024458898329777,-0.01036993093499263,0.023359103429259107,-0.030587071924028052,-0.03142811149567739,0.01717766444951053,-0.006261998077254755,0.014088736674964887,0.019419988538469362,-0.04156318996354976,-0.014028060751297321,-0.01848483594005139,-0.059990334548069214,0.016832838922395166,-0.03483154301087525,0.029396987653218878,-0.06126375215598836,0.01821244275065717,0.012569968799656566,0.033234090912730205,-0.024266880961256135,0.028557308275042288,0.0789980861901683,-0.00022732196829526195,0.005426937572691958,-0.02932052368998142,0.04268960435110818,-0.07568146661405137,0.056571275195278055,0.04920910453130574,0.012554094589781956,-0.01614388281747069,0.06067313092628002,-0.07470776131936174,-0.0030731447952279706,-0.02933429505663137,0.022204655722524835,0.06846806038616782,0.0007869395934269249,0.07717759210348477,0.05561544195130189,-0.04631689379772417,0.042450244080599796,0.02252984901203153,finance
117,0.059511556933084,0.015551971377267425,-0.19682347502156258,-0.018570556073108813,0.10894528005066473,-0.1692433942918522,-0.036516916507364605,0.025142471410846374,-0.022035098799786892,0.25378570420238916,-0.22428797650361212,0.00670348204826965,-0.21525596157541266,-0.32364973339875014,0.11188654285448185,0.556296128782489,-0.0077890981788940414,-0.01358608689977466,-0.008098698954089913,0.14770003541408228,-0.09735391822426197,-0.0022290475494208175,-0.17356655672618848,-0.003437360988428299,0.02236226761129743,0.09044063114889925,0.022954234856963518,-0.031535017220638444,0.09196978837011333,-0.0013392131788911605,-0.02340106160786432,0.042328082589798484,0.024101758958860728,0.04085453167790737,-0.062269629899883064,-0.007751701460221557,-0.031074528981535034,-0.025034126949166926,0.03547715184605234,0.020965094315548116,0.023015080789142234,-0.023306864025321283,0.01613869924860384,-0.035978749217510764,0.030083161101037304,-0.047747684288722045,0.007304294604701169,0.016680130726812632,-0.030690114238555034,0.040232667144913935,-0.010173219080136997,-0.024035468368732445,0.0003989360312310063,0.001302175388329129,-0.020119384233772866,-0.0012290399419804835,0.01426980664869909,0.009440535436813873,-0.01013420821796415,0.007380457160141187,-0.00436849398841295,-0.013749378686407559,0.003118071179584557,0.022054963105064305,-0.018289195820859114,0.009550470037095778,0.0033441579879516735,0.0031773675135481723,0.025347525294710332,-0.01517513833197377,0.005865448868388099,0.003510583410048474,-0.015419487313222843,0.005571876084913996,0.025111821266979868,-0.018642731209736824,-0.02236615709202028,-0.001464974870065735,-0.01817566399457474,0.002232071538045414,-0.023594889318916807,-0.025549976950057517,-0.008063240127466096,-0.0092044558672815,0.011745309484092392,-0.01764585161825947,0.0034602162663504056,0.026024734707820886,-0.013917421946674769,0.0018898167053590178,0.003170938577081796,0.006817720259919625,-0.009049414799405332,0.00394489046655252,0.013160564408991554,0.0011574765550280623,0.008033704536718363,-0.0026786489612762032,0.012531174428257187,0.015318730392606119,-0.000919641027585797,0.0024515212197796102,0.0030607157398770683,0.024285125855755457,0.024706709733442318,0.00028665872052986626,-0.023966056694199187,-0.024484677632479492,-0.010681347931227205,0.018434672202091846,0.01819230506203512,0.0072389730977504224,0.01907631980184814,1.8419847704160056e-05,0.023062423299695236,-0.010918714731387752,-0.007929587523206612,-0.017255332370344278,0.010741120662227639,-0.025323154954593804,0.009280224409055385,-0.03479590245699047,-0.014038093223146272,-0.017600406272444417,0.007892538170194283,0.0033475609872929512,-0.01951590193316922,0.036263286560064396,-0.003983226611232302,-0.007590474898926378,-0.04759750912914159,-0.019021699058160126,-0.043958037396605004,0.03195609355344758,0.010363202875181795,0.0035234862376574932,-0.004731377112035829,-0.016511701873165863,-0.002215559818200677,-0.027856871661970806,-0.025848940530578596,0.00774955146656934,-0.018825628328796667,-0.006611964214510661,finance
118,0.25985899834211085,-0.2743007548360128,0.14164411248652692,0.023623539935912166,-0.020836801211168775,0.03925348890433722,0.05105863050009838,-0.11190007979850865,-0.03150314478415954,0.21602253276657044,-0.23316427304285614,-0.03836692345790113,-0.30077020898909235,0.2993896109475974,-0.3822146855741922,-0.04244603366976716,0.08897316317410095,0.2124070912967177,-0.053416439259256154,-0.02029826502326841,-0.10659859307711213,0.007875197570421856,-0.05056646162221765,0.0664507474990487,0.009677436617140586,0.09096577921012816,0.1240701808438932,-0.056043332962351464,-0.0581064089486039,0.05269390532389201,0.0120069008457372,-0.037062297561255717,0.04065570473864828,0.03945778187001495,-0.06674538136912626,-0.011983147399913355,0.04624420838661372,0.05801002471708819,-0.021077459260590743,0.013231145216985322,-0.011002284470174518,-0.022474199449105316,0.008252226114402433,0.06325402508696046,0.017286119546916626,-0.054695240913382376,0.028198860623819415,-0.003504182954063187,0.014768730179365504,0.020680994405601488,-0.03528142184433158,0.027399651003106536,-0.04714153758561115,-0.008715879699372958,0.055595664372416684,0.020945563853594404,0.041895293605413185,0.026225654688889665,-0.009262235509591913,0.020640644870979864,-0.002028132496915913,-0.026035062523782435,-0.050810041550114024,-0.011073577728828167,0.012212011626511605,0.024135188628853183,0.013307536219700246,0.01433452150233021,-0.039477700117229175,-0.03578073331515546,-0.004847135245123083,0.0285075468811741,0.007001290057881045,-0.01896640860105531,0.007974673875183759,0.017968816117159753,-0.03072476920711335,0.014813201190404687,0.00913111459063804,0.0068347853045448315,0.0018502783207110115,-0.024642957469445725,0.00560840582844855,0.01132811445105291,0.02502967741178451,-0.005368660597326435,-0.03155063651097825,-0.005145888832244716,-0.01323155966685734,-0.013885376137667292,0.0020970316016667902,0.049036640187556435,-0.013932116778753351,-0.02412934786452084,0.02046009505925193,0.010008664395179162,-0.006500619992279241,-0.007519085607688404,-0.033627907731569935,0.022625552768466888,-0.029827595299867594,0.0014419248506025383,0.0077665381597159105,-0.02213327785371496,-0.004357234437659324,-0.055962758278799325,0.031118147398234867,-0.01512587997420752,-0.009154017332102785,-0.03452407517682494,0.014345284880660688,0.019197174627865656,0.014976929200951377,-0.0464828377090042,-0.017251218567793426,-0.05196564207301509,0.021105426798996078,0.03367806174050093,0.009818362574575055,0.022792372210076295,-0.02292337629672721,0.023854901202273404,-0.020636863344479665,0.040428124687041385,-0.0382568076140333,0.0004733231711883428,0.0264692986855402,0.010850963572945734,-0.034945402000873496,0.0006917413040645806,0.05141686850130938,-0.006608646482261974,0.01203923755473549,-0.00047414959817451295,-0.0009908546652321946,0.03220406032540685,0.009396112033797893,-0.04562142026007584,-0.04956904643098271,-0.012440164208220727,-0.021238826493608188,0.040652599331256783,0.020401847888641387,0.004382728881579615,finance
119,0.06496748405122219,-0.03628814114305532,-0.0923138364650031,-0.009059183779173877,0.021917577373771258,-0.007950657898737676,-0.0003033700060359856,-0.0049935681756248865,-0.002324625121792001,-0.0005726099193177403,0.000273569999265941,0.0009818542252942098,-0.04019785411403288,0.02937601371019367,0.001814674535682533,0.03484953253457791,-0.019136783148830577,0.057593840812074755,-0.01992698666787398,-0.02269268849796017,0.015665060933510083,0.03795728051187757,-0.018462577524240416,0.04657108580442321,0.17562026882705398,0.022661259549150596,-0.010115624420909498,0.12803212393951297,-0.1018356556931849,-0.17198317266379112,0.00772836200383041,-0.1272506220290726,-0.09127495161405648,0.004124997027080661,0.4062361201067924,-0.020343657967573675,0.0901643511104448,-0.10951465709638285,-0.08535362909948138,0.23672691637222026,-0.025654497771477196,-0.06218316046458507,-0.1324052822242706,0.035008883495030285,0.05789229282135944,-0.10901642371739942,0.011107564729935708,0.010761579917603504,0.0018264544905836244,0.02838831623955593,0.05179041204277994,0.0657844247480774,0.038650228251259654,-0.013398835249129066,-0.040655418314847834,-0.05657406215866561,0.025006871965157627,0.052662327990442785,0.12286394880591033,-0.034160831315832474,-0.022459766022684576,0.02640041186879838,-0.05680178592731384,0.017466368362430394,-0.08744414196725758,0.06534130571414642,-0.02066086485147009,0.03308372943251393,0.021628446797034646,-0.01948497675791929,0.16084361051791063,-0.06458384113195847,-0.13472636294854667,0.1426108320312173,-0.0696253235707423,-0.004601282482326575,0.015680111502108393,0.10711256273548062,0.0541708534080001,0.0861447965963768,0.02642869646552483,-0.042681323366524346,-0.0013373159434952714,0.09417726865269754,0.028241840653012724,0.016353979374476985,-0.002427873925777602,0.06039626529882844,-0.06924299923838068,-0.10321910796659751,-0.0757587796482427,0.037173705552733874,-0.028742621112466702,0.1275993958470094,-0.04162766046477476,0.04613208690658726,-0.24678143582755255,-0.052497722105548886,-0.15847460840918315,-0.020584762610829838,0.20648908973914365,-0.09795460446298845,-0.0007748575526666429,-0.11574542925260119,0.06375553384169687,0.03565855702664215,-0.07103540407884225,-0.04367564869279993,0.19214192380845385,0.057381240582436516,0.04792913719120369,0.08881336497228079,-0.2199560851779671,-0.04421650203215121,-0.14868528414400198,-0.006221479790367454,-0.06786440488329105,-0.0075910820456563935,0.06124515839757127,-0.04671400595330974,0.017692854931549276,-0.01620512912007331,-0.017421480612099586,0.020577396629977616,-0.010876260881402823,-0.04517450989116531,0.06446115715442487,0.00013804172729196457,0.06822241292656687,-0.037295003696759955,0.01669590269751239,0.03327360876247115,-0.003972654668723226,0.05103012955210301,0.024141786237919377,-0.0037719709184710674,-0.03651253047614279,0.01697085362098569,-0.027511461092735393,-0.012369281444670477,0.01752400596723655,-0.014627135860587032,0.003762731128791008,-0.011189971369072425,finance
120,0.008587240048033223,0.0702609503416646,-0.09921867703119033,-0.0002984425706640105,0.01627210100290771,0.04892669594589898,0.14158713730950118,-0.1540056956754955,0.008179090888666344,0.08483494568835553,-0.13053941591675414,-0.2888662349229678,0.18523633691810779,-0.04417312496790441,0.038118022026051815,-0.08841051772813009,-0.03405844860833269,-0.034717396176660476,0.04274131629743388,-0.08811029642602804,0.010579552485178318,-0.05087779915121043,-0.06200347705970696,-0.018865337005263303,0.01866004784075558,0.02287884540315447,-0.0022485973311557306,0.041323440817834595,-0.0047832330703040035,-0.005254789330106342,0.025565787326316477,0.0318593446757545,0.1227850032995517,0.006400569838626032,0.013206902493234335,0.0258282406489581,0.004149616013640745,0.020270586820907776,0.12877434516280484,-0.028984577942402712,0.10893110722758347,0.05451761786060031,0.02969790569090134,0.07867317369326982,0.010271594414080851,-0.03833549893777215,0.04013749281099516,-0.08186402308223455,0.02745513688064124,0.04108905816221898,-0.004885923150784542,-0.046222600840902905,0.04262985333366761,-0.0518600382489666,-0.08622437346540018,-0.028883215242313298,0.06553247035568116,0.012131929315746434,-0.064476723892576,-0.017671659283155505,0.039748604538949975,-0.17341111989986374,-0.22656965017958733,-0.22315092833871253,-0.02445842223040561,0.02002562632702809,-0.033170986910530754,-0.009740850086461592,-0.13866876517751475,0.030970195241706508,-0.04810345087089731,0.0957095800361751,-0.12154803569162505,0.09677207493058726,-0.08768267989367749,-0.2489091214342773,-0.022903054020280318,0.08304284362365119,0.016878347432395878,-0.0030472581911755027,-0.32540469772746433,-0.04216255302526683,-0.1258475027342292,-0.06859815732681418,-0.005371772519079935,0.1016446775776457,0.15770790604236945,-0.026608832188389178,-0.05998976024923667,0.016626803072817258,0.06080609251932338,-0.045478836063341986,0.05109234250427485,0.1120848630606328,-0.018116527050975724,0.11705192607262171,0.08260001394516177,0.06165915458966986,0.08333650553995486,-0.06936855528865084,0.024880021338349895,0.058648625188724685,0.09290379818527174,-0.03766796552307094,0.020842338538719887,-0.19894078011402214,-0.07877738664977144,-0.06880091749783289,0.16585727099540543,0.1615405373617155,-0.043636715879258714,0.010879427951993424,0.0552138646944435,0.01836182897433911,0.08073533472605234,0.01874803066197899,0.06063103372719847,0.09350865079955036,-0.025295628238327955,-0.053133469202530946,0.01327966284378797,-0.03695896226496371,-0.02457572280517855,-0.01938500476523245,-0.014853824506097558,0.03149795702326218,-0.010638290385216118,-0.024917700888212806,-0.05470983332112314,0.025900581275699105,0.0329647399219536,0.012608186299029059,-0.04546413754684674,0.037264785921127135,-0.006785915656525175,0.006577761443441566,0.04724815050118848,0.015824245537601426,0.004100632953860329,0.0341457469256893,0.04420142450846586,0.01778725375693288,0.014281894252277065,-0.02736216345290097,finance
121,0.11953284316261771,-0.0398047108372091,-0.18743859749677552,0.024684562932877494,0.0022957605398433337,0.007214225480613533,-0.040530891196134976,0.04403461514226129,0.07645811628783454,-0.20147135954332682,0.16307696302310806,-0.05015496031361114,-0.02076698908568395,-0.07802500045725838,-0.03179590020030055,0.05366492810745441,0.020115791828665634,0.10722754356167999,-0.013284576108857148,-0.08131392091329676,-0.07657259095313698,-0.05807922283046306,0.01126932505163403,0.03361973274693757,0.02889650585802686,-0.13702105840685141,-0.004021402006580523,0.0780990433797645,-0.15902061119981742,0.04600931893468867,0.028861253705453484,0.002317486355088959,-0.06232370065016015,-0.11269864557225928,-0.20309349030875623,0.06881573730070326,-0.07821299000597377,-0.04015706842567435,-0.11628286335002862,0.16971598754803124,0.175830280325071,-0.0738057280403363,0.000581968782257175,0.07589215695371578,0.05646315010144799,-0.05757967940954654,-0.0795561714051387,-0.0008400109676606471,0.040764761863165515,0.0495793574313185,0.024480256001029647,-0.020198599415217657,-0.11446144447988293,0.004109384833728302,0.07989558826311999,-0.03720688985850902,0.015406403738532594,0.043651735302531046,0.07453462522568764,0.07510320406919564,-0.03272315126921349,0.006270245398105426,-0.11080158103778517,-0.02059004000103929,0.08915624189256746,0.07887739037808382,0.04567284244023729,-0.014222828905279759,-0.03418352168186152,0.019230135737917584,0.029661004326570165,-0.0035518944386246152,0.05489252494992,-0.10445655663029672,-0.01765685910916863,0.050489292898670636,-0.07618097128092546,9.741032659148296e-05,-0.02113967071501223,-0.02235278137692939,-0.005066085922267197,-0.013130383848656058,0.07571172299930275,0.016935909221346048,-0.02571924136806388,0.026453598319372513,-0.084375610428481,0.05408793820112549,0.007119475881592277,-0.06189018266096541,-0.04278326570102064,0.05385040166795285,0.12052602128429922,-0.03655968207690648,-0.04925222516209913,-0.07595714787283718,0.12580070689316494,-0.16894869449223837,-0.00011827561627065072,0.10937812917152515,0.10414573462015247,0.05656696449834595,0.018593713550757597,0.08486186182057641,-0.07568137459978144,-0.07832860897862821,0.0046484862470678595,-0.04000141592110476,0.021425700211338487,0.17952652634638389,0.026165042957185462,0.03352270262620242,0.08020214005811417,-0.12006812927652,0.06577333195979536,0.18605361205710946,-0.06812178854649668,-0.013758809459186366,0.045418628248022806,-0.05285100873796308,0.0356181819894039,0.17786653742878614,-0.21822778002966792,0.030516168810906782,0.06049650913712382,-0.15475615774997578,-0.08853410150314005,-0.04510812113221209,-0.010190582907235889,-0.05857349994264034,-0.0315251441024571,0.006991746990815592,-0.00532353283278358,0.03926821913884192,-0.03243145119510004,0.04618496790434443,0.03173527805387616,0.017485001009372007,-0.010760502515459656,-0.1055793664301654,0.03521301830592237,0.06422621159254799,0.018659515487466003,-0.003980686507099196,finance
122,0.3713162970295223,-0.3700040084952747,0.21755598284467118,0.031479150343681775,-0.030942288929806792,0.04829659801105046,0.0495042018588298,-0.10766376491247506,-0.01919350661741329,0.18759888838170502,-0.1999234065015028,-0.03290102111836918,-0.24914621638937337,0.2558843033704985,-0.34620479320218783,-0.04599631526322731,0.08028057949730606,0.17670454351440346,-0.0446029729292081,-0.03572849527759266,-0.07704865198483238,-0.003939949450308963,-0.06767592601968118,0.0508366779291066,0.015918122296777106,0.09051896651700397,0.11260416814372393,-0.06379222514963415,-0.06127946567701367,0.07219044377794134,0.027064723442013446,-0.02010305398649025,0.04322946133062168,0.056736021755836,-0.03513025909635246,-0.038183408000379726,0.027191003885141143,0.007582104846941445,0.01958692175614475,-0.014777452055567469,-0.018663724808340693,-0.01036885279076396,-0.021778446503557945,0.05186702558238127,0.017065568086138162,-0.04787237653908523,0.004858277951123566,-0.01857733297852168,0.020185731447281273,0.014292120060778056,-0.022870320243884974,0.03178710677741122,-0.031171547107848196,0.008263047530483915,0.06493379748204506,0.02468508996436016,0.008997006517246834,0.011841300334706083,0.002158361685948173,0.02523437111667067,0.006293496120728246,-0.021234520892415922,-0.02145971742005256,0.0019262756884915187,-0.000352275643492934,0.008993826620464138,-0.012136748408156199,0.011412715623896206,-0.03972797696524259,-0.02988867749734017,0.00940787243829234,0.008690193223801166,0.0017206364543365428,-0.01230329797055149,0.003541311000675152,-0.006867228522850725,0.00253379815721252,0.01745669475645544,-0.011770704122729521,0.017837660434923165,0.0005435584128462874,-0.00819546141444225,-0.005077686870742587,-0.001325031906232888,0.012098052863736842,-0.013880288474008977,-0.021281591445698567,-0.008510486835046906,-0.006104749924491133,-0.0006554092531724379,-0.006207209130676823,0.03003824550654499,-0.004533260762286984,-0.019577734521587127,0.012033917026389139,-0.010063748995867944,-0.000507369620386739,-0.017922834609079945,0.003012042352371224,0.005258506324334589,-0.022671942171871753,0.00193056838963128,0.007375633257683431,-0.017047574918326456,-0.010573675758238634,-0.023682500258664984,0.026933891236758323,-0.004228278404023366,-0.004933832231775503,-0.017048340216001174,0.0015032424976623268,0.003690970696678179,0.0030827944926536204,-0.04228969881154788,-0.017121128643831758,-0.02043619747318048,0.01611769344436186,0.018964731422049734,0.0041597665620469095,-0.0011318567578766719,-0.005756118057739069,0.021167160549578973,-0.009400320425349823,0.025549559162927893,-0.03294468607906918,0.005307821861326318,-0.0006518261849080295,0.001468686110486796,0.006569115271072175,0.015883672657371322,0.02879174293367132,0.004040872659153129,0.010009080581149065,-0.010105682149693465,0.02332167490783491,0.030870660344475196,-0.0013261955932325543,-0.03632761237258631,-0.029797277888098255,-0.022652188295183447,-0.009887847091876102,0.027456542814218235,-0.008035221904021703,0.008671345843976802,finance
123,0.3283507014690141,-0.21719966497670737,0.16372534818513604,0.00731236693024709,0.018762883390037028,0.0023228844302741135,-0.030163284505555228,0.04798436425234715,0.008099399907662478,-0.07068699767863086,0.11880105443696973,-0.07003569318701366,0.11584017314798489,-0.09035690754502457,0.1625450044967351,0.0072020027005478895,-0.011035706455321193,-0.141342270952925,0.014374012932901681,-0.07010162742062968,0.17464983084509927,0.12550379654298754,-0.09836287709510264,-0.09689137020049456,0.035223892832030264,0.09495980692507058,0.12951739006105778,-0.24467947807607804,-0.06400328853833817,0.15591815560724312,-0.005142723296506951,-0.011593965912133422,-0.10284347907303361,0.11290615761804422,0.06069655933927091,-0.0979643950670899,0.03884662665164872,-0.1991883734240152,0.1163762339940603,-0.04483272421132381,-0.06430880782525371,0.0833245847390037,-0.003264577824503507,-0.03180621414341079,0.014901418718391997,-0.041496268518094376,-0.07431663808928361,-0.13901552880971374,0.057964662364299556,-0.07547925639082108,0.04777711645527162,0.15802132680730493,0.062102391770606655,0.028341685716358492,0.04593308768034059,-0.007164720235155854,-0.10724613335386735,-0.019384035160672913,-0.0059746376088220775,0.06154547346493198,0.029265251077229482,0.04997372583644031,-0.004998367067714902,-0.0018676017369887853,-0.02013946496828079,0.06930880971850074,-0.02047206963956222,0.0608918718135325,-0.007087770925986931,0.031084882375109597,0.08665383873988308,-0.009499220907643517,-0.003135502332710486,-0.02362478633690615,0.017415713352487046,-0.05261962643285236,-0.012338122604209049,0.0003326979539001097,-0.01651059398103576,0.006093142988415337,-0.005236357813163542,0.03885328634036974,-0.054853248246865015,-0.08918022361040294,0.06412866144776896,-0.06709351737701415,0.04044622406908203,-0.0014593072004100319,0.09494652875060505,-0.012430174029795162,-0.07381623359327293,0.018278083607478044,-0.020300103554095165,-0.014374136669584058,0.011563447417213409,-0.026655121508444898,-0.0015125236834360799,-0.03979365821192939,0.03687607368956322,0.017784044446680344,-0.05309862655039968,0.008969695659824601,-0.0484743909095449,0.010427382146055621,-0.04527993225936648,-0.010280015534673769,0.021366278864014918,-0.01998979411981483,0.018572813387484524,0.016130775420204777,0.02421485606769277,-0.008755224611256192,-0.0008138566313672004,0.01908402683371373,-0.0015617704239828255,-0.03631242775739055,-0.002708378383817208,0.008104323065364443,0.042333022880147675,-0.044821144624961826,0.03494211410896411,-0.0007442657468294965,-0.044251372939984476,-0.03610300669342173,0.001435963247701026,-0.021317918736062837,-0.01409289503041019,-0.03747404085574174,0.026209149772523067,0.03972726632257702,-0.044660681845875023,0.00036490856288457846,-0.016519516637831834,0.006819604312650568,0.00022990102006294145,-0.004724372376051998,-0.028602675651876023,0.06250563583712385,0.04764111394556735,0.017864854316751964,-0.005658182552735278,0.010323529767406133,0.0075869999990849585,-0.045506705136439396,finance
124,0.0012171965601893641,0.02047095160492083,-0.1740030134460063,-0.009213285825612944,0.07180675187402369,-0.08954339745692148,0.036628897142802604,-0.06564542446725721,0.09591762248538821,-0.1423505205181914,-0.2760057523404395,0.49501431758548464,0.31649544540525937,0.16707463538692865,-0.08988980579793794,-0.05479622165250908,-0.08189768878191159,-0.07313161429606206,-0.02941187941368282,-0.08103574899422811,0.03676211829263769,0.00867239879493804,-0.28031025051623404,-0.07318472902273596,-0.058613877681239004,0.14390637276498588,0.07942400199996384,-0.03858835608609214,0.06427953641572949,-0.03957194533927096,0.0033266787195333873,0.09733949937108945,-0.010673292253359805,-0.08495446464597688,0.00033295412566781496,0.005344178803350835,-0.05243050736039015,-0.022502133688527628,-0.04968815767635759,0.08755537135948235,0.16422544032254788,-0.03854195740347899,0.02085194910075535,-0.042374065465288074,0.0434731462418235,-0.1040804955223594,0.04636726390658011,0.00805324759071791,0.004706076266439765,-0.04257461895487767,-0.013912460218362377,-0.10024150846709354,0.02731490980264651,0.06263500602472115,-0.007566397012709165,0.0322235303716914,-0.04682056933578042,-0.011496582604006406,0.003270341156899943,-0.01704724542447907,0.028361068403548535,0.010739133441873844,0.011066995685018052,0.055405564742442175,-0.052593467206832806,0.06012610725850563,0.02059833540986126,0.021676414162226532,0.012214476116361908,0.01699512822416185,0.008832849076965526,0.004145011109545844,-0.03541830371968022,0.033413609169276805,0.025093314297192575,-0.046827787229328593,-0.09015544812242998,0.01598279143643852,-0.007120361306811958,0.014282172839353312,0.02991790739227519,0.01338528883001025,-0.009295174831757878,-0.03983749750172578,0.007844731289471114,-0.0025201110685952473,-0.043194089064913774,0.03048122645352354,-0.011023681509110445,0.0394201997719928,-0.005669339359129268,-0.04866008219026108,0.021036389359650493,-0.03245773578697114,0.0507034278351912,0.002126322896684812,0.039025177024771256,-0.05128977525179174,0.03430996994089266,0.001585288657433586,-0.02907512396411847,-0.07035953389215101,-0.005599248690768058,0.028494421521069412,0.018280541205008632,0.024721670785919324,-0.0025837408070346463,-0.04131301003924302,-0.005642885434759095,0.04267639285815169,0.03440823416497192,-0.01158841228184112,0.02308292748949448,0.0010354544538959806,0.006960932098090174,0.012276627474114928,0.05601345115155072,0.10787870925113088,0.053623537403567755,-0.010982699297835154,-0.010581144110798048,0.0039274967993143785,0.10108982219887586,0.06196222251189204,0.0170940606429152,-0.004093374282959368,0.04746412869857095,0.036796096494734254,-0.012090833864273611,-0.025917640075664376,-0.029023566136622013,0.010284885699045121,0.0573909233539363,-0.015812380765384864,-0.025819170599052633,0.012880869500788936,0.009148688026675022,0.02111068350414753,-0.00198067373032391,-0.018375878531814528,0.030652884653899485,-0.061925947862145274,0.014799113879717505,0.001043836208038209,finance
125,0.05021674767161792,0.000849474413326032,-0.16722826709601152,-0.0033715727556785304,0.0523148859573519,-0.0444735919870822,0.016179215053586528,-0.0619272451495202,0.030353728780804355,-0.04825291911489264,-0.14410490478764074,0.25657015501249036,0.07828532298834277,0.07665038816903644,-0.050684282381679685,0.023826730605316853,-0.04245335543774274,-0.024402058116955973,-0.010606971867124731,-0.06586316977573776,0.06204600520459882,0.03846042673209603,-0.03746999116576615,-0.010531983163590771,0.18690505734475482,0.10311686599662917,0.012137621035427518,-0.03673303500625265,0.04245039026923338,-0.028829686439120542,-0.011563220234481378,0.02105029567859239,-0.11588068487370433,-0.06201642242357911,-0.042833911811547436,0.061396627328553284,0.020516417588057268,0.0027136573764069793,-0.03929887412578638,-0.009582314408474318,0.0010508666306768416,0.01771427193796183,0.02332656535257778,0.008963608939458008,-0.05425056419385476,0.20114723746647417,-0.07147360413383866,-0.03309512170237497,-0.04626828986154086,0.07664164828299165,0.048272091097274615,0.2800205438318536,-0.038890458071992234,-0.09111970425091573,0.0494442253230179,-0.07398845794628153,0.019799535693734563,-0.20883976700312726,0.03491884000108237,-0.04395621303530588,0.015517382360268565,-0.10986908027392597,0.009371386742288249,-0.12239361458236332,0.059464858313483325,-0.14320988863672612,0.05995457611938626,-0.013954644272904916,-0.03288774915825925,0.04388915962604995,0.09374625148845392,-0.0741107934542576,-0.07022551746001157,-0.027252757803601296,-0.05499429581893755,0.09276492847741483,0.21176349151374563,0.11257585694025538,-0.06374956617548716,0.06660923054247704,0.000757499062730267,-0.08315118553342879,0.03884259477961718,0.07725788595271575,-0.08958399870956912,0.13469324844741934,0.0012422068097203282,-0.05315689041349524,0.0519879820785511,-0.07421196954859136,0.022466452484918863,0.08113239117682242,0.15264452612271082,0.028001539137772865,-0.08354025019198508,0.010130616538361455,-0.08256386364386464,0.19697245889282516,-0.01967126082866055,-0.036201820245508234,-0.13899485429231823,0.060819595619283746,-0.021992224238160187,-0.158720707613935,-0.0663592021198161,-0.08438645116317373,0.0056105886951842284,0.15077631883926845,-0.08583990670420806,-0.012983513501434778,-0.13775698305913295,0.03848975475414023,-0.005066460411984017,-0.042355939560675654,0.04433543402926791,-0.0009384325839265501,-0.08621635078007521,-0.0709182344432267,-0.04104738306254399,-0.012468463442540165,0.03253985108287416,-9.438631147917446e-05,0.03834603576343806,-0.11989586056498,-2.0923889632945673e-05,-0.07299132833308782,-0.08798330170218682,-0.027670124781361122,0.059240078056950175,0.003718612639326643,-0.11532767207627334,-0.05742605266542792,-0.15787265301347822,0.041552162815059926,0.0035965896657591465,0.0198759938842004,0.04373828045827836,0.017162016557411064,-0.03112557587915578,-0.049427998120123946,-0.008846323222686825,0.02901894152459083,-0.022639763465231045,0.002161615632187682,finance
126,0.037661414198194965,0.008388317611775298,-0.16435825241722496,-0.003835118643714051,0.03211546331660481,-0.03519336081656005,-0.04855124634855529,0.04346266148324381,0.048246137747704636,-0.12678097447123773,0.09674238031203282,-0.09444748857296989,-0.03120310141847003,-0.01072277770970447,-0.04781796819954683,-0.027245384435166376,-0.0019043878656047318,0.06098082600528792,0.00733926470203365,-0.07622097677791684,-0.007950087008250175,0.032784150132177524,-0.015509177424197633,-0.01842714309880827,-0.0934283653719738,0.05459847274568736,0.055527222448154494,-0.19081723283376856,0.07512518057842157,0.028708842251694747,-0.018125986642221394,-0.05091103814866417,0.0777364083048537,0.05836326132138814,0.039215145107798124,0.041287797008273466,0.09909976578484125,0.03895465933732653,-0.05536953136073121,0.08690299098429288,-0.05338188078869583,0.04791769348707868,0.15945654807322293,-0.12054663039568393,0.0870646840026411,0.004056657978671657,-0.09253247399792416,-0.06530996421620883,-0.06283305862498186,0.030350676748043058,0.056248991720035724,-0.11891054201391216,0.014207714629564461,0.09111315974578972,0.09848088248663045,-0.09902533420638329,0.1230043627703796,0.07471569797878759,0.060996805530551194,0.013276944542007086,0.06425941883086328,-0.010914330983128395,0.22265221514193492,0.0758420651253045,-0.0507327155009784,-0.14932457300326316,-0.049169087317050386,0.10211356743268184,0.008497307600005695,-0.23577641290882662,-0.019675261497828524,0.020575131334540694,0.16543264379437425,0.013182465351853391,0.00881784253347563,-0.02794724515344111,-0.05367658140697503,-0.02296297004620975,-0.12629103778026113,0.052777911401089964,-0.13466588758492332,0.11998298641756655,0.12269072647775069,0.03469543931712008,0.05877954464992034,0.3238279498302958,0.14099757222881712,0.07869854762687051,-0.08709797003955419,0.01449853063067062,-0.14351380414798626,0.047331147403509875,0.17562266740339183,0.038997613865801764,-0.11101828537510793,0.047267667627689455,0.021791016088864423,0.01660469165702308,-0.2045402082841263,-0.1660778630005853,-0.06869605574985965,-0.11890665343387513,-0.049219153630881834,0.08732518590855506,0.015721732834609516,0.007971740320636888,0.002686868819890479,-0.0696496578620079,0.014736004119581862,0.004165317816362358,-0.1422732910861824,0.012172948308180638,0.10387827421530971,-0.022978318997722888,0.03724100777444361,0.03508786330752022,-0.028975769103460707,-0.08941291426868457,-0.01841995840252495,-0.028406556410624,-0.027110957230377913,-0.022410068670330338,0.024751059816646145,0.01688702899768559,-0.04556414376497575,-0.016389447620944863,0.05299921100936458,0.02400914475628139,-0.02503435662019261,-0.038654454709996316,0.07313244860771174,0.004741519682456243,0.04247402880112026,0.026062831959947,0.01552891128658676,0.0006886482449750959,-0.0260575595529713,-0.005187108986436852,0.029186322623916072,0.0060443847232984965,-0.012590608579690162,-0.029274894207175637,0.01437302958800807,0.013435841391110195,finance
127,0.22881704823647273,0.39125760561148415,0.09237267892722018,-0.008401051506109003,-0.015609664760095033,0.0060674874819579405,0.007083639955921717,-0.024463656639917158,0.017293642017311178,-0.05153616384591734,0.045932808334077514,0.03504850929478519,-0.15007932619991907,-0.03514306261608562,-0.03002514161393047,-0.02293075878856593,0.02099425224816588,0.02668531063977087,0.027758162335010432,-0.0045148791249982586,-0.010975047596766154,0.03284678761712486,-0.012752080450070695,-0.00035567241024092757,0.0007180512268238666,-0.022870855519684208,-0.06495544170821618,-0.07126363329875585,0.07291526235342895,-0.04850935816348728,0.05877382761293328,-0.047323637741388626,0.39599545749705484,-0.15353147600457678,0.019400844797984092,0.15350252029682912,-0.058525642744576875,-0.1548032677396486,-0.011054589834213209,0.11326668951124434,0.1080717300548061,0.14235195336828577,-0.02479893867722244,0.029193214545993103,-0.09347987656967668,0.06162697143134351,-0.040863169172203846,-0.09766649629522586,0.09209969503739775,0.034840801682486794,-0.03370340442401906,-0.024446885270781437,0.050540629869342275,0.042611202831468784,-0.05572419221631326,-0.02028745586131179,0.04188122837120621,0.03119415488928767,0.06912253721757793,0.03394817587401968,0.047572644523498485,-0.05704030108941448,0.05115368055373244,-0.0014252769628109692,0.009472437650534108,0.01796397082121482,-0.027344463873145437,0.02751700702037464,0.08383470724803863,0.03013693074407281,0.008435827089002729,-0.010674338490074028,-0.04715008515851779,0.03069315175902138,-0.0057072996748300095,-0.11110452229792223,0.009961898518660329,-0.0007229836972404628,0.03072825515806676,0.08031605671534932,0.02020333580835655,-0.034803955101457076,0.022324096982753745,-0.07959020588918723,0.03406426271859918,-0.08821980624006641,-0.003833876854053897,-0.058388850361189716,0.09982137133506996,-0.07821808388836286,-0.03553439763779966,0.03571148554874053,-0.03923321974527607,0.0022355681033409394,-0.002394226780643311,0.00411284048980172,-0.010148765792868986,0.08603904402717173,-0.03386872015471535,0.005233702449244209,-0.012291540408310302,0.06684284997010759,-0.02565773483456135,-0.019662834976223655,-0.07187658039066698,-0.0001418488376325906,0.08937310694067,-0.06912319386642815,0.0005727157311230018,-0.05667104909545359,0.03754368574866239,0.008629601730524523,-0.006824108454253746,0.03713288435395034,-0.011037133167892765,0.03221782143641868,-0.08261509113926091,0.019285853968095925,-0.007344775425695116,0.040682195838824355,0.07849285085986078,-0.06021100301486575,-0.05170599364890173,0.02372897207277196,0.03635239514312949,0.0050547709910677835,-0.03480056583603184,0.039425957838464525,0.013527734102630876,-0.03400030588917396,-0.047677216410328994,-0.011339511137700483,0.054469173902934126,0.011554619207669687,-0.001262639393473674,-0.0744334457461651,-0.053587769335327363,0.02827848920937161,0.004296416990795866,0.012990510583993331,-0.04522421039905835,-0.022041294945815932,-0.03878930592200797,0.0016272943634847424,finance
128,0.2398794844488786,-0.1295504948000777,0.04416313187139714,-0.0031588048635519954,0.04843369448136355,-0.06782356307317834,-0.07711646136066481,0.09475261942919243,0.001920732876362182,0.01030026315356166,0.1425632011912034,-0.1094222766440743,0.06743732270170164,-0.05432707096821882,0.13933710036387995,-0.03208726166333202,-0.025298174233193933,-0.13943013108340033,0.0029840379725683285,-0.1362653406776428,0.21202346196697874,0.1827114319982254,-0.09122774500498496,-0.12231080938821298,0.019582508960499345,0.10863092847042045,0.11922552657678309,-0.3397515230636995,-0.0171843267102841,0.15932940561951583,-0.03149873678005956,-0.08414431267274222,-0.06528580965928225,0.06439359580791626,0.09235293923521719,-0.08411759182420575,0.05858762325972618,-0.16372404729811957,0.06745647027896322,-0.003997769393909283,-0.09379995588162333,0.07155285885244503,0.01633517317438995,-0.055267890894165485,-0.011096504071160774,-0.044091114135345624,-0.0893188751660717,-0.11954914998900482,0.060961446227405756,-0.05230748442297532,0.08797130874167634,0.09569704123712469,0.07972689873850926,0.03839491438119908,0.059139033860608564,-0.06782604891596064,-0.04837755231340162,0.08660099122095705,0.011633606715008687,0.06441206653256837,0.04218645956223141,0.0437008116751268,-0.02180895917433731,-0.04154932989444925,0.027014086185912226,0.0733641664685639,0.05283253539773511,0.05741643934465827,0.0545499931146037,-0.00633545459705627,0.0866861781328089,0.0007098148164809277,0.006540257950299871,-0.05214805960945236,0.060393092636694304,0.022528491177810625,-0.05475602596233939,-0.014209340376766903,-0.0012694250456536146,0.02951280610419777,-0.008911060414116193,-0.03874804973046682,-0.014468271269064303,-0.09049262642608885,0.07239462521233161,-0.02607203880085224,-0.012813670304640395,0.011466642760332832,0.09660798015921064,-0.04500562063983337,-0.06491449182402444,0.054978271947814426,0.010586947641014902,-0.0492065941287417,0.03424609266821263,-0.06250780176843632,0.015752718907879656,0.003903442544952755,0.060396707140701576,0.06285524664499194,-0.033668994365463556,0.004053727654763674,-0.04386364996389487,-0.007514555416679051,0.015320865783051186,-0.08716525439310611,0.03359256296760583,-0.0028631996578171053,0.0260788188611296,0.011415434697660268,0.04519963167639409,-0.02651118395066886,-0.011310589648107518,-0.03689955670760284,-0.029950678042882796,-0.06348066285534656,0.06833505061453272,0.0433181656398311,0.061566797071054905,-0.09547859707605996,-0.0422660349625583,0.03304592814444105,-0.052177592115793925,-0.03607697419139123,-0.07078634266811794,-0.017829641787510498,-0.04102545667576601,0.008343556534940887,-0.02403312498371747,0.04706609525067352,0.04497704685196474,0.02399687206255619,-0.010052555827488438,0.009006814306173805,-0.03869956758687937,0.07389321790620837,0.041486953933553325,-0.08788730883445668,-0.05539587502653697,0.006999988209558409,-0.02071009489343898,0.07767143467990201,-0.00920579895978703,0.0266623396607523,finance
129,0.058707035893886636,-0.023536666357712857,-0.09399079945035037,-0.00595512941452599,0.03392363461565634,-0.03946517703858622,0.006888969355078068,-0.004628122579549772,0.005407660219816524,-0.019662524138858398,4.9512244450914856e-05,-0.13259934891615976,-0.005435022682994088,0.022048505952951308,0.06675393986695709,0.03053156757699957,0.0009160532841991816,-0.07177753262682175,0.0006729966779118518,-0.07421868587841307,0.1987251505610014,0.20132547403498258,-0.06542406402645433,-0.09359555873823971,0.07298764195373068,0.08412004467553404,0.09449658085982017,-0.2485890216220359,-0.10102003703884957,0.09060243458982367,-0.039547043802097975,-0.23301023713894906,0.079427318495877,-0.21450664075829554,0.0718704300930249,0.029977751460165267,-0.05387776012964321,0.1987766282948401,-0.15831645335155828,-0.12763930221937342,-0.11826162166532846,-0.11636405032049231,-0.13441786157991054,-0.038360521127114786,-0.08218755270659134,0.04635771723573512,0.1950880711205318,0.21250099032880296,0.05972700459650533,-0.008428997526847276,-0.031058746693390628,0.006597654381038076,-0.04691543847333566,-0.0433032248757868,-0.05518156298006268,0.10481741897432094,-0.06744181822063522,-0.01974890738014453,0.02680702195317007,-0.03240319241952482,-0.04876872582256961,-0.01914981184133203,0.03818398268925457,0.07522029817252603,-0.002433463704779724,0.035735666002351285,-0.023121261283840313,-0.055006087535938594,-0.009971257315342342,0.026580397155104588,0.024248846314801727,-0.028755943718359562,0.10418856844676111,-0.08042993484815733,-0.09656531647828409,-0.04894412251111503,-0.0066922096086517715,-0.0033704366054678777,-0.14106605365481567,-0.08207770214591169,-0.03283018502314341,0.018957431401454203,0.02484383837942525,-0.030461918718683843,-0.06515602554979011,-0.053174196699717145,0.040936776582009705,-0.030412514949372502,0.019333773581321087,-0.022150005925211293,-0.05025583867597226,0.0329564943876055,-0.044436999267108576,-0.08572177747957815,-0.020587933951443437,0.017143752852547076,0.06699947648258207,0.041516180278349794,-0.04097435534756683,-0.017253206345401322,0.00542711481835381,0.044897151579567085,0.09950960685169184,-0.011928914220301947,0.03559792074387866,0.05079181585182456,-0.060424558811531366,-0.11171822024170337,-0.023505697442583576,0.07221141725000589,-0.07786295846134383,0.03551798430191872,-0.0012189670053741129,-0.05741528976433367,-0.049916638050034726,-0.052379991464025645,-0.01706218440675998,-0.009213282689801277,-0.05059670034276582,0.10078586552152412,-0.00044385893506058944,0.04149140131619142,-0.08634517113871765,0.00590564702511331,0.11620842152700298,0.051809628029532755,-0.006150726528310837,0.11254827636308987,0.01818898478014842,-0.08373549881613121,-0.08734461503219126,0.04829808272495981,-0.04173625452338042,0.031990318806404516,0.09943680706635502,-0.08892595654130546,0.1551122250066527,0.1037463281187489,-0.06210990617488001,0.0008850936277849642,0.027484382476914013,-0.12340447483979022,0.08702143559229004,-0.0136531822118676,finance
130,0.05556787375625869,0.019429957603920394,-0.164483167528973,-0.01239983362360394,0.04741919451579532,-0.04912567203734283,-0.031798333518989294,0.021056173286648997,0.060811043972639166,-0.1311531544221294,0.036122539639903764,0.044246082481821006,0.005959530611332427,-0.004139893410991434,-0.0661609804337134,0.04179071235471469,-0.024041117451952112,0.07888575366595967,-0.025690650594879107,-0.057243242263753984,-0.10559613265967321,-0.12273076230516218,-0.0794615692302712,0.06124885364312455,0.06557369884043604,-0.04905418311089768,0.00016971122712753522,0.017907702962167323,-0.0360270772232557,0.0430441030817654,0.061724251550686206,0.08460312053800163,0.12374377062579689,0.013761605790131044,0.26396465216363973,-0.05583192521996095,0.1938982847152177,0.17806337303440128,-0.09580534038731683,-0.12052590477117335,-0.027805907564868577,0.06695281248879803,0.2135498542763079,0.037259088856575334,0.0014129607452064393,0.04865035160646581,0.036600135961048406,-0.0975850694333386,-0.16985770601382502,-0.12851651571333772,0.0064606452338554785,-0.02083102914423273,-0.03710397554496844,-0.09593800772483066,-0.013714778917938474,0.019866276087556506,-0.19407319299461678,0.04388699912291799,-0.08687954542612814,0.13200082127269686,0.02683881531444648,0.0132574427969426,0.02838553296557383,-0.09461370101652405,-0.04576135205887164,0.0363054216114725,-0.0519668720395402,-0.05681720117714046,0.007228052519850671,-0.013737982367755183,0.03465816034063917,0.0004753269425030997,0.012832055502274524,0.021458626720062227,0.1351836354644647,0.028844491132745648,0.11826627412670145,-0.06610789462738235,0.11019291678655595,-0.11653464883231125,0.005465806223261683,-0.15062281886375467,-0.0906484132980964,-0.03213415724298659,0.03788403149325101,0.01322425265877374,-0.0030610621799788914,-0.14722657740628967,0.10004149339632995,0.001514217615322294,0.09289444751162655,-0.0107403426298912,-0.10050428431117125,-0.06650872216109004,-0.04527165007817198,-0.03033957341986643,-0.002693082559594624,-0.05203400512632901,0.12975622596807362,-0.007353021541221809,-0.010087783537257457,0.1366786370603336,-0.059053627414805056,-0.08109224537890371,0.14927734247161265,0.08152735965341,0.012048808547256734,-0.08840368458862174,-0.017959196640687233,0.056372034178294894,-0.03600396984437904,0.06493946651643233,0.1350451458043185,-0.14767370817515033,-0.015643743416990177,0.0476216436911189,-0.05592197217681704,-0.1919858199985377,0.01733908720531724,-0.07275838560034004,0.07419192311530036,0.02699211390163935,0.04646176593543129,-0.038445933261887416,-0.11758067042613586,-0.12345277938131657,0.0961068364182913,0.018642410940741785,0.026446193223672237,-0.06470846136279441,0.07096187420984468,-0.012940194819749324,0.07254769425794166,0.038469284325850624,0.03590198241821689,-0.01847868073609787,-0.008721346680525549,-0.024238037218509645,-0.004028386278272942,0.014925724352237655,0.04719857093888595,-0.03602294907192148,0.018913918430473808,-0.0005255533327145153,finance
131,0.21389538206501155,0.23914449381750608,0.056294429585217146,-0.010208700177321811,-0.018000889276593608,-0.013862657094793167,-0.026648500311983552,0.024897760118760402,0.053415745251192144,-0.18060237885384245,0.09816855820166828,0.06670479862770176,0.005474523815416645,-0.06405672328436103,0.017548116551045188,0.050992898055173826,0.0019110477935155286,0.03963257228108132,-0.017585358820776376,-0.032442461335020024,-0.07196485316255065,-0.09783855092856862,-0.02014880733886453,0.07337609268401893,0.039567160436706515,-0.015124977342278962,0.07739992812010232,-0.002683355985642669,-0.15299499883157502,0.10865286705529435,0.08050843108934432,0.011383437315713282,-0.007362417044250421,0.050447669137227216,0.010309326510508985,0.03883405090124681,0.15640122185418703,0.07899310882828406,0.10292917615523371,-0.045997553620245595,-0.04499898641160125,0.08855064433775434,0.11314306699322509,0.053908776058781506,-0.04189382023840784,0.008178157354236878,0.07039411658294671,-0.025016425804276893,-0.015812645051051788,-0.05877961477076739,-0.025852373847075474,0.11166756061718591,0.01700196617908273,-0.0032932021245880077,-0.15425570564156185,0.1733370189953664,0.1187675111054987,-0.027849252413171315,-0.16366498334724977,-0.09661070491000713,0.05790081522737672,-0.07363865722641155,-0.05692997658115476,0.16731450733425726,-0.021727664771510474,0.0610057908735857,-0.030865718295912923,0.055332495044132984,0.09832549267080282,0.034417739692034974,-0.12358767288117219,-0.028582589033553173,0.08610144741830188,-0.010382746180676888,-0.1152824713760875,-0.015492661430141908,-0.06648202278106016,-0.09484292617769415,-0.024709256870434817,0.06352164058604413,0.07730515556643404,-0.03984686554747169,0.04369034995238853,0.017216237739944896,-0.039682636534157927,-0.09282654975042645,-0.10294159092113736,0.022830748568893378,-0.009466713972345617,0.06667586622488453,-0.013307777783678055,-0.03609782012575013,0.0449373574272399,0.1645109541599868,-0.002297824928377536,-0.016751121938689616,-0.11665064238943365,-0.04383078200989966,-0.10433653867548612,-0.004757471788052145,-0.015979850147115955,-0.0396504290952483,-0.14717505076664364,-0.017021505023250803,-0.05065269459937376,-0.014626176928360645,-0.02938227063030169,-0.04523838267710879,-0.06181934526705316,0.056017341868967535,0.0935740025919799,0.08083740685370125,-0.006283806610848958,-0.06956333874059975,0.1250312138501588,-0.03536255589374975,0.031642012950487214,0.14007430580428226,-0.13059860358541314,0.04480823188078293,-0.1034091527586874,-0.053438091058038185,-0.031095615820496834,-0.021936987399034102,-0.12295677124679256,-0.11308598081648288,0.07727506834153466,-0.07314914759542665,-0.079792457576811,0.01542072556370213,0.08634538361859988,-0.04648832341670259,-0.15270451427289033,0.04649427410950588,0.015265610571029509,0.032190684797003884,0.08863043824569938,0.00835235918446185,-0.006966670580853404,0.013465718830879042,-0.00941084450233969,-0.06121661940354247,0.032170791651601846,-0.011595441397148078,finance
132,0.037250854564058584,0.0037696432390563026,-0.16551158122585388,-0.017035319678209766,0.048584139924260944,-0.060439222609760805,-0.017757946874043685,-0.000806734760901474,0.023208207900258137,-0.08083286991011902,0.06628976011598726,-0.19484108470821648,-0.06968870966367674,0.003463966082460101,-0.005038654362044982,0.040944606595371545,0.003898790618844732,-0.017742177279420165,-0.0011716593037459806,-0.10688495338173266,0.13688790965063194,0.1613097145405668,-0.13633102173773148,-0.09617621766370676,0.026553312519744,0.01960090471142423,0.04543080010800607,-0.18336750498266824,-0.07342287694540323,0.06999108557383976,-0.0531638716842953,-0.20370975158489335,0.05985600873528714,-0.21765127454570446,0.049047605885809864,0.010740435723320868,-0.13181468964046517,0.24912765229517092,-0.26374268621270114,-0.10617726917129673,-0.042424654790052634,-0.1446157822249327,-0.13881587531616735,-0.0058318484566450635,-0.10331440518745678,0.024677522420146304,0.18878782465249655,0.15123619750973183,0.048485314585804545,-0.043336380154621365,-0.044874052360427526,-0.09106384212664694,0.010720859123328602,-0.0006243824881638065,0.0019969203471051555,0.05681574095714038,-0.11246728383435699,-0.03647880230259015,0.02957143608470395,-0.004619206702629853,-0.04174871288571823,0.02638430554801932,0.051346969139100446,-0.0028255886818409613,0.018036917609335366,-0.034916755288817374,-0.04018277143610245,-0.01926005341653851,-0.029281978286775995,0.020605020427704516,-0.06478658328122125,0.05990445259265646,-0.0030081299522559633,0.0202719915600684,0.026184890064402284,0.004512121538934281,0.007354926696364035,0.004684084369877173,0.07299636182207445,0.03626261610584926,-0.031070801410476946,-0.04263088356094883,-0.02119725889915485,0.025873634780443685,-0.04296689820937444,0.030355548543117738,-0.0066896225221400405,0.030984454183230783,-0.03130642745728992,-0.027136966916591575,-0.007567375390232664,-0.03520629884325362,0.0029155954714191173,0.07670573519160756,0.023172927766527966,0.06953791685305699,-0.00039032889470027844,0.03748116408739721,0.020886564648957006,-0.03049774280342176,0.0352117843063112,0.07388610208399388,0.03432807984339217,0.023268372434081086,-0.028835176889768437,0.02340193927347017,-0.13928786188935208,0.07596578702068978,-0.0109471894439035,0.024265949062026594,0.061344842639748924,-0.028761128032284006,-0.07024669359467194,0.02899395785280991,0.10555141021581495,0.033369714892461544,-0.056137856209875096,0.04704972098766384,0.00047348266983285824,-0.06974418139562996,-0.014063410407940433,-0.0809564665765154,0.059251747577296315,0.007516371496791201,-0.1384083955457242,-0.056718972339553385,0.033861707829282335,-0.06439113347495416,-0.0028655621698988687,0.08094886761029826,0.10636643553685039,-0.07104440492507014,0.027983068350029467,-0.021526971573397377,-0.08897423384768363,0.11279572951110961,-0.15719442744945772,-0.10267149924257025,0.07108084187763834,-0.04936698539245925,-0.0336539212903196,0.14363517562369776,-0.12219795718665931,0.0448566645673289,finance
133,0.07415767024236157,-0.03918819451341955,-0.08587742750515819,-0.006235412828616666,0.01952214223200219,-0.004396633428033221,0.022451635069387126,0.0085445107177301,0.00344236748830893,-0.04702317125278012,-0.009817224016696678,0.03354673019784733,-0.04711671526017675,0.05338849321665503,-0.0035977401904973027,0.010729137503624616,-0.014997928471140058,0.024197455178412246,-0.03300174050714882,-0.02891248461533088,0.04521522821306499,0.05802521186895595,-0.0008315463207844445,0.06291794356403474,0.16751913980984715,0.006224134013444242,0.06671939536559461,0.12569456699361736,-0.22856964857895695,-0.06554772739048556,0.010916245363475146,-0.2090741965787521,-0.0854236686538982,-0.03721961409442955,-0.1359372777072948,0.25641113976442154,0.028064668899283742,-0.012541948347372675,0.29454084675884157,0.022317112927887767,-0.023320954031985634,0.055063751192494986,-0.034520880503892785,-0.13387250192200834,-0.1630065019860466,0.1993240144949488,-0.2170629183258315,-0.0037788433994444147,-0.09830736457076027,-0.05399297538693016,-5.212572351414941e-05,-0.1740335538706158,0.057043638259338524,0.03805186057356526,-0.011229072521857454,0.0380822478526642,-0.12069838763271243,0.06337800454611461,-0.08112136992002178,0.011068584088725303,-0.07726884577618097,0.019418195239235308,0.02634596957855544,0.010895966822181994,0.01860348894873031,-0.03811059228986892,0.05295822329223077,-0.10190577478943025,-0.1032968539638334,0.03936146315463585,0.012968054562008632,0.038037565265368514,0.027740347737241842,0.12291906010423281,0.06044033042688692,0.07948238839173404,0.03785998043693419,-0.043712055782321055,0.03671513795518445,-0.059129711472899686,-0.0012075707569023802,0.0497505019776316,-0.03400059862464948,-0.038754969789264,0.02977611366499799,0.024220497877390182,0.06550419075941112,0.08384112987986875,-0.07433483256044145,0.049721585205887174,-0.012257427502871525,-0.05387157860476335,-0.04629592854611021,0.033940290542379896,-0.014760018817339406,0.03833664367467125,0.11605363012672369,-0.03026443688572059,0.039291033595709866,0.07289490728832226,-0.03610688393660638,-0.07218974568633177,0.015269732882695454,0.0050961499008301105,0.05942852553168291,0.06600237876827356,-0.029399696050650275,0.036489232256864096,0.08803324883570163,-0.04120343258854901,0.07958764605813967,-0.07896700078411549,-0.03195307372189085,-0.025535282740649992,0.017675578707560705,0.0024845194551030483,-0.1752204740527593,-0.06862998370170036,0.16548528432300771,-0.14701066359263687,-0.012480153318138528,-0.19634995234616562,-0.031898903210284726,0.08239176728751756,0.07325619831492922,0.02209317487889093,0.011149953561402144,-0.02267524926007626,-0.057109596601450034,-0.04477762363404676,-0.03088069980155402,-0.03418134431355487,-0.10437935121235314,0.060387744476590725,0.02694763865430202,0.09812290317494742,0.08397926850532327,-0.023020404014254068,-0.09118876818884222,-0.0038441990809487316,-0.06944193464594212,-0.07200361656024168,0.017712970208240572,0.014398313378547876,finance
134,0.3218452874601041,0.6119059681886823,0.21607030197882812,-0.0033207215164366036,-0.027916990470802188,0.009409803245929273,-0.00750313250655901,-0.007482281133945608,0.01100510951626481,-0.053027814783899375,0.004326795566957395,0.07693184236057742,-0.09782298987777042,-0.025815166314896953,-0.045543245455104735,0.0006911956822303692,0.012443508884574784,0.015652903390933164,0.0245017231557104,0.011460345282582133,-0.050559084047800726,-0.029374693596202393,-0.014232612029047999,0.017483089378292443,-0.030958576986909812,-0.023639063929463883,-0.057345178586640635,-0.07243691223765476,0.07016495717610098,-0.02481314085888433,0.05008605563009383,-0.019209970516056298,0.3162475124726992,-0.13976237287989304,0.060079103636186064,0.09234578655852968,-0.04055493977244289,-0.1273054297105493,-0.032381719874034,0.04635917523628598,0.02469898642023112,0.07494310172166502,-0.04111433537089826,-0.010794194641795315,-0.0561132194689699,0.04759270459520145,-0.050558877387766286,-0.04150343874151574,0.05440733921777367,0.03320911248562376,-0.01724820903357606,-0.007116363288783892,0.021128737182461613,0.03495008661976171,-0.03147493377616228,-0.03793156080999531,-0.014840595248184447,0.018305064022510892,0.06866785902803849,0.02227797755753812,0.007376712909052986,-0.014847484192742266,0.03354279152847025,0.02040651296307286,0.03138064780722166,0.025949154975374474,0.009957964152069981,-0.01178142959870874,-0.015082027402859305,0.04011397859116192,0.014811634696271146,-0.012489606399831387,-0.010520296581094058,-0.0019486685339138523,0.0020789776444806118,-0.01805433653827559,-0.003654877251972524,0.040054484892514945,0.016072149103073627,0.014982746322187395,0.011069536480046445,-0.04679811068495053,0.006814245339890673,-0.021340538004365528,0.01048758951127798,-0.02252788885743385,-0.008622739510629486,-0.03662117118427183,0.03917575865962356,-0.023657917256169298,0.05764293503805607,-0.002964521634184776,-0.013815218239797722,-0.0006549730080372257,0.012822300749164031,-0.028328401072549782,0.027079881896806775,0.013078787832955399,0.009628730577816314,-0.04861461463252956,-0.046170137207339784,0.005630559197204528,0.005154085101643884,0.011612132371231595,-0.03463233663952029,0.002822681763800806,0.004565281108431854,-0.012265169443438449,0.005955319971664166,-0.00448374821966892,-0.02124532463806989,-0.04484751809347292,-0.0024548666315621966,-0.01865567914691306,-0.017450052649251205,-0.0053979117117846365,-0.017722297258063117,-0.02145247155734326,0.03080847782750763,-0.018179492063974127,-0.020982459911070523,0.017240847087372547,0.01863337451050272,-0.0046879734812710645,-0.006250133040408223,0.013762015816788478,0.027188589418699557,0.014386654973765877,0.00933905350799051,0.0070437744352731466,0.014868658619670388,0.02269076495388047,0.0026611961348967485,-0.008801841596098856,-0.003823568050173154,0.020123780417209306,-0.010429831724447239,-0.0153033593319594,-0.003127890854606908,-0.007143526885913979,0.007713118216468237,0.01579534784700937,0.006427019382879313,0.0053949471184104834,finance
135,0.40987890955795697,-0.3255042230687389,0.21030450611309548,0.03355240143955301,-0.024501284954431914,0.04814989207530757,-0.01035047639986187,0.02889504250987398,0.01046677471459093,-0.05535730537420995,0.0671759621762965,0.03369907342489022,0.0730857073995769,-0.09980940657779365,0.07331053419905348,-0.012845201865281215,-0.007946922283277418,-0.035099373469653285,0.024257279709274854,0.027697255972759554,-0.022846935620752445,-0.06757878370186063,-0.02966341892024054,-0.023098321486908442,0.0020660024086378444,-0.015283715985212878,-0.03479557538301191,0.015316739686526379,0.020004292457056896,0.024262192250796732,0.0732892249819815,0.04190820820593541,0.09500428460303739,0.031793039043877945,0.05595783707346789,-0.02947887748126067,-0.09142989400187286,-0.16111343945624737,0.03949018465748951,-0.06836675463844172,0.02887297736947709,-0.0587635234244159,-0.06163094626761995,-0.05459078741871197,0.06835995761101611,0.01207413008679301,-0.10181230242230642,0.0273845424932001,-0.01081006203970728,-0.05950735203299082,0.014514128863682283,0.00088006934124902,-0.03780100622994286,-0.06465137222969128,0.031818049892441205,0.012294113600930405,-0.11229527523450501,-0.03658289083914235,0.04179180490140301,-0.01451155448462346,-0.056833773478402204,-0.051026721152488894,0.012242112959903689,-0.00974135265448702,-0.04004712920958811,-0.05471024985562357,-0.12434302346985726,-0.05355104911243313,-0.13052463681748838,-0.00661796461227155,-0.011438697552102004,0.021236548799315694,-0.029260272337760768,0.013698500532317895,0.052448711633147696,-0.0034942913792279746,0.06111258081031151,-0.05428013158552776,-0.016752925312617784,-0.024775941145269854,0.03398622908285394,0.041385928525977715,-0.027930915798165725,0.010551851380330093,-0.04795853083403873,0.036537422280705556,-0.0007789741337733134,-0.024677876081636112,-0.07932337383660396,0.04984600633466596,0.029548820258637046,-0.0672368156113885,-0.0026103766300291527,0.051628081362008436,0.0275692711422636,0.057916733088144864,-0.016152475694182045,-0.0258293864513066,0.005293251083320146,-0.040024075208825054,-0.019172655366829522,-0.04525202661711347,0.009418770950614183,0.018106419876751878,-0.006031865305738426,0.04070738722352005,-0.019867934628825308,-0.03068944352734556,-0.03870518250260001,-0.037438681226966544,-0.04108590983313271,0.01805269718184718,0.01412529724638749,-0.03019540731165059,0.020847833927967775,-0.04718198563606399,0.007484865130777475,0.08126750132701031,0.006458436827340645,0.04707381706930498,0.03624133080635477,-0.04782934638416974,-0.04389133898983682,0.051668050216658656,-0.11006030368764046,-0.048318004809893754,-0.12689134065314894,-0.009220622364827872,0.09918631479730168,-0.04047491095243117,-0.009344015725404007,-0.05233574622923695,0.09085940240861312,0.0222410696487383,0.13144884324992825,-0.007974330328159317,-0.08439089423429193,-0.0014542699041341202,-0.013082848269991338,-0.08192572132042823,0.08316808751677172,0.0025633667963654468,-0.015266769016985085,0.13305475026389776,finance
136,0.05071632342515014,0.06119562447401317,-0.12809430581610914,-0.02000685625708953,0.05734288066832028,-0.06246169125151562,-0.055019001938520176,0.03474434986523888,0.011650370827600592,-0.018098728654822406,0.05746051691049177,-0.0884145120812652,-0.07579802846562086,0.06576583478378197,-0.062233506407149725,-0.013201506663794244,0.037971361266039574,0.01330346070185596,-0.0049891776740229885,-0.0022757899776319444,0.013068705369971838,0.030157702474713714,-0.00267747261801966,-0.04821958299193511,-0.08859553418978153,-0.04381704104248936,-0.024651189214134114,0.038125062223708435,0.04815369977018877,-0.04514744347085016,-0.030618147782462815,-0.02459945337671406,-0.10474787686299691,0.03382149156879616,-0.03466768921600521,0.05839553587514182,-0.17631279247761422,0.021980703344039794,-0.1700350345269094,-0.026217031140565516,0.05197627706270658,-0.15768631190917298,-0.14931354251902063,0.05193308847459197,0.02741114163622326,0.025465110157959277,-0.034216048229445656,-0.2648592524758478,-0.09864302991628354,-0.19472712737469688,0.07396852977584403,-0.06946153896825728,0.06139474764207496,-0.021298159707181,-0.14180720090969814,0.12115295857617014,-0.040807583121760624,-0.03742972823354398,-0.048552659585476506,-0.2171780614370131,-0.023973912343127474,-0.034153584030237515,-0.03350512616537656,-0.09609044821184416,-0.0006017137787567597,-0.28686964979856305,0.006635519212022233,0.07641829313057902,0.1443704632222879,-0.07637371618786941,-0.003243337349834394,0.039588167839810166,-0.08587027893467729,0.033388127210859285,0.07329228030543579,-0.06667652818755997,0.1690784140200514,-0.017397132520578402,-0.0955506570198068,0.14964665246540113,0.1163270910193921,0.0847265660730171,-0.09281033283320354,-0.1990642866830293,0.2458156967897388,-0.12261998531627251,0.05474821217352387,-0.061505834994335803,-0.01883825044013136,0.05074463687833114,0.12452911029796983,-0.030718422444617702,-0.03425643978108064,-0.0765473836976998,-0.031105473614269828,-0.010261676759609522,-0.0488432347892677,-0.0914392811219868,-0.03615626051614039,0.044041333146894415,0.04800864832833878,0.019382552763054187,-0.07139688434297346,0.11853822434937072,-0.07972817132041206,-0.10382284032006028,0.017002120291635437,-0.018675569827880982,0.060617499703039174,-0.025413507775090625,-0.15149040140246825,0.0027313909746482894,-0.02941839339711216,-0.04851631770544577,0.007057022311386556,0.03382311494439444,-0.043860198847994906,0.0016540525218070134,-0.012665609250054955,-0.008808645395580796,-0.13645249097543424,0.045434718850763216,0.0007159326718386666,-0.018921522210820708,0.02105739508540643,0.0214213779823611,-0.01759536504695477,0.03377902528796608,0.01699197850432298,0.025283123184672872,0.04479661936875426,0.027464352549206216,-0.05181700387828998,0.027712504665515166,-0.015575498867771344,0.0226739204915638,0.0019223846676522493,0.01863675779219203,-0.008141079093812032,-0.05104180244573202,-0.002431089170519725,-0.005616651868297698,0.0760631907959855,0.009560366386462134,finance
137,0.3504880680317154,0.6504494314563635,0.23821581719152338,-0.009743136368924599,-0.02941034054373986,0.0144493662134287,-0.012339591461947358,-0.006649233364802568,0.012743016130957414,-0.06729190803554669,0.00784539146425723,0.0669793367344663,-0.09214003303263534,-0.0071710654642505095,-0.05286008095539622,0.012597022522383395,0.02403834691876339,0.01235261390991879,0.02644916778126031,0.032039370667067114,-0.054494657818735054,-0.010368472021949226,-0.007268813880037972,0.007652460939789137,-0.030366554960865752,-0.01793245887314995,-0.042287163608859854,-0.06906739581851144,0.0632639921178627,-0.013309546623596055,0.03174675044292814,-0.022325008105724235,0.2628404856926348,-0.1283555754058469,0.036539943829659215,0.09420710914161635,-0.03427646532137587,-0.11381823378229405,-0.016485839472095493,0.05941712166577746,0.03743794908854323,0.05431878165541041,-0.03754329586995804,-0.016897887859118322,-0.061571693015031535,0.04042146700224628,-0.06379504531473067,-0.03502388169643351,0.03020948164723085,0.03438488884069952,-0.01285342603673037,-0.007189253082854554,-0.001374788180360527,0.04790525964606088,-0.030020274058656232,-0.038431097220181065,0.004589561501868803,0.019904838532346716,0.08140828340271228,0.033111608970139574,-0.0004466276215756426,-0.02237698438800371,0.03502834235386398,0.037533183033805595,0.049165980788378354,0.03953517977243548,0.012484538475772355,-0.0058401065097680215,-0.0032448249960776274,0.0313380091676714,0.005580083813221712,-0.01795356808295611,0.008579454184263795,-0.011740964392316328,-0.011671902030605924,-0.02658052971250695,-0.005279331152540012,0.026552965037696535,0.02418327550928663,0.02009200563911914,-0.008094621885017429,-0.05183728201165967,0.012811092978766292,-0.014353093741911425,0.009059081114927961,-0.026112065202292686,-0.015956650277773807,-0.03955322598227702,0.03187482450701369,-0.02992311376874738,0.05901360128293095,-0.0018138365496530924,0.0007549513496533069,0.008038884562598237,0.009042964052299101,-0.031584604121211834,0.022988075762306947,0.013035685839085072,0.00242790095578083,-0.04589229423640676,-0.039539414302145734,0.01591568661525087,0.012177230220739934,0.02170641072347918,-0.04117956740014331,-0.004762998162820208,-0.027573410567905982,-0.005789662407010493,0.00637136759894413,-0.00846675346778302,-0.0063206351703407075,-0.04770916736041222,-0.0012915345718463112,-0.005560564289144858,-0.01909894826065182,-0.011539083788773396,-0.01901997423823053,-0.01870965030081376,0.014788195759758923,-0.024980314918142083,-0.025644644363293452,-0.009353102732575034,0.014154695130838897,-0.00393295988957257,-0.006623986641945134,0.013759655262250451,0.02787522835535522,-0.004020959832486155,0.01385360825279264,0.01733804240723503,0.015255521737808812,0.01729630613621914,-0.01323729074270295,-0.004984041029388929,-0.0031240259277525747,0.010701531673771102,0.007748336906904976,-0.013273002523889164,-0.00499651801234775,-0.009964180706229382,0.012300947104261065,0.015172679932019822,0.0251476113134961,0.007154922950944039,finance
138,0.2301656500872728,0.3779495077074659,0.17577024481240971,-0.013807849827083546,-0.03829181446261016,0.009909029166908842,-0.011469396704094349,0.028314219314316668,0.016440271410269984,-0.038536133375794285,0.009245206017738872,-0.04929528382126548,0.07588678095325926,0.03884984564624252,0.003962373920661025,0.05225727367273055,0.006903895554064385,0.01514462044878586,-0.023823469407767868,0.013298585418214616,0.05993342969620675,0.059329537256379364,0.029578614692887018,-0.0012365877325232891,0.0094924061300298,0.016858713333004958,0.05689771567503716,0.06229943972003637,-0.06301565000102663,0.03550771444802705,-0.07491344603608271,-0.007392913032744102,-0.2514684792857057,0.06750494729502285,-0.1428907780978423,-0.03768395378082056,-0.05482040144580963,0.05336170863582517,0.023956243400094782,0.05259851371185845,0.01434057587382387,-0.10675433694606448,0.029747820026416703,0.028546640567802668,0.037782188324727586,-0.16172201862379773,0.052998384901660936,-0.03331418761863001,-0.008367702859937595,-0.12297894578065913,0.0607200765315236,0.003024435474602219,-0.08448337703561028,-0.10797671186307227,-0.037058842620019315,-0.00482092378400935,0.07579544897501143,0.05350105762686697,-0.004868213861302233,0.021272180330297263,0.008107710663537977,0.03310790161299222,0.05461178002171443,-0.028646241237604713,-0.018556863069319973,-0.049769810391964736,-0.034911234561036474,0.1463773218645775,0.12121695989989617,-0.07093575642483403,0.03861372880679876,-0.012034283688976792,0.027409524053770062,0.0022353234620088136,-0.025472650185804815,-0.14219613972603312,0.07835504723150612,-0.11922103836057506,-7.956362006445108e-05,0.04302885984827895,-0.04609445752511112,-0.042022047107604384,0.07304908892972671,-0.044679271590750094,-0.04421066037249089,0.007513006344129066,-0.0017202244089889725,-0.14468565248343795,0.048521096336623326,-0.0031089651684901133,0.028711846392140323,-0.06815092069344597,-0.05042814523781176,0.10257292023857888,0.020984684567685305,0.0251480407475628,-0.026198757794021955,0.03904722668500261,0.005858765717713772,-0.0004599083103869253,-0.07250496441090537,-0.020151971254831536,0.03887322482340403,-0.07786843948831237,-0.04335454653480915,0.0739663750436691,0.021925317005266474,-0.10116347338434732,-0.05190923574924012,-0.05264474776575488,0.01732030551383382,0.11252128440755477,0.019329754845455117,-0.13668717572423547,0.01600546072086294,0.015126939623053486,-0.16308899215564557,0.08902723287301978,0.06985454430024589,0.14284880989358736,0.15931189414682845,-0.13531771874907358,0.0038900555380065108,-0.018385850266129045,0.09389246558492295,0.03133445062400098,-0.006295067919663581,0.03498014523828459,-0.08348520743737463,-0.050539891678893376,-0.018998519011618666,-0.024622839133086237,0.10016797069550601,0.028492245077986356,-0.02580758806259272,0.04609009395361231,0.06571018088020533,-0.046270613278542864,-0.07769958221319788,0.04204726991198339,0.0033257304744855574,0.044025129891816596,-0.12246814579767654,-0.013866019235622494,finance
139,0.049471233911576915,0.0014686211930585594,-0.12188547968699424,0.006457807461485673,0.032506708099571756,-0.03063741726996496,0.001543008432379273,0.013838477153518281,0.03306940237833439,-0.09810861265705854,-0.008772104134596826,0.07171820981719614,0.014714890752354704,0.012736604132997521,0.04437637284734969,0.05984387729875811,-0.050379764673634635,0.06488064778621702,-0.046973577189004065,-0.05453748936325413,0.029568896531813833,0.014481972862952637,-0.07141588951018887,0.0699020394227744,0.14304284104409704,0.03471645100174183,0.10945866155912452,0.1449288334630283,-0.2573393681120905,-0.12046077444514147,0.0417210985399587,-0.2008834014542926,-0.07779125899840757,-0.05779442613126228,-0.12874463691477184,0.28499770069116603,0.09355855640973862,0.06736357667468158,0.31506825249974335,0.05920785965780529,-0.14269585629610937,0.026902175425797887,0.006326011208887109,-0.12179684786838989,-0.13232781683867356,0.17438155914113523,-0.07540381369555278,0.03523818596154582,-0.07773080238849801,-0.08927375353931159,0.0004694233441420157,-0.04119925583966731,-0.003899565384944333,0.12460627485795696,0.04190375014616805,0.08591886279817497,-0.06199390738911394,0.04833903314849731,-0.09568623570407149,-0.00794228005048248,0.07144363521621547,-0.03899731438917156,0.06930093856486898,0.05046065050437223,0.017056915113296375,-0.027522840141449807,0.06957884341523274,0.006050449216548566,-0.11755358892450031,-0.059940525101749305,-0.00959539323528282,-0.05970634093952229,-0.005355058493056899,-0.030456151229509502,-0.12392853350498026,-0.01727287226773316,0.018012738748143114,0.051544753015533476,-0.03824674208584232,0.017487900298787693,-0.06829045781801976,0.025663973429916623,0.0026673194200394694,0.002783725112029901,0.12301355015714778,-0.01067867371515518,-0.01639651147696385,-0.037286662655616885,0.04618585850725069,0.018009469340612688,0.06594413829790009,-0.01213255929030713,-0.01959236934561914,-0.07913416102300833,0.07116617922226663,0.01523302503038364,-0.030975742757828027,0.024089367369000154,-0.015074151706344869,-0.01492444304245646,0.04545536607769882,0.04653789841421655,0.0016992251975499716,-0.07742448406253091,-0.06227436333639977,-0.04688487322658662,0.06716331381079572,-0.04030300135491165,-0.0018241964884552877,-0.016788636789492897,-0.018649119279678397,0.03879386205767878,-0.014009434883871737,-0.007394934755722751,-0.07819123865797854,-0.012341847342007214,0.12184849564891709,0.08822642764024712,-0.12675260587767978,0.12006625187461611,0.03877693905835217,0.14730333485643096,0.03568740874757469,-0.019907480322033717,-0.08048597689581422,-0.0169505292503376,-0.026975345082108092,0.05044366005327859,0.0662137218124083,0.046930776892726025,0.02249284353837522,0.04938333784006829,0.17570566507536944,-0.018436521271852795,-0.056888634687984864,-0.10297360870866386,-0.1249251437702167,0.021474105854795134,0.10909898452956582,0.001036644412314428,0.07003678434368259,0.11777738115292355,-0.040051757308571606,-0.010313052517704325,finance
140,0.02904950381556915,0.07487018235731789,-0.11656208053527328,0.012931165004633927,0.027765686951915263,0.05782758630832735,0.15158026472197278,-0.16981648294087803,0.015078995288527571,0.08679891847519984,-0.1334406605210135,-0.33190378095319056,0.19143457768115874,-0.06623415670322955,0.03257976323052136,-0.03800784920764198,-0.04740034016318089,-0.036986523127724366,0.04063034652471508,-0.14619342094876456,0.02241868824944711,-0.08653887913582485,-0.11550018565499189,-0.0064644491611089965,0.07965470635511795,0.014616674342064257,-0.007491839915980787,-0.0009034558135236404,-0.018224923467702818,0.008719419740650835,-0.01719526067147862,-0.04003992618366588,0.140302758692567,-0.056359241610717155,0.00402814764650278,0.041310105337979935,-0.0783018047843716,0.14521293256364126,-0.05444159388999163,-0.07853908663226591,0.07673828065661825,-0.03013240712829535,-0.13718732020705282,0.000450565033301128,-0.12628934149502846,0.03785584529975411,0.0869035655403381,0.10207827899068135,-0.005528956580179638,0.017979463430677998,-0.003589947088333174,0.0499183693552552,0.0014025122712334347,-0.017732663405563842,-0.0442899940758709,-0.10072855259789498,0.015703110165765723,-0.04331033380781178,0.09869228377749963,-0.030154738114368723,0.03193593102793662,-0.009091974509017497,-0.02052325631029639,0.05202323669821727,-0.040846667560813815,0.01994589303326068,-0.07093995418737199,0.046325138411216875,-0.03589667187823924,-0.056860624797398694,0.02199179531490528,-0.06542046558707963,0.05374813274211041,0.006582379478202826,0.011128385791409581,0.051984036043123155,0.06795077532293552,-0.005835523720901098,-0.08955975397288708,-0.00904478303862732,0.08487412967480282,0.07206469298730886,0.0630707872787214,0.1264850691476304,-0.013272596891843546,-0.06604592317748727,0.004985976202329958,-0.0007603897300095013,-0.008474815600309419,0.03795528144064651,-0.017791788153889817,-0.08333795241329889,-0.04688127550045206,0.032240553387961446,0.03709143573298108,-0.10032346424990292,-0.08440925949616822,-0.0675272645346638,0.022783109011981644,0.09005558623309376,-0.031031443344002107,-0.1883995228225455,-0.25822708427917784,-0.08857998014037928,0.015976341103005328,-0.10046289182907456,0.349797373355316,-0.02240208029882407,0.09611966293331276,-0.14589448866529325,0.057226973176120015,0.044161053228270845,0.1803559866737981,0.06884853914029443,-0.006652501784505063,0.091716042771082,0.0382091208562913,-0.0769447641206918,0.05475535301944958,-0.05106178496623752,0.06835695306640704,-0.03289589148376413,0.01629858211136594,0.020860959973208013,0.030861001006636354,0.047003253282869896,-0.041493345799646454,-0.12474429861924914,-0.029806507558119498,-0.0009307465963512133,0.022773512573139053,0.01498777284750959,-0.008952113434185867,0.0373779413303366,-0.022893623869769696,0.002818689526567776,0.002556807353690924,0.012904363507175632,0.014727344388223377,0.01585766152050874,0.036293955605992745,-0.00366253545333668,0.008381628161867416,-0.03167901762168747,finance
141,0.48983126670014704,-0.42618223969659896,0.31373600081150815,0.025998799319018287,-0.026873365889192913,0.04854308588305977,0.01813361533811743,0.009557778093758507,-0.009668372259977787,-0.03904755788689517,0.03484717622773076,0.02141414242743675,0.10546666354101693,-0.10244002512717154,0.12772852580196548,-0.013600479824733294,-0.011654461613646859,-0.10700421568611743,0.05549927385908012,0.04960781118378966,0.008283891809230023,-0.01673158509121787,0.024960394619605624,-0.039211521115462535,-0.03361556266567347,-0.036235275155734284,-0.07367435598595293,0.01922605061898455,0.08390564148337001,-0.049322534390780506,0.001388958169900848,0.032987102177466,-0.010240772872012902,-0.03995561803465859,0.012628166932825952,0.008508214948652046,-0.07107120893749105,-0.07500060091193676,0.0296949361868389,0.026753079576522638,0.04816954493578617,-0.03152246211374921,-0.009989995389916278,-0.03291379630527149,0.03680643891311555,0.021455098401493723,0.03833337093554567,0.048744090358337926,-0.0824351070838392,0.030426909709028335,-0.027221127005363603,-0.06153710457294333,0.01208250679703276,0.008392483334094493,-0.0485066140609212,-0.018824801727501398,-0.04573621925545404,-0.04389594253558311,-0.013733416087773133,0.011635026360319524,-0.008398854981006818,-0.08909873544230745,0.043014109167578134,-0.03074537432928134,-0.0047442280139957755,-0.011006038403481933,0.008284894217006051,-0.061446460397691326,0.07343317863135286,-0.060173110701475054,-0.04385083990474824,-0.008233681247349772,-0.044118813601355604,0.011207552127553923,0.046903290911264904,0.08427600742735278,0.012705641765299992,-0.006134707225374452,0.0014644639872032912,-0.09182954351801455,-0.025821950201010746,0.006292020660365204,-0.0062195427855131855,0.032741917416334455,0.013208981285577735,0.008672245326847025,-0.02862562359127505,0.021148476586856087,0.01750843192603449,0.01507263243862946,-0.021398849711636653,-0.0025929116890861825,-0.04501023091871796,0.006594870396000665,0.006254396948036644,0.03614237467223327,-0.0562522084932351,0.039183590979416566,-0.047277443513733024,-0.006709452227870157,-0.021928091677297933,0.025833292464541,-0.03339992800176917,0.008343230232089636,0.019563923334752233,-0.026662618936461296,-0.015628701928625123,-0.018257110515626594,0.01556475522035769,-0.00858825107930833,0.0213523248224314,0.017731989643614738,0.028081232558290998,-0.021700822096884963,0.02113920131030583,-0.003517210307032065,-0.025194431207948773,0.03279374529206176,-0.012622869965119842,0.007143016537375004,0.006039549056589405,-0.009134391452176517,-0.01681398905845399,0.02328438031545015,-0.018488687974693083,-0.02002360283582977,0.02932036870221107,-0.011086450736047365,0.004332726289475929,-0.004977575290636673,0.006976083861100999,0.030750931102201964,-0.017968371570959863,-0.011157826253780225,0.0005236117176606778,-0.020981437737218295,-0.03366861968356896,0.006343023022700541,0.03607886273814529,-0.008510221111084362,0.019606903585296067,0.01673400368856245,-0.0324326783341731,0.01058694448790802,finance
142,0.32937972189267767,0.5779259002645099,0.2652923175738759,-0.002299272907397279,-0.03164928253931982,0.02695777968770292,-0.02783632627050555,0.021107789095372156,-0.012935491026644727,0.007655192172569194,0.006128830312445338,0.03678773979550303,-0.04314371851774367,0.03151142133912231,-0.01986894562474913,0.02334795173886626,0.007417931461661777,-0.0014904697581960477,-0.0020185504434380524,0.010530724019215853,0.005938164347783413,0.0055645531561312744,-0.0020338134928121307,0.012761911057376148,0.0006610480321043536,0.005941220721975714,0.00892285175700044,0.0008015266042473871,-0.005408412181854084,0.017208996418375498,-0.004909034516516561,0.0030923036960569493,-0.0547925288840941,0.014520686905527587,-0.01144125717275925,-0.008311139580337218,0.0379793294889039,0.010396867909279638,0.017591818361591387,-0.022718382040193615,0.002953476044759015,0.0004444742458179111,-0.014797984904824434,6.053676500300345e-05,-0.04541353766224655,0.016240747888529056,-0.016691708248920342,0.05061507224739645,-0.005733828457339105,0.019445411128007566,-0.02513383712848788,0.024212699980204134,-0.03154151546991874,0.036544244370755416,-0.008730549765259665,0.004503809172009315,0.033458199456242343,-0.036674587131474555,-0.007394206963813472,-0.012896282397115284,-0.01299720191482286,0.013705475607368966,0.024909703636183157,0.09844860360083411,0.021683338331106916,0.05814553549584444,0.018655042593328217,0.009605756725936134,-0.05394158152265775,-0.017294748855154907,-0.00029267289010713514,-0.03453030286794302,0.04310566902211714,-0.050620246624689995,0.01680717288624371,0.037487855458335516,-0.03484375111890033,-0.0029540492576362147,0.03389600490451148,-0.011333730544335145,-0.04188042805352987,-0.02137533638342694,0.0050832355773278775,0.043231249803948046,-0.01122557880508107,0.003694201316605302,-0.05086030196967562,-0.010964186884361283,-0.053967066040773726,0.032714964254362516,0.051078029124249406,-0.0342530747637729,0.044549120827599584,0.02832943348048017,0.019185679343226066,-0.04311284724878634,-0.02806779346348317,-0.034798549387113534,0.040414173528485364,-0.048890351058053394,-0.07936939128345233,-0.039141971143458,-0.017859937459494997,0.05149138687060792,0.028673728311284643,0.0011259997926678076,-0.14039220739668543,0.031089543538259996,0.0440787232896758,0.008231727778171511,-0.009234777248576543,-0.04347003388037142,-0.024375305122031492,-0.023924119213109538,0.008517983498453239,0.010968626660241503,-0.01676116342520452,0.018388758080450485,0.00929537777117746,-0.0055165330603736094,-0.05868297183243638,-0.0401819799406765,0.050495875276501304,-0.040164864461530565,-0.02974164155255086,-0.01875612764855055,0.07783304828459747,-0.03363141959060192,0.005809303124522178,0.043204935745757365,0.08096390512967576,0.018948902337405198,-0.08643634070942213,0.015204623476331891,-0.04475026762567018,0.04147006168729539,0.09446934567250809,0.02414573297116105,-0.07395067177109525,-0.018917988730149105,0.07113889025860999,0.029174621962262247,0.07582540001843084,-0.008984306156618,finance
143,0.05601510435128431,-0.003315325009331423,-0.2019419707558966,-0.01966373263829457,0.10709621259186206,-0.13123712296408624,-0.0525419463412174,0.017812936742491705,-0.023377094637597417,-0.02353101688815348,0.042920327426330646,-0.12339725201846181,0.013804849211240212,0.1692563220747015,-0.05139289997276239,-0.1392448189040248,0.26246278622459507,-0.4003418607522134,0.22613894047456332,0.5423068259120758,-0.22538323978969857,-0.07161614910549949,0.0384756564861564,0.009937660355941201,0.08235007029983216,0.01650990848394997,0.1562195574750469,-0.07278242079576287,-0.1218235532400466,0.009132664612971249,0.022722208120871064,0.003476132599473492,-0.03637107771324799,-0.09288982013326662,0.044940157870021064,0.030242712983195922,-0.007973727365214163,-0.0016314135642866425,0.021322125923008577,0.0010530794362865127,0.020831133134764947,0.011906839347383473,0.04005142775214761,-0.032458670213543074,-0.005793876900974526,0.0026378639588124607,0.01893948854387438,0.007398446100320569,-0.005523594094490234,0.07415615067504942,0.024580807823767713,0.017131596846114386,0.03165571818472925,0.03498319338974236,0.009928528039197833,-0.03714360114011516,0.028571095943402815,0.0025424664711212056,-0.01243629712706651,0.028972406854992028,0.03721830239958568,0.04888891170454452,0.029929251057211663,-0.03422124290145682,-0.0390390125732171,-0.006937102790526765,-0.0600185842465434,0.009056417277136334,0.004203556390193557,0.03603101877633245,0.03522853119337596,-0.008319569468790113,-0.011912549295219356,-0.043750791293154616,-0.0029649800477735515,-0.02320466982867662,0.028535463298419442,-0.018872763376498722,-0.051096371742078484,0.008481454398213897,-0.0051485119302194645,0.015654904922297354,0.046095436707347545,-0.0018942267042433303,-0.008886601589290057,-0.032552495350912584,-0.002338422976457001,-0.0460049886307394,-0.014015980289750181,0.012847285812415685,0.020047263521317596,-0.009970458932850671,0.00255726581044634,-0.03526986315281762,-0.009917842914649665,0.011035921168555167,0.01511817971399392,-0.00452141197400651,-0.010509815699822121,0.013292377653917659,0.02074894324611245,-0.014671604484525784,-0.007139350045869021,-0.02532870299298927,-0.008341282740157012,0.0069880093568775205,-0.02275328781599039,0.003337470642029073,0.02430726624595571,-0.0010295881056320304,0.011018841369925524,0.013384487999053887,-0.004738860402472559,0.015191486883073407,0.02797556544365982,0.01618697586363697,0.01585945399036694,0.015688572500765257,0.027829072436479845,-0.018725980203927132,-0.009288659783140533,0.02314379051888654,0.02718922692618644,0.014090604378994818,-0.003076856731693127,-0.0011073572912538327,0.007755518564388959,-0.004499662567319164,-0.012603951280914155,-0.022991725586416226,0.0026799086937887074,0.012332257706839453,-0.010685794189990435,-8.947339060217108e-05,-0.005577045461859764,-0.005955129932934835,-0.013041158413644645,0.012406155909139243,0.019813564530182463,-0.008777996438168987,0.005599817830176257,0.005234815601424522,0.006345171937224852,-0.011686278699077644,finance
144,0.32988719576648906,0.6099552615847758,0.229444937535374,-0.0177850670503622,-0.020505676986475315,0.015097408985520089,-0.009824739225801555,0.007439970425801758,0.027397143310955947,-0.04097553382811017,-0.041263345214624485,0.04779400909066576,0.02037698588278576,0.016846141908649272,-0.027631822076808372,0.05467895201241138,0.005634438278826945,0.025049242715313957,-0.015219994682275884,0.013127787149689409,-0.02827293515035776,-0.028826571796464553,0.025791169997833766,-0.005363974687707641,0.0035564023557880468,-0.006459210552769885,0.008751043321326276,0.010726838151460062,-0.021384415113766216,0.029065254803606038,-0.01778626057330426,0.018442129616092963,-0.07076988628779252,0.026973928106125,0.006549537735237309,-0.05949428849935381,0.004359524738503717,0.050380344509564,-0.018176602300599407,-0.04503611330786041,-0.07648426913222468,-0.057417951020082555,-0.008832931812768268,-0.0550244623521145,0.02686142605824633,0.011985938888455224,0.007248565519079578,0.035720215321213715,-0.06192694118597051,0.010399373983410384,0.008853928536653396,0.03694135913194718,-0.0004200926167776353,-0.02130521049869124,0.002532837704095418,-0.03513688094788957,-0.028867172234774162,0.0028990220940511117,-0.005914425020843817,0.03823786858868603,0.0014588327278639535,0.02240940007987512,-0.005183686731401487,-0.014272181493013977,-0.007992851165541137,0.03094926521267278,0.02467178348636044,-0.008046213337528545,-0.005367138136529577,-0.041729079773022384,0.0046917360498363115,-0.007496702006675168,-0.002777703321564189,-0.020008338289109025,0.015752267511192283,0.05760932318795076,0.0027124962918089633,0.0003283791198268932,0.04775828118566929,-0.03913594172623013,-0.02749291063695858,-0.02541871864004238,-0.027411513189220516,0.043935210408785,-0.02071720170548332,0.056340405293985894,0.02369770747951096,-0.033896843734869224,-0.02197558396911674,-0.00593767100498754,0.033406542362059394,-0.005157546508126359,-0.018559368350242723,-0.04788966491456266,0.00299279543122799,-0.030669003179706257,0.034367339632028815,-0.023607519535834013,0.01277606204455041,-0.03477526745379333,-0.020408460612752064,-0.01668105863699401,0.05928402038534311,0.03771473037268984,-0.015384564456794349,-0.007170101989308302,-0.028034949474749167,0.035368644325755864,0.03618243053716477,-0.012856167092857853,-0.01976917859092849,-0.04283302187359217,-0.09646337556798808,0.01598504255041741,-0.0018884011284690692,-0.011689525406231128,0.05939877581008389,-0.0401563361758861,-0.029791692735382822,-0.051385899731568846,-0.05329058890884397,0.05071360804633773,-0.01682236614879761,0.07926964357575984,-0.006818889215430633,0.028488625240489417,-0.012027387964038232,-0.02356615518885047,0.007029907538303655,0.026275003230346074,0.03948504291602417,0.018631758401989964,-0.06709603384616845,0.01080032796308495,0.013410539095888928,-0.021479096893982367,-0.0059150521148340586,0.06491474754887479,0.03893964372344471,-0.036549255476392435,0.013004797330280182,-0.010346504903883672,0.06727468047325716,-0.00876326190698232,finance
145,0.32423364339267813,0.6223085138023307,0.2576230577162274,-0.00697345328566501,-0.02018823919772779,0.019754635890171256,-0.012683897334579657,0.03632901490576864,0.017754895190206135,-0.010615393257239028,-0.025063393830685357,-0.05180015286196825,0.0694745721835167,0.06755321615540191,-0.029567332350677572,0.044354386967449755,0.03069992220433979,0.01937979841198067,-0.013338428613319093,0.023140100433372397,0.002464444908612953,0.015828943716184537,0.03593156385415496,-0.031228599153043497,-0.009501073311823285,-0.0035419924695702814,0.018815698260707878,0.039027661257235044,-0.002714808502149749,0.031924955932321655,-0.051436214303095563,0.010413575346976718,-0.2033047920406663,0.031594364344966264,-0.0758632919951898,-0.0596812149026912,-0.031535089221782504,0.04165159943392083,-0.003275733090697996,0.0020447490928461693,-0.058958722504199375,-0.10424841587252581,0.0006495734108719052,-0.03411877272066686,0.08478287608339576,-0.09579359277749738,0.030523554929336654,0.013367320230171653,-0.04245898192690279,-0.009126805792307312,0.040011275891576575,-0.037705547349643286,-0.035126962286612454,-0.04237789574460871,0.03899490852995334,-0.03709611048505187,-0.0017000292522639507,0.007357232203023582,0.0020259135595964593,0.005604296128214021,-0.004793235667505207,0.0221392440250942,-0.009140782302454636,-0.047405673894732846,-0.015885121955144063,-0.015051932037209961,0.02031851082600573,0.03421568403887781,0.0107637720858239,-0.06340401934935133,0.012587481219099602,-0.005682394536986616,0.003701926715528992,-0.0009086644948884346,0.001208090375172338,-0.006467916884175283,0.046091103838535194,-0.005002177202412689,-0.011376059344990651,-0.019457382013023848,-0.023528776840518777,5.198740666750302e-05,-0.012169634830197566,0.01749701718995908,-0.021944186168532293,0.042867895262898574,0.04037206683648253,-0.04586723951232125,-0.0029385647795372,-0.007025424018751125,0.021377095019875083,-0.03067726038244121,-0.04779386772911749,-0.02701477986462394,0.028054459883471612,0.027466256025333844,0.043424004986245685,-0.017504228399427904,0.015045445059741978,-0.0012200675703871026,-0.024038684816559696,-0.023425609026763383,0.0714613521623962,-0.013954977866749716,-0.002324079146735849,0.02652026703243621,0.0008559557048439849,-0.003115834601809799,0.011358851761965221,-0.040470764304755116,0.0019623375969837903,0.014747542994041383,-0.03426081158251146,-0.04738754787930903,0.0022746539163249905,-0.0086660306337893,-0.01682389523132123,-0.02462696072589637,0.016230080636740894,0.011330768351815715,0.02545815103504176,0.012655232705723456,-0.009126191936714288,0.04585773659878797,0.037178996858433525,-0.04137153365696852,-0.05517996000240141,0.020854342619872665,-0.0012833539797615348,-0.022943887419092177,-0.02455620553984222,-0.01745041794771498,0.042879874572562954,0.006693505855232696,-0.012772885850097532,-0.023038437738039996,-0.07022901506885489,0.014579888501675095,0.034187840761729316,0.002364886903552654,-0.018311336664027206,-0.0034594862767541074,-0.04529936410700405,-0.019798673435669777,finance
146,0.3539683394784353,0.6358128016380609,0.30838665241140417,-0.012695541508736792,-0.01888875935757863,0.016574115242429736,-0.028036065271073187,0.050530943427891675,0.004562640045125496,-0.009442135715189655,-0.027610736444418617,0.02407312750424273,0.048381259597520015,0.061213571402222534,-0.012159649044606993,0.06703452851256222,0.009039483334498418,0.007864730928802723,-0.010838942106283717,0.049448364548821344,-0.025689747322158216,0.027417133999716268,0.0282010547570416,-0.01917782481944141,-0.004222410788818799,0.01262300811365177,0.019635351012241373,0.01899895083977803,-0.0020693147172416385,0.011995695247359488,-0.013501915649247532,0.021209934832985004,-0.1360360482271671,0.06338876850350637,0.06410301242518852,-0.07327155466624218,0.03551504322783825,0.057435940248221046,-0.04123458484640674,-0.026658981598042454,-0.04184329747689688,-0.003974029117121986,0.0211519961416551,0.01620429774695896,0.0382121632017893,0.04057168558320041,0.017756172265105594,0.046916136000749065,0.01932095129540934,0.03401713307122991,-0.015785315382628482,-0.060833641519929454,0.04082253031568456,0.03705932147915511,0.06974552248980176,0.08257877362747658,-0.06259071622145089,-0.011819566352431725,-0.016568403270152927,-0.04430271729128779,-0.028133840198880097,-0.023781183543679675,-0.04659831617465951,-0.037010227626514944,0.010622999771690966,-0.06168390924514933,-0.004245615041258459,-0.09137639773917704,-0.058589275083783775,0.0654378436479635,-0.05526923558083166,0.03180630567159064,-0.028095309897862512,0.04125979077636096,0.007494180605632573,0.04149200363591912,-0.030099529398828644,0.042557776631247504,-0.07428716341154619,-0.014231751779938327,0.08114394872526533,0.10087651676217343,-0.026991487054282316,-0.005176746937969551,0.03717370117726515,-0.009541992549286437,0.009021100309802625,0.14405156546034395,-0.018149969240467037,0.027855802051406548,-0.08855404342690798,0.062372758160012864,0.049618253898231705,-0.03908088897314697,-0.062464355003810514,0.044560222264205425,-0.012734942577406592,0.043728998406340036,-0.026583070785719993,0.07870753679552922,0.13589315418606016,0.04580060921757308,-0.043096431644746504,-0.03217004296532743,0.062490837773538734,-0.04018292214403404,0.05446804161340276,0.004461754150437898,-0.006038299191615136,0.0682407891058524,-0.010318551379911287,0.04032225294996536,0.09611306487230041,0.09195803394417326,-0.00043677310979108904,0.009192389472019924,0.03471043531596244,-0.005462979015273008,-0.00603357958435999,-0.03314682034131903,0.02521952117266328,0.00964897276281009,-0.0072095117895549015,-0.05787497740614665,-0.017016160771032813,0.017684716924813156,-0.022431917020898636,-0.0024126288943075165,-0.005481822784678769,-0.016381348458593337,-0.05925140015709546,-0.0054947690387409385,0.050780023821303116,-0.032387541226075664,0.028501573140262963,0.007658981431886566,-0.007520359873680538,-0.04958611722298941,0.007293329582062298,0.04304783744180531,-0.018705979714235023,0.009803740689841915,-0.019860887795987464,0.022043994396677716,finance
147,0.06624647530172253,0.08079181554443174,-0.0569256003923488,-0.014527661669881634,0.011406407503768305,-0.030270644273390504,0.0026682158310888165,0.029450758955765807,0.024950382398999695,-0.05874431091661962,0.08872460452750909,-0.048745259768288564,-0.07615551461306148,0.021193641820643233,0.02601474249426957,0.0009232050067021386,-0.020593767484393337,-0.003444495499833551,-0.06457827548866357,-0.052759844133023384,0.08750509776629004,0.04860271667081571,-0.036045354367960115,0.060577463665143313,0.06915831496027469,-0.03153824927644338,0.05217582076957684,0.10493475523578816,-0.1657475129182938,0.007572184209666281,-0.047629403917169744,-0.10273278465763475,-0.023450035149136923,-0.19349182187913394,-0.2574612888965171,0.06735662049727396,-0.14040500353277427,-0.09839330973337634,0.05536468200391435,0.12407016334670444,0.1948497374177095,-0.08973137553179646,0.09221415293812324,0.004738767285132258,0.027758562770088105,-0.19629467668400222,0.03673920854444014,-0.0007367053350993777,-0.07306928750200153,-0.0720688235241968,0.0796455994234677,0.016871410746795292,-0.15841001932026394,-0.14804879449942235,-0.08826760518548414,-0.021624964835015182,-0.009891672456430306,0.17527354974282666,-0.005921054483325599,0.17092659884346864,-0.059165598698546845,0.07421147290989284,0.023642433527632657,-0.0497849733585374,-0.02441299067772896,0.05515540220699087,-0.1232964253686381,-0.012534296917681185,0.17847512412589364,-0.026999422695568605,0.06610023026126323,-0.045396821218091445,0.1462124352241155,0.08028533069999444,-0.0646053075385442,-0.009046151963952741,0.10187980733883896,-0.05004917717707034,0.11872034280973125,0.020047621362665094,-0.005379702614670079,-0.11052338180303442,-0.03124981753233916,-0.041302612689043026,-0.03283311467962198,-0.005973426270230136,-0.05596517854768739,-0.05182522336926083,0.019553938730566375,-0.05477170761073705,-0.10536085782029721,0.1285466468399294,0.10071784138670932,0.07562066996407898,-0.01647331101556817,0.06626053224644497,-0.021679131886499465,0.0038805089035560424,-0.03859666493710907,0.11790299970831966,0.05940109948600948,0.008106953177268991,0.043248844106884496,0.054265701699939405,0.10034875139568405,-0.006753119436274363,0.08105419974411232,0.1153696937867168,-0.0272722748472713,-0.015275506924125895,-0.10096242928675499,-0.05405065614010819,0.05787298287365402,0.21632552264598626,-0.017068391326928528,-0.033642802848374814,0.15102096327700687,-0.03910849587065764,-0.0679757980072402,-0.04554505634215808,-0.06477614404164325,-0.02251840520657408,0.11624945704907577,-0.0832731778104535,-0.1047170637533728,0.07234773663256584,0.005398237764722403,0.013484373172786336,0.05448068732613374,0.01913566452247701,0.0034749818886027663,-0.028982620813826694,-0.05346504359934791,-0.020187190910475657,0.0648953239121733,-0.012330462769874777,-0.026774796114483485,-0.008008167980370816,0.0034382977380337707,0.05387802517539618,0.0549077674014892,-0.0325469533607031,0.027079751756084926,0.051985080078007936,finance
148,0.3441905913498102,0.6184539054127394,0.2986772687968457,-0.01338706975038377,-0.014954400327456482,0.017631526312074104,-0.028565554301368687,0.04792139484159624,0.000908864334319163,-0.007517499395733939,-0.026829858768235546,0.027129165857811277,0.04719330022609959,0.060900089228450624,-0.014703520854930478,0.0652757168905168,0.00498447851842879,0.010213954405782842,-0.01014561486789033,0.048081359569771186,-0.02547805634098214,0.030662570751997784,0.026234797573361883,-0.01804114745590058,-0.0016914880784538,0.011307900591517577,0.018987883137796986,0.019119042111038376,-0.0026646432083057823,0.006508261403780077,-0.011462759483363987,0.02101563271439946,-0.14020133099460588,0.06477373525637402,0.070181181097239,-0.07188998961679698,0.0310603487668076,0.05784882930152064,-0.045719441312986595,-0.031126271837246786,-0.039132522767074476,0.0026143631260755746,0.0243618509411863,0.008883849211625274,0.03604657458881441,0.04687045054459567,0.013279691326601282,0.044577871387426665,0.019763423796518395,0.036881278621916945,-0.019394711863745664,-0.05516761652040991,0.04817514896507724,0.03902782815710973,0.07098519099247808,0.08483029035259451,-0.06261226206648451,-0.012424964991457095,-0.016846510660576044,-0.048660753781667114,-0.03196976998362277,-0.0262997176081982,-0.05046543099363558,-0.040949716257573494,0.011688257257034445,-0.06736615505640252,-0.00300405336655291,-0.10017082542476739,-0.06383820861557193,0.06917945512396907,-0.05330593215257,0.03017420544157509,-0.03403017687484378,0.04153270980253081,0.0114313736932465,0.04415903019369808,-0.030511603301836932,0.04590951170627392,-0.07833252514501231,-0.012551435681972832,0.09181706741128069,0.11048892347766909,-0.03142619680995805,-0.005749114203180456,0.038146623203267074,-0.012581259979076933,0.01394172990336525,0.15220227265859654,-0.022034319843420944,0.02753840290259868,-0.09328759679480116,0.070394396965445,0.053465969439334536,-0.03368938966941128,-0.06725795145786807,0.04927184262727889,-0.0077559053668928716,0.046569059949455545,-0.02890742879831903,0.08263913284854121,0.1436841073536547,0.05068403336347821,-0.047643794301687026,-0.032044127947127146,0.06879848982779622,-0.04287532146387017,0.06295197349405506,0.001079042810444503,-0.00829859837148671,0.07525143394063169,-0.011103545203004609,0.04229090615651844,0.09934149997162145,0.09671482939649567,-0.0010277865775323392,0.009952194297082273,0.03897032109046921,-0.009976089622647772,-0.007613834082595623,-0.03527700827192441,0.028586345497118276,0.008765694931307006,-0.0045279681409299225,-0.05931350908746179,-0.010031527988705805,0.019731187564677788,-0.028334729612815975,-0.004163804113411679,-0.010835221306778598,-0.015881720259994514,-0.06410318526051803,-0.0049445493967116925,0.055120322609751145,-0.033939191111967054,0.029422751799741992,0.009180665058878637,-0.013063183708190602,-0.05034420328221113,0.007285847737814209,0.0490044896330956,-0.02415744946376591,0.010246514031524807,-0.02213961319297553,0.025218841500828475,finance
149,0.49323199067904877,-0.3923885716458968,0.31503226409834834,0.02950649727971732,-0.024686421747365947,0.036750686214089154,0.02380527628121783,0.008029130900992857,-0.0037941708497338544,-0.017535711837362862,0.0075542180171961635,0.00826928813188494,0.11074288528018707,-0.08174990545953982,0.11043564618500348,0.004589786609201177,-0.008575148415146668,-0.1257035116361705,0.04511588832435277,0.043071822755162206,0.06323398833900067,0.03743116007724247,0.010695311426634947,-0.08014738539161971,-0.04325064194784161,-0.007970700177961719,-0.05564748934661304,-0.04296263632083964,0.08481513862220837,-0.03110988407731465,-0.011502880653513924,-0.0022574064867459023,-0.04222980483330708,-0.0439083323076437,0.04201385819180802,0.007573017500340389,-0.02840743086720636,-0.04602082644705476,0.05619680924093948,0.03632401249811516,-0.02915033314013494,0.015579660117892219,0.019709246724132195,-0.030647900119821107,0.023347188078226784,0.024276561546338615,0.052250188306559635,0.02146473206312928,-0.08388944357365229,0.02747411552903634,0.004425220745274551,-0.08675134776333754,0.02290256507819809,-0.020035127661613604,-0.0923531854407819,-0.027636177114791965,0.00269759693356932,-0.0337633350459058,-0.08203275587080597,-0.04761000286975916,0.00704933867956998,-0.10485929730069735,0.060712427817765396,-0.0007448194045728819,-0.02676649543676564,0.010730367794421186,0.05279510983650758,-0.04343624785440622,0.13638004093778616,-0.057117703821431706,0.00641707440902134,-0.04396450813541444,-0.027996894615360274,-0.00366823866109124,-0.000959243506576232,0.06367985278341945,0.024961062638215056,-0.0298447191307091,0.00015752051308822482,-0.07627584510893126,-0.021385707788478012,-0.023344422086099555,0.00852342129431109,0.03139408109971447,0.01223836260155131,0.02055219037888538,-0.05029821241902067,0.016500039494411065,0.024172686690350734,-0.03710281512945942,-0.023595118015696647,0.047355917058930025,-0.02642335289800289,0.007980094726691046,0.004779828914273617,0.015901668240763105,-0.0065186159390313286,0.03565783246627027,0.003527174955175682,0.01423222166876268,-0.0011779972496115064,0.020580311127711557,0.0031645002006050684,0.0058843041222953986,0.017900917857318167,-0.019158414544750788,0.01352869454268402,-0.015910402160095382,0.009182734260339954,0.000998278883077599,0.01860789766129216,-0.005771285085256101,0.022728824268292824,0.0021123852902895624,0.025039063140718645,0.0671727008321193,-0.04143076866845626,0.029479443171555653,-0.0026610741429238813,0.007218174963591974,-0.007165425448276063,0.0140374378351084,-0.043013666162866684,0.029027048106416493,0.004604275076505315,-0.031036372227178966,0.011695109644810684,-0.02281041960073496,-0.004466874835567059,-0.027678294475881514,-0.005172641413078836,0.033894216579260915,-0.001358519858112597,-0.011014081951026869,0.0021600017529414387,-0.007009750276318405,-0.001425219878657432,0.02548577730617844,-0.015511059046334243,-0.02619135765664315,0.06824720417023698,0.00015330929570763722,0.03321558247561296,0.02603824511298164,finance
150,0.025854744972120893,0.014241225400970834,-0.12432630506739664,-0.017057649306160848,0.06523417342587134,-0.03516133951193194,-0.0039062419998623413,-0.018117675363165487,0.013412233417127849,-0.07928183028889231,0.004204192947525304,-0.06279440374680434,-0.02668125142147151,0.03466593727870702,-0.03171219163788001,-0.00998645051849423,0.02472432784241127,-0.017983417470846474,0.032231627015682725,0.00935407808615629,-0.03139465108687599,-0.03257556069294615,-0.014401286166142164,0.035574200271725975,-0.048779238509792204,0.009307060738317352,-0.06236040947914977,0.048403878855224985,0.034314769239647644,-0.05655851665538575,-0.0861971088296177,-0.12838707149672224,-0.09993894821288131,-0.08562099199066374,-0.13581590069584856,0.05820552541445703,-0.10591131605455284,-0.023971389128052897,-0.05325392037297404,-0.09557623605524272,-0.1373369233584207,0.012488746953158355,-0.10415174027435377,0.14419638731739973,-0.07917694184472451,0.006630473337348172,0.00893118184892279,-0.28547573762187956,0.004555919633711438,-0.15651525337637115,0.012161526393261542,0.07022262801707015,0.02426419372831362,0.11543483346728556,0.17467940757207706,0.0218620110469396,0.06706585162149377,-0.07880625154298604,-0.053702640644128954,0.053571067984519466,-0.10199529924821063,-0.1333616819395467,-0.09023324288555809,-0.021086974724979623,-0.12471003054782827,0.16068813278324243,-0.21191116709523028,-0.03142391161897593,0.2270919801956564,0.0793613251715014,0.001531206902486977,-0.07441611462050604,-0.09288128845760463,-0.03869939459944351,0.11092299881623717,0.18562306153356345,-0.20959301636009983,0.07449377573070429,-0.02686467395258342,0.02362009483103308,0.12674876844333383,-0.1574021709742445,-0.1224498707973636,0.07084126851847802,-0.034828187389092956,0.16823392195053055,0.008390333121997922,0.12017964025951397,-0.10326495472458519,0.01689120396098555,-0.018240045843927227,-0.0981327474544545,0.03329619072131986,0.05489542117651163,0.10571162180122677,0.14990978159208732,0.10105864353336358,-0.037899628615522096,-0.030687902984304825,-0.060216068572772764,-0.12632781582656946,0.044164088583834,-0.04650825042869147,-0.07268821672980257,-0.10194544751888379,0.022157328568556026,-0.06149932079366305,-0.09206662913032887,0.06899913999273474,-0.04552550631626428,0.03514127875747962,-0.022515344942547727,0.050966075052357375,0.03740250642673904,-0.07888158797543811,-0.060510456267698826,0.03147527089121698,-0.1315888331745739,-0.054190277348768114,0.060198532475793126,0.059666179350602984,0.008902704243852514,-0.02700056883861227,-0.029946444466560997,0.03857035052989884,0.0493509538084999,0.028101041074435052,0.0387814852387354,-0.03169105632395879,0.0018484539553623846,-0.01022969258078397,0.017684075030535488,0.043238590077108806,0.01155550726439375,0.0012715978037546776,-0.03101861940815086,0.005438170507785112,-0.012735564968344873,0.017010257634467053,0.009928890936948287,0.023013945233954128,-0.005823277967722275,-0.011197044634741039,-0.008190624691067681,finance
151,0.05581998567863125,-0.018714717663907005,-0.05820017833247787,-0.02123106179690877,0.03476896749630585,-0.04554058879435064,-0.016958846341263788,0.02157930699525289,-0.01942321574684766,-0.0746954331928493,0.07385340223514966,-0.12074755878522228,0.025640117999638938,-0.013486815048986649,0.04622606463202477,-0.0008756302314896602,0.02314016296277784,-0.07446395886736192,-0.03294813970956868,-0.04780698443371529,0.1673133741075277,0.171033453205353,0.0012144474578566114,-0.043611293907542426,0.02789920933564316,0.09296511700663979,0.08322560370591309,-0.1379038340615976,-0.030260079099449243,0.08204551498520626,0.05480179240280576,-0.043157051829964446,0.08535177714098557,-0.10448874259619231,0.022507259697538185,0.05112086336030168,0.06831080065165128,-0.05484542652048291,0.09854988900702136,-0.017155687803679473,-0.04969285456993953,-0.025148677636129813,0.1581164756701049,0.01225553277194603,0.10795991720745693,-0.15279955089095568,-0.009873734716828784,-0.06457391420321824,-0.12663036208697323,0.015616978113523411,-0.04853404989375872,-0.047821192226452265,-0.08580674401671198,-0.10482921548396401,-0.16157570618380493,0.05098692901916162,0.1967775126899868,0.07796101608591072,-0.13640046019942031,-0.1566156737834773,-0.005182511549941403,-0.15721584064133745,-0.34920968561900323,0.05219740559437447,0.061555798750135005,0.17531128221622588,0.09674841163550654,-0.1390251035863464,-0.03996865518481707,0.06656319930473967,-0.1223087404649248,0.01190105281452231,-0.16842424081034793,0.0029533015902937347,-0.019801524771089575,-0.08073358078757835,-0.0016591901350703293,-0.05524995799286792,-0.07774794805798076,0.03914256905067993,0.09144283229957195,0.020916165189438448,0.028664851243920108,0.08139975000530422,-0.03012808547784911,-0.010612070767332778,-0.046136784502794015,-0.014658352675702115,-0.09334465413122962,0.04027767018616878,0.0997221867257705,0.08515212013116526,0.034140968165770204,-0.08529203164245303,-0.15310686961032036,-0.025774418824137762,-0.020580575878325156,-0.00046740257229840583,-0.08600549491381744,-0.026156384214702948,-0.040984250323863144,-0.06941381023662488,0.03522247047259394,0.021625833849415847,0.02234210840219219,0.052292071561666105,0.004101495175730647,0.08976999825892895,-0.09588796691572171,-0.13989414684351836,-0.04349645446099702,-0.05468796058631473,-0.01351869904407466,-0.027922219502939064,-0.057539428379877716,-0.0008565048064458457,-0.043631373514184536,-0.18448321348592697,0.04506587344658643,0.0007966702716772908,0.011892600452154567,0.0763293035535263,0.08910516242890962,0.11772234065181568,0.07731089786744022,-0.03261435858433214,-0.022284324062160344,0.001251331641650586,-0.019099672350092387,-0.049203753941276254,-0.015383525552450232,-0.02499757058371182,0.06889361249058203,-0.04975307138433222,-0.015912817517250245,0.0023834028255926955,-0.10401825183434764,-0.05002165282782823,0.031877917758002715,0.014439060418140604,-0.03978533396382531,-0.013983720072336892,-0.03260309957474243,-0.02885479452656916,finance
152,0.028924856044342768,-0.008783698827299083,-0.113605702795633,0.010999255469370065,-0.004264616006287558,0.030983281552779306,0.02196575265684829,-0.02166971807239905,0.01014578347174731,0.00022616625593917844,-0.03525252486453861,-0.028062028356369884,-0.07612498427249864,0.07109112740633966,-0.041680301139258115,0.04622749261055935,0.010575278839669642,0.0510763334898276,-0.031467037238518306,-0.01535314080650276,-0.007617242155930239,0.03857381526679882,-0.02768684813938899,-0.0023927690799277557,0.20377054102400644,-0.029403616689998996,-0.03150945564660646,0.1021092836376725,-0.06898679846859715,-0.21457458370270668,0.001609074174412562,-0.1423415669190945,-0.13301418584291927,0.03960152399914026,0.44931102804807815,0.0713568074518732,0.13517982274462562,-0.12911676439884953,-0.0636624278314669,0.2476942679797226,-0.06744391893382312,-0.04353523189647213,-0.17763109231415225,-0.011628205788352513,0.13516437381192312,-0.06520279953015322,-0.011516743599927578,0.04074485916381244,-0.05388696577599623,0.040363441950622976,-0.0068991954351923105,0.07374142723813054,0.047075829626223406,0.0371642345544655,-0.0509572590833006,0.02797067426983389,0.021822255537418445,0.01055495315003052,0.016835353057009166,-0.027595886457893,-0.026600931936375555,-0.02692765893762026,-0.010161329017162971,0.017904149699141676,-0.04599978440232982,0.010431121086823859,-0.08793434796877016,-0.013937481297683664,-0.003535456334678164,0.006850911101379911,0.04507525735809485,0.043566390019759704,0.020891706262260848,0.08303745259444184,-0.0034295979483773067,-0.029001127665001788,-0.008602597936238139,0.056970806855061264,0.05820918469708739,-0.04359289016083296,-0.11873350545951467,-0.02075102073347114,0.04244243222155381,-0.06622119008183092,0.04299374791250547,-0.015213074810513353,-0.020686924006752483,-0.007488255411672718,-0.07895774233900106,-0.046971006995126005,-0.00029895982428890727,-0.08593560920008259,-0.05055048559550822,-0.019768705480205612,0.0834021218315924,-0.0627933712613163,0.06310507246265475,-0.0014957924782519286,0.052829558529499165,0.020107580238957357,-0.11277179105376023,0.05451524136833176,-0.042834726654894704,0.17295179979515507,0.01686153303279176,-0.00931651547000323,-0.061627918631702576,0.03342280645484376,-0.2593191433641311,-0.08991121684569948,0.03294182085325618,-0.05793057738772,0.26453686124149106,0.03616747381425453,0.19569269963489389,-0.011868170676308252,0.05431739987298836,-0.0796019237435497,-0.016247840246896798,0.10897935158754049,-0.042946162868870506,0.04775846701956861,-0.013699312711133097,-0.017873949197492613,0.0429237958158751,0.076037378551821,-0.07724373929091542,-0.012938288454274966,-0.08612478207553975,0.06589583703420035,-0.018824754536987724,-0.02112334760429852,-0.005060589085842743,-0.03949164761929177,0.005443773699867826,-0.017657567530359675,0.07838394644819702,0.027488060738941937,-0.0020705699632002864,0.006874586901074083,-0.0037142879676896725,0.03872434558358207,-0.03434116895668378,0.02044965446784092,finance
153,0.24737072320235057,-0.22418335615983329,0.08120770712684904,0.007237370598845691,-0.00963627423443348,0.010446758450816558,0.024852788448062425,-0.006754367244806432,-0.0019001243378466838,-0.020256488612612797,-0.042416834815375296,0.04711200578113083,0.032786168665255605,0.007912012874817005,0.07968988979798214,0.016346153755355114,0.008915911831482822,-0.0004349488068549239,0.016298274176657815,0.02129971911004337,-0.03108144662018755,-0.014425019936646943,0.01575995237509836,0.017651584090720606,0.004436104722871609,-0.025516722958364824,-0.049098363640592,0.08750108970310988,-0.011630537501365775,-0.13814694076334044,-0.012861667418883099,-0.0412213964215853,0.016811545681989264,0.028204225275015538,0.02844793615352743,0.028764066123232894,-0.036857430921780995,0.08146191604949324,-0.009999235039751116,-0.012952788526011054,-0.11971428619362016,0.02180287786796588,0.015599918723734911,0.02496288171679,-0.04605771193652928,0.012217679756750355,0.02347444123846832,0.04014810455606913,0.05018471420788336,-0.014935092110678588,0.002247715927113,-0.14702753912999933,0.05564817753172722,-0.06026158981543452,0.03142915443732054,-0.09040594200976619,0.15234434222044246,0.09214603891436081,-0.011044896521230422,-0.08131516787608091,0.050043274658445235,0.0033844492206920526,0.018360792687555697,0.011473957745812639,-0.02268247087332215,0.12917004114281855,-0.044952767010538824,-0.010402899026495337,-0.001819543193210771,-0.025313890800995803,-0.046175016903606064,0.012802300056665725,-0.05408547271474039,0.025926895690222936,0.16769850816741916,-0.06902446386467112,0.19635009136511686,-0.09015576542855315,0.19393834923839143,0.12895577532776667,0.18679997595257244,0.10377964062143512,0.09256157415015011,0.22728254054013433,-0.052664374874766655,-0.06508296117940898,0.26875451725205385,0.04075768683879135,0.04982191652939099,-0.16263581198036559,-0.13263674349124294,0.07394224867194593,0.1182649330121595,-0.024908685015765614,-0.03574647800890724,-0.09638332278853441,0.10013460315532278,0.0506364485384718,0.2151558806357626,0.18131191444435518,-0.07894918744309223,-0.02907752738554408,-0.026264995729550017,0.036671355964603414,-0.06253179669759645,-0.08189559195976472,-0.044632828869432574,-0.060677063833511326,0.07279780362452835,0.13438913837058025,-0.07039833791673482,-0.02001235071499639,-0.0152258055493062,-0.08325706873432004,-0.016832360482058578,-0.12275154153833204,0.032363372495460986,-0.03044986262922244,-0.03923445031262696,0.08654890198262702,-0.06646566396180892,-0.010974864520451743,0.06681816225554407,-0.03934772808902565,0.03998868578914311,-0.056443540979298705,0.09265087051083601,0.03116114465996218,-0.05110160681879032,0.02250897240201066,-0.012683542903960711,-0.05052702938254521,0.03164978349719178,-0.05415849218694722,-0.024076169333719113,-0.00019543225225474232,0.029683750390524056,0.037580694769146904,0.0018142552484509702,0.002623653006498199,0.03919660550809144,0.06144680903725044,-0.01553044568621066,0.016841131170734117,finance
154,0.10762007517193176,-0.006283986938353279,-0.18073650784259299,-0.030272353329068313,0.08428670188343147,-0.14433692167057305,-0.13099788081407643,0.10749133839387846,0.00866688035565609,0.03133356823997596,0.13862996177960346,-0.027759872773060298,0.004151577749597003,0.014058248800810176,-0.047881288993135214,-0.10180072130517884,0.006760247482736031,0.03403190634211792,-0.026394870982690655,-0.06436331269242557,-0.09229819905654935,-0.11710536329079245,0.03361028111014678,0.04523957536501982,-0.0711598040137185,-0.001149849502925915,0.016096448704334885,-0.021075687343573714,0.0702012564965272,0.0553520494181366,0.022821322693158907,0.09877372810899872,0.04395801936840311,0.10953360461802024,0.02995238118598931,0.022727246086188126,-0.043593254022521455,-0.006371611706444928,-0.029041920714926298,-0.04260162014693781,0.01344861497997628,-0.04960211859717708,-0.08550842393898701,-0.02223226240681835,-0.11839293017413134,-0.05184351718069622,-0.05343643590058197,-0.0910113106348451,-0.048343764395436785,-0.12292446044955457,0.06441416441050044,-0.05883296866134725,-0.051081084428131716,-0.003908805573990441,-0.2093751154141934,0.0473572788097148,-0.08096066108159171,0.03604295214410062,0.11270847377790244,-0.1961624547435882,-0.12265991671294262,0.036157370141867554,-0.059331543879761216,0.013695570666348297,0.07840060074249587,-0.17076490255396226,0.021693290869112716,0.01885665087699379,-0.01539665159044761,-0.008473747942018831,0.1196547087910388,-0.04805838899474803,0.046620221244601134,-0.00588531316367911,0.004984678204897441,0.041504791696796425,-0.023754071500463835,0.018383921316836315,-0.03922820653426219,0.0730835745170928,-0.06321192217900894,-0.05777053577174058,0.041923231938072375,-0.05833089823552768,-0.005870624497088085,0.03423763283883568,-0.014915163649804287,0.04558060763154699,-0.07204768727489042,-0.05877530124389288,0.02640456199174137,0.04501855098056155,0.26916157192983564,-0.15475091740986482,0.0075184329170382945,-0.08780322522645803,0.08584302425498774,0.13088769249197443,0.02321691732667315,0.06605608790859863,-0.05256055364122349,-0.06321217323999674,0.05594391454366955,-0.0635314515895514,0.21828804697535278,0.030877336391764054,-0.019916733407260436,-0.021311323426058734,0.0014521232814583573,0.04066886935114043,0.32466090438627787,-0.05479816506190141,-0.012417495036295533,0.006211523004003845,-0.011252024178662898,-0.06287823518650318,0.05262919385201496,-0.02408763608805016,-0.09452388652132447,0.04382570939223449,0.17967034420453348,-0.004561950256104923,-0.015147419030395098,0.0594030188005865,-0.00563268015918038,-0.01825919620693137,0.13364178395149234,-0.06606618398018357,0.03773887384412999,0.07215597737169045,-0.02026916112026489,0.005221939235267837,-0.05283997744199205,-0.037175594021434014,0.03158385438071165,-0.10812259266476631,0.015390612766229352,0.032666491661208635,0.007531808860352351,0.025011248831992784,0.04243324510836377,0.009520204317752377,-0.06359979699621138,-0.025336398831170493,finance
155,0.026291988627506313,0.03078037627272256,-0.18012673628955644,-0.0053563345102012735,0.03930104098816997,-0.032957465326456395,-0.04210666639734507,0.020694357729171102,0.05178226836048436,-0.1415525161670188,0.07114180197769648,-0.09143633483651155,-0.04374572981909587,0.05249050229882736,-0.09894952070249045,-0.0154671533675238,0.048675819292836105,0.01672116003524798,0.0328927843340581,-0.027748174878036946,-0.04444276019264604,-0.0292626211281373,-0.06828231038547197,-0.045880429900783636,-0.16788632313610324,0.05489421657864659,-0.07334575454761316,-0.05367428900749133,0.1933002030878285,-0.07545587988848455,-0.07545263574953995,-0.05684540085267206,-0.03500243149307781,-0.04659616372557456,-0.06411136162755823,0.060092962531764604,-0.08169625319640364,-0.12242680312609446,-0.0749044487267486,0.008919128686149995,0.04768832966881587,-0.0540081710278074,-0.056381848721674566,0.07781646490209161,0.023876976532398557,-0.011510461600103128,-0.09359512429034418,-0.22915623523586465,-0.0881394351539598,-0.08857444802957287,0.01591403322385133,-0.07658672219409657,0.040279454807950255,0.07717050113806682,0.06795835746523261,0.006426311045819735,0.02621639638645151,-0.05882888564682011,0.02412335543828638,0.02327711743152335,0.05270575972929538,-0.06654758082286641,0.010104551931802567,0.09464384406278156,-0.021547782976930708,0.09008342140433079,0.014910955802559842,-0.09351374166989046,-0.1028221741572367,-0.16466183111867622,-0.02801468989573481,-0.0006657724240884906,0.22659865149231057,-0.1037865950489279,-0.08373436521655221,-0.09656899018965934,-0.043204945459126315,0.010835091801451029,-0.04987221327222319,-0.08776434615489678,-0.07873067297435146,0.1686733919367089,0.06410680808845681,0.12500862754375286,0.007494653730955167,0.05820723534673761,0.08123416546711364,-0.01085042290840938,0.031248687635721313,-0.025877327861686988,0.06775310559836506,0.02054235979797449,-0.16112518184102284,0.1325129957350936,-0.09105347638573395,-0.038335058334742336,-0.18737474955216404,-0.047513217058223395,0.23350485623557823,0.1225388690209646,0.14406097479568686,0.1484767859194649,-0.04062899820770123,-0.21823233512324694,0.10132070883262513,-0.03383134285567367,-0.11732664864877514,0.17174982495562927,-0.15176237553591737,-0.04075174241783998,0.08524015671936794,0.03637920945756357,-0.022829085467102727,0.003386589940322079,-0.05106883569202661,-0.10329444178897951,0.035434783992304104,0.036861118342313606,-0.012461293287507317,-0.009159974701121641,0.004790841215645428,-0.008567676472609385,0.02811285890038873,0.04295690888402272,0.0282174208467355,-0.0010963118368793718,-0.006233791677626415,0.011334513529228717,-0.039892743315700925,-0.04484290622127918,-0.04737300767898986,0.009956671428227584,-0.02400204907924431,-0.019271821024727267,-0.014615372899576,0.006587932745128992,0.04173455225315558,-0.012137001725505343,0.002605528808236232,-0.017359151990902644,-0.025834738418646565,-0.016200092993835458,-0.0009059175384667194,-0.014029883673321019,finance
156,-0.008392549287042488,0.04437303070358181,-0.09975189592835539,0.005554441368386665,0.021255266165922486,0.0440416604597253,0.13686324853828002,-0.14385117856145108,0.007366931394650736,0.09011641196893203,-0.15435031546523625,-0.2767910068061364,0.19645373129773339,-0.04547087753856564,0.03386143116518082,-0.06402991116297901,-0.047776832214389484,-0.014708378755024664,0.007826390582696447,-0.09922967140332813,-0.018687751507194296,-0.0944778213305398,-0.07921810643561983,-0.004061645601683618,0.03608040351210603,0.003976975483007756,-0.009439545188227578,0.058010869507664244,-0.004974226612984135,-0.029963053454939693,-0.02463613822424753,0.01519617852059901,0.0628522160092183,0.04465773526707632,0.0012349697083286007,0.009746239791579986,0.01617342550505214,0.07437472460461124,0.09500665699371351,-0.04294533125098398,0.050061323844197404,0.016925639519927586,-0.06067711443264111,-0.03309293366202501,-0.02524824038215134,-0.006975898913903943,-0.03279233705134904,-0.08806939412478096,-0.05474132278490861,0.036269019277652546,-0.015786646547564388,0.034765151228101705,0.04689375070492583,0.010874450145353404,-0.05831560769725706,-0.1139535465281564,0.05704750306087395,-0.02965125845957162,0.10183410820889516,-0.042085170422713924,0.09017530898824178,0.05762774306299239,-0.021310981183302626,-0.011667561160229292,-0.1349183871961592,0.02255016246496647,-0.04478260304101433,0.04288020688960573,-0.06613044504456188,0.06139023878742114,0.0857978506682436,0.04785639535863483,0.1373184619319024,0.08574921546791346,0.006864193555278435,0.17677181630107422,-0.1268314584262887,-0.06996005006250548,0.09030918303355152,-0.1016236303775486,0.3834597742452408,0.06838656847639406,0.2517978622251973,-0.11183964238657414,0.24529666754484622,-0.05079184804657259,-0.14123970116240786,-0.021172246784888188,0.06811037577475314,0.09602030504601364,-0.007343917535660031,0.11893693557402059,0.03723514721114594,0.06092628413726536,-0.14460282003200545,0.10234905438728657,0.012618251033166763,0.10854901930659165,0.01729574372705905,-0.0773278623018207,-0.015925630233750272,0.09020075291851329,0.27309622148887996,0.051057713087824905,-0.016112390931120674,-0.04094262346719895,-0.15639341578558574,0.004264246069565951,-0.053774312477489525,-0.003281048062693967,-0.017668223852344702,0.08436767467063643,-0.03310468974540308,-0.01599794163246774,0.04635299680628079,-0.0026610943597168003,-0.024605303059848205,0.006104446053387404,0.014437978649705103,0.03181389857113344,0.05131884960724494,0.009719580077670629,0.01995741100962051,-0.025425961422137777,-0.004620301474487517,0.018398588205726336,-0.018383412594022566,0.0018481693210092615,-0.016860425142034775,0.01472837636077503,0.030204342617832516,0.01727707264799419,0.013481215214778621,0.019016416838113687,-0.013057489291608203,0.0023690690187603424,0.0010103029901138666,0.0005315947790460192,0.027562251005249384,0.006218015705058853,0.02805000229025631,0.013982776825645256,0.01484019113605398,0.00742796237700673,finance
157,0.021967239010881975,-0.0004591704776196857,-0.10283804199904409,-0.019217644021159587,0.0041357722804243125,-0.02858110957686598,0.009044779211717532,-0.024727201357781586,0.020015522963049658,-0.0946703269857194,0.046131015963971914,0.028766702266321286,-0.0034837786740278646,0.012145958857312322,0.058456248818342056,0.01324174729805607,-0.04151715400528521,0.056384704229095285,-0.05064200629944699,-0.0023466363199763076,0.016934915878156303,0.020287162912945883,0.010970653374146386,0.07877191556603481,-0.04230979235097134,0.030282703148037573,-0.008908786377686927,0.17258346658526125,-0.1697027209233418,-0.11179617660208993,0.0563257866538639,-0.022460244900783376,0.015822439566614856,0.025319700959434154,-0.10092176529889688,0.019934906039583724,-0.07653602166452346,-0.01864146243694914,0.10968712284236218,-0.02048657223518349,-0.19725860805691703,-0.010595116111824529,-0.01666334585600495,-0.06146548353075689,-0.049104580540085443,-0.06823439758672915,0.24164317842661687,-0.10696397443236175,0.2663655400460822,-0.019579928466862854,0.04501114393569082,-0.05744095082536903,0.1122483495386235,0.0036135072010496064,0.03632160388391526,-0.016202928915227396,-0.06321526115313857,0.07428086741207376,0.06070052173245782,-0.05335587804833266,0.10204399528749941,-0.0869441570763078,0.026851636297408273,-0.04401693759899412,-0.045258370545715555,-0.008261471612095957,-0.033156828430926565,-0.01703842263507838,-0.1335543552094207,-0.20087434875187893,0.14183732969624205,0.04444563606042146,-0.2400356759720057,-0.2412821284643826,0.25557972049363464,-0.019539384844024614,-0.13534191767825796,-0.14180333177290122,-0.044652707018908847,0.006388924474831659,0.006176621264569281,0.016250192447658948,0.0056684038922582836,0.04245507784025693,-0.13608204906323532,0.0074205859336918005,-0.1209328172000116,-0.05040619857210645,0.03658779455178013,-0.0883837529734249,0.10861957822582609,0.04110154319055922,0.0019213675785607794,-0.04511008767593975,-0.05573624462533496,-0.14956766117088172,-0.10904494322907081,-0.0037985204550478303,-0.07097488353611511,-0.1412395816906747,0.08948528540381291,-0.005701171907269252,0.05162081722114931,0.09135624223539969,0.0022667334141714796,-0.04771817060642895,-0.0362753937368034,0.10344633984975649,-0.034908608361906936,-0.010061731125805733,0.007491428245127336,0.04716241706386711,0.14515586566039212,0.027043303114878684,0.010971404933593715,0.04947876152781372,-0.022842038659504176,0.045348141111105265,0.047596844405816525,-0.06931546012862708,0.025590491935992637,-0.05172556996095712,0.029210059258404624,-0.07950928930763224,-0.017819514322729733,0.0758454592267392,0.04657933345084459,-0.0120170461464274,0.06136879342353537,-0.005047736679912532,0.016531790930141232,0.00934493901295322,-0.06498493528397103,-0.04057366897533803,0.04036718559577218,-0.031196727900855096,0.05714860054630492,-0.005737048530833938,-0.02042574624059782,0.040193743629063444,-0.043544529296200965,-0.03416731178309493,0.031799180797634836,0.011018812768402993,finance
158,0.0571717023279255,-0.038954406612284,-0.08612021036907844,0.0031416839162516,0.04144075623128309,-0.02954490844264485,0.039453766564520924,-0.027660474404746362,0.042652933140063146,-0.08302945458138616,-0.10602977144747962,0.16015148366732315,0.10532724679008479,0.05952148176817556,0.01247194039228668,0.0018085536944834272,-0.029290780552797414,0.008522926719060107,-0.0003818482663012384,-0.04402921724990681,0.012837652089853139,-0.012708738644704457,-0.06377815673358575,-0.012640350510829353,0.027959545377041213,-0.003184488864931863,-0.023366912935858256,0.022574764701770618,0.05353356029432002,-0.04228285848463705,-0.0063079692306759845,0.0586227452704698,0.02180260745566831,-0.04847723259171709,0.028993773524635523,-0.09609126967449436,-0.0732829279182839,-0.045939794142383805,0.03735115271057072,-0.14976863504050048,-0.0336008536758784,0.04746610146294815,-0.07566175839245788,0.08278690591914055,0.04842659360777066,0.005803727151534256,-0.12014011329924694,0.15219866286634587,0.04492619035932118,0.09450554974129109,0.0668768859678396,-0.21087976895817534,-0.018469190581565834,0.15462563985863245,-0.08618932247115177,0.06415965117676889,0.15275789148851715,0.34125347343810275,-0.16904695529882274,-0.015334741555631137,-0.04312850132028629,0.3208788445849487,-0.22356464641152515,-0.04464741033356942,0.006436826452522465,-0.1014552807725928,-0.20711372298709102,0.1135662289584238,0.07521552714117005,-0.006218895264693952,0.08584254817182882,0.03736923832469019,0.1025796081453914,-0.21001908183826648,-0.06560599960498123,0.11503440290247541,-0.037548446798398596,0.05005336916305265,0.01569696216777782,-0.03613857679296857,-0.05634515085181917,0.027388343474149226,-0.05488748650433733,0.09953919292791368,0.052364208288521306,-0.11416715670396166,0.0950380342240298,0.06426338649080952,-0.03800599399979984,-0.08556488661915176,0.05645344101089353,-0.059493559176864066,-0.07491290954731664,0.03791566827431162,-0.07115471543981017,-0.01340342389403621,-0.012963505638926674,0.14332417206371073,-0.05780088822099839,-0.1424330452530826,-0.05409572477184275,0.19418114641710782,-0.0592409101816169,-0.005536410214206209,-0.016567591661073952,0.0357680605615472,0.06264062878699372,0.05985216573166162,0.031166882970250085,-0.0613273744134855,-0.06040157444060862,0.023471502602714352,-0.00397621456400116,-0.05091976757777285,-0.06270916448422342,0.009558866103900792,-0.03868793913718376,-0.0039305481660180455,0.035488723447252804,-0.007424109111608972,0.023655720749504186,0.03300659807348206,-0.03279484213076621,0.00885598101952534,-0.049358889348164924,-0.056068663290318795,-0.05416594057767376,-0.050707056416285125,0.04743052609652202,0.06142675329463715,-0.010545479513634328,-0.037141629261188476,-0.04592889905987588,0.012096805707161698,0.02158638116744204,0.017399784643024843,0.03167218166815457,0.010912582151431878,0.006320783086243542,0.006558664397477957,-0.02345074653019568,-0.008825285833584386,-0.012545183137344998,0.0007133883005731659,finance
159,0.03143562048108279,0.01828212356324003,-0.16854830720866687,0.0032671306414253183,0.049659021844513776,-0.0322778771283873,0.09442256082888996,-0.14231924770199952,0.020877070634517773,0.009097028905797666,-0.2085077176376121,0.17320932533599,0.040482656948905155,-0.1600267131544498,0.049992215894610254,-0.01256183541453533,0.014533186665197925,0.044559071893882675,0.010956746769896778,-0.058815881202299705,0.010378211998147471,-0.03954603524940678,0.2776634483855422,0.004690757490457733,-0.04436253027456304,-0.018365294946666118,0.07405548933897617,-0.12392379377761263,-0.022937660541006044,0.07512999422270504,0.0017135742445359434,0.019735202104129705,-0.18597183659744038,-0.22583001070320863,-0.006493208459257354,-0.004828579352899102,-0.0010701531774219733,-0.02785365710154017,-0.023469779141499558,-0.007804614536069094,-0.1761463083979189,0.037973497848414604,0.0011338340162344372,0.24603337210212037,0.058265746332896155,0.1546162277901212,-0.12968949261314525,-0.017591431435164742,0.08284071445618471,0.09907408523859139,0.03624081872286419,0.11139481020291789,-0.08397687169819851,-0.13471299425411015,-0.023788078391265226,0.017861290149854762,-0.05102051119365403,-0.05255159648533045,0.030157333963178923,-0.009432792807178505,-0.03869276222782933,-0.05458953204343085,0.05274805690012617,0.07664599792471953,-0.09740852414377021,-0.04655969021374168,-0.15560157710657632,-0.016334733770871513,0.008909937285643323,-0.025708166315176577,0.0038652308258965763,-0.03672824021673459,-0.015738254092893526,0.07858501385494507,0.033483551644532636,0.029029361962994785,0.08676432050726951,-0.037961246685843136,0.13563001776331504,0.06812914328060567,-0.017718490268893192,0.025797058076627882,-0.0010088393441007072,0.0002672628706629007,0.017127422651485133,0.014345038255622632,0.04071990734716974,-0.009790870953921308,0.026745850690009267,-0.0987047175061925,0.11424993771179277,0.08852033735041441,0.05376913598237267,-0.025836864207830483,-0.06849932335517711,-0.010520345293577869,0.04021760693207455,0.06990468298530807,-0.01677725363149549,0.005543065207710682,-0.01563830892562172,0.03605495619523237,0.003642145634966175,-0.029570504118183315,0.031049964312128486,0.05079053307294517,0.039949191609100286,0.09682461253409316,-0.03395401480567435,0.03478323059356298,0.05451720972828192,-0.022964105458966662,0.025759347439097524,-0.013972632479735,0.03545204300544573,0.08902875911416427,0.03536778225913312,0.16371944721948276,0.06023933062542324,-0.02857181608548825,-0.059326758920652554,0.042754103571048974,-0.10947985467441806,0.21218691243125196,0.032279264453074545,0.14842559098074198,0.04569451721031984,-0.03547080874720543,-0.015583615611280232,-0.030813877059519042,0.1880495490394932,0.12602020469588657,0.15434252537787707,-0.036160538240668304,-0.01777278220724642,0.02890110912422979,0.001260394685440452,-0.04742274405308952,0.026196234365755293,0.05533864842079867,-0.07375741327514546,-0.06298736344072932,0.03561261172068569,-0.03583064244752857,finance
160,0.008221607311446997,0.018725741542346897,-0.20218640286695302,-0.005405382010205898,0.09315382917540932,-0.09980770037746982,0.043790511186311276,-0.0820837879865309,0.08885588777529506,-0.14163652060807538,-0.30828581725855425,0.5213929533141932,0.324744945960323,0.1683661806668617,-0.08573219669764098,-0.06890858627226688,-0.08114599430939756,-0.09059258785449197,-0.020232775888580336,-0.058459255071216076,0.03520632740491542,0.014135998516007662,-0.26798077080329796,-0.06672251174715917,-0.04632893696449229,0.1562070295872103,0.08970757257273115,-0.030520172379831862,0.03177830594980745,-0.02999453331089969,-0.009438285372083813,0.07850487962737936,-0.03279177046526942,-0.08384634149927365,-0.011139936068443218,0.01535522532578854,-0.036471685143319534,-0.002920578889295911,-0.059319324459578784,0.08876829607261096,0.15055476377445975,-0.028349639306135935,0.007065277842723328,-0.057062794424251904,0.034163790263876954,-0.0674446136540596,0.04357589436720459,0.017636974042406356,-0.010228679488627827,-0.028325987108329266,-0.023079327529303324,-0.05265038471043714,0.03175851462914445,0.02652510866408127,0.013485764071172237,0.020303620964838405,-0.049749287109082115,-0.03043145439813052,-0.011530638749001286,-0.015548907163360597,0.04247548447184029,-0.006093222230168866,0.007237000987102657,0.041345137473899014,-0.04151676969518164,0.047565580644724166,0.0258473671252313,0.022028512290624257,0.005317758735977008,0.01790911481966471,0.010878129868180918,0.01373811211521899,-0.04188289042156965,0.029748879434510017,0.020057632743156233,-0.016955826059207722,-0.028626711702069395,0.003273497707783564,-0.010752788911309433,0.022566808774412514,0.03393116841278656,-0.007987000749466214,0.006476622675563983,-0.033114996408211986,0.0033186182660096927,0.0014525723059733051,-0.02618672295357198,0.012136655385404078,-0.004757985212369003,0.02851670392148223,-0.01828480699520997,-0.01714209962606016,0.03750378037516777,-0.021079923517641434,0.012427861076429543,0.006541054859924092,0.022561308393362248,-0.0347553109916692,0.012723956259970129,0.002685417405477799,-0.030018960094491218,-0.0472941523223248,-0.004592711282126002,-0.0011127744225331582,-0.008629710983727489,0.007783206889676733,-0.0019909521051526503,-0.024342695063973626,0.01420347670343193,0.02779724200364936,0.008910157734875804,-0.026617871924681007,0.018666944023455215,0.0033608281247424435,0.026900529905547498,0.0018730604107120782,0.02031926410299087,0.057843110292301214,0.03290345619732275,-0.01788772653489894,-0.010147193019424785,-0.012743780157050145,0.058110583029231076,0.031123927886825584,0.008058196091445358,-0.01563092224520133,0.008598608668568552,0.018288894960556357,0.0009433147287929565,-0.025021335809575076,-0.02706469908948862,-0.011329288422982585,0.0090786387904691,-0.014337369065055812,-0.0040079733696939245,0.007953439195716052,-0.0011451007675592918,0.018641097939034994,-0.0152161718989391,-0.01177917086471148,0.0013526237373441034,-0.010591741902453216,-0.012143573560341705,0.0005993036923340995,finance
161,0.028106250741503476,0.007710899183734019,-0.13589099645817207,-0.010323757617051623,0.020507508465448066,-0.03679033172212905,-0.017630611832157677,0.028745700958112526,0.006826199385198903,-0.05682384733407777,0.026341861161585572,-0.10117287816044986,-0.06593383944175149,0.08429673650435798,0.03183733407413026,0.02313020505864836,0.020608781242939318,0.02762083005074174,-0.0299046340811197,0.02015147899648014,0.1981532195285187,0.20757966638754063,0.10740898868155263,-0.04775308333980117,-0.2331515514904541,0.161255711657165,0.08684627977766982,0.30704026593816774,-0.046040708666378105,-0.11577792584486396,0.19283491515484114,0.3819351504705099,0.08923649544894137,-0.08388669621089279,-0.004723428000844081,0.027676179741855343,-0.001475742470354039,0.05008882847320961,0.06621112794492089,0.0037554165931369225,-0.11313689126138576,-0.06662044081481992,-0.08007364093977518,-0.07257583774081831,-0.012374437078873526,-0.007792178044027255,-0.012465280480464757,0.03956977163152026,-0.05086696426180477,0.020442934382012532,0.01756131392466467,0.15216930275818674,-0.00013208893479783605,-0.011656865790061076,-0.02848175823034199,0.0027602670772888162,-0.07227563678703386,0.021813127249095936,0.02914792490299451,0.06369359126838445,0.04559839393070804,0.052664890791338834,0.027914612705161178,-0.012043654306395715,0.006649927887663207,0.022817815992102933,-0.011426971084850057,0.037160110853626666,-0.007226320711273735,-0.02999716246662258,0.027104062070728168,-0.016845075407501072,0.06954844853556183,-0.021865802812407967,0.02910647215525415,-0.02299617339114469,-0.0036309574522368376,0.055119443516899916,-0.0007967599095096685,0.025784547297619677,-0.009447751029935498,-0.05481390356881365,-0.019331756007339385,-0.02540637574656612,0.007437462283187688,-0.050110639229248966,0.013403508853524383,-0.03191605729562053,-0.003596099763100494,-0.02735113108744663,-0.02239685073532699,0.03444066027052144,0.006187533134383463,-0.017975576963366116,0.046781723009460846,0.007884475260834639,-0.05644381300724956,0.10042041420199947,0.0028353219450013194,-0.0712908877834265,0.0030418369238945776,-0.006446089048901122,0.014923302502556548,-0.040037322352812925,0.017636409095937507,-0.021846118393790488,-0.03326786807717424,-0.08967660261736995,0.05857858786546544,0.07419410512124539,0.03607474497162009,-0.0007632375243523217,0.046495301743461386,0.013819398685124848,-0.07301054428770501,-0.014809421815440645,0.05392705990813671,0.008703566448064918,-0.051970783390466666,0.027707450271139716,0.012508545459376474,-0.004661797286444456,-0.029307204616638965,0.008413088825825865,0.10063124376705834,-0.07681202767905242,-0.0646365624805332,-0.06089907398349339,-0.2118265758415875,-0.10100758446379535,-0.07133150385064914,-0.0477069828901283,0.04104776993610359,-0.02738664639217735,0.1104329652426539,0.08095121448457497,-0.011512755460476152,-0.148442142965588,0.11819619636646321,-0.07727178005951053,-0.02630265588134873,-0.03949643695196065,0.05740066641054071,0.08386165214522706,finance
162,0.06322230637493444,0.009342224324125091,-0.2793097654741806,-0.015680438210164977,0.10753831362840824,-0.10988558802916483,-0.02612948816119537,-0.025164280699044302,0.08765920993225532,-0.1531830128213253,-0.0994769105805749,0.2793592319634227,0.17465296614045975,0.03680190314276639,-0.0807207041575136,-0.07457059292535997,0.004461206272536416,-0.05079523888761252,0.03937225392847247,0.006337742909928519,-0.1032139391564689,-0.1212118637152109,-0.06833989340030366,0.0020296103660057056,-0.11558555424546763,0.05088815277035266,0.024432172159638436,-0.028674630347865892,-0.009440324624123624,0.028005511474299315,0.02000815325967052,0.029187264956354195,0.04165913665917166,0.04976873339764971,0.035312821271723235,0.00029305539505490943,0.01780427978874252,0.010979175327699334,0.04973398609116794,-0.022171160653567674,-0.018460425029818307,-0.013060306185826752,0.0120971246734705,-0.06129760678466547,-0.06541844725655908,-0.022851045312037785,0.10417745018153743,-0.029027478920447318,0.009976316750029563,-0.11580924767819001,-0.013106493227344725,0.07509521068905384,-0.03924734883442835,-0.0778213845760736,0.031755056950173714,-0.06426463627658396,0.023923141260637073,-0.01088009675181438,0.07047296208428502,0.01681306741582065,-0.05810731681527114,-0.059525190611241265,0.03907208252386612,0.022630096185156198,0.10298728242202947,-0.011048127227443269,0.044588554426712154,-0.07977247680036753,-0.015274586483551454,-0.006053144152544559,-0.09946712766080446,0.06406433108472054,-0.011921295856706147,-0.0006623771435795468,-0.03368116020834465,0.0006364493689175152,0.04916891936550359,-0.07310649947617902,0.03257667706106455,-0.04103433149207745,-0.060152995268964456,0.03406290201625809,0.011096923457976884,0.010054551176609363,-0.03793351595145164,-0.0170841543253315,0.09465966044146354,0.0035186906076873107,-0.008047976142327832,0.010985485774856585,-0.08809341012835673,0.06869720095595588,-0.12216628178759381,0.04800628577357206,-0.014159032153347462,0.001218798752725834,0.013189711478817473,-0.053906995668519905,-0.07636588257107282,0.08204322621161786,0.09926591282656062,0.056797499093281904,0.06423836158212431,0.12895303368207223,-0.033271577840342834,-0.09167919398074523,-0.061891177629657325,-0.022879018858108932,0.04941631027560812,-0.19330005654749252,0.0031644635443529062,-0.03415602025009908,-0.11883671197494944,0.060714171749066265,-0.04093554179571583,0.012428618770359856,-0.08761935881871427,-0.17607969486732664,-0.09162136557208711,0.1027928582980944,0.026506353711230494,-0.009926261628103257,-0.26343400502974995,-0.11306876782389644,-0.021318412311933158,-0.01527950703988102,-0.09372568793270049,-0.19145870601014517,0.035537680567056244,0.16975700495984244,0.10387739025919365,0.003548248579414725,0.08627046327365967,-0.02907517006309608,0.08595717813686171,0.03443947962578252,0.0610087794622115,-0.0984305267863488,-0.015050358980812015,0.10957254179149126,0.01072018611000145,-0.05815557537607353,0.01693488958874476,0.01836767889225101,finance
163,0.08715361724667449,0.016818615669102345,-0.12318761902858306,-0.007204360668243674,0.018658626183167274,-0.05229150787707229,-0.08364834520168167,0.08395672589815327,0.02697122145336867,-0.0656589119262306,0.114060862078367,-0.027984474452612897,-0.04532714562089624,-0.015698875338994327,-0.05609577562889081,0.048871613714430266,-0.036578439618029715,0.12403440796613621,-0.03269505088352961,-0.06605688460709731,-0.06881866514186792,-0.08608174330402259,-0.05583718466720441,0.07314941149876117,0.08584720966227663,-0.07549487641117743,-0.014551597385348648,0.039136086486906835,-0.07270101219314802,0.04688192742430604,0.06281130296298741,0.06267043297247109,0.13483911116862596,-0.02319311998620251,0.19888581798896446,-0.041880945318252594,0.18592524242848715,0.16320859797059636,-0.135575963507027,-0.051575271784362615,0.11998100391985277,0.0988246555770678,0.32882879108933444,0.009529338321039462,0.030705938778759,0.10632937642578451,0.008733598919444844,-0.049099785006963735,-0.13683918073458343,-0.08454657467371031,0.05073026924179961,-0.02401344444009511,0.00022519461195729496,-0.06646537544013868,-0.041930845027336905,0.11838188350977089,-0.18066430429271824,0.009050818041486101,-0.10065365914974087,0.03329965750872986,0.0858780120859019,-0.010218751695272782,-0.03396483901078236,-0.03266816193119585,-0.1875314822743288,0.06882759702007023,-0.11196982873913033,-0.03239858047031606,0.08928903757587806,-0.12352289444129641,0.04875193860297111,-0.01004858225525316,0.03426115271846362,-0.08340745500636174,0.1068031357410184,-0.005946963891322754,-0.0036868670435667387,-0.0812544106160077,-0.05808154923604895,-0.05693515355230997,0.03380451126153335,0.0140441953637086,0.006157773076450795,0.029714727484545386,-0.006734360932819396,0.05004839609104164,0.026319258763940097,0.028999944069860863,-0.02727999651453625,-0.05199299870185149,-0.05306598695123367,0.005030145020333222,0.003690749445476182,0.006146744727136109,0.031847067654074385,0.03597504513393422,0.011386795121692259,0.07745268447315143,-0.01308211112116002,0.00271559139948787,0.027858606864214715,-0.08943614030964094,0.03448582028698294,-0.011236736897575957,-0.10553815387006346,-0.03032004681668083,-0.006268854650475218,0.044076325957836955,0.05605468138201706,-0.03867902820913687,0.012967279918170586,-0.05103160442753866,-0.12680173290351113,0.15339627294136268,-0.02934355081544973,0.006956024862348002,0.05356633092395891,0.16949753821340754,0.05203198127813588,0.040703871484906944,-0.021921604159520592,0.046825688963571546,-0.05140818614914047,0.046063837994553616,0.17964716797807145,0.1333543601934923,-0.17950479969053806,0.008965812699596811,0.024740690079789313,0.05969066917016254,-0.11599340496080869,0.0285767834004326,-0.09289733202424498,-0.03978092690182887,-0.07230197061557435,0.026677127788303175,0.017536845935884563,0.03695986046873569,-0.03363514237196844,-0.045829895828546574,-0.04758948488801994,0.05489352679662533,-0.03670874541079545,0.0030279592671627227,finance
164,0.3071344596843043,-0.19043695662019036,0.11892325623193428,0.017483887565796018,-0.0038968174329792765,-0.0056037909286924,-0.008139639873704934,0.01736888770534897,0.011524899497652612,-0.04137542025668061,0.03883588144815439,0.08563211136531039,0.06316860121510458,-0.07759385579494844,0.053312124347861166,0.012653122515047514,-0.02239622005735886,-0.011747659875247417,0.016694650738811934,0.057154493178393766,-0.051712779293320375,-0.07721316818182504,0.09746230381827407,0.0686431564133943,-0.04513275881125542,-0.00951310909640919,-0.05521063787410128,0.04663793986258095,0.040868194313127534,-0.06468170119769255,0.014343329583856874,-0.028396390066309233,0.1840274371073892,-0.04185898321859791,0.11038346851048256,-0.012941916059659648,-0.08038797193311972,-0.020642128374796707,-0.015296755611209599,-0.0699075973539564,0.008260962339639704,-0.043303020234530115,-0.07661108391313688,-0.0505815200098333,-0.05417816290280981,0.011826181214777975,-0.1335263909842371,0.07913529417050655,0.14364185403169533,-0.10659865192256784,0.07749709703477496,-0.02267163258972326,-0.08246669131534079,-0.15809579231111479,-0.016643700305442672,0.015138647797078448,-0.033045374614452644,0.011237350381597174,-0.004336859648089741,-0.08933587676080307,-0.07711622444153318,0.00464248481046211,-0.011938137247979973,0.05813659454538039,-0.04713199526294836,-0.017607597807143,0.022339377501184518,0.0215624815065378,-0.09571627426624503,-0.014907689546093863,0.07387579306836341,-0.03184672615925146,0.0630764823114438,0.008940145926236725,-0.039522278763867096,0.02301549838444872,0.01270716477915744,-0.048392104473813896,-0.07420278987558054,-0.020201043036031322,-0.020751451757487258,-0.03938057118501603,0.051748310342939106,-0.01572945338781176,-0.06014352630588399,0.04338595675476086,-0.09437903286800892,0.0382762836586988,-0.1488520957222231,0.09651097838948561,0.12424419967422436,-0.08040523484063893,0.13219516445496315,0.08780962681069825,0.04449024279123263,0.0379090072811828,0.10201115952409189,-0.15592875243733084,0.03216325433029174,0.0006239198379708567,0.026806008466620724,-0.08341872235931161,0.08083030166204569,-0.10282558240638559,-0.024262974843245105,-0.009528002072938977,0.04467617483388292,-0.04597291371555147,-0.11123836376503722,0.07969218145259073,-0.13050561149987,0.09068433416544273,-0.048659992844344815,-0.1419285342365854,-0.08275470000819836,-0.15695502982158066,0.20362105378273618,-0.05222420819741107,0.19271670104534513,0.0260963483686667,-0.05093844263342152,0.05750957736900558,0.02094557654033851,-0.14006969101371508,-0.0021743784082861703,0.045622564540107706,-0.13343252344262727,-0.008282834646877853,0.03744763259579471,-0.002376675903535299,0.07034383381362622,0.013228695195972468,-0.02486002913055749,-0.04188985043547852,-0.023083655766219884,0.06615826455222158,-0.011100685426643022,-0.052448476200075124,-0.029439061761009362,0.08092601017684711,-0.07984505593165253,0.013412979085608895,-0.0042079572942191916,-0.028958946483964226,finance
165,0.03698386168413751,0.012360749525937038,-0.11314182027082935,-0.020283189995819732,0.026855054607036678,-0.037815498095580005,0.02710352392554466,-0.027636998853727977,0.0358224533566796,-0.07358280605551237,-0.05476372255043123,0.04441367695274247,0.0007067871092024297,0.02467515456429946,0.0006113415629236176,0.03454341497303931,-0.0021322996736649834,0.020952903607509833,-0.017546433119904867,-0.040229947032249726,0.09791973064068737,0.13733485104499665,0.1135769883343762,-0.01780527212664998,-0.01916480603620383,0.08771747795539575,0.07932401105205382,-0.0685140609273153,0.030429512022641894,-0.04079726737086515,0.019241497366946483,0.0062586289731927985,0.11436260463325165,-0.0024154227962990466,-0.06272592356075482,0.044807382454456104,-0.04546770174701239,0.030918795797664395,-0.07592537366184281,0.030497274530046393,-0.17157267821242533,0.0795641630548999,0.01971172531176776,0.10582105848372975,0.04984289553018132,0.08311080368185698,-0.09872354142584906,-0.04395151172403397,-0.049289723934380185,0.28753371407184175,0.020329723603131296,-0.02369569839057092,0.0337154680544421,0.02451091410278518,0.05276401889892476,0.05462056050187872,0.13762995611341527,0.01743447021704429,-0.09969420455716053,-0.09677081107280218,-0.07547192691098599,-0.06525315140929579,-0.08530623628555252,-0.32926117142021477,-0.05228250795857944,-0.21898494571303156,-0.1199684061109732,-0.07379370378311506,0.029631280918195977,-0.07688456390397298,0.10305316927464654,-0.1793341457123777,0.08068867974257989,0.12406903317604706,-0.10151715312727085,-0.03892424476781242,-0.08744562196953908,-0.07209927194707312,0.12289756260218584,-0.20808693724262392,0.08227799974798988,0.15737730354626175,-0.014893978871055603,-0.1111807832609776,-0.23966846474132097,0.052035857222049633,-0.06286133554179196,-0.0892786197519999,0.14043569065020753,0.0974163498080001,-0.05787400457494357,0.001087457229308119,-0.04708028438055665,-0.018762129099239928,0.09137763068037719,-0.13336135516489303,-0.042668985862434144,-0.18162767853208558,0.0204738024038852,0.02627914892135484,0.03557699408289627,-0.11369412249065595,0.006037617635618259,0.02991610930434486,0.018018041347653238,0.07074957563657666,-0.040159454015423035,-0.0897501697360235,0.03300945079511252,0.009534347524065677,0.050802685550663695,-0.043931102850403365,-0.056939750081292775,0.046319196752671245,0.011534476703568861,-0.031068968458167732,0.03713892434875151,-0.01292333981431478,0.0008282782217887249,0.06136644696985933,0.012254671610230812,-0.01893057868906296,0.03613207068011225,-0.07361049776681003,-0.0233430286636442,-0.03397095482653361,0.016311710124509504,-0.0510208183996164,0.019248674675022618,0.021044802340778067,-0.02389881353827215,-0.025957091691698367,0.014744784464225232,-0.024661231823783967,-0.011131005672552183,0.007828803391912798,-0.0017211075369569014,-0.0018292983360071052,-0.010491726930470109,-0.025998811126649337,0.01020822361118767,0.016613818133691293,-0.00668008927148721,0.009611728114358965,finance
166,0.25953206955974545,-0.18724042323280435,-0.018951473224922064,-0.0010918146071920152,0.011057311898260784,-0.062365196355491835,-0.09098819875140436,0.07274573440044003,0.05210282605663519,-0.15940369770573706,0.1992741147349359,-0.04699131032483693,0.02598563408600222,-0.10136613918847967,0.02105836038154974,0.036591393317527456,-0.014496191408737428,0.03044724799989171,0.008826628232860238,-0.035917946307881844,-0.11532665032571018,-0.11693889418650215,-0.08431148465637674,0.010074900784023674,0.07638432526486667,-0.12804634319553448,-0.004069114060668861,0.04298092647349132,-0.09836853346341104,0.08071299552637255,0.05661399355401884,0.13916269516262497,-0.06345831252492877,-0.03170001778138381,-0.000586208971029921,-0.033712234291387984,0.04779430351248377,0.1329342157410804,-0.13109811297561816,0.03804692727659798,0.11305465231993338,0.027821121608448844,-0.013319013783928527,0.08561002190030047,0.025004393286626993,0.0889269719653643,0.03463974097572409,0.014855237005286199,-0.02424212194509999,0.19933796673577883,-0.051035063385657546,0.018012442459492975,0.0978890096075708,0.040424318169285434,-0.0424432636723361,0.0002950261021219659,0.008715365960751295,-0.0365469087385169,0.056394194472165926,-0.06570360126946878,0.03773121385786359,0.01311492363863135,-0.10396524069672979,0.003922133253041676,0.02860206063925917,-0.025800389750964155,0.12097981054471069,0.058246503877535584,0.05636528985168887,-0.08352006500658071,0.054164219985163804,0.038336718820246654,-0.03633541503293928,-0.042257214365203584,-0.03255706783956692,-0.004373614091809748,-0.11854374339096777,0.051776680297370176,-0.04310878155997146,-0.01979993654818374,-0.023693230871336225,-0.05372831686581217,0.003541471188950992,-0.013659464606188203,-0.013850304526772099,0.021108607532027094,-0.028505665395204216,0.03029136163146624,-0.019685382851738473,-0.02909675087599189,-0.016575791676780038,-0.012706404071821198,0.0026787057194864973,-0.038769185714788906,0.050905638177878985,-0.06722214633314852,0.034796133552670444,0.0009229897368019627,0.0402458574357249,0.06344070380713644,-0.07787672584516535,-0.002446893768236964,0.10666111863985928,0.04080894695203064,-0.0041003656301238575,-0.07056172219230886,0.05584720852165095,0.1768553339168337,0.031226419396610552,-0.09848935314019064,0.029287560585171474,-0.10381916953867591,-0.04420872001098892,-0.016466485254023066,-0.01567984846254569,-0.09776774676024483,-0.06381157802028431,0.002912759894317128,0.005860533479212295,0.036446992358821664,0.03583294137695302,-0.20738799295889357,0.06302035018594412,-0.04488907053566631,-0.034365517178296036,0.056552499237384146,-0.04563430959355722,0.11908557012314153,0.027200654234120998,-0.03488520820358825,0.0007474004007820377,-0.035225303357292646,0.1793460803570047,0.16844825538637442,0.0350616509840732,-0.011483153279807692,-0.03306145749487371,-0.041243928282764394,0.02690726154305794,0.061163091129907164,-0.06281472456213752,0.02585605383469767,0.033620309984578337,-0.005126759068901932,finance
167,0.2740440510810499,-0.25617433575123694,0.19201601461106152,0.0010419037762840237,-0.033697254033571516,0.0376061394880901,-0.012224073656837035,0.015244292827441356,-0.037555555410409495,0.027964531720502766,0.017093767701336922,0.035175147675451594,0.11072911516602979,-0.0814111733748227,0.12952644599567506,0.020770408995223946,-0.06609932144494221,-0.08306355369718191,0.02759263945227878,0.09337058687466408,0.02843020963431133,0.05610011994385858,0.06552653428730353,0.04142818355781042,-0.08989117692825153,0.052699189234934246,-0.03024317321114103,0.10335402462642174,0.11673687451022521,-0.24264007050652006,-0.14031495198925453,-0.137308189729335,-0.04110283587241447,-0.011738870085875963,-0.055049450171751314,0.171312235594706,0.1367219108709663,0.22515862176381254,-0.1519593958003206,0.06359255173641372,0.015923015367957993,0.055346796365147784,0.1459726092656531,0.046210116308365995,-0.12513977261264825,-0.010642829722619804,0.015585513706993978,-0.07142394247944879,-0.016443060433908672,-0.00778202029618788,-0.00797138023953548,0.09548335417560609,-0.11618638387104652,-0.04149581906908588,0.11016641804547486,0.02125649624732272,0.02897055851029295,0.0370625860526219,0.1221937678551846,0.05538281042719467,-0.008033183463132483,0.13613871083775894,-0.12722426015292002,-0.00025760044225413276,0.03688488397198614,-0.01623985600837845,-0.014364211536964083,0.057511800494623816,-0.08706613341031566,0.0583726272261786,-0.02343750303663079,0.050509728745301616,0.048137901572240516,-0.03604995658632204,0.0035345832060226894,-0.08636739267426385,-0.0836723738043298,0.04610773826838829,-0.00644036599651746,0.09922522905884977,-0.03266072839934364,-0.006891679496463178,-0.017563598752904797,-0.0842970003671271,0.04244310380125532,-0.01986400129892318,-0.0019209011038476597,-0.04727442939750602,0.04330916947820102,0.07305329188875187,-0.01532321528939086,-0.007117069406499379,-0.05523808045650359,-0.06116899184094647,-0.01794871866252993,-0.003981648330163756,-0.03722973014765132,0.04013982307247094,-0.021278529501524954,-0.05028885455279778,0.02640919894928913,-0.017268238283136422,-0.04107730059685152,-0.01294376923220909,0.03568001812354077,0.07021660709121638,-0.014065672244051265,-0.031628498718109216,0.009019088298136257,-0.019875231472526157,0.027336195631611396,-0.03257104442284827,0.01573214454584162,0.039596796750544665,-0.021346436000910112,0.003224937577948434,0.012356096218658044,-0.011229211675068783,0.023320596732859793,-0.029126776158708578,-0.009397009307244516,0.05805762972652913,0.04201288987971476,0.02675401509975522,0.02996650898097617,0.009183546413594729,0.005759896175657005,-0.04026736919831191,0.018843838826061773,0.04809860415521385,0.04411808475226429,-0.004573505786625931,0.024499693175724806,0.00303035301180129,-3.1577949382046285e-05,0.00895179067285254,0.00973641515297681,-0.01733685693537467,-0.03751891381946329,0.018648707652406976,-0.023664646933650592,-0.04015013568355654,0.06817644670133163,-0.04506478968583039,finance
168,0.05227007032964132,0.017412183906131466,-0.192667930207813,-0.01256631327274968,0.09835426543688303,-0.13018810524829108,0.020534481170039375,-0.036628935267370974,-0.0030608441318670356,0.1736303039624172,-0.2777795037811699,0.04150317693065476,-0.16512484758885002,-0.3312414998483571,0.11789735466119831,0.5558300806372869,-0.010188055610335828,-0.014503519618159998,0.0036743938498291547,0.15724168606028924,-0.10047806644067198,-0.01817806146189015,-0.15890742080915024,0.0058641250256405006,-0.019342139098211874,0.11265573249980339,0.04444102220331166,-0.02071443806177181,0.049374599052349956,0.014789154084250654,-0.022569241486699126,0.02854660684901079,0.03251381051746913,0.058131631258830994,-0.07370867385543357,-0.01058047318082746,-0.01934041635857471,-0.02854215107635772,0.05947554896862014,0.006192067671486707,-0.05803888738166707,-0.04190076721194488,-0.0009958937142874773,-0.05418310958836224,0.013984819232124173,-0.034749754582092854,0.0062722734151673,-0.00093112888341593,-0.02960990167009611,0.006923355635637586,0.004838884413941524,0.044574065629906796,-0.03751052120660517,0.001767581991327681,-0.009811728458311627,0.03351124919835765,0.034751050701730325,0.005334966006224694,-0.003337562892456852,-0.016061084630417093,-0.03970590170799095,-0.005924214727146061,-0.022520751722320057,-0.0068315248613289685,0.006409847834441071,-0.015011143534830403,-0.03993979772906152,0.005708917119193127,0.03114577743189482,-0.0026135788926806803,0.010139435675369957,-0.012784221451416866,0.007211471873670409,-0.014994579737510293,0.014531401598578495,0.028018017886583688,0.005207808718644767,-0.006894766603988315,-0.015599836438464925,0.005034723269739595,-0.008780613370373402,-0.038118616523829,0.010383923157638104,-0.0034912231835898676,0.029299254969708224,-0.0023853174624301945,0.00327991355668138,0.028190124550826832,-0.0013360609108157319,-0.01643446335737337,0.016556831121115285,0.011634692055624512,-0.0009036702344177219,0.01967542182668848,-0.023569781442537744,-0.020137318587479417,0.01372706834402028,-0.0008081428412181302,0.01669039883030305,0.03409922258742424,0.019233949073561133,-0.010486456265975662,-0.012672855168600826,0.008682541532653479,0.014565705500241768,-0.023691565559238518,0.01771197929942405,-0.007823513721966666,-0.005490596388526277,0.034989557613072375,0.026139648771735975,0.003248750216122909,0.032928272501630565,-0.01478264977000462,0.026179326371595587,-0.025428902797764993,0.038872862298482184,-0.023042562590279467,-0.00804953826327816,-0.022684092031912625,0.017014167100769553,-0.0005021197513341134,-0.07773787367557707,0.0029035028887360766,-0.02180092001078474,0.02451064645494755,-0.017829654616189912,0.04021664905235324,-0.04319274635878409,-0.04986742534798851,0.025601024525018976,0.03731912955658172,-0.029212806162279534,0.039344609145796204,-0.01116427981407739,0.010139206062393748,-0.034468528968385474,-0.03361800888467403,0.007485884261069074,-0.037824057405051285,-0.037115488707639796,0.03805783816095494,-0.02485970874875342,-0.018881455276217197,finance
169,0.4250120330995659,-0.33149281504623856,0.2605865763049145,0.018777812354056445,-0.021227025644191357,0.03294547478691462,0.007588635418492837,-0.0009877559168665513,0.00060672388491201,-0.009106967648632306,0.01071825931843943,0.036160148080721634,0.10193788531843971,-0.0509534729010065,0.08794543481318873,0.04257910482369527,-0.03541861102163536,-0.07018534951388308,0.04170226389721086,0.0633674997057937,0.0183966635899154,0.012243740116354472,0.015222537623757587,-0.017310521047407598,-0.05146849355165659,0.010142109045338243,-0.021142980582970247,0.03954500644178924,0.08119592031277971,-0.12073379542834893,-0.07781507035822134,-0.035974722470792586,-0.06011463854162005,-0.01889328847244389,-0.03110847122453919,0.10121280102298977,0.10205814855372763,0.12828252477283128,-0.1059899194748679,0.055139460134267196,0.011825137519821668,0.043878810152757304,0.023266386798002258,0.04897259804124038,-0.040129931678458394,0.028041269991052067,0.003643749672021785,-0.01991944123173304,-0.01502128930618879,0.06481413779975147,-0.01786713721276451,0.0353893416918135,-0.03393614027916599,-0.0006461334652021815,0.044851705769362836,-0.012992944666215315,0.0014790445615826876,0.006936416665824023,0.01725391237735826,-0.0008887987429275761,0.020826647780034048,0.061734578594777004,-0.08436473983893744,0.0032129268492581756,0.05163613129822617,-0.045227795201551346,0.07948079034286423,0.01509159419929025,0.012448928611275806,0.0032538863935478025,0.05958242885232462,0.06344530638761972,0.010852439662746923,-0.0596229892108794,-0.03632374928988263,0.016916812559115976,-0.06382581678789297,0.05531223875673555,-0.016197196365260364,0.009360105166263519,-0.0609424858993138,-0.057816093102834684,0.010658857644240821,-0.05047899480433039,0.060209539067008,0.017887184791405657,-0.013415684366303046,0.014286471471471338,0.029737443556925553,-0.05093529259680584,-0.026788350321900925,0.0468353111100611,-0.017445304047627463,-0.03521626153512278,0.004800980912575626,-0.025742961351820675,0.013157952443108268,-0.06129827137070612,0.015593269393775009,-0.009809041225808965,0.018739188166737003,0.019124439872138542,0.0406207978933114,-0.02771219842689615,-0.0011359146261748917,-0.095096748985325,0.04670991302707659,0.05111626146958884,0.03622089714765986,-0.05804683472695119,-0.031863014016094204,-0.012827849198576505,-0.03659329942636794,0.009006446818695496,-0.06585558630715711,0.02394296958296939,0.08165278424887155,-0.005731470410027724,-0.07499304777434138,0.06142709096655083,-0.018532188748972046,-0.041868095859971366,0.09571954495139012,0.003605267030858675,-0.025156667279500493,0.06589741440146941,0.01437194001019195,-0.00531395501060627,-0.07495390132333739,0.030628259952313667,0.12392783440277859,-0.0640106022506457,0.006104982680283775,0.02404737636056283,-0.03484259200999338,0.009076813996647507,0.07851092198319974,-0.023395439814125424,-0.0741895723341332,-0.023138560810028255,0.05173085582485007,-0.04686726130378987,0.05176798520550778,-0.00606806755842805,finance
170,0.08281424512144715,-0.00651270650489402,-0.1510894656069029,-0.008508488818415144,0.04230283262260087,-0.04354579148470473,0.05602494596534041,-0.06657545228404929,0.04157386893475835,-0.08248132740460203,-0.1099540202156328,0.15480448306192351,0.04264824445542394,-0.11856376026153308,0.06247411014966828,-0.020381455889926403,-0.021371114279083295,0.07284090850021352,0.0031720282481189016,-0.0096458313602555,0.04334299884584002,-0.040105888599573994,0.48535999065808894,0.14138908251799764,-0.11399463360065921,0.06284408041719777,0.18064816126889274,-0.041199664606012314,-0.13865662950354257,-0.0024101698876254837,0.0006207837755128224,-0.13831511828562454,0.13663228548908954,0.31165817255513556,-0.07365672941836907,0.013198244111029343,-0.0803482786545081,0.01735495645532131,-0.18615762881842143,-0.014836806413428754,0.040224180928714444,-0.0193065330687006,-0.09219143859723956,-0.10895322140344117,0.06921879101729683,-0.014115890913838924,0.018848181755739542,0.01520395035269229,-0.11411971289674903,0.06217761590944679,-0.058162930992997894,0.003839182258757835,0.06835218284411651,0.02781685057582019,0.0067760590133679076,-0.07381591416244698,-0.01945055690637247,-0.01968745919337433,-0.07856705026203141,0.012450226661817868,0.023608884868369796,0.019164609980926305,-0.04321890332786828,-0.042579119173638415,0.0005343781720611018,0.10568300735342372,-0.03071110674378387,-0.03221733397238912,0.003644305098054497,0.08747300417612294,-0.0119670886995822,-0.020439213728111732,0.008871572519605336,-0.0455254392074053,-0.013775171075263368,-0.04401422440601746,0.009278769669029433,0.000807410228750964,-0.003418727168445221,-0.030030747399073708,-0.03145421412793224,-0.024230400710883858,0.009091322128543355,-0.015360870732921611,-0.0014097772368229808,-0.028647406335222298,-0.03230031660759199,0.0257587770135378,-0.004753631096112106,-0.007166220417872424,-0.01218214204402871,0.00858342086571313,0.02731472165511393,0.04962676870072247,0.027292298984538468,0.03101034787757547,-0.005727664915429896,0.0018671948196493106,0.0023553957223273235,0.03209817751794778,0.03418089710958894,0.024238092491066877,-0.044136783415169065,-0.00850557272322463,0.0016503788624649656,-0.00862360684747322,-0.009691178022592822,0.04732117493431907,-0.013842123874521259,-0.029548963135205258,0.006812241217328556,-0.002696979122499218,-0.01055507502298085,0.012883133511384539,0.007082945129726185,0.03197896877546482,-0.06366908250197689,0.050090608841822114,0.028581468142243126,0.049410881163286714,-0.007633345994885411,0.009548187802957542,0.009177091363592318,-0.028688893314432723,0.01167377056311114,0.029822203627957934,0.054555502991306286,0.047965038634895076,0.06082457146357381,0.051285980159443,0.0493149623727476,0.01235067411816741,-0.001875621301316469,0.054190636967383375,-0.07996131127080491,-0.03863030621068164,-0.01912397927046094,0.039741001628287066,-0.007055479124207338,0.007294202898607957,0.03421824178578094,0.05446435618075169,-0.0021588680523077146,0.03718719970550092,finance
171,0.02733511471040407,-0.0024345670946486304,-0.1676898742732757,-0.002545335456725285,0.029097147776241408,-0.020774311883140533,-0.030069068171949778,0.04887597689262893,0.05366821256139787,-0.1274333583091498,0.08905942750954768,-0.14833304527582294,0.0035108028553115732,-0.020467704233872362,-0.01690844375642126,-0.02827556043086704,0.011672677271522817,0.02742458177473204,-0.0030968802518665734,-0.07126755935844507,0.03851237936011859,0.065072308019714,-0.057179983034998556,-0.07169659062170956,-0.065722665012446,0.05026935896834699,0.06482348624472443,-0.22484892073870322,0.07613112501798498,0.05999132684756483,-0.01991696829640208,-0.043028980828792786,0.06273784547130835,-0.034329662550651265,0.05364259740280753,0.017147236714080603,0.08307742709350181,0.07668717271657652,-0.00898321748178212,0.05512687167386935,-0.11803522873051557,-0.029773466060230343,0.1629724316719483,-0.13163652487474956,0.07408335300426486,-0.05600721695363203,-0.032264368127355614,0.043403789781257446,-0.0900724994125053,0.1130679091749869,0.0238338525635515,-0.11795076963431182,-0.04609116201515887,0.018479426022436622,0.19823076412844687,-0.10469774268401925,0.10937571708616248,0.11103817070299322,0.01686439088721814,0.07443215482651946,-0.029714316420222955,0.03110606850796974,0.08807903372124207,-0.06731140963174435,0.08591590000168389,-0.2005020569000466,0.06752765224226567,0.09373910463058452,-0.048720807191770514,0.07137855611535963,-0.10201699020186189,0.09979814290612793,-0.16402038574058153,0.057522342698151874,0.11678415363975062,0.12683389414138646,0.0564226939375324,0.0030548446597876916,0.23030540675813047,0.12542308040279052,0.028859070564758855,-0.08661026332092447,0.0024340674159427154,0.03627011754925531,0.008337279640679165,-0.043755506430680983,-0.24708120547537377,0.07025411014767875,-0.09110226407188478,0.0685852519666056,0.20875538854828957,-0.18633098000495077,0.11566726228087652,0.15711384844734627,0.07620856196203313,0.021986114534566847,-0.09133472495190874,-0.006518585679335754,0.10328762192949954,0.07447010302396256,0.09931939025157732,0.08739318036169325,-0.023537571169040823,-0.006355651815960424,-0.053929947429231566,-0.051654019958387754,0.039300497451965746,0.06974952072898345,0.006159057129093117,-0.021599862466763764,0.06334908541623542,0.027508277339237726,-0.005306839936467115,0.018850740731365334,-0.048050442365073935,0.004567618331783694,0.04947377264698755,0.044945039772866784,-0.06538205371985312,0.0689299908047485,0.004818818443711185,-0.010172977257459938,-0.03870043786056341,0.0019905323659001233,0.09384019447520398,0.03889798129153757,-0.015466034145118686,0.0051588122450561815,-0.039855822395910706,-0.03824167159076382,-0.09185568969235594,0.020149648427991728,-0.00882852491196259,0.0020821798360384984,0.03704643028215028,-0.051452115428866595,0.05440624636010048,0.03611340883031663,-0.023775326487510542,0.007492645540291526,0.02545050526926569,-0.07282167256532865,0.03775082696617856,-0.0105380401475911,finance
172,0.04523501861614698,0.010262278398386483,-0.15222366403089732,-0.017738474813233637,0.05997353510388865,-0.07808547234874366,-0.008111141766813086,0.00761985040179365,0.02806363063603658,-0.06756725769065795,-0.007668271403287761,0.03343991827201058,0.03226060098557168,-0.014107161654098258,0.014551456560379532,-0.026498606985834682,0.04019863760568885,-0.05121769440107873,0.02857583232750227,0.09987310022815894,-0.06805905835024263,-0.06717892167789609,0.11607995937320285,0.07121674809826267,-0.025730908053118087,0.04398025250674836,0.08354076821395309,-0.020669138158446718,-0.05396229145658612,0.020579717851601047,0.04491442285381109,0.017380216375418877,0.07673735366797335,0.09126548973233693,0.07601288179312848,-0.019747456414357677,0.0003658294433411252,-0.02060169716016589,0.11207983016574208,-0.1125011948234536,-0.05371021320078374,-0.020496153315688322,-0.018736304913357104,0.03935302924226871,-0.08703922178045698,-0.08037159285246787,0.13604723077657757,-0.0195130079245289,0.10677763761576195,-0.06611430123230042,0.07286863989001734,0.1579121323348106,-0.061329366245982515,-0.08688341926454198,-0.23487191149008144,0.08024781441354353,-0.01102034152411211,0.12844977921199144,0.06407482438228854,0.08535135982280105,-0.05311878994089337,0.021745168784307704,-0.04393858247239491,-0.03575872624838269,0.2629720925716249,-0.08272324926237176,0.19221378110287496,-0.06660721475474693,0.014680732673971129,-0.34664159084214796,-0.07982237583434904,-0.0070583533626182565,0.05603136390670451,0.15126101314840534,0.03567647841784447,0.015980294064164978,-0.21784358380001625,0.25007605448621406,0.15648531143500685,0.03381626633755838,0.144289489577974,0.1215359583122752,-0.049746782390776456,0.05358973528061134,0.012810616360980217,0.06294415992208802,-0.009931191355709197,0.0572161565009133,0.008650229156956577,0.005108359117695153,-0.15995945813615106,-0.10986186081368288,-0.02614090986088068,0.04368079635395076,0.12628430652633285,0.09399411231775008,-0.029581551971261784,0.06275143143339657,0.12364334753224077,-0.0011536826084064238,-0.041546948895188555,0.027867802900533412,0.0129835213886055,-0.08985991865576616,-0.07044291176054338,0.045443423278694835,0.04834854898851592,0.010349565458745746,-0.048405943544790664,0.0018564705563588395,-0.1409684076317673,-0.079711428010172,0.027352238071382925,-0.023737313332921547,0.05437654154581448,0.07923470135757918,-0.04920325387091851,0.02136411622732653,0.03677468147332909,-0.007000641203206931,-0.0420309113879965,0.05281110562502253,0.0015605817636945775,0.04535021601169971,0.021137166597853627,0.03906661963750954,0.0008073562923420819,0.04040936038914732,0.04914829213231071,-0.04629787442765956,-0.011617267828989114,0.023617951004538465,-0.004989393849164119,-0.012439394958607838,-0.023151723058634072,0.006331886378690794,0.008656304418490064,0.014266085961030373,-0.019750956041366147,-0.029987607670885777,0.01254213674162903,-0.0063926966015185925,-0.015496132463206996,-0.019500518122059093,finance
173,0.06366745112684087,0.006754522934481489,-0.11931346471720071,-0.02356588971153753,0.05028343600771825,-0.0786397616245055,-0.036985570199732996,0.03109781998172326,-0.02077814986759425,-0.0046714821379020225,0.020269210349898724,-0.12507115578260652,-0.09657000888431927,0.12664415310627208,-0.006748200870721225,0.027978576700269,0.06421209139791464,-0.023751536243149088,-0.012992945832720097,0.028718860575309223,0.17834813908469088,0.2538922661497244,0.06285453810908671,-0.10455999912484719,-0.2654933022301858,0.11388440065587628,0.01062599171137244,0.26448859132689245,-0.012465712204517457,-0.08439292855624943,0.18048758800681286,0.3595598010877129,0.037420734147304464,-0.05369787735134728,0.02175602314822182,-0.038994555562536504,0.021203335499069182,0.08037605974705192,0.016772717985158943,-0.028258436317481244,0.0034482049488866384,0.025253200022677846,-0.09294974598619622,0.036545287329581275,-0.04546300328497539,0.0393294807799316,-0.011398009137137578,0.061012437422995586,0.0022621693131680684,-0.013259702854102867,-0.02421398366808185,0.04259188247387078,0.03728302038657113,-0.0011822719787307533,0.01726885442870605,0.01799832379728643,-0.09745635627700942,-0.0413000545197217,0.0017542590558124159,0.00937452084644179,-0.02007494764791654,0.0022697776400402332,0.03800571977577381,0.053391288603706476,-0.05312787579803965,0.022959369662551597,-0.04772818418553526,0.03704934624013413,-0.012611089244414208,0.07205035313596551,-0.02719778824593462,0.03183790051063136,0.014863943012741266,0.0555743522267722,-0.018283856009487003,0.030848108652467718,0.006116712085558402,-0.09419137518965298,0.004065080533576938,-0.04087290791475529,-0.10958663281026378,0.02029553203489917,0.06277573604538524,-0.04635954624561528,0.062080417864603714,0.03178734412161441,-0.10177506076596107,0.045435804486547084,0.04300061707891924,-0.04508012147112297,-0.06961980004746901,-0.05894976521130067,0.11049369684238472,0.0382331236843162,0.02737129381309273,-0.05587581268499562,-0.0339460902627816,-0.03886841632514026,-0.0034192704977258435,0.036936874957281825,-0.01954316146753464,0.046237661318011665,-0.08242926820277559,0.01821510767112326,-0.12538056867795672,-0.054704347020428014,-0.05475195387905332,0.04679863871644515,-0.010643211368651099,-0.09272356320638363,-0.05476262577823556,-0.10414666168039452,-0.0695081877848337,-0.0057437058257667935,-0.06834092479353196,-0.0020690885341469677,0.0015413314457421825,-0.12854717422476175,0.024678621689251414,-0.0703052185669192,-0.10484093741900728,0.029396455794576275,0.021499947717490687,0.122574077734198,-0.027868958452248585,-0.07131050377624801,-0.013244738106258178,0.03309422542106474,-0.043045958239040054,0.021800620755542465,0.04394926372327962,0.0157261646896917,0.011132106477788912,0.0452692708567065,-0.07859592532340341,-0.03563899405746388,0.011167948387356474,0.0880507436924185,-0.09916874328037577,0.11242203992981308,-0.011935793971075881,0.06798192905839384,-0.08894504330345622,-0.09854484256139015,finance
174,0.03577181383227664,0.011486679536765979,-0.1608163128729169,-0.0018575660963515328,0.0349447612129728,-0.02917098214512909,0.047058939886295295,-0.060734264152621203,0.03228992378293853,-0.07132851593938498,-0.089067348664169,0.08788405274950799,0.020808564737376484,-0.07879506332638705,0.057747261367317206,-0.053320236469954756,-0.006007597851941239,0.045438271545591394,0.006483028363953907,0.0031956897947060447,0.0855819511020485,0.008626237511258806,0.48737543821499973,0.12181335030244508,-0.08753134510635127,0.07968652395746438,0.18798210520547737,-0.056561179081710454,-0.10929148683726989,-0.014282825726092772,-0.009490363588430995,-0.12273188565534082,0.09538843474057156,0.33301255175485706,-0.07038553152152548,0.003844372636849499,-0.06626997750198604,0.010702831281438605,-0.16898371496266637,0.011629814764797438,0.08996883148514877,-0.0036492288828568983,-0.08350782348265204,-0.14314402306253748,0.08369337460249975,-0.05243742173868698,0.04810397148707542,0.016066709302277903,-0.19345493524168353,0.05798034075651056,-0.07393082921279731,-0.06381984587690637,0.11124583157138865,0.05233632547944986,-0.028492785271286125,-0.05539140289017125,-0.07562112154156822,-0.030542038572334274,-0.08958350417270435,0.006603858018700546,0.0862741320404889,-0.010910765699085846,0.04527745461496128,0.06068331859635133,-0.04532030002387837,0.07360666807298014,-0.01572708272381814,0.02368743831580922,-0.0005996586828155697,0.03328353088486394,-0.016894895229316583,0.0012994549638285723,-0.0033412610139559526,-0.05178949953373981,0.009929286424811414,-0.037562938819656444,-0.042172984278220735,0.06671322765245163,-0.011857765248309232,0.02742753347755611,-0.018198869327430867,-0.09891930290572237,0.006273072766118164,0.008208287953928075,0.06785152689962981,-0.02914884847309694,-0.003995417627906865,-0.006756756318803215,-0.030550866538083102,-0.03201332608641207,0.017838073010908888,0.02914336865737372,-0.004153916068484587,0.016994121609742927,0.021257696726038146,0.024430343492911125,0.003191006020890867,0.05470811862435235,0.04118402158695817,-0.0029718243138725383,-0.07084398338821923,0.04049812849082432,-0.0003320975903374799,-0.027353598242518568,0.0047426651545779495,-0.043280566050261066,0.06947169049016913,-0.0231769904549815,-0.01588584451152334,0.014027579475628285,-0.007019835144591629,0.014253993988147766,-0.0032856921398386188,-0.01934219858078776,-0.03803708519479807,-0.022607248155578998,-0.012510880506402129,-0.048976573102542054,0.013949228528918714,-0.0639061103151459,-0.0076813930313766885,-0.011709250671110909,0.005895811034024179,-0.004819249933168909,-0.017760686709452567,-0.008306372909417997,-0.05736339790629416,-0.022116668245517727,0.015447020898691358,-0.044921465244785776,-0.05256611020495874,-0.003497240321174059,-0.01720341283506428,-0.051838437052367584,0.07140018091635525,0.02480385556777976,-0.013019423843808026,-0.027739496266255145,-0.009163596443777669,-0.005858535144492003,-0.020222799376439747,-0.04257244259936088,-0.017261849487852317,-0.02421678924407144,finance
175,0.2280009913712053,-0.1872513655891255,0.007455517328158121,0.021241277690038293,-0.04090355012873927,0.009255656213152805,-0.06485111745466642,0.08199442450643331,0.06661525869777266,-0.1824905886654064,0.17199986858627384,-0.03809545359147198,0.040118141234076386,-0.10390665633043018,0.009281140328066978,0.05126217267330732,-0.03490573110323413,0.05617202123666538,-0.030660626620517797,-0.10171843051763527,-0.028899924164214705,-0.11635406191089046,-0.12357778120755569,0.0025238304257513824,0.06315486786992341,-0.07056396915841474,0.03783089642847755,0.03025731580948923,-0.1390407250254012,0.15333141142808798,0.0683538941558679,0.139600440379497,-0.04457572537557372,0.004226943145296219,-0.11645781161241535,-0.09627508698627942,-0.019950579445231327,-0.046983849590868175,0.033239509657070065,0.0051696506529324065,-0.030216886560599874,-0.05410645707066637,-0.07148519582017551,-0.018656646836169744,0.043151490248051996,-0.031011131010171365,-0.011714403130508888,-0.01436790133657355,0.055676681280080915,0.09549980005417177,-0.019670299368654713,0.05502416969147693,0.08674057298839187,0.15477690524621734,0.07001648807876308,0.011408333114041267,0.0809321963706495,-0.0917845402332121,-0.026002146064669635,-0.033227453059517215,0.1019874000155716,-0.01584913130031844,0.14911669191419297,0.06667095317133141,-0.06463996981512737,-0.06074387527936249,-0.028936538224783353,0.09194381505288773,-0.0036836365360336863,0.05515390793664066,-0.05159314033739697,-0.03863475633418255,0.002539532918999855,0.07718603581212954,-0.08972953313765661,-0.10799710176172683,-0.0005390938058432415,0.06113398593427954,0.015767267278757702,0.06610093293800977,0.02981589105271926,-0.0037020082517909792,-0.011729968007964161,0.02669724623902449,0.019347190665759392,-0.0765067006367092,0.05975685069346813,-0.10574023787976407,-0.048596552950635336,0.002969628509541284,0.09663899569738912,-0.06846830604538631,-0.017369652691293494,0.007106440547347838,-0.008694783138942052,0.03075346904637338,-0.009888487112130535,0.0830069812560222,0.11124217886786429,-0.045254969653714824,0.07012170204829714,-0.014733787570379322,0.04255080744188736,-0.09522555957133286,0.04435200015415631,0.15733242819410845,-0.0509589404504516,-0.12892179107168708,-0.006544046545008929,0.037691525894114106,-0.06999805151889783,-0.046013750158250245,0.013076195131765701,0.15430561570987575,-0.019878597194446106,0.08924327471164954,0.0014454800968183063,-0.1756913968782483,0.053829551190683445,-0.044539369070543636,-0.0032191940532668236,0.13597515071262334,0.08059503226918269,0.00428001321408326,0.11007350348377669,0.10971867634312955,0.036960531718100105,-0.10830386081154354,0.08625244852285523,0.07038251433380108,0.06748226120939918,-0.07811710265123774,-0.06617675158022447,-0.12068047480655307,0.016438940912793285,0.049183480069674566,0.00631320360128956,-0.02860690923225403,-0.06054713053188226,0.03198104014915873,-0.06666008718597738,0.009605686714998115,-0.05192749641975108,0.015277760589213861,finance
176,0.14070519651658134,0.1223578142755729,-0.09757903933184088,-0.0694250191651526,0.14655478161587115,-0.29864640723725105,-0.2574907623627252,0.27724719461719827,-0.13499423737957186,0.5441468412837714,0.12395812206653477,0.09269468205957804,0.13742467535642722,0.006698954279951393,0.024033221006010422,-0.2229304112718705,-0.040293761530684306,0.03247636316752773,-0.030949336846738448,-0.08174220109912692,-0.04515582117626065,-0.055802674162265274,-0.002736191306374378,0.002918172796790745,-0.0023406924133943558,-0.01396483389770066,0.009021748059187698,0.010915147661427848,0.0021506725384181627,-0.012406139703648237,0.01791055978076731,-0.01030248165255076,0.011541892603039297,-0.012332125466784003,-0.04364883421087276,0.02723447866580466,-0.0017504279742717407,0.004570004271377456,0.010234207979404407,0.025617641163906735,-0.033371600809961884,-0.025736633597215994,-0.030389253295214524,-0.004957623905432662,0.025379870933148783,-0.015450109234140669,0.022114406351965023,0.02049651681663674,-0.002043335706603353,0.017060727048037926,-0.03579286281480996,-0.0027042687193535617,-0.00965995612074366,0.011893046742484975,0.006337187975448772,-0.020151127661525357,0.039962561079784804,-0.021788552653610908,-0.011815954868665867,0.01395295862258834,0.025509170178817105,-0.016905618393516664,0.0077650913991043295,-0.0003280802140823035,0.005448046211628271,0.02170276069503048,0.004118754082026376,-0.0037120293233620398,-0.003104483585481214,-0.01971815146961014,-0.010198688863084174,-0.0032184100638178717,0.007965011010905217,0.008085769073644491,-0.02525151164973123,0.007370192827875597,0.006664135832100005,-0.004370928657850504,0.022866792106852576,-0.0330620000848095,0.01628201589490434,-0.020593534056607167,-0.006591564997003988,0.009175834488440018,-0.03557797509042644,0.0012714479383824997,-0.0008338315503440257,-0.04374512353036759,-0.005695855082778136,-0.002579041768186204,-0.0019473122897495066,-0.011626641675130264,-0.027583521737391613,0.019740423134005328,0.023414527334177794,0.004443587104012982,-0.016829754805809307,0.006781637333665699,-0.009867698075557197,-0.005471854262533788,-0.014033578529916275,0.03137933776779724,-0.011352181866476843,0.0193181136577981,-0.03213673303004071,0.024210980596050747,0.00040938038613374817,0.003975227545855478,-0.009501579433023212,0.015680397960287844,-0.009167916605766123,-0.00010861011261282128,0.015308771805236956,-0.013713292355164244,0.006141017099628676,-0.009078086898747091,-0.014756673319661014,-0.02920732055453461,-0.010464803639538662,-0.014484211539472654,-0.01208803106833739,-0.006120179658916066,-0.029115526248915072,0.01937462620552931,0.006834739119087837,-0.002216748922792339,-0.019643586703600998,0.0016008019469099504,-0.007021726768449702,-0.004876316052800581,-0.003366291676618651,0.011321164611616355,0.001867970165398306,0.009770378684409428,0.005229146342831758,0.027557624531741154,-0.04565761819837279,-0.005663160923240368,0.01928576504259542,-0.016265327527535824,-0.045541952590230084,-0.003032904191233351,0.0008099746801819035,-0.005134317491876569,finance
177,0.33880433520277453,-0.3119819821595089,0.18234852309550198,0.01608466037421477,-0.02954583061949678,0.03284296920810626,0.009200546249853146,0.0073310834103744475,0.011462729756824623,-0.08097935343764388,0.06231517704121449,0.027992145734649886,0.017604376419901282,-0.026378401078665015,0.040438393429595355,-0.013662587150141388,-0.0038776844492706547,-0.01941775652211245,0.008083560769639593,0.0059637415920205375,-0.0019858692896118123,-0.04568978243041422,0.0009074778673478363,0.00474077891687587,0.09220685743013948,-0.03504294671105816,-0.086749240364148,0.06485902739562012,0.11152891163937616,-0.004290786484704108,0.006651155638397147,0.1512925470274428,0.01743294871342349,-0.0027649304532479948,-0.06748420857364129,-0.01510363747085179,-0.12471479142576165,0.002382824395216146,0.051331095186739804,-0.037419184221666714,-0.08882773922966694,-0.11104695301259519,-0.07865520065071314,-0.013766056359329122,0.04452238236808323,-0.019949444054281812,0.08600966565453817,0.04002372461837595,-0.05008908838006344,-0.043794147785152934,0.0014988287458628502,-0.07132680946154879,0.04572393758467178,0.03551934308556998,-0.08681539564028101,-0.031160095868602453,0.07370558139433946,0.006684223133663465,-0.13940872547144076,-0.02690338226933347,0.03140876946708897,-0.019056861861235938,0.14926727199874543,0.03005215368878454,-0.06332658454250717,-0.024170252820032552,-0.0759541698160673,-0.11048335676311333,-0.024318892835537717,0.03150749228293477,-0.11658876050752023,-0.003468187337829389,-0.016932447075358903,0.08568894913687157,0.009434698161928979,-0.06764871344282454,0.006401913635899662,-0.02352838983063516,0.06950715447479514,0.07211930956029587,0.008895185256787484,-0.00629609521554727,0.05739158300381888,0.015459207866570174,-0.059728255010554954,0.007062474462492919,-0.02172729121069278,-0.002926981454185556,-0.002218741209748599,-0.011060231809205713,0.012391727209871051,0.03434851184799375,0.04203971050187168,0.01676167157786125,0.027940767263051263,0.04809978951421618,-0.058747822616938,0.10131411085575454,-0.030191505396454082,-0.04796151762677467,0.027620990642321378,-0.04099945911511721,-0.04647047097611228,-0.024854940163667898,0.051020851965391016,0.047250658424326665,-0.05919223074601144,-0.004077484655980353,-0.034308575403103815,-0.03658176258099436,0.061645848518252555,-0.09232841847909712,0.047702132609462405,0.1280280833377922,0.011624551746795957,-0.04647416206042347,-0.019315813489018896,0.03241689112404241,-0.060251544835234594,-0.06053940727331486,0.076862745979413,0.07252175083087516,-0.12653642621464958,0.06576284499301374,-0.10025157480976343,-0.044515378112162426,-0.14481022405031047,0.07137363982836435,0.08378628970584294,-0.02871119283506955,0.0004713918273990289,-0.00529252753042656,0.029020458505228046,0.21464205722442625,-0.09159709947776035,-0.007660483896191168,0.0759986770553937,0.033934631493174265,-0.06750307986485399,-0.052395869720772266,0.011045587816891286,0.030817513440549928,0.1190784725193186,-0.051716007530540196,finance
178,0.05424219959038139,0.004853967483930779,-0.21547298616432647,-0.008068134869966145,0.06008151041644745,-0.06142047810919827,-0.05248312520656847,0.04317408423907912,0.08155616942664898,-0.20696753526479433,0.14918948647411326,-0.13513446474155624,-0.05096901085246764,0.030204721397357207,-0.12600026086691063,-0.024488840009201426,0.07155157542490696,0.08070273264545419,0.04698000004042761,-0.07562395349396198,-0.17744756870518,-0.11581558374606277,-0.054863880111783246,-0.04663047680546211,-0.1926972636047891,0.01757442367053873,-0.07274738559205624,-0.13113897400177907,0.2948448456745457,-0.12050750862534779,-0.13219805487982697,-0.05520807559920516,-0.1634999207633634,0.16678050582043086,-0.06309885809125593,0.1603444224899572,0.057008216722924894,-0.04278857597927039,0.1841612771780832,0.06196177899817468,0.04038995807874187,0.03311275832551665,-0.1558760325133925,0.0755843906176838,0.05777716087635994,0.0411076655331633,0.08197618696878627,0.246144507394207,0.06040883817288571,0.0975356637416032,-0.03642742398233686,0.07975449562328786,0.052818759248823594,-0.08103949445237638,-0.09665264792969219,0.11075796317100331,-0.15743643870120622,0.01901781300358228,-0.06944404915941048,0.02496716504924188,0.00982865401710437,0.06674180668983727,-0.05019026584971752,-0.026116635745703436,-0.04908217127930792,0.10905033370274778,-0.026747313198223845,-0.041545206653904335,-0.0153356859236864,0.030465205781689052,0.044542499368974794,-0.04185651779451033,-0.0343005312055248,0.020277394461012198,0.004527169227394073,-0.046390678294902704,0.001508534739036944,-0.023846642239362743,-0.048553561407086665,0.009564977112183836,0.06359630704275467,0.0009726558517932179,-0.02133718520482707,-0.022448351892681472,-0.04153912417666462,0.030674298671163894,0.004321115344224401,-0.03882394363899561,0.052688209215856874,-0.010675050774084977,0.009240193447725392,-0.01235493402821067,0.03556392498306955,-0.00808206595284381,0.0024600524866299047,-0.009623218867935907,-0.019884836077086594,0.024166134011378727,-0.01669376481854718,-0.016295653338032318,-0.019664628149589983,-0.002361330672420465,-0.004574897300849172,0.012174943537478935,-0.0264004146945527,-0.001408721684255687,-0.013081378680332042,0.016725080105355398,-0.010545659440337769,0.006808391159104308,-0.038701528739454094,-0.0017896983911031721,0.033231518809541775,0.016744438090124367,-0.009059681892194908,-0.02525225352377123,-0.014617503307262192,-0.019579284948357808,0.005134590125339091,-0.019360699405382216,-0.03464529661384003,-0.020647992137400612,7.617004581173345e-06,-0.04743884609418858,-0.00694379244223411,-0.01744050244383883,0.02148094621254449,0.025010480800266653,-0.015167920680256151,-0.049349527997655865,0.004160996646820365,-0.0005889342311825137,0.013658697125946926,0.016894806457904737,0.00957616578106606,0.02773567773337151,-0.06668208989442648,-0.0148172738038653,-0.022122328208763302,0.005666011496567658,-0.01689089601792411,-0.033216663074484946,0.03733177059421556,0.01728626007578482,finance
179,0.05437146576354013,-0.009445619264865044,-0.1768339380465542,-0.009813658922813906,0.06906698301789442,-0.09512303779587067,-0.0029293452947118,-0.02194851758317807,0.0007630371925319286,0.09324789786741958,-0.09241916255100102,0.0925799479708885,0.004811946382455533,-0.0664088014477352,0.007694381490609349,-0.07764191899794025,0.030692548200159833,0.007048257372192261,0.0013378404877605623,-0.04452818541763531,0.015664259552038803,-0.026612926775179326,0.23948041086894542,0.01038438896625711,0.045418229623527095,-0.023959342773022044,0.019328022774682232,-0.09268245585100739,0.02940341445405763,0.05392311388575573,-0.01625763426182252,0.048119582536412644,-0.17266501457104774,-0.21125205225155141,-0.0723936887131052,-0.06340449896766562,0.006131110845565705,-0.012401811333200036,-0.026493082396648597,-0.008183155844314264,-0.10780968579696158,0.056187142826819796,0.02416427304520719,0.2318618491799001,0.08856098720590923,0.14287608241257957,-0.11400104623789505,0.08128828480571494,0.12524745614384697,0.16470515838209163,0.008116022178522362,0.05511733365880182,-0.03565875326605379,-0.1717292953130648,-0.1308185568691591,-0.048573972943619446,-0.08629695304827116,0.07134883186696458,0.08242929621141797,0.036875780703049726,0.03927387058178941,-0.04455190204086273,0.07570824395239399,0.22950734710332973,-0.06983295404707196,0.06635536018293994,0.018130614050562908,-0.009068439333909722,0.008751855947508222,-0.1211224436709865,-0.13085752291742261,0.04003197614147424,-0.005352501163935076,0.0367535068083391,0.11368891013315019,-0.08902247736282452,-0.10910013406356517,-0.10811083373803587,0.029039996322656282,0.07085339803516448,-0.06450330085916142,0.049518074529804626,-0.026199737791285135,-0.08321547518144289,0.19226473614342054,-0.04577452032155018,0.013066718044468998,0.11495668134915045,-0.06479267827619806,0.07095596838414721,0.10794499270738474,0.046679376974008195,-0.10327683445436163,0.07992258516074155,0.05080572047688481,0.015830712802530483,0.06226427872083108,-0.10720639624033033,-0.0011559959655015094,-0.07623989144484562,0.04849191600936018,0.0030700164272176116,0.03584910809598364,0.030173344621984812,0.06754938744355403,-0.06710590621380141,0.02146881747693057,-0.06328838809309903,0.06834103153799462,-0.04668452764733622,0.050887076584381026,0.03434980901837856,0.01932842223629069,0.014479083988937621,-0.06894595093631546,-0.00023092457616183035,0.006241900213011732,-0.09595681151001798,-0.07096529381973386,0.02600485220150298,0.0772025698975765,-0.03824350516637758,0.12911396286913981,-0.12015040665011577,-0.0077866672292250545,-0.10807237414795051,-0.012123474081789612,0.02281793355569065,0.03302066291494525,0.060671320801570346,-0.1811409488472658,-0.11516867747165473,-0.10825675956928768,0.018845382588068955,-0.0035756589766516734,-0.04564353422757072,-0.009897530118811034,0.024673504325923457,-0.015642931938399468,-0.03235165810541051,0.07309225067408387,0.0633109687983909,-0.05401832866524862,0.012653554412095596,finance
180,0.05515704323422644,0.007708175898396163,-0.21129699175216465,-0.0189168646561812,0.06211468974204053,-0.07524529367412833,-0.024176160110826073,0.0009833714026704957,0.05920025585324219,-0.162270914524391,0.033696684751848796,0.03070271756848923,0.04272688363006517,-0.060310312167518886,-0.05321139100143232,-0.0548273238968101,-0.002000570490617837,0.0738111649962932,0.008559548928068947,-0.05965202014426814,-0.15622085965523833,-0.1707072819096702,-0.01072614763615716,0.025603900737339817,-0.1052255781803099,-0.06674273962598101,-0.013644244838215292,-0.01720926768426941,0.0020690449994303834,0.04180254829811489,-0.003736589765147935,0.025362189854857428,0.02187754242003555,0.10578088914996285,0.05771992150750587,-0.0021006872088050383,0.032381665394487884,0.09879083784196299,0.10779102548176231,-0.08080510041982777,-0.20229520710838442,-0.015111587901911874,-0.10380846815149807,0.01673984128113004,-0.12758816370152248,-0.05560862091762353,0.10760962592317194,-0.07710735443419914,-0.019171767880879327,-0.13020636797278057,-0.001989014332118352,0.02892039864911665,-0.09365534958820909,-0.008030827746156339,0.01674544688292701,-0.13499699268701124,0.1340231510885047,-0.02359638192465257,0.09220152436635626,-0.02154406024352611,-0.13221431070598347,-0.10288077504356963,0.05143721734615657,-0.05708796695852046,0.13977561536715255,-0.1013499053640675,-0.030731186500891673,0.006657728996797576,0.07986453128511344,0.2073006892331984,-0.10147093800617678,0.003563183407452103,-0.01610097205691443,0.0028243659432946543,-0.10150676135253583,0.1334095217297887,0.04370325819722834,-0.03432779907563502,0.09542757390847174,-0.08708670598868752,-0.17509976465427657,-0.044740135805245614,0.03008481257027447,0.015046046557259017,0.04817511802637602,-0.052177462720771464,0.013367576952360963,0.06410196704244804,0.0813157806802588,-0.04181185555312833,-0.09770218982305841,0.17270221315682036,-0.17387710549318258,0.015223593414413199,-0.07313367523622764,-0.02920217060496706,-0.01221038277803329,-0.08937072870177219,-0.1208900480335797,-0.056630967192163144,-0.017832125301723727,-0.01060038144788524,-0.021761149436737758,0.07920098500226101,0.03107272277928269,-0.02760362863354239,-0.011177633952139717,-0.06255395589129145,-0.06542250047105408,0.043761583269175224,0.0006301561886464397,-0.015831259453683362,0.07636161553221102,-0.005967941020038308,-0.09378501853430234,-0.011658748342866098,0.0850836587418429,0.1676874230996135,0.16159962369836833,-0.09891231400685654,-0.046646713031361565,-0.03298455614229554,0.19980194700254048,0.07312389366554262,0.09841450804204442,-0.018084661327341912,-0.08990740506226343,0.07742776430132407,0.016530069305485527,-0.016537665958971923,-0.11976754737327798,-0.061911661239359116,-0.055813955475986554,0.00844667788320934,-0.01624267457554475,-0.022883033919181204,-0.06329392700673882,0.03565246689319463,-0.0009382311617492169,0.004339962812221067,-0.04221830467898884,0.07447212494358602,-0.008212170268913046,0.0015468570481105312,finance
181,0.12669842629682035,0.04640039525574333,-0.12880748543501916,-0.0497738816626827,0.16138394153133506,-0.3043116608332594,-0.2741433390183463,0.30652803199436934,-0.15304493519831028,0.594444000286449,0.1504266371680211,0.08083695532240684,0.10820551065359288,-0.00015583974276509914,0.05334056060121128,-0.23531069497339271,-0.0635131262271703,0.036289712840891074,-0.04409209498668753,-0.11711895705562303,-0.026872000038369193,-0.049909830476411836,-0.004540304191084477,0.014861970290104127,0.010398639497938183,-0.010468655166480722,-0.0052993405821640145,0.020205582048839887,0.008192127449719548,-0.019995450697210603,0.03336721171989101,-0.014265634132540167,0.009671716965289723,-0.019920290421816797,-0.03139841260191948,0.039339561808700935,0.016442734765239022,0.0019868166990213917,0.0018810072615246876,0.021861672265117378,-0.01051929142748848,0.012006601746507046,-0.024664032137187483,-0.017868524753560645,0.013676511683456299,-0.014811262754457667,0.00522450216460916,0.015509237240435207,0.0020333032464157617,0.006566783784123828,-0.03463333613342032,-0.01262894489905708,0.016323609596762583,0.02155584266979631,0.005189653101361525,-0.015566231861807158,0.03630199476440234,-0.015793179466992532,-0.02222843973375214,0.016091144315960863,0.0272147038578812,0.00016446969990772375,0.004845705682789396,-0.029223601985697456,-0.007297333115434054,0.01776157650873476,-0.020858419231095746,0.0009695709837856,0.001019746376346581,0.026177684131749365,-0.016466275284124046,-0.014437606145211827,0.0022562106795039625,0.00497035806535557,-0.01313559852057302,0.009373219242032502,0.008075422714288774,-0.0016144243003054389,-0.010920956505519892,-0.021816329283961683,0.004937082741674228,-3.063568831341129e-05,0.020403335592066085,0.00621692983613492,-0.044384425538352174,-0.008728955434923987,-0.010538997760785967,-0.014347955499629788,0.004805575745262385,-0.006903351919600916,-0.02576332362724757,-0.010191261368775401,-0.013642594487495588,-0.000796074544202658,0.0058861555544708856,0.010018812997421994,-0.032128199596331924,-0.002234394687269999,-0.003225433222772504,0.010147075198100612,0.005614175763005115,0.024574912673202515,-0.03000745206429747,-0.017124571894658266,-0.017020616228068313,0.0029367624269552024,-0.0014358195610597961,0.0030450478799431695,-0.020380607084593026,0.017292108180179972,-0.024652078962882965,0.01005892419327642,0.017103380519346748,-0.019306984357799626,0.01852259718141344,-0.0017490472436463116,-0.00751446193718986,0.022578659080216782,0.005136548218358456,-0.011270998542822647,-0.010642015241125513,0.014107965000631766,-0.011916820558773614,0.0158371757653312,-0.011345449432800692,0.003898042213030666,-0.005921493805224805,-0.0017840408195993849,-0.004099781552826478,-0.001867370377610532,0.015468403114553678,0.02042761007085987,0.013373784725710856,0.010062587027615815,0.0003769434595402593,0.010389469434953554,0.006325783586105602,-0.010026276344634273,-0.005730682924384105,0.0029682558456924444,-0.01437912540884877,-0.0065665733028182635,0.0023031843809605507,0.008595270406487021,finance
182,0.06849094730431243,-0.001036306553316702,-0.1867105050622114,-0.014166670734900468,0.0911649384389921,-0.12481186209191875,0.004649678715709404,-0.014046279170997851,0.03677166456802527,-0.0084182687900078,-0.19632744722122994,0.2806340603679558,0.1309842974445126,0.12748816860197107,-0.06146428317571047,-0.052893009667722514,0.015806965009260168,-0.09144205016434108,0.03734410637246359,-0.012654841728032504,0.13177887657218745,0.11454907481893815,-0.040570022401104314,-0.1735564972778629,-0.10012244674033964,-0.26751635508671456,-0.2797979069844915,0.07569057087023097,-0.06930264614184545,0.17892691627768792,-0.05685457489084319,-0.10683758875127954,0.08374334778344693,0.1388783461957691,-0.03651584209743938,-0.044379615688309566,0.07722207697180851,-0.002542042627713198,0.05398255438895821,0.009101961060038,-0.032570792440722654,0.03790480205485289,0.01262893537044565,-0.0009599379816685571,-0.003135328747182626,-0.00892168750033176,0.0020670723623959944,0.03818056798586331,-0.018542564341036988,0.05719114892958715,-0.004431656141899822,0.06494998252688347,-0.02026227643931004,-0.007807705892542815,0.014341603886443881,0.00863498784587923,0.03989537863116775,0.01588861339959872,0.02996663169171403,0.08034418116168353,-0.005887234959875552,0.0021771500014716298,-0.0234682048123551,-0.017723668945705894,0.01481647490850806,-0.00983029687611968,-0.0024393004639500925,-0.0034092996669040205,0.001394995182594651,-0.04732101829338436,-0.02728718249425969,0.01789217342317827,0.0513948213763115,-0.0010301855429887125,0.0508646289240529,-0.03781642842056848,0.022297721873234547,-0.0309761286390824,-0.03921835157755044,0.0036135324765087786,0.007852063751412551,-0.004095411778786131,0.004509574902280699,-0.0024909058630333135,0.009955730637151387,-0.025515115101388663,-0.025060266876877506,-0.023081082032876104,-0.04298021263709991,0.0006395474065235325,0.016096266945615754,-0.0483548182922728,-0.027459187587031267,-0.014456045608128269,-0.022790404997510054,-0.0421279080188538,-0.03841213847988741,0.015217880513375824,0.022149778893658,0.005940141345569991,0.09247320739567429,-0.016618821752478242,0.03181782208739224,0.021178386510887836,0.03564035040219387,0.08831742164257074,0.0367282677489916,-0.011978248120214705,0.03190956145849334,0.05999781691169093,0.02116235724539188,0.05910953051224313,-0.005362510260882068,0.04601609673919132,0.00863683414444588,-0.09394756824591727,-0.013390497888743004,-0.13310300754441146,-0.045639945673619495,0.020058569383362333,0.005619557866670618,0.005765037130326722,-0.13007416197378427,-0.030178595253114966,6.349120601094476e-05,0.1631259283359146,0.03828541654365887,0.09405355758326124,-0.11778070509006437,-0.1215678532228095,0.10407125067839429,0.007173511863463121,-0.16616516188862285,0.1387045481524512,-0.05631229132203272,-0.05957297566585196,-0.13754564011591314,0.022894627948637777,0.09017175262560322,-0.012550617490371369,-0.10427613671501537,0.22515174350883643,-0.0005717850084969619,-0.029476515303287106,finance
183,0.022570380540484457,-0.002218178786934,-0.1675817922093599,-0.01565694556495555,0.04150429096105226,-0.050912710115865546,-0.029945574639682337,0.0071742943038032945,0.025283438753111048,-0.06375153166738722,0.06579193462613814,-0.07498135627675795,-0.08410643949602198,0.011099706237188913,-0.06043881596428479,0.011123214334858906,0.03528996142155691,-0.014204299406500209,0.022624461284142017,0.008838109471021783,-0.05189417416629767,0.0026448562032617257,-0.05648884275499941,-0.024294423748166066,-0.0704118616008704,0.016211725538561594,-0.016210127213380998,-0.021153770382758234,0.08035918048202154,-0.09829160705144904,-0.11113499251934675,-0.09785069476116243,-0.19725346886966838,-0.028827665490307443,0.01693689129853836,-0.05110663480714917,-0.17102043504117415,-0.08585906110906757,-0.09870222972568143,-0.05054156454040452,0.10104937241812167,-0.007518567682104764,-0.044573341011201174,0.08157762245625133,-0.03837149424329225,0.06562218021791226,-0.10625970230468613,-0.14246934708457246,0.007087096169082785,-0.025970828744476045,0.07398087464188013,0.07955490051697751,0.15677829793458598,0.049836144369155705,0.08427299019560396,0.0550436610040289,-0.10041625929490695,0.017305549498638398,-0.030757569201191787,-0.02031305594601108,0.20474199106909668,-0.09591586395671982,-0.11772066945921944,-0.1355911714969543,0.09475439765002407,0.12221131050391759,0.1130111095422318,0.0015706801435612803,-0.16192699759868362,0.02169340228869592,-0.24042389915374196,0.042144340900579495,0.2155952491829056,0.05213436723232233,0.05048337995998539,0.02242466650594418,0.1208550830003843,-0.06760482924664783,0.1748558478714359,-0.1704956190521622,-0.0622922786052709,-0.09382369418725199,0.004471031521973046,0.11433263218835633,0.006767435734588538,-0.11996638535268246,-0.15059240424969084,0.06910870048798884,-0.09961077346324941,-0.0900825765625916,-0.034392686752361346,-0.01399231565880615,0.030871883832352134,-0.053119058641854636,0.05893017399453159,-0.0958010914135736,-0.05163038119294927,0.1678471113414128,-0.07425205121509108,-0.18070496663651964,-0.009143288735455255,-0.1614030018767478,0.06477283544324948,0.12153142957896677,0.032642785226185946,0.13535704245397692,0.17102990808356347,-0.08714768529763417,0.043848532624122534,0.053647533246230276,-0.07470216268313094,0.02878762644915041,-0.05925138913151426,-0.009354110152096045,0.001703065298721196,0.01953008597404396,0.017343484416604837,0.03258150085142056,-0.03144711626914135,0.06048582746219593,-0.006903850225469669,-0.02046120649231705,0.007984676781042008,-0.014065165328633599,-0.023636810326121263,0.0012637182699433813,-0.007743443924333021,-0.014919507731792528,-0.01012825020118665,-0.015357514921967807,0.003259973768003116,0.004242149106985938,0.005270378471758935,0.00544029825094346,0.013389987886082672,-0.016247005866589802,0.032147687545084506,-0.005173566534221555,-0.012565516564980242,0.01909234485411837,-0.0080007716380676,-0.025172448699588214,-0.009477584248757873,-0.009704412049114465,finance
184,0.09908430703850277,-0.055196108820798305,-0.10915070195184819,-0.008206945418120752,0.058609791507486915,-0.08683092961370252,-0.018626626943617133,0.008423438193394707,0.010972819705110432,0.017362776464914326,-0.07108970379030218,-0.009510077170743071,-0.07935412256119928,0.07707542211937421,-0.06567512198186341,0.05830260136214447,0.06813720854168218,-0.08514626320102626,0.03025420237518909,0.04644520049659877,0.15787459669035864,0.1620688473545119,-0.042330920834640046,-0.21106623797909346,-0.11983235714231902,-0.3797265743744776,-0.34787542808238636,0.13310359242248282,-0.13075594597554346,0.17432150884694345,-0.06311333802712778,-0.18421155244410584,0.03482790887564511,0.11807385103211407,-0.028955535298034258,-0.006039061426343765,0.016658906323536102,0.018126274867837095,-0.043242013446718,0.011259100666908009,0.0023184451399654773,0.0002281358887134381,-0.019462300333487465,0.03820171606853335,0.008288895246115726,0.0026539490716640884,-0.02836631196284105,-0.014411313847139456,-0.03920591344917215,0.033738038021523024,-0.0022808606799682458,0.037807314375583795,0.005870794021505454,0.007159620486211485,-0.01872019383488678,0.012445080618716301,-0.02928787926656743,-0.022807488544464002,-0.024903242794237723,0.0032374482626936507,0.03803948885364924,0.008997744130435572,0.007810799198028608,0.02084836910815271,-0.03160914776043513,0.044388596532796136,-0.012429722076816014,0.03949902286838156,-0.03565894220090982,-0.02028124911279895,0.006188985635648771,-0.027528501129370806,-0.0013723499699346802,0.007146864938501392,0.006600422409877312,-0.01256288015237082,-0.060840735928765925,0.05097891271495395,0.05582422499029256,0.032029230229815714,0.06076695127797346,0.019970590595480578,-0.018550424554133627,-0.003279561700537383,-0.021457857287139035,0.06997946743225619,0.01073339939041001,0.00041948722236056655,-0.010210302914361851,-0.01329136993998039,0.03945155843860369,0.01696448185281139,0.050711101031671625,0.01483790082079292,0.024190342852800414,0.051895701230368525,0.02268839715086161,-0.038951803881416225,-0.004298218296582904,-0.0012047851587245655,-0.054904523176195055,0.0019291384620778946,-0.045089933679652694,-0.06655208108340091,-0.030978217748486643,-0.05302840213987383,-0.018402693150881222,0.013751741960913565,-0.057321104035555306,0.013350950226178231,0.010529839884142965,-0.048757193497569434,0.0201602081880352,-0.038021010957654165,0.0896732565452326,0.11693446276165048,0.018308220346728223,0.11895574806829629,0.07920411470232284,-0.01907104957563304,0.039355514181601894,0.016011125215207686,0.08860270012896003,0.030384863766673646,-0.06491287700031632,-0.19098585272908564,-0.04039062941633757,-0.15410451349450932,0.032904929609257394,0.02988724161543104,-0.08442475055062394,-0.024370996195045156,0.06799388660744067,-0.039387877705100875,0.07972664935663286,-0.04430650912907656,-0.1011319028855189,0.08761597191704631,-0.0018438776294825514,0.10888359285158751,-0.04033662218508935,-0.1330740093931595,0.10429462909131898,-0.00938021307594551,finance
185,0.05542829004511452,-0.007445207949725297,-0.1367293926382127,-0.014969807934391859,0.031330966640362175,-0.054898916035650495,-0.0276419905620714,0.029227600921876165,0.020581010721514786,-0.07140757703641745,-0.0029527474047993953,0.023219100911270395,-0.029119276122799062,0.08967314231402566,-0.03012427852460354,-0.013429207989002339,0.017406323406112048,-0.01565844923065492,0.027173954891978793,-0.055860304601077604,0.1331644419847846,0.10143062979998961,0.20340850658294432,0.03553435036762666,0.5448226627256693,-0.0008330264251381518,-0.14348910463767214,-0.0624001983198677,0.3127451855910454,0.013814956256991046,-0.06640457244777002,0.18950224724762404,0.06776849343923781,0.10269913653003475,-0.16298540069433076,-0.059533090181501776,0.04311741596657967,0.0491822362326591,0.07690445470783197,0.07678577974630406,-0.014755561308954328,0.0166864214182262,0.018538287853696375,-0.07836196930725807,-0.06501538750866703,-0.03103030858002764,0.08265906607531859,-0.01681034097133142,0.004453837160833334,-0.01753545123467052,0.002832754838003685,0.05188707362439096,-0.000352117076709886,0.03402029704944785,0.05653895438204027,0.09803743083671031,-0.058009360264698336,-0.02549362143990501,0.10798627822045567,-0.04357715417893064,-0.0134082545715255,-0.020906656503573703,-0.07491615149199035,-0.007535475622419485,0.0010786290165096678,0.0033332455557063593,-0.0019266820153976745,0.09531692670515741,0.028678982923705524,-0.01622543521372682,-0.02123083389611745,-0.03363550176790953,0.03539091373536074,-0.0552329630518114,-0.0008451436192091038,0.026735740764868256,0.012285498024547058,-0.009678197155364146,0.008521983788312067,-0.03170255926362734,0.0017713123857299787,0.021928901009170883,-0.020485347501026298,0.051100976652486405,-0.006356747072084653,-0.0572322309910609,-0.01898901197389506,-0.00818242571227436,-0.06670466131589477,-0.012032958875760204,0.004502162167623856,-0.015156165114876736,-0.009929047491156553,-0.02270965269564291,0.014486167840238135,0.02834086668640579,0.016355502810350035,-0.016547145871870925,-0.016758895840759368,0.032202026613507184,0.02484043208236419,0.029611030019012982,0.01407214177217995,-0.03449243946651421,-0.026811211951636493,-0.020671831336476376,-0.044634647460872846,0.02891169040947489,0.03885305928749348,0.06506004147245824,0.0014845610027115483,-0.02548247474787014,0.019642155969334045,0.008663581930324564,0.014994864578063599,0.013809932294629053,0.00433941557657017,0.00921878351928726,0.03105033537583567,-0.03688042300604088,-0.08048735421704009,-0.010957057193847113,0.039605612580385294,-0.02337084209496077,-0.046398882900047365,-0.003767635517522441,0.06294659531960116,0.004963442659785831,-0.03856354109363158,-0.02696372703009039,0.054935666425290984,0.0438542723943801,2.4638894042184517e-05,-0.036860551307066114,0.009428818667442027,0.006853639321264939,-0.04673068657023517,0.023603325081559965,0.017413589980685765,0.04728630640688403,-0.034751432156905585,-0.06035542589806839,-0.09385767089080392,0.05127951889373102,finance
186,0.037228876439172505,0.0109115178475862,-0.18663471282789282,-0.0022148059531691237,0.03549813426529611,-0.04987678276195738,0.020674761533741513,-0.038921129364580614,0.029637941243151,-0.02714501098853772,-0.034400859278677275,-0.10907700497569743,-0.046608449987772006,-0.03613709499046855,-0.042352211982062134,-0.02777149172120308,0.05212788141253748,0.059275849390867,0.008241897686803782,-0.04006473156259934,-0.022024296624865713,-0.034216691732371095,0.12077099007862259,-0.06430471614801231,-0.06580366991195012,-0.08251302996814336,-0.06155829205882667,-0.045526117031431355,0.09216188065107558,0.036844874303232765,-0.03991255020359003,0.034966933338701406,-0.10490495693953429,-0.07076270901210731,0.014668481150213884,0.015820174062763308,0.023751136060022566,0.01657152213386796,-0.04738702020221659,0.0660480149142154,-0.02729166540039429,-0.02803293158543626,0.09167536476579952,0.069057790381494,0.07460655877040734,-0.045905132742042734,-0.11128009213051529,-0.19881782941965445,-0.07923581265311176,-0.11780858148667359,0.029127540599908793,-0.1964538078924056,-0.1040545722222153,-0.03625540047878179,-0.016428393133829988,-0.08562643222190258,-0.06984501929759282,0.03100150859253571,-0.02390968571349796,-0.006478842751182408,-0.02000886618962798,0.04288280856102951,0.060330867106122066,0.27855197312126523,-0.0939943594641483,-0.11877210032985083,0.039595076433177084,-0.0026149049344239366,-0.21627010379784378,0.03268530901017362,0.1747968317373123,0.03294103792528632,-0.2433409406974884,-0.05200152375906212,-0.12424878368768788,-0.002211666841135729,-0.020282163704193064,0.13168412850118988,-0.027931266018999798,-0.14027892655342827,-0.023450872599840307,0.07501132919872462,-0.04220070092571381,0.12751165058963768,-0.19924319824013356,-0.3457168197725604,-0.10630329673253083,-0.012470885916189209,0.13000732132854873,0.06961308899334366,-0.19541030093558537,0.05273005074214852,-0.02392722691049488,0.0361222572755907,0.13610630849608102,0.10856467553750532,0.032146122932895746,0.043088195542739016,-0.02531549600669528,-0.04465985725895729,-0.14543867142937508,-0.03280719254946387,0.029039158461156653,-0.03228235758341383,-0.027717875676070498,-0.011512115947663925,-0.0012115340333644776,-0.017902452972034685,0.04949588046761753,0.05225725861987812,-0.07188304643194665,-0.04208990164263189,0.0031599881106637094,0.038765633631711,0.06070172760720868,0.027175691504499912,-0.008887198895109086,-0.05361691578990026,-0.036174800745625325,0.018694462190620487,-0.015194407283451726,-0.006954448294487965,-0.007151033760969816,-0.03856421156295018,-0.04923912569349629,0.028023124506026828,-0.0008550739401970672,0.024098687250812708,-0.06315747442257436,-0.030663153041497433,0.04697812721031106,-0.0005396107851391446,-0.040787287043844676,0.014077056313039247,0.0017453142963257614,0.002955027459495062,-0.0067112305420689855,-0.015366738648277593,0.01549289391059669,0.005684406617953639,-0.00841893962572292,0.03169750444105323,-0.017348516441726653,-0.00044270679775901397,finance
187,0.2567162299636975,-0.20470902942695163,-0.02306149184901413,0.0195981002176269,0.009097064910903029,-0.00010988915720886637,-0.06971898583064304,0.06428248866495366,0.10443350819480277,-0.25602659914246634,0.1558936237405808,0.02466387223522601,0.06307896130129428,-0.1484597941132344,0.012254998885068423,0.07845702149468264,-0.04812629952446195,0.10415700391243404,-0.002497582661323597,-0.11262260139957221,-0.10303987756440416,-0.17519147431360227,-0.11151938942383144,0.020934858070847526,0.07066104400658002,-0.11874655432189986,0.05548465282753522,0.06391163322771079,-0.17580698252951218,0.10207026489627825,0.082211638312451,0.11293782850291254,-0.05377818525405437,-0.042933312069818604,-0.04632505019997279,-0.006176487073336339,0.028217704436065645,0.10677258936777163,-0.06673596009792822,0.013965792000678654,-0.04444786517924445,0.038436465253834755,-0.08652414118784431,0.06137106829666044,0.029934622402110055,0.061344981781842826,0.04799990950908476,-0.02840853539043342,0.044650614240436225,0.13635358471358633,-0.0427425899052683,0.0538896607364754,0.08395148269549255,0.11984906492122442,0.06370150024940296,0.007834468275660077,0.08735249635288415,-0.04402803583936588,0.023649635237584715,-0.07362636600390228,0.04213875029056109,0.0011708193794287512,-0.011820298738401866,0.02758182920278242,0.01655994309999572,-0.008609847364023454,0.03572149726050105,0.11818959079016543,0.018586212946083838,0.036749441347244775,-0.0059291362867491815,0.03923136385852609,0.02508516142594709,0.015990982213342317,-0.1281674666303082,-0.05571081489459266,-0.006057838905651988,0.05997218653162784,-0.014212627016075265,0.03685420107682228,0.017904876012192445,-0.03582467981379322,-0.0012624425572726411,0.002299934700439099,-0.041642388417312874,-0.05483329786179508,0.06363972184071112,-0.027579472606648135,-0.0513447207867474,-0.025001834160223356,-0.00608277894821457,-0.003502721029483388,-0.02946741503627136,-0.004215771324095648,0.04745125110418616,0.00016761351353877622,0.03939183296173894,-0.07625302714348042,0.03802868777475065,0.019031548365225536,-0.002111916343383205,0.026784542059047095,0.05074009064677045,0.04965075655245727,0.0015987330512182056,-0.009904011738932761,0.05051682595161951,-0.003350216066056919,-0.05297253384827805,0.00985890491743303,-0.054518983015111,0.011636662782035283,-0.04977415908577549,-0.03643020471339584,-0.007924426703012985,-0.05597456239715967,-0.026858005879437093,-0.044895872423919125,0.018168466063530835,-0.07929213768320835,-0.03923790151696796,-0.023330403281709575,-0.04615271738467873,0.03247592054227243,-0.019067649180846576,0.03191294297769294,0.0648956076012912,0.06619589234833752,-0.06583095495224471,-0.04360641047068411,-0.06869361409786912,0.10826298308503433,0.006218379514225728,-0.10526113337115134,0.025193392071722255,-0.040153601970836984,-0.052304341677435626,-0.013991421987784716,0.01631535474080972,-0.0306548570607204,0.0680900522468502,-0.06296930866333549,-0.013077689339868038,0.007406924536803739,finance
188,0.02389327856680796,-0.01947034596717075,-0.09133599794962999,-0.019472045963450004,0.029388330457360674,0.010529832270058177,-0.024473696089433318,-0.019269927674850012,-0.016362287103541873,-0.06064838188160819,0.03862345894901934,0.03175371971310274,-0.023046911732320794,0.015130608353089277,-0.01080052846805121,-0.003395713792652668,-0.03458486869359906,0.026654746679374147,-0.04608876938060133,-0.017530022022621702,0.0145617999223539,-0.03141125963404589,0.036189708146725084,0.07589791207633413,0.0022986178026321792,0.0538996029374818,-0.07109079845486281,0.08661154327478696,0.06010229972181879,-0.11623694766194713,-0.08202977928273128,-0.07688393356277297,-0.05653819480967294,-0.09066854571922814,0.09566547098743214,-0.23593917578790308,-0.15082112434435427,-0.12923205329225845,-0.04781084564164888,-0.2934221145394561,0.05666329470134724,0.1102597122804409,-0.01654815152201279,-0.06867713624475652,-0.045178604929963596,0.06845086824497532,-0.1420649972767726,0.15055755913237664,0.03319823953073881,0.01179679394276819,-0.06686736034075973,0.03701221665468149,0.042514926025072515,0.04389791490248529,0.05377557040069257,0.03840767457282624,0.08585286863639667,0.20860108930899873,-0.10712384479227394,0.03800234185878272,0.06826304459244864,0.06960755718131995,-0.060143097259192105,0.06980918204573593,0.025346254803166848,-0.04511994738462624,0.023114388513847874,0.11303699665816952,-0.059250725683059155,-0.11278230744866792,-0.09915052988976994,0.11806622680158592,-0.03822286304771114,0.00901754137067462,-0.028872689794191456,0.02731664654408288,0.1369298634973411,-0.008372362198901495,-0.01802229113168722,0.006446964027079461,0.021370431635274828,-0.1656532124452242,-0.05866352866532594,0.010641561466431596,0.005747775114412949,0.08253609128759985,-0.03192682694018663,-0.15371985323089396,0.059004283049426655,0.12588907865711144,-0.08966015902905694,0.162637695142447,0.012535775846188283,-0.06750790684045586,0.036350570906084616,0.05181116319540249,-0.08183779586032205,-0.14440723973939817,-0.09086950465058509,0.10082473773402373,-0.006823145451882708,-0.0985812183219494,0.07959396159389244,-0.13078656819104822,-0.09198501970255521,-0.18696368790530657,-0.1332389222866476,-0.11601693587166877,-0.10637813518735262,-0.0155286138794722,0.16405802019048282,-0.04404804934202077,0.06727039572789088,0.045627941408279186,0.10609623631950363,0.011734527229963772,-0.08038409469597353,-0.00976203884505817,-0.07203148016032299,-0.09256323591671316,-0.007558173980405485,-0.012656332137063488,0.03732609329337691,-0.01611600334183199,0.09937474315723906,0.062677167625448,0.011431148129520353,0.023440493182636104,-0.007741027984388315,-0.030179196004816625,0.01424542497668531,0.13011524771960858,0.013371014037021085,-0.022598133031181137,0.00373162947535467,-0.020689578938414978,-0.03287606787507072,0.007113843037956652,0.020240094544110642,0.018694520268659986,0.018082036258396893,0.0007409901298652449,-0.033841560547244,-0.020496947403102053,finance
189,0.05265932081048385,0.05380277452153754,-0.13993653980515078,0.006751380481836779,0.003489094866788548,0.06950408049892315,0.22072018976632007,-0.2763883601620817,0.024675986229494514,0.16520251872364328,-0.3104866825444149,-0.26317390403970786,0.16030589986719856,-0.18062122986444204,-0.0021377328114417296,-0.1063749569868937,-0.01296854842804335,0.05935603942757469,0.04976754884246687,-0.1550202993462246,-0.03980135770756374,-0.1740583842771704,0.21820044288927487,-0.054329842953512265,-0.07903928334644521,-0.12125632451103255,-0.023725286642057697,-0.03737778745795349,-0.008159980819167552,0.07148433672811529,-0.018526427354796385,0.09412079400678497,-0.1058882337685189,-0.17396001086269722,0.07749447900363694,0.0022887477837130405,0.0458628264962535,-0.06283545561124385,0.07917578509150135,0.031895464886536995,0.07566719742326884,0.010186147438921938,0.06830789263729685,-0.13024567581033003,-0.06477159225642064,0.014972940544030491,0.07216248642408915,0.006433755254286353,0.04408123812828536,-0.07440704476747376,0.03444726516901049,0.0016871623282573667,0.05217648606877291,0.10390911922123983,0.05172765130831646,0.07099850508672279,0.018380190116872946,-0.004931871825019025,-0.0050032305928454715,0.012615020007861067,-0.021168786689739653,0.008787872079575019,-0.01970051232664783,-0.027340370949097238,0.04202753834205923,0.00574943264698796,-0.00928252164155353,-0.01663853483429265,0.002804504461952917,0.01650369668596771,0.010709506469410148,-0.030879181893808134,0.021305102608746324,0.01598799075535561,-0.023183980272395432,-0.019110991982736154,0.012975719402321529,-0.0013734682541171762,-0.043837649401428785,0.03380843554397567,0.02725207114058578,-0.03639736203081785,0.03610960058331378,-0.004640565659805147,-0.021906690929833047,-0.000428788593784848,0.009234478561203387,-0.040337275958475916,-0.013197135485798556,-0.014316775097476574,-0.019186026320589192,-0.08296467099906547,-0.023340549085653944,-0.05231557647582914,-0.005376823044799686,-0.07656281367380105,-0.043140603274398524,-0.023344915483186686,-0.027730332360712102,0.05493393041921127,0.014125325858521968,-0.017742986598933037,-0.061550697337423015,0.031853682403984215,0.007021551244153107,0.022758030131014014,-0.018924676499330065,0.0346702859434564,-0.0038307723658179355,-0.002378925905298475,-0.008418679411072414,-0.025941362535972172,-0.007691744772432428,0.008032995153213316,0.014135559874966152,-0.02691104223237358,0.014494704522865911,-0.015211337874375608,0.016548865078183966,-0.01956322375421202,0.01233371100956371,0.014720431781042832,-0.005375175918742358,0.007439756965692512,-0.051845946695889863,-0.03720758516895986,-0.0072354689725619,0.05603944351047865,0.007583453488986563,0.0022235767508146462,0.005188664603613227,0.017095097823630636,-0.008470814275494508,-0.007573557309813892,0.043301684904063865,0.034637699790834246,0.0024184942983487456,-0.050524342383628316,-0.00739305589083862,-0.04411598737963166,-0.0038161323130787884,-0.061774674732465534,-0.08327052167918872,-0.04076431889884165,finance
190,0.07195593962301769,-0.028387615084220077,-0.11610187414908349,-0.010181105862882565,0.040029051927869964,-0.05117773875931353,-0.022173004297337782,0.0172718213239747,0.03441420732425865,-0.07472931617517607,0.0211025957560993,-0.013113462489721974,-0.03784252216827706,0.026599975164938134,-0.02520348961990431,0.040126494187860365,0.004675456437532613,0.0040017264978595615,0.02744313205264279,-0.00774226696660152,-0.0023679303037208057,-0.04261780060194242,0.043536265137352266,0.028102627328981042,0.27086652060710836,-0.047939186868535204,-0.11038019782077454,0.05257011825441737,0.11188278641765788,-0.03362150888965431,0.001622552561046774,0.08864481016765817,-0.009931528904301268,-0.0661996028817581,0.03250047421647327,-0.057094466352923846,-0.050964469746370464,0.07144290163439398,-0.07980136721638667,-0.08433597443849074,-0.10166733938183703,-0.10416426444076418,-0.10804966153424303,0.05543811796524402,0.03658777330711921,-0.0274456311750474,0.041579501349404885,-0.06312220128633915,0.058441283860228094,-0.12033415370443083,0.004666776346536181,-0.07742346565974804,0.015623288036776225,0.007292656892154373,0.00011012890416197046,-0.15278944503487843,0.1065289058642399,0.021210027251423954,-0.32069727128398284,0.2006561966245242,-0.0013934778184507802,0.166844114717965,0.13920205376302933,0.017361067470190904,0.04146841785903067,0.07567245293864748,0.07148551085712555,-0.24116242136310545,-0.1547899338454163,0.13121762373704768,0.049343591488973014,0.07283064975352481,-0.01677083757916703,0.08990223845723805,-0.02162489457058883,-0.07189599198507451,-0.14609975634039618,0.11296954121128785,-0.05719667391839692,0.08298239203569283,0.05481908675329604,-0.08215097108870452,0.007017744748914154,-0.22457562987525304,0.02627056386835665,0.2044949875180296,0.048290830644641264,0.055984767747990556,0.1834701213174721,0.0516142924379082,0.06745885359360962,0.06975396364298372,0.03078330132638162,0.018561597437094006,-0.049198725226665,-0.16567971918433083,-0.06493195493137446,0.014600962371378461,0.018295231379665596,-0.01268721797750553,-0.041133582139172904,-0.1122077557325333,-0.03282469551602857,0.0862694012447574,-0.0031384314728695934,0.020912093117041237,0.16497854973270695,0.045064230488457764,-0.0016859696595133483,-9.317384275026483e-05,-0.015947480753136255,0.052308036835718955,-0.12792205965429515,-0.04467548610648741,0.02315619272150866,0.03529866576774722,0.02934194339670169,0.038999036323620014,-0.04349246717930414,0.05813233731883023,0.001307900450007931,-0.0021615671902106117,-0.01825670377903752,-0.010998742075209855,0.03719756344855247,0.03795480800837291,0.01763081087469254,-0.031732916839601645,-0.04718868841221248,-0.013893832741135436,-0.0007419806125669614,0.005645398564794687,-0.05573709124552732,-0.028114568026317285,0.02913580094203083,0.030024288486829455,-0.01892272922626344,-0.003472326258494375,0.0146458237977625,0.03639111410484448,-0.01891730519578338,-0.011341556203200993,-0.052757283225027644,0.019329615937401377,finance
191,0.06698346261591799,-0.01899395477765666,-0.15304891576787283,0.007341933799783767,0.01248855055943466,-0.011710166999537443,0.0960297220189619,-0.15409926752132697,0.016676153376962412,0.08515634083519426,-0.21791366594582626,-0.06741730165384686,-0.043549446539791585,-0.1512941378789008,-0.03029963148130953,-0.02824071713991494,0.024253781562641984,0.08963861336665814,0.012669707831540518,-0.10780049283968432,0.008710456736120493,-0.06794898851944299,0.3363052459799963,-0.06912032092145123,-0.12412536287001212,-0.15865610454867027,-0.01920214376617993,-0.07536119575273327,-0.0402222850580747,0.09671465857643267,-0.013355892026610708,0.0875034151376037,-0.20050951399223968,-0.22435954113745118,0.08691616262975403,-0.014293339315425757,0.06710304206329697,-0.11058213788502932,0.022200104458725497,0.0802547765188798,0.05238325454711999,0.034030161084733425,0.1319200353994432,-0.12081730187986914,-0.0678896207637676,-0.01911068948034861,0.0907563363670866,-0.024914397902402963,0.11590493522085007,-0.09417849577058046,0.02177706407575665,-0.08465806161664365,0.03424205417119165,0.16494837641017857,0.05256833979241037,0.08367753353131635,0.017729031420364305,0.056938312886883564,0.04041609909563312,0.010048216676898265,-0.04845309621208047,0.022223979331151493,-0.007876458670471303,-0.012686892072083159,0.0867744981690692,0.012705037097106546,-0.012132090607181595,-0.040130847088955895,-0.0051208970434417885,0.017084410237984026,-0.024714806411365964,0.022530393980052486,0.016653148172206683,0.021913412460418526,-0.01647405958986437,0.002056204961867325,-0.007190137281656031,-0.0011409730277376347,-0.07462560628209348,0.029407011738220096,0.060230781232241806,-0.07259348940624874,0.03179034748694401,-0.050773471408172496,-0.03662838052096605,0.09060935579655492,0.020061509266648465,-0.12172944800594257,-0.009536141649715564,0.009330262360680481,-0.04707402186627232,-0.1949930496300976,0.02145750268392182,-0.14688973302451272,-0.054186754430818995,-0.06740333397214254,-0.06517944030628092,0.07077900934643516,-0.029027528155460936,0.06822543200714135,0.043838023666044834,0.02770416431173891,-0.014472936837087821,-0.01511111082679734,-0.06300079672209542,0.06742354668034332,-0.0779279901118945,-0.040500757552622585,-0.012820526062571622,0.03349932094904326,-0.027960814524568046,0.002285116779006829,-0.05923792432229334,0.02708228691811078,-0.029148040965703628,-0.12124054720019745,-0.012504003266904023,-0.002062680200589688,0.015842987013535693,0.018360659746756776,-0.026162885780861823,-0.057477717139285726,0.06773891734326437,-0.0361048598697077,-0.011903216946518556,-0.045132441480951205,-0.07652085180382334,-0.03214030222952155,0.003792048768928028,0.02088159819512264,-0.048435312543463914,-0.07343850690062718,0.020127480600177404,0.013756623444635754,-0.003824946863214118,-0.025117165754529304,0.006324387883637525,0.07372443970781983,-0.013029470984563774,0.010554921768817293,0.03017382444601586,0.05672810928589618,0.11732757360053366,0.05602598120765859,finance
192,0.10107211218286152,-0.07878849272105103,-0.08579208020019445,-0.009779650912687142,0.02999842614242667,-0.03306914062912716,-0.00429409068485879,-0.006361856969314535,0.009712826008155396,0.0010265310575421139,-0.03689416656484275,-0.018335304792152732,-0.09321536125679764,0.02363974923513775,-0.04035204004550543,0.05347604357736304,0.007453943898874943,3.2007990559531264e-05,-0.018092585684911046,-0.002315813518546816,0.04292284723061135,0.0469512796251175,-0.0057630765791448066,0.016911006536628435,-0.023530714982943138,0.008401740580762984,-0.0024689448778716927,0.07573235674364501,-0.06804910067802204,-0.0491618257186099,0.012239520060474034,0.011271012978281062,-0.07982543866359662,0.013896432743563777,0.09614816867505865,-0.08059751464996709,0.04234685265045738,0.012697387722180223,-0.004254889085112789,0.028809147011300034,0.02446621507277807,0.090020836187382,0.023928576604635605,0.05241292459056292,-0.030372327828108007,0.02898001066571033,-0.00963834960236054,0.01649630877097772,0.042138841343036186,-0.02739773099675539,0.11112276675722284,-0.19848599809796594,0.19735740452582284,-0.10098812832644043,-0.10561691855648928,-0.3213824977324545,-0.1597446956131495,0.15590692630173072,0.18196396693818137,-0.15546448075474903,0.093037381122321,0.00438537376553581,0.1257208032439156,-0.1406345189737151,0.08348758184295854,0.11319510395370323,0.12721288878681067,0.11068640000816739,0.06648883323179701,0.24920014054399525,-0.13434511570521615,-0.1828633981776841,0.1157638829759954,-0.0960032045145826,-0.1105491576269333,0.009533698866475525,-0.10568191816044996,-0.015478791149501169,0.0686247150530376,0.11256551748005161,0.10108880782536249,0.10925595288354985,-0.19692976403682277,0.05142025991473522,-0.13477190492007077,0.06134777940289072,0.0627675902848846,-0.10408768407327892,0.03533413768540424,0.11648934557371782,0.09237077672959743,-0.02256833943694136,-0.0017837863901669494,-0.12388423014084983,-0.07161601520011128,0.1529601334605067,0.027310774884068675,-0.12700275260123348,-0.07684172533493919,-0.04783581669803514,-0.053029046057674424,0.010142253216047887,-0.049480544824647525,-0.06420669271462792,0.04785419306782024,0.0017082259324947846,-0.020301514214603925,0.0948713689653994,-0.021653260158558185,-0.050274125578738206,-0.016033348616873104,0.011054375712356018,0.013749702193749396,0.014687504047973766,0.04653929654827949,0.024515585337167325,0.04837593078122135,0.023815244118400185,-0.07727204129225368,0.06528914293232134,0.006382875274594612,0.0225815605836831,-0.07020790887688205,0.011507357233314607,-0.0157669979881215,0.057013842615736776,-0.03795262146618416,0.022180676691805436,-0.03227868878675234,-0.03485506604160441,0.0014336393198877456,0.013719502738333972,-0.04476591615604256,0.025524401473467823,-0.011370418954599256,0.020998996945806318,0.023520715233849843,-0.04614994070271166,-0.02022230154227364,-0.006950189271426372,-0.023085141110614465,0.020655819188427453,-0.0453014587648272,-0.016212509942821876,finance
193,0.043114116310384164,-0.011579454773619774,-0.14274064169675107,0.00738969344131965,0.020603941456045594,-0.018773777450505548,-0.007212935447734477,0.029105703005481466,0.05597671528235318,-0.13074531402401052,0.01640578522435118,0.016460841554632066,0.02868598846062199,-0.04820346016383921,-0.010936353314237831,0.03480787213554263,-0.01510883595097974,0.0788684534318751,0.0005750511588765892,-0.02750636605538844,-0.05884916483150018,-0.06601161048403457,0.05865149463060505,0.04759809765791075,0.014866136393442229,-0.07311639323938261,0.0001042461130282379,0.036360514283836715,-0.026761795191925047,0.02573777810012311,0.06787504750200266,-0.001214483039410938,0.10175713890538625,0.04534466525074039,0.033657129002233284,0.011318018852014784,0.005669617300278314,0.12319015140256967,-0.05401826978795416,-0.04259420857803269,-0.036263552756949896,-0.05666982540879992,-0.05088665272057404,0.007229048093809735,0.026885942292429077,-0.09165344170737835,-0.09966500631275982,-0.004702604328095673,0.31235214032308356,-0.010831504504002916,-0.025316566751716,-0.03796771477215762,-0.015040089245118949,-0.047064083177211016,0.21636656778672206,-0.05048632300839468,0.20590793541649735,-0.04011102453152439,-0.04286766347442941,0.027842980394512638,-0.1146048282049661,0.07654062681129815,-0.02901787373470697,-0.08182827845072285,-0.02608280278791732,0.30392124691592576,0.26881202135427834,-0.02058736178530944,0.12456726544794573,-0.08921141940615183,0.17224680301786288,-0.08008318687331062,0.0009631093334049088,0.12036883017948333,0.02561057196516593,0.026480470306091373,0.2678832534926604,-0.13849226175116405,-0.12107106287886799,-0.049540612095254156,-0.10751836783256379,0.26537590959868657,-0.1192221678470206,-0.05713501868937439,0.1401329992872067,-0.04413569613608734,-0.15697201372033515,0.06347304162601704,0.03836948864479154,0.047522277182267994,0.03637242953794879,-0.07596178737820557,0.016788214908589102,-0.08938373465373506,0.03523138941020577,0.1313964461189846,-0.0026418787619640715,0.14282704555920003,-0.05299966341508511,-0.036012769748079966,-0.05030879832654926,0.029888651827774577,-0.04278034161355325,-0.07392257630939744,0.05233173645487028,0.005341418198335736,-0.06297783844386592,-0.002758032572976505,-0.01056839588877763,-0.023290441234608255,0.03948007066758062,-0.07464690832938718,0.018691601324007025,0.06404929525508204,0.04613630513676667,0.014135545628485098,-0.0010437811269205625,0.0214576456381147,-0.0493195230711036,0.00596498145749055,-0.0025285040441493712,-0.03142008758765508,0.021177174708880527,0.012027390215055086,-0.03940712021372376,-0.008281171612797001,-0.0020307196784286555,-0.013025738404976108,-0.01957655705961606,0.0004063673201242116,-0.0019899376372626604,0.004895902271187161,-0.004476602684411715,0.017271170949546888,0.011292292330673913,0.016465145183610842,0.014578503175763133,0.0065726483955645615,0.027171753877230677,-0.043778374794083294,0.011259549853664154,-0.03525805528181699,0.022990805593180525,0.005802910104148791,finance
194,0.06894549602401588,-0.0053497931782367746,-0.14669930808386963,0.0005685404988140426,0.030480534631733606,-0.03151404964362121,-0.0024441675274282666,0.01106968537906788,0.029631476804120448,-0.07087883224582502,-0.028126285323892972,0.016513119879667595,-0.05044168158243712,0.09140677843607913,-0.0463378359589104,0.02164400347448697,0.028550291500190134,0.0007163044979850467,0.021350754857613116,-0.031677763821339806,0.10976237972173407,0.08471443198185524,0.15338216076127073,0.006009708892504508,0.5486930806211457,-0.02067452138693433,-0.18035139330134842,-0.014032176162015785,0.30941147434134497,-0.055202585285273935,-0.046978550930365646,0.15914757041720604,0.03830667807703496,0.02906531064163068,-0.06447253965694645,-0.05646639278931847,0.010908218995267258,0.008942324197512317,0.028319088465089324,0.03277499244108147,-0.061255784149515206,0.014406403075770713,0.012755785205460628,-0.05432060055892073,-0.002547383029840145,0.025397119925991744,0.07418623260341838,-0.05560096076806637,-0.011779183578437437,-0.039049137162218084,0.03178655204360014,0.060200307080057386,0.008229755814600934,-0.010042661120805494,0.004340020498649678,-0.059253105748919586,-0.020127961772149375,0.03850870394476387,-0.03922720363284366,0.02284316424171646,-0.017253982032910946,-0.024214653584552676,0.07760301244756156,-0.09569815890053669,0.07349230771507284,0.03329763536211855,-0.060977284759030165,-0.05509746884333241,-0.02910068885875461,0.011313593686139064,-0.04116368465202963,0.002756551747500431,0.09439538086305535,-0.08494454578820429,-0.006145081426646528,-0.09570211793552383,-0.03018960277159131,-0.043123487844575356,-0.03359524698973355,0.030262345730804552,-0.040270705350308696,0.03976051218264564,0.1262861651552547,0.028579460146647032,0.047476726318301035,-0.12583768196861336,-0.07685794917330002,-0.051056227101539925,-0.1966832398734626,0.008011140953225117,-0.07842308634386456,-0.041891119583104715,0.006208070573587231,-0.060617381944059676,0.03280493346016257,0.08489200577420485,0.06332487988907294,-0.08919599209173242,-0.03159588075488608,0.04314009134698247,0.022193032436483108,0.059056573350814295,-0.002551856872787267,0.013698703893437515,-0.011853754226639045,-0.033109246073616094,-0.013443683686257065,-0.013399800446370836,0.0277469386477798,-0.029769963279992376,0.010442942693252048,0.019377829458390363,0.008700631285055986,-0.020717674487232152,-0.03618540038448954,0.0075843746376605195,-0.01919382519294279,0.0359783780267256,0.04093655047023,-0.004050087766539634,0.0030171209428621363,-0.04628703973486221,-0.0039326887428322525,0.04752114501007269,0.032574676765863966,0.003627980504697456,0.02506226690317116,-0.006608019946552532,0.029378982833662033,0.015628191444077812,0.017805496192749702,0.006623632939845149,0.07006217145141727,-0.04266946904425211,-0.0014968994809290042,-0.01481086499850704,0.007074320161190239,-0.019422754422743677,0.007150650390685981,-0.015102699502338711,0.03654497004626562,0.013230571670632615,0.08222916061944846,-0.04188287770766802,finance
195,0.41782213301065435,-0.416778447946005,0.24451492820227727,0.02366029896477926,-0.04238963074390026,0.046410208522355834,0.06139660146919805,-0.10062958481711058,-0.011420515755243065,0.14047280335414195,-0.17723668957757283,-0.044445452667300885,-0.1451893019692976,0.12985858665926914,-0.23856304828526756,-0.05033391550030921,0.05993231431399449,0.09674236648124684,-0.01857004850432214,-0.011794373637671957,-0.07690724213211643,-0.037646548439537644,-0.0009203187714805817,-0.0055163773311223555,-0.052420861930537035,0.014367264620541458,0.036443272455813296,-0.049920902739192634,-0.0037039822267225108,0.05614031322413886,0.011548776370810272,0.024894986413649144,0.0270394546601539,-0.034445054086972064,0.002213652907553209,-0.011715615384767536,-0.01583033240039333,-0.030588809773592247,0.030906309419707203,0.027723053670724505,-0.006027296832238484,-0.01573267435443901,0.019681654479315972,-0.04628352984132148,-0.015552794429411331,-0.03586070255342668,0.07584942946176586,0.001443445023574118,0.02131256600547511,-0.020375470146031086,0.0044836006550330685,-0.038497706478144836,0.007566264493395787,0.06445904546698533,0.029081084311093866,0.07589555874472452,0.0023314775884130325,-0.013032576360056202,-0.028980088587900247,0.02608370866045743,-0.009157564594694459,0.007942113486282312,0.03460501141793818,0.00698766221665908,-0.0007548143548602148,0.0208774880651924,-0.009521545699899252,0.005342965030375093,0.007052664185758565,-0.04093388332517165,0.0024308311763401387,-0.07040588140533306,0.029632872727315605,0.029900199280007228,-0.021448581210129904,0.0021568798792843315,0.020631632071336423,0.018572892661961063,0.04511974897901813,0.00017195605689418984,-0.000680388117088104,0.0015118371575313697,-0.016387773907210117,-0.010781851270940687,0.007857297481678615,0.00976299573518043,-0.015279628013464266,-0.006214957723337103,-0.02293562231814563,-0.005768632915535391,0.03836272112419365,0.0073621297164545695,0.007511629192428932,-0.056595505065012784,-0.02297100926312034,-0.01954439391816865,0.017041835442385838,-0.041236317922422265,-0.05530655366515799,0.008840350460981245,0.0010868269830586858,0.01261555946940395,0.03470110062903079,-0.002862074368826133,-0.017860556393362776,-0.030983772877710702,0.04086623181068631,0.06997773589478826,0.02257793476047355,0.018988435656764238,-0.015293031395686175,0.02518799231160969,-0.017016877636103125,-0.0360077393969433,-0.00028241300482622885,0.0576727595637856,-0.02844634462735479,-0.00917358752886931,-0.022714563000511244,-0.013624926783590735,0.00917601774675007,-0.043461866959649105,0.021319746239040947,-0.05518155080657996,0.026030597524319687,-0.021416529642570906,-0.01857496097292879,0.015226385422431562,0.011719648964183255,0.009694694066499915,-0.04501600468453528,-0.014698617077222417,-0.026394768529777225,-0.003036491685305232,0.04631177888185241,-0.0010058189468406733,-0.012840415722348331,-0.03350553420820399,0.034962218175684234,-0.03499515950896997,-0.0343939812265576,0.004258353601546576,-0.06643681189075573,-0.03599095541060288,finance
196,0.046980113862303545,0.0028876673965030466,-0.13626294167341632,-0.01445377475750558,0.06620253818508501,-0.08352232443887987,-0.018788176289733127,0.0329905862250707,0.007754684398609718,-0.022035163159595545,0.013314506989130002,-0.06072024608463016,-0.03142629203034331,0.07474202597564837,-0.01573612812852945,-0.0380124773422624,0.06810957099729939,-0.08950187097183221,0.0480516011938439,0.10211773246046775,0.03584446193639257,0.05058927678364075,0.19398808807510157,0.02833025153939275,0.2779805546653906,-0.03985781957361662,-0.024803927745315462,-0.046068108934028844,0.09126175149246292,0.03283923410190725,-0.0022038458995118516,0.06490399104753838,0.08822106660898803,0.07566614532394529,-0.08286856523070997,0.0041401402970801604,-0.04907301613999696,0.026376494652570262,0.07540847237258658,0.009363650141767767,0.07406578108638356,-0.0161692901927112,0.0172953400484324,-0.04417093403304943,-0.08085282549722907,-0.12216929064112517,0.017518778818165,0.04911001616929625,-0.019663478414822754,-0.002476158337658101,-0.0673817662247872,-0.1423599370025926,0.01316504869046853,0.09156787179775236,0.10761049937126492,0.19178099177113647,-0.09139423504567082,-0.010831941482868037,0.23527865939792122,-0.1289436650875176,0.012109417845925886,-0.027146021728901473,-0.16574044178556982,0.24080318845834803,-0.13426913753506597,0.03773196245807811,0.0799126473966671,0.1892532169348053,0.057687518290611986,-0.012532972894445103,-0.004731117666853145,0.06612438702913857,-0.07114929040914487,0.14766892527365788,-0.04937952768856743,0.17561097781218338,0.049931891204766744,-0.04601515329307757,0.12574813483725092,-0.04242740639011175,-0.028146583032317134,-0.04627151846980666,-0.18626933463447087,-0.03569307583659162,-0.030651166864425095,0.17597318391428063,0.14348246716645405,0.08201502313046176,0.2542892289797297,-0.006991511298136657,0.07000746506668702,0.036467997168855695,-0.0553047584893802,0.07691429328529416,-0.06575076033669902,-0.12098090042878688,-0.04985845844542657,0.004898869793098996,0.06141341352736078,-0.07807302133024978,0.03626302165704543,-0.07256590334896741,0.00530515798415152,0.04077544171984194,0.006618880876568589,0.06038310618689105,0.030053748883598724,-0.023577252772894536,-0.07552270290648297,-0.009018262863082568,-0.06567628311685647,0.007455950832853485,-0.002425094171933456,0.004476639558733446,0.03351739460080091,0.018560255333145224,0.04772269525631281,0.01643497683580232,-0.0404455823893501,0.06520228057716786,0.032229305509758804,0.060447700471807725,-0.05350939542853195,-0.015868406700369063,0.02822079620522387,0.010348330039955504,-0.06253186399668954,-0.013606836280785295,-0.013705270769971576,0.005583374452669675,-0.015832126278881035,-0.021554730496708398,0.023057968697714083,0.031205891708417213,0.0029377571911451475,0.012757610437516139,0.040131815286098244,-0.03884823834999461,-0.016924370039962746,-0.04069414663761407,0.026357890414108354,0.0319598669950074,0.05326733672626605,0.00012317386838697886,finance
197,0.3197931639797521,-0.32358045583286305,0.24581149853943723,0.024232544516469143,-0.05924650266572421,0.08510310545495979,0.02023112030046954,-0.010383182160824064,-0.03540471004335439,0.02117770888602469,-0.011791104347750606,0.04104090595338572,0.07439493471089362,-0.05682519326392949,0.04218984831433389,-0.016609524834165956,-0.02482892192442226,-0.03577505070323355,0.00917622914993964,0.08226037518172777,-0.033747459094101366,0.009981080467978798,0.03272530806379185,0.02651600822409788,-0.08843626975105671,0.034656936387150096,-0.03450875553946827,0.08516137417088834,0.12815049247797117,-0.17752077041108774,-0.07267151478398146,-0.07126402806660621,-0.00955344035265521,-0.01181133288472125,-0.06494108142079275,0.14043039471944538,0.059264852815923315,0.19580606143055954,-0.13339311144300123,0.05601030417183917,-0.01667202999774934,0.02792380169643166,0.1303195101176578,0.01121691288801844,-0.07188235136543482,-0.032963780464349765,0.04629357872431753,-0.057681729468277584,0.008105774925861517,-0.026705179101954513,-0.04329107254284389,0.07062328363470101,-0.07584411283004958,-0.04989503993295307,0.05872639573969164,0.04268337694413326,0.0817235111703863,0.0009757737462550156,0.08983885809583116,0.006071383899195086,-0.0048310392785792565,0.0726394315773458,-0.05967190704870268,0.035266639882308014,0.006701200056435962,0.008284914574497574,-0.03400023329300613,0.08216249124536648,-0.13316976533589836,0.017457306215632996,-0.05229090815464693,0.03045190364846901,0.05846527650906705,0.021267323212311135,0.03492573155432771,-0.08831194997329843,-0.027793016161983052,-0.02019186332452324,0.0852793130005209,0.08178705109609212,0.01851462663248805,0.022091114514050447,-0.05941142790735083,-0.08583672633094558,-0.007522199711404575,-0.042955310592907886,0.010157345892748495,-0.04243841922649583,-0.012975579737918028,0.055566921958318166,0.012303631694536268,-0.010154210670081073,-0.010158033960566469,-0.005874270980061617,-0.017680896573886645,0.023779266427545857,0.004022936637159992,0.048106001044860104,-0.0612663777288773,-0.006199873965705307,-0.017180087355588836,4.882935182149588e-06,-0.07847151008291786,0.0285636933107594,0.0013561322234671102,0.10846174179772713,-0.03154393654669966,-0.012932643150728743,-0.03473475666264389,0.017032903861161363,0.05186293489817058,-0.04084804579076225,0.015244673907190507,0.04256006267837512,0.0825251796401371,-0.06406666058006016,-0.0854060417413339,-0.024914973865428475,0.054542802661099614,-0.11745658017734678,0.030217832462840363,0.024286510186020252,-0.07645724317831198,0.00023447230516893746,0.001925026799026007,-0.02618378784681563,-0.02769012873748916,0.024731529409933395,0.0676877060254414,0.008281826177505659,-0.11281796656486116,0.08144960690370816,-0.10302342013168478,-0.018319482342977672,0.07525552814243704,0.0013184779149717054,-0.03166380649576718,0.038317397567964366,0.06741903413530707,-0.003724359469434368,-0.08319434682071568,0.027354639980612366,-0.09543154939016696,0.020414825418134174,finance
198,0.3758848406394206,-0.37818141294450053,0.228157331151627,0.01645014940774459,-0.028031912241189248,0.023876791417647463,0.038852464509557046,-0.011967181060489048,-0.017632687295212706,0.03594971473325269,-0.04148722258367721,-0.0021732537459721976,0.07308907345268954,-0.03584551597319698,0.07447919249484117,-0.008952220381766072,-0.013543778439385463,-0.06689832922425179,0.028949319951381603,0.03318209357565123,-0.00825640926989779,-0.015855523391927234,0.08505774344390572,-0.03913996739139724,-0.09111519869270866,-0.04645043293823382,-0.09496343759405587,0.014569002846672258,0.08781617959895172,-0.06523274886077308,-0.027833694019769973,-0.01157979714336895,-0.010721005161201334,-0.12052372968696327,0.04992441629655941,0.026055926527367098,-0.031232122724339357,-0.024460493149264465,0.04644791561424441,0.0740779978493234,0.02267004465755195,-0.005872182117145092,0.02565173378265632,-0.0734893049147919,-0.012179029451332526,0.04101234845076916,0.08227537013554276,0.0439698861161761,-0.0536540561389422,0.013396247258759856,0.013940460930475511,-0.12841513189132836,0.025295288969469285,0.016156024905156476,-0.1318810049874245,0.019721994703834074,-0.03461892247884075,-0.03340652281703885,-0.0998943657844858,0.007522924668825104,0.004077850457973214,-0.08486691153745873,0.07829649718926297,-0.03460627232172138,0.02081463140802279,-0.010050143453174861,0.13925850248037752,-0.03286658553786832,0.22470993242929452,-0.05456325909821061,0.02954736094428076,-0.06715177723513566,0.009994252721309506,-0.006446671665306965,-0.04730784379874884,0.1467621266474637,-0.0018466580734514048,0.025408700759859133,-0.05927071778371918,-0.15298726762385917,-0.07588447149395033,-0.06863355894851624,0.010457717210748072,0.038399786720916936,0.03530392008659738,0.06056194509051745,-0.08392897330444692,0.015711421709138626,0.015843489339069435,-0.022396746566147006,0.0339896256777699,-0.011347737821163415,-0.03193292938989087,0.0324889978586639,-0.021275186139329546,0.0033286598013376936,0.0031637667968632145,0.015602834166398656,-0.026987283571221373,0.0006485621991543054,0.05128365597169962,0.06898877929641901,0.05134339562289344,0.023393317196116162,0.014965129508166494,-0.025108982702781706,0.01417979670107004,0.0032585356758550606,0.028556474977550022,0.04729189050799543,0.01207557462416391,0.07819285465157684,-0.0043618287035518,-0.012005698914860483,0.011171027560870983,0.16382061636331735,-0.0194458394555524,-0.056564377524847644,-0.02900019663519145,0.030675114321011172,-0.04782457401696294,0.0027573331157026994,0.0447623557202516,-0.025690394469274812,0.1021716247471115,0.0483377983081506,0.14240778419885228,-0.06901002885841652,-0.09630509089966025,0.0015799717041230365,-0.005367844598265853,0.007318224780460523,-0.04654944911561124,-0.11266361235493556,-0.033394275957313015,0.0038730802666132676,-0.004265540906075933,-0.020977335068393166,0.04481638672153707,0.05647897109179408,-0.057019307304816885,0.019537768355123174,-0.050020422967289604,-0.0199355374348931,finance
199,0.04831420502129372,0.012933193204272853,-0.21411641609677146,-0.01632354240430044,0.11604670090976561,-0.1315581572345132,-0.048053698091605354,0.020545909263844097,-0.020631577047858292,-0.0369033820037299,0.03303793750229554,-0.1270185896221319,0.03409873292253301,0.16137447716602424,-0.04142165909917404,-0.13847838000510818,0.27073385822992124,-0.39844239016588096,0.23342194752177894,0.5517491137292897,-0.24492862912671376,-0.08970116856108167,0.03370163210041307,0.013322885833534893,0.06313897641730856,0.02749068959787001,0.15212700930476547,-0.04535425562269923,-0.11268416073912858,0.004504900329990903,0.027460886328349744,0.012252900508838803,-0.04763734383520126,-0.0865605371570072,0.03286629477777233,0.020188484656834208,-0.007957302954639728,-0.0017742066880910281,0.010259160649537736,0.003543146389053762,0.0150647668352035,0.0082351158962022,0.0267780542187971,-0.004388981405683236,-0.004677904784454129,0.008495340529252823,0.017723216110024757,0.014915090654100911,0.006112126561412325,0.05832550592923294,0.004991770239419628,0.014776877196222362,0.016900175338761265,0.03166961906358048,0.027805926451712464,-0.03027161563389195,0.03461797374762395,-0.015922950363189685,-0.03644325197987281,0.026775059005997887,0.024074357911801077,0.03775457929051186,0.03358292084806226,-0.034866901486861765,-0.03393010671794533,-0.012903628155871346,-0.05552719912800538,0.007053539821519866,-0.0014026639049835351,0.027416299709855405,0.037822252313660334,-0.004610547773112941,-0.0028469952282777506,-0.0377287948386732,-0.001131433458692276,-0.025314141331739638,0.030236619178844175,-0.028927198437603927,-0.03373058841103134,0.008161728341665345,-0.015118248337993332,0.0012333228273475405,0.045721883505573845,0.00712547829814246,-0.006615955577302738,-0.03515648985618757,-0.017907487444117923,-0.038406073914922116,-0.021862799190115356,0.011416101086216492,0.015592701072902122,-0.007055456083619064,0.02413237878900967,-0.015452515932851615,-0.010586398901756638,-0.0007350010338249961,0.007944513725082588,-0.0036386771232903197,-0.004899276639323101,0.017918817421572697,0.002197514632947914,-0.0008524142477273847,-0.009488186775526982,-0.013089701334910407,-0.0015839442934261305,0.006654336058003655,-0.01732440728632389,0.008122107285917349,0.014780595795467104,0.016795729800452373,0.01717708066143993,0.002256639957091225,-0.0014369018285257274,-0.003170603851577714,0.02378185374119449,-0.003259357075628111,0.010990420243879175,0.007066991273337729,0.020405206762439097,-0.023622002462509648,0.007651353552639422,0.009208927578802081,0.02130652346681495,0.007367731609366199,-0.014653284570747552,-0.010240545322868994,0.00212936587548025,-0.0012373784006174287,0.004360999127380062,-0.004277001589035809,-0.0016667921500804802,0.0038083667374923273,-0.008322369828527026,0.00410222290348583,0.0005607919197656332,0.004951951719552902,-0.02914681526197542,0.006850756489934898,0.014255077816881312,-0.003980010717252745,-0.0006227484773436713,0.017776221921058016,-0.00913078064731717,0.009463909500338376,finance
200,0.12043823944516406,0.06245142830950604,-0.09288285811698554,-0.05600654450280359,0.13623985398469352,-0.28660173003958006,-0.259203295303158,0.28846568867865763,-0.14958921054530555,0.5815326284394221,0.14313820819353926,0.0569489480804444,0.09428014143418295,-0.039593559595305965,0.05772665572437039,-0.18702949791001125,-0.07952954885170731,0.07238487052717497,-0.058091798055757655,-0.1281580131690296,-0.031822374019861446,-0.062271803126001404,-0.007903174091536246,0.02813573578191698,0.008631974809355347,-0.00467247710967356,0.0019226073503762473,0.019923673603858674,0.01193402024157917,-0.052736874654572455,0.020782971775315393,-0.027051381444378946,0.0056271312199636095,-0.05258805027152623,-0.022175270557472867,0.02713742187905151,-0.008706276896702775,0.011887946865642195,-0.017748569864949888,0.013954819346125608,-0.030947192227779547,-0.001676702658470277,-0.01364404461944649,-0.013203216928622214,0.03422629016021174,0.009969286867431844,0.008568008888762973,0.020811409053329358,-0.0028873252619543155,0.028141698639660567,-0.023507562418118622,-0.018376791052712796,0.027690594117748744,0.016889431392042537,0.025879274946174133,-0.01483790443289219,0.03123957994201651,-0.010105585164176388,-0.03466789550730897,0.02165684236164303,0.031069122268545652,0.004064731657327152,-0.005330533868091514,-0.02939391283750003,-0.01023572760961026,0.03183563882234357,-0.016760697210433103,0.0017400327584895967,-0.0054375085661375,0.007610226305455617,-0.021434364384148582,0.00045196692959683515,-0.006725032448635558,-0.008172016902341817,0.0054028327750108495,0.0011753823709113995,0.004436146877261767,0.007685920692271089,-0.009667252870816592,-0.008529778445402685,0.0034834022790098495,0.014707409633654217,-0.00872726415148596,0.010927736579523326,-0.019173934966275053,0.002144130235584176,-0.0006904624078341551,-0.004015285317892026,-0.004672264055284176,0.006195549017296037,0.0025952152804944732,-0.023162926065077222,-0.01860510415503663,-0.000529222127702202,4.954164570085685e-05,0.012432893894690418,0.00026770637827538995,-0.02297499705732578,0.011007104548011928,-0.006387093352239035,0.0037427399118642895,0.0004957089052441276,-0.012914259149814698,-0.010939083830805257,-0.036861471144757796,0.0012336522852136648,-0.00040365793314258287,0.008913743419233764,-0.007535905804845016,0.002197838568115703,-0.043601923089635,0.02305734533305122,-0.001374431869766841,-0.006610250776450945,0.018596834623305546,0.026654265091868214,-0.013348629169738972,0.034045239509304395,0.016326847170593562,-0.0024318249231003687,-0.014422581131139523,0.017657633155594706,0.02253170572422964,-0.004830170744502766,0.003199830580596924,-0.009185785161911856,-0.002751508588774742,-0.01173288018141157,-0.009674475285410458,-0.015952642924196115,0.009001884746545279,-0.0035444607371755837,0.024676070225043152,-0.017880881493881808,0.007338566822264966,0.009852127229037558,0.04198489396779394,-0.0025560890850868305,-0.006229469434249831,-0.006521864513057354,0.04134772342314696,-0.027942222525373407,0.024800360998098705,0.020246399212763333,finance
