id,PC1,PC2,PC3,PC4,PC5,PC6,PC7,PC8,PC9,PC10,PC11,PC12,PC13,PC14,PC15,PC16,PC17,PC18,PC19,PC20,PC21,PC22,PC23,PC24,PC25,PC26,PC27,PC28,PC29,PC30,PC31,PC32,PC33,PC34,PC35,PC36,PC37,PC38,PC39,PC40,PC41,PC42,PC43,PC44,PC45,PC46,PC47,PC48,PC49,PC50,PC51,PC52,PC53,PC54,PC55,PC56,PC57,PC58,PC59,PC60,PC61,PC62,PC63,PC64,PC65,PC66,PC67,PC68,PC69,PC70,PC71,PC72,PC73,PC74,PC75,PC76,PC77,PC78,PC79,PC80,PC81,PC82,PC83,PC84,PC85,PC86,PC87,PC88,PC89,PC90,PC91,PC92,PC93,PC94,PC95,PC96,PC97,PC98,PC99,PC100,PC101,PC102,PC103,PC104,PC105,PC106,PC107,PC108,PC109,PC110,PC111,PC112,PC113,PC114,PC115,PC116,PC117,PC118,PC119,PC120,PC121,PC122,PC123,PC124,PC125,PC126,PC127,PC128,PC129,PC130,PC131,PC132,PC133,PC134,PC135,PC136,PC137,PC138,PC139,label
1,0.016309994503247834,0.06403958543170274,-0.0035959474489778848,0.05828668744199172,0.03470068794563815,-0.011416234025502126,-0.013548034613127855,-0.04947761667783846,-0.012545221900404791,0.0988605837580716,0.013263000951417013,-0.043060361835728964,0.05758678682155881,0.07335507878530972,-0.013732143581015741,0.07256526944136998,0.16206923651982416,0.3491256515084844,-0.16396144512957145,-0.14074196553349275,-0.1103624249971596,0.12536138567979274,0.0906512857253625,-0.09315738661821715,-0.04229284528365482,-0.12191354348084417,-0.05997231282654187,-0.05851791715379238,-0.034650197164476794,-0.11177576839244814,0.029461426174746334,-0.005326143939862388,-0.128528593315512,0.02839753091591256,0.02379793491298651,-0.15191163619134015,0.031066068101084292,-0.03798053427219504,-0.07759586155185326,0.009813954637889257,0.06644446490380286,-0.04784713776413943,0.027535535628305092,0.10234927084768601,-0.1757778262001513,-0.06491525082194555,-0.12629716822386433,-0.018232515686112408,0.034204964265819274,0.053570838231228504,0.02452426190301264,-0.0345581555914288,-0.0022868935430131153,0.0805698074303321,0.006096437050712458,0.0632324819426158,-0.02041877600881072,0.010999112614741508,0.008949783562084195,0.05616746332489643,0.040550990939579715,0.15041918220022754,-0.02925123083163627,0.04813215838339245,-0.052689265255116136,-0.08657273945006089,0.03575629516943542,-0.028646644673698016,0.063288320730631,0.17009662246087867,0.012165306453640078,0.03828283189651939,0.0730340478770877,0.015646973319122598,-0.10041636573470533,0.00411372342687456,-0.08241086893325981,-0.13800378489757864,-0.05123926035699089,-0.10664042426075775,-0.09784305730091716,-0.07490117697147683,0.04111603778047568,-0.17125623566065462,-0.054656487191042866,0.08835225716295526,-0.15428272130188903,0.06092275084910931,0.003917288622542359,-0.2793551608253361,0.058167292938870394,0.0361145111533955,-0.17187506449281464,-0.15328903113428913,0.24077838207903146,0.049885211295540716,0.004156671575745217,-0.012326648101647486,0.0657370555538167,-0.023238754225053098,0.13627986885877322,0.13277660259473809,0.07166613143370117,-0.11350992224575368,0.0907977225707914,0.007559791784554428,0.06509967446407226,0.03484596117726855,-0.02069323546392032,-0.0464282493167489,-0.0731731563836966,-0.02093306152325806,-0.026304272793967753,0.036694624065994365,-0.11145087025089118,-0.026446144714506528,0.07102158826521242,0.07155760766629152,-0.03532028806906221,0.018257894299384222,-0.023921411858720664,0.005065430598047486,0.024555667085488956,-0.0026544812723478597,-0.05043509709933637,0.02414004273866349,-0.0529329489986378,0.01487533270793919,-0.008801759605661857,0.013173291238069405,0.030304248428016052,0.03874506736133143,0.02739785781924126,0.023805110007038263,-0.02805164102240517,-0.0035972340318251297,0.016632980023664166,0.0647002154754109,-0.0062469787406541745,sport
2,0.3355633384403405,-0.04859412269736281,0.0268083618484818,0.02811369799395139,-0.14074737262341427,0.02475426196905901,-0.01620768958729915,-0.025431305700672993,0.007980449222575606,-0.0030599354420110534,0.00546848836465725,-0.01488323162802927,0.0017669219950540937,-0.030215717462357978,-0.0016007720569305452,0.02225574557961611,0.0031857166341546965,-0.054934850354205006,0.08877595216512077,-0.006946376721616195,-0.05763901855099016,-0.027616139295437426,-0.11300431353856374,-0.04749152463852888,-0.2181295742999901,-0.1147425914965792,0.1098781562813652,-0.08606982288176222,0.0795297165716469,-0.017315049773203084,0.05762515162473435,-0.05929284371153037,-0.05622826313395737,0.0952069516551634,-0.06928466451679663,-0.016725471387046508,0.01344513076044897,-0.023296272467592683,0.0077167017830411045,-0.07002383636582798,0.063084555611497,-0.07386680247095125,0.07311252113771906,-0.07485493527714587,-0.050882054773126746,-0.0048149320743286995,0.04343096548643963,0.0372238967220825,-0.06870634380472371,0.1526098908995859,0.04002933641043105,0.0882843045029804,0.008675235218727867,-0.07044547629427499,0.0710841477987402,0.1083058114037581,-0.1819974448306197,-0.23136511443116808,0.08780344817627637,0.02200969764408489,0.1313686334679867,-0.04679269359420656,0.09197273018458105,-0.006771378421899104,0.008637687243171217,-0.16118776970101711,0.006513073038823424,-0.012553873470047489,0.20713760934667988,-0.016350567254069033,0.08425560042428708,0.009694480788008976,-0.008919742604593182,-0.08711461122081526,0.017842122061032487,0.019433468762296423,0.017724390212471512,0.007368088785218648,0.0008296518691477797,0.047257942875349616,-0.033735966169089075,-0.0782546673948326,0.035614446322708215,-0.03222742671602054,-0.07387600340761437,-0.24415508376615916,-0.001269582765246903,0.050029706670921666,0.1247917067138815,0.07540595703624134,-0.028333066648937498,-0.0019987569814078478,-0.05942699391233291,0.04980970158314286,0.017474370542751468,0.0990873605726742,0.006477935210037579,0.009411401975539536,-0.04216622226516954,-0.018195646539278063,0.09871322567608881,-0.1591503737843134,-0.05519468314918586,-0.0658116715477168,-0.01126543659435485,0.022212651661362545,0.05627077834002316,0.056910007578692294,-0.018820346972587085,0.00807550329949592,0.023253603936019027,0.04121824925987447,0.04205762363925082,0.006116114858958945,0.02139277833517904,0.01454743134870562,0.11053027115979398,0.09092856953783565,-0.08001770317894595,-0.08309987562656959,0.05267178462898693,-0.12573754622058628,-0.03755088036641328,0.07875711333297984,0.001475242921296499,-0.001050589123871438,0.10368501718785823,0.1247131006336528,0.05274421536032685,0.024284744594729336,0.05916434168755039,-0.053914443568045846,-0.06938797471270598,-0.05702883095035436,0.007122922671971633,-0.054662849125033774,-0.008187590685870815,0.05443046685032482,-0.07554498550049112,sport
3,0.16325039194697477,0.052259152633806094,-0.017723740001630787,0.060310553721088865,0.3308736171955592,-0.01823188895243577,-0.012890323786416259,-0.057679355270703045,0.031286342147227246,0.12327929941841988,-0.01982205366247254,-0.04836282485926009,0.10384083059370088,-0.07878867743620008,-0.0014792191002421407,-0.02272052752311404,0.012038437351835936,-0.07806262141872848,0.0024156142396169894,0.13102349008732436,0.03722653327719506,-0.007160274788840845,-0.0702893485249573,0.06776014152288318,-0.01614250011495972,-0.09590419525191568,-0.056969003685242894,-0.05871156290270479,0.037896837068339156,-0.021466777254521823,0.04134164529648528,-0.09421202680531685,-0.11407362859274679,-0.05598984584296274,0.07231022143705461,-0.06347153876484517,-0.03489308408061764,-0.013746809908239697,0.036257041882336374,0.05681097583255594,0.012092602302872672,0.04659751425520655,0.02089188990787239,-0.1991577356302628,-0.12761905566574158,0.018733604206976395,0.12913674304949105,0.040835254895982484,-0.14676032992714147,-0.0696955848420185,0.14481837958907942,0.13246328412884176,0.029876018550057296,-0.07300631045695337,-0.0649965059323317,0.007862930691063525,0.05826016225907272,-0.00968495025442877,-0.028607027230077305,0.0203357982702633,0.019854915495244364,0.07896760129373376,0.08969687924960736,-0.05364315698217579,0.0317472403905351,-0.1687521756264661,0.0020495034822012263,-0.025184575396309923,0.13029566260941255,-0.10867901698980044,-0.059231030096532945,0.10332151688172124,0.06018580100632695,-0.06812248159572587,0.023551962549569868,0.15845752335768234,0.10764784579379141,0.11583448771690567,-0.03869673885896242,-0.003888856070150446,-0.13232890579439777,0.07607598386470257,-0.13585814255281753,-0.12874574879654624,0.017706201592260693,-0.06241271416327163,-0.09236663561553948,-0.09212856645909301,0.04297395893090531,0.10941673814560865,-0.114340591209588,-0.05921396517839161,0.015230457545421568,-0.009472089757364275,-0.008038484949106332,0.0178009490014242,0.06087429425863363,0.08260872668958939,0.004880363284917494,-0.005459739727579858,-0.1089843121426357,0.15094626736994882,0.07557874966363014,-0.032729538020596985,-0.03847093634906623,0.06761470423673896,-0.040167453777022494,0.0308503646326589,0.03579469760928226,-0.05790993361548501,0.08623291250723386,0.07845936445860101,0.0006210987407516062,0.12885408682627073,-0.0045298252494124025,-0.09161394098642202,0.033476167828053,0.059721573028897544,0.02985797623873874,0.048889328171455304,0.05332839491382051,0.04787814532321588,0.02161570714934413,-0.05783257151165693,-0.059227297176730816,0.016809406386841946,-0.00701270691812758,-0.00794129734385264,-0.08510477555076244,-0.07986619152074056,-0.022419192478195554,0.09164797579087994,0.05264369911416648,0.04270678800450588,0.07569736189028466,-0.05945677202222846,-0.061724120471182066,0.029606224470375347,0.0023397089214112223,sport
4,-0.00996182355072532,0.2949235769223926,0.007640167464472746,-0.004035512971689081,-0.008823810043223253,-0.019959955571840608,0.017993150038564675,0.11612733458534474,-0.04419012157465852,-0.24524399954595205,-0.0854690751958397,-0.1432985207243927,0.17030030184085287,-0.1132981495971011,-0.028596893309926645,0.19059774740134822,-0.11008455023023371,-0.06633570297159443,0.06779508994423572,-0.12881641576254727,-0.028555992166549162,0.012408695288026616,0.13333741421080292,0.017944099545876616,0.00698214255232533,-0.02957494456548851,-0.006470398377055888,-0.034731133668293085,0.007889412537392351,0.005070432255571182,-0.023180259685626085,0.027367563702078615,0.08895572442395346,0.036578773568925714,0.0120642443042714,-0.020475764667173633,-0.052696935227868,-0.09791609716184159,-0.026781797718409762,0.00028822490017572813,-0.04929177290583611,-0.012457243684303535,0.04744428118440721,0.02709911233266662,0.1258984935075912,0.02596466703598684,0.007046375917334126,-0.02198818216813086,-0.01711189885919383,-0.037309078693321465,-0.07348793378190897,-0.14528201603579693,-0.00635011666634879,0.1558034887503513,-0.10460811544092831,0.07284774182332687,-0.06154821651705304,0.04520723804468333,0.13823293032630127,-0.11530137443391249,0.008142425507121649,0.014524839493637325,-0.011101558900391502,-0.015420018949007245,0.00042132650262416204,-0.014994250206960541,0.005595344260454196,0.04115468860460164,0.06824574440445326,0.020305397061396533,0.0635666474778097,0.027241286277194285,0.04686578984526713,-0.039857844288424836,0.023299186317354,-0.0422355090087879,0.03792879057336822,-0.02170902715863019,-0.08383482510529447,0.0938835805814486,-0.023730092352722356,-0.05527103253317716,0.019749450152357587,-0.009400255151473216,-0.015120337674661479,-0.019184111686728095,-0.057144618646992475,-0.07509473499733957,-0.02058764472094965,-0.028602066998882913,-0.010941722794748594,-0.06600583761423319,0.01319535542788294,0.12656119368699956,-0.03536686614914395,-0.02796093237409171,0.05089794178960584,-0.02335178970770102,-0.0014026185241968563,-0.06074360405889206,-0.008623085460171953,-0.015336144595304937,0.08263476281919631,0.01889529808334339,0.006012427904754826,0.07152414851497263,-0.10987091129806839,0.047327220222286415,-0.10361460691190995,-0.0011040263027959501,-0.0553122276803114,0.00336612815404168,0.05845268574886834,-0.04262912014057217,0.052904849692392536,-0.15284458126958664,0.07181624766740333,-0.1516883146545895,-0.046514037143999334,0.09988079362489681,-0.009834631887443176,0.0873276909133095,0.0900772751743894,0.0779394544819718,-0.019079114614589606,0.21878971386469626,-0.009462114886142743,0.10395495604511601,-0.002479479730333263,0.04614285904242824,-0.030775613080972694,0.08639725712170193,-0.045489546628551696,-0.104737228631677,-0.2288055642078308,-0.012938977552504501,0.017880525480153453,0.03566954090156106,-0.04189427469540386,sport
5,0.5247507192114207,-0.0764308400322825,0.015991188296968783,-0.011711303032613767,-0.11707707245065359,-0.012358851218923139,0.00596712197711288,-0.2523792417842179,0.17860802664407233,-0.10625233459826103,0.026951493649331217,0.018196114290476902,0.026741290671566702,-0.002478622667481039,0.014543260728607933,-0.02996706744223239,-0.009858871961383034,0.021979052178200342,-0.029997424112250422,0.010051591059855418,0.033568263127300976,0.030797268538550734,-0.02304376915266076,0.08456816239255821,0.12172753364526329,0.03476772493211931,-0.05142254385631703,0.023746922009755384,-0.002534562352422246,0.0180475917970837,0.03313445741294286,-0.08730330534664527,-0.10972113864433927,-0.123867667132902,0.08224339820118026,-0.017146007732002658,-0.03096139409834833,-0.01076839001612771,0.06799784704045334,0.044794889888870676,0.0030849969550718255,0.00860948014830009,0.030869588104625475,-0.07845008501273754,-0.11995028879095374,0.04142862323641764,-0.004641465449932026,0.03264405827535623,-0.032025255862196046,-0.09304621625319377,0.04362707367939919,0.053479646798619565,0.0038638764917956806,4.889093778847755e-05,-0.053438732594420266,0.02899873301240158,-0.020328160048950633,0.004839634052970279,-0.002967685056908882,-0.02064822539973933,-0.015588619488627943,-0.04253786008303881,-0.023528072969144186,0.028219650911781417,-0.07367752639479608,0.004779432297705932,0.00691515159290689,-0.05821285405379121,-0.06302462694868739,0.048229157883890025,-0.018967945950552893,-0.07939999040423339,0.07489622456924806,0.01045425189283367,-0.10690859255214484,0.031493135604430206,0.028257117686288562,-0.008710220200389604,-0.07138279075593795,-0.0143471377917658,-0.0008410774877235386,0.013728922946635365,-0.037769489554758166,-0.0015658035434392092,-0.10219631957380644,0.006272318740988272,0.023891379234882486,-0.06973488058865798,-0.004165619448326349,0.01281421215643108,-0.018251785915355707,0.04335074868869178,0.04879730870940591,-0.041017662380998986,-0.1209324147104793,0.05932660600318578,-0.018330149249434387,-0.03946084502886942,-0.018832016151209257,-0.10218072490550643,0.08361438811753646,-0.0819480361899925,-0.12292721297582594,-0.06192750317579513,-0.053344532950416995,0.07363584713263528,-0.0055589409505766045,-0.016808346172344113,0.021119602055493687,0.0490857078241305,0.05701403756655193,0.04611669792133338,0.06969988965758862,0.10544245779651143,-0.0660438246960171,0.04260332130310435,0.047251921633764585,0.014213669927003316,0.015125619798238683,0.0011381773994543262,0.029627585732959545,0.07150322540603561,-0.002920248287077819,0.04465431179222064,-0.0026677202429924085,0.06360739105976143,-0.08072129073979332,-0.0547807445164665,0.03313119347912359,0.050057337733916414,-0.051039106472545864,-0.05447938275170685,-0.07765770837592241,-0.05247771916040815,-0.04639335483239119,0.05291279893112421,0.023457696683896134,-0.02632779435351279,0.04217772284926048,sport
6,-0.028541759298516156,0.3524270321871528,0.02249361431236827,-0.012053276210263322,-0.03025749404405021,-0.017982035498965838,0.035452490023887485,0.1104168441328947,-0.02445811145223764,-0.2750680174606989,-0.10852593028244222,-0.15135916868154428,0.18899924431993187,-0.13174520731784556,-0.028068381257798532,0.15682150627773406,-0.10344259323374994,-0.1165537075049694,0.1292141681836758,-0.07751163392723746,0.06075685648999508,0.19015750028500022,0.09784329217643763,0.1969183267755823,-0.016360515333359745,-0.009371976319145164,-0.003803469282525084,0.03826763717945704,0.03920766037205695,0.036040335313796544,0.07403314320298478,-0.031166970131580683,-0.026371539331568182,-0.003312715733052134,-0.0054274189229761875,0.07372051077212738,-0.007015520983437102,0.02264602950177691,0.033522506665818956,-0.053184818839785056,-0.08071500119662813,0.04493997803269686,-0.0408571126874203,0.039804365282013365,0.09946202097205274,-0.023899305502719154,0.0382161442879119,0.019316539074239907,0.004029740460142859,-0.01425034962939373,0.002108099450187142,0.016241316495469414,0.09136043596846245,-0.05779541341321822,0.04887799090196144,-0.01981371079164417,0.014401699371397457,-0.03620062254933815,-0.06958548003776854,-0.013904536475173803,-0.05425286879774723,0.033633289216660464,0.04754828375904557,-0.015014503231378103,0.012581364908232395,-0.06886399177598715,0.024072298372989888,0.01546970583895118,-0.0053627333685488145,0.0804115945457957,-0.009523069375381709,0.005708096623509458,0.056741747509007484,0.03692797574626006,0.001747062169360141,0.008590572293772632,0.041133540025917896,-0.031702480856568425,-0.01194470078205849,0.025723040491585716,-0.016308457710263183,0.08103354259809678,-0.042211397598905624,0.01145226441546608,-0.008005787991605067,0.06033340944806172,-0.001972351193487505,-0.04601803536383158,-0.009130882805834005,-0.051283847696427194,-0.03976782560765625,-0.05591950021908831,0.012927179563846475,0.07191943715163092,0.11926522737444271,0.041680221587989355,0.03172237597576932,-0.012205507244531285,0.07187033735105758,-0.007312862522907401,0.050575215199356684,0.004084213406993087,0.03866036259014754,0.00019577439095067433,-0.046346967413890765,0.051418597329893144,-0.06908078529859651,0.015997599345327622,-0.08898405022756666,-0.04474876921271527,-0.11000937758021118,0.007976808430922378,-0.07092800665849933,-0.053375580785631066,-0.09696378464773199,0.03481570482838544,-0.008506469319794072,0.01273287732808871,-0.012038919783159416,0.05922478816996816,-0.04520238273464971,0.07912852270461687,0.06018921471716206,0.026007469627287762,-0.07728971768158727,-0.059551921539340934,-0.013543825383181432,-0.042028929639403585,-0.021146532740566243,0.005700534831218725,-0.026073892679892383,0.02926662397588051,-0.04399194052393964,-0.008157047658096439,0.016043829686957736,0.00945355292201483,0.056387756315257304,-0.09026342651421668,0.02001992725399088,sport
7,0.5073921397128923,-0.07431554603866529,0.024082770298223852,-0.01608943686038769,-0.10284535105286663,-0.014718399321004421,0.007862069342646385,-0.33059676615379335,0.2259793640114267,-0.1639562745661447,0.023962979950267502,0.017642348942776206,0.020036858480367476,-0.017493859184966303,0.0028212569337301547,-0.02002942961079926,-0.049327278369281094,0.00893135954572784,-0.01566456713302331,0.009270391484162411,0.003509967056458385,0.015679921507758713,-0.048386585251916504,0.05545958557607305,0.05783449057984248,0.010260526978195956,-0.015256805919606296,0.009207558373944096,0.038846454242542246,0.049759333680253745,0.06813122749690227,-0.14188999740157168,-0.19694174421207544,-0.2347371345058066,0.09748439891927775,0.03137819602920211,-0.039157968844906646,-0.06437034091739673,0.03742741059139034,0.03322399203324717,-0.004783875696544862,-0.01480435244994389,0.06150823972117866,0.031144705148577832,-0.06964602425387614,0.14587767905105314,-0.0837228139734485,-0.01913165090220329,0.03509433705972664,-0.0925481683982177,0.03159023793165255,0.06714902642463279,0.034346895916908406,0.036816645451949195,-0.09961224345487775,-0.026032536772804638,-0.03590157847747105,-0.018791394580150927,0.005424723603847248,-0.05647371780093892,-0.04168786735173574,-0.04457870389908223,-0.0037310696241801026,0.016648990685106887,0.03834068563685323,0.05255400696792497,-0.028774116325486324,0.00022919072618925434,-0.054475250383983397,0.00042754794855658546,-0.014752545997040173,0.019449203042465987,0.0010174259704018238,0.053986144948773664,0.003773003967761427,-0.03787659031434006,-0.028017424781400457,-0.007050277307902608,0.016107943813339645,-0.04080812940266472,-0.018618142535299965,-0.016420619307226943,-0.01037972392401567,0.03128995064870454,-0.01138994786579993,0.08595090182391878,0.007736576329190583,-0.01295202208709725,-0.05108658624593341,-0.023453770061500102,0.009363658653897747,-0.010143392626896237,0.03161037041353222,-0.031417974958418575,-0.04351910038325475,-0.014156874061974845,0.0035263828587917424,-0.025097183827411957,0.003062777643554924,-0.014154362429726381,0.0049873558890230815,0.031160432560769693,-0.008230351177209739,0.011903997442045818,-0.012129943686686963,0.032130706530333675,-0.0320215433072147,0.0006178912016857658,0.03477571209802451,0.018106041608774902,-0.02913413634159717,-0.010451252666235665,0.050015289889560215,0.011931568945220851,-0.011933907848773715,0.01598042501993646,-0.0030272093439307857,-0.020279878033079617,0.003697872331442689,-0.013019874334935483,0.008391046641737952,-0.0056606334828612,-0.020706658603532414,0.022484137743377236,0.008459532492501054,0.004345040046790399,-0.021212638934747938,0.018835981657643913,0.030870337549314557,0.009767707619461314,-0.00895680367985879,-0.014356092354015986,0.026325731842016694,-0.014717493776762116,-0.03997083139549217,0.053031181789104015,0.024006091385211394,-0.03447292351171313,-0.0054487307029564905,sport
8,-0.07136991564751057,0.026418801318234736,0.022113494983208068,0.7126917375799897,-0.13402678340679802,-0.3378703584560677,-0.05660896297906849,0.09039878546051595,0.058117123345679575,0.028767281037721353,0.16288689213273638,0.12096960640216395,-0.025505539862073896,-0.050016376848964095,-0.010272506238340235,-0.021233802666145846,-0.06740290992467562,0.021636231302150862,-0.014273312105820245,0.06459707430391533,0.016259444668265934,0.06765791033005414,0.020252562100851006,0.01597120214771858,-0.020373530164447085,0.018056940263912438,-0.0031506113003807825,0.010382252794886995,0.010025036143649987,0.03192143421179137,0.0025390567233242777,-0.004725335950284982,0.007082434519403263,0.013484543094706787,0.01945238670884482,-0.00023279121846730966,0.014000940300466573,-0.03673684668195126,-0.020035634165337567,0.005808579391978192,0.022162325479059324,0.010601448842837306,-0.04282930157352818,0.011027721205971893,-0.018702393860030274,-0.02320142000381686,0.012086495163575977,-0.0034937338301807806,0.010299287596945102,0.012373604137817375,0.012246182336252706,-0.011262275338303533,0.00402427456113476,-0.008827225011983242,0.004415702267092667,-0.0028357931411601596,0.0011885373801349482,0.000498150563025557,0.006519193866220582,-0.016548488398297978,-0.007948319323329052,0.006568020675510445,-0.00587910517686069,0.01282580328539256,0.0001678636887162101,-0.010529347270537075,0.008752177614441912,0.023629212681535616,-0.014048261194557737,0.0106698930378075,-0.0027665941371695776,0.0439047065870403,-0.012034021353225732,-0.004453822059289529,-0.02097265303084578,0.00552238876022624,0.014420667067765989,0.003132015688860898,-0.007673860449507795,0.02208051172665864,-0.026166905721289564,-0.013122431470918293,0.016121569407154496,0.013367878667964943,0.024492779203069425,-0.0015911430825573307,-0.000629677908227823,-0.03102597642673579,0.0010601387301397897,-0.005581169682696431,0.007974478811382229,0.005969504037532369,-0.02135355305745755,0.021397908358133672,0.0034476223841176726,-0.021296785851019257,-0.007675698442382395,0.00549369866614641,-0.027211829658749173,0.0018813196918189882,-0.030214848740104758,0.00631993255278606,0.00023517999910361055,-0.0008480238687087871,0.005264800933495919,-0.02319448562522388,-0.02689324409516387,0.04960148844240696,-0.0002217798141246982,-0.002077410433995294,0.005813869186111241,-0.0005845949074296231,-0.002043661930235635,0.028167194771117777,0.02489601777394251,0.02396285849646885,-0.02581218403205717,-0.04060348947143726,0.005880254505061668,0.01228968180867371,0.004442241559244847,0.04383883036581788,0.008402030886828088,0.0050613263224315004,0.0007428235365711139,-0.04063476141603868,-0.0014914806129398973,-0.016075805889829715,0.02619354541773886,0.002830726919738289,-0.0022722918889535324,0.036229898048242754,-0.010086917489830247,0.02482505832041187,-0.02509778963244111,0.030596455548251807,-0.032077269843651425,-0.03442123128360463,-0.010455446189197883,sport
9,0.008104180730808843,0.07131767740835354,-0.011782265082171324,0.03608542052475847,0.13890891549723997,0.050196384353289894,-0.04900886800978057,-0.14145029706962872,-0.026292471158440866,0.4384394373674342,-0.04069431608197657,-0.08524436193871043,0.28177230271065995,-0.18636912115800827,0.015856049245020397,-0.08095890838604757,-0.05400655502195272,-0.03504550095643142,0.050080167357071326,-0.02842986435827266,0.04521303790616847,0.020347593168298594,0.008761872374335409,0.048013295607334944,0.05476865936234621,0.040641806566302424,-0.0005958591126908437,0.009179949924444755,-0.01030669108605325,0.05850144572309131,-0.08970745538307714,-0.048508344987667346,0.07451072622368479,-0.006121270434615125,0.1576400250342833,-0.03982185341852019,-0.21178284098456485,-0.07841024708194962,0.10227388146514048,-0.21474785592967985,0.16915709866736098,0.001539774180956884,0.08120348296621221,0.10938010470517778,-0.04286969260018511,-0.08751156878414838,-0.04779658692678616,0.03903094792573122,0.07515160065437865,0.07385057797469795,-0.05428688256574476,0.08442091852997136,-0.013211955944058704,-0.06513612514579115,0.005486979138789705,0.0001824627897503352,0.04135732070639578,-0.007774712177276259,-0.035539896610547794,0.06144904994675844,0.03492290751044085,0.028456519907419944,-0.04845737085392545,-0.002071332958932291,-0.02186683579658796,0.033091022679074836,0.007474266839256404,-0.09128582667607497,0.01686638576046672,0.014891691425087675,0.051419910219179764,0.055791981435604675,0.033288564163381856,0.007245485088266429,0.09417631886157918,-0.07785534348258041,-0.08786870511482102,0.03854289440354135,-0.011269381513370624,0.07163658493082807,0.010813964789411814,0.0604272528512637,-0.07732841143667335,0.017226121726680553,0.011302802903275778,-0.022740408868799303,-0.16554211750390369,-0.07661869592113686,-0.08254050604536604,-0.033122200427791855,-0.05249742092671048,0.04866844226667335,-0.032183501491197,-0.0231513823608392,-0.1672046546455723,0.012372182961194165,0.04632834474837463,0.003815353608714278,0.08003364407433083,0.04182732859301508,0.02081800364474874,-0.00902232145562179,-0.022448833745055085,0.03180774786957189,-0.014175743730464145,-0.006655316697350251,0.04273989816681302,-0.013529370332783178,-0.04190179272381808,0.004741155596808312,-0.018713976098210225,0.02360751963253911,0.0031618877131170233,0.008471149435997142,-0.017774747198031106,0.012523065248878702,0.03277462246076034,-0.019666504381293616,-0.014267129025003227,0.001503463530871957,0.00414892292519681,0.007857754347195142,0.009119177826057367,-0.02064762212766649,-0.013926883611042848,0.011285005331677776,0.008039920596171635,0.00946552528061969,-0.026579143314806795,-0.014154960430159607,0.016520369299400955,0.01816936082650056,-0.011186585652531332,0.019280297710592465,0.026506532008910042,-0.00477916599475925,-0.027183474712369586,-0.007120860143588794,0.03538904729974768,sport
10,0.07122732349221922,-0.002190806447894519,-0.009449531996557388,0.07119924295445668,0.11493299596588658,-0.010467162028533929,0.005439604910094953,0.027567923926211588,-0.026499411142291752,0.008732368372212881,-0.03746443605635858,-0.01311579856840555,-0.021709911752714896,0.04487173895634468,0.0007880784514384283,0.01807935247089415,0.07756131304847337,-0.007472693404655131,0.0002733981947582919,-0.018429455856601846,-0.0141613618576038,-0.056641538830453086,-0.07767221620633351,-0.04743653741429026,-0.07379415079890067,0.022939850909935215,0.08452946002298221,0.026982953026070313,0.061101066906865696,0.06135537022786755,0.1677325983456243,-0.07588485177309837,-0.0878718958880469,-0.03653779780008291,0.05410169614802838,0.07023108963107304,-0.0329655583464131,-0.06814387928088558,0.07925890634739956,0.033229557088557314,-0.018171895286622174,0.0830111366291202,-0.1037842557020609,-0.1400317682156087,0.00351440673980896,-0.19532236485338503,0.11669327518623651,0.014416044386670195,-0.093088135572003,-0.029024431176156072,-0.11264030274226718,-0.1672613828551198,-0.0810600615259624,-0.06353231375109758,0.14453857684431332,0.40531957750438563,0.0759089972075111,0.10592319744982452,-0.1865307145827846,-0.031102987324514626,0.03274139785839833,-0.08060947625657258,-0.20585935767938823,-0.05535128694144014,-0.016752402808694857,0.06551130023585389,0.033842685274901835,0.14713544297047884,-0.20074648585846241,-0.04568181566811437,-0.15586139617121558,0.14285648901004047,-0.08184646987403153,-0.10152066644424233,0.13936115646029626,-0.16082169867434515,-0.14280124357911142,0.08190543519419184,0.07167215393212464,-0.09673107738331573,-0.14407506124596292,-0.15876564654271583,0.029440627908521724,-0.04749309002420481,-0.04098042505705483,-0.06762280508454403,-0.06861719508159521,0.18013562208732653,-0.03316655005453573,-0.028363758698423783,-0.06258458556552533,-0.06810031018917849,-0.00031474438008415907,-0.013134202355468066,-0.05852753716518066,-0.016666881353469793,-0.02797464589589721,0.004365476875583729,0.011956519252215502,-0.09784410103825236,0.002513907915584541,-0.030466334463668174,-0.0011920501298004198,-0.05123628023844813,0.02903608576451988,-0.02290814069915322,-0.13681563990045228,-0.006343456044140416,0.024428961431435692,-0.015578848051153674,-0.04355295930163139,-0.06657070408116321,0.03076078510117153,0.047740497773173,-0.025117309035404125,0.0042124872897720865,-0.01126480244471,-0.0165590529271294,-0.03330326926355313,-0.03844200385632778,-0.006417716038325552,-0.007188996245953694,0.0018640399826775765,-0.05400560055058825,-0.05470153241903505,0.010748705600702136,-0.016606532385125675,0.023776168171165693,0.005008276300146672,-0.016686223926090087,-0.00010229275126266929,0.027964824948569045,-0.015596997503052297,-0.02080097224520341,0.01914258549621018,-0.02085759568612594,-0.007594677970951851,-0.015212963004712168,0.011987474867235845,sport
11,-0.08149414081226883,0.042526541840589696,0.026724224654828547,0.7332097554195504,-0.14830487757755725,-0.35127952429317305,-0.06484676711557227,0.09105925522196746,0.0522729787701892,0.018229008921435738,0.15922417957490376,0.13950841462772132,-0.03877117537730749,-0.05999650102974384,-0.009847010047081585,-0.016699300182671867,-0.07848935237679977,0.006139576997365536,-0.013251882401348882,0.058657913464690556,0.010343959311867098,0.07287006727105518,0.017714207719756035,0.02034988138398406,-0.021862009836481153,0.02685624125738402,-0.0025650809277962872,0.007866616890146557,0.020939375818984463,0.022792773516248033,-0.0020327398150536266,-0.002591119025147144,0.008688860294561465,0.022792901159342186,0.01832380714919294,-0.0005527080599097281,0.008611522070131467,-0.03796911352055048,-0.02868039006064711,0.002593485489570247,0.017853119151312054,0.0007730643560923168,-0.04088990250906674,0.0062805113524136095,-0.013814249674690401,0.001180714152147728,-0.006108418234417031,-0.0013608936453432157,0.014447577475938852,-0.0005829369219972724,0.012478089183323743,-0.009661671126499993,0.0007146502810468245,0.00036379055611453426,-0.005601836389467849,-0.0025361597114458194,0.005553254027462967,-0.007890417530152757,0.0002097752119839288,-0.014485420019213345,0.004093394983670663,-0.0034108378484124925,0.007598737595147137,0.004984393462804977,-0.00754135528936545,0.008212954666340018,0.019453749354208554,0.027329883036433186,-0.013669917436386797,0.010539826557903304,-0.02247504666955466,0.04501728562714966,-0.0024067092414106193,-0.00755141373454764,-0.004236135584465385,-0.012145137882089874,0.01124548195097306,0.010706541020265171,0.002969521228566068,0.018596784042406295,-0.015410402894939697,-0.007573866958047294,0.004418488299087607,0.029683611704429572,0.00515404273338166,0.0010962679818392724,0.00282753601142839,-0.020920249717047843,0.005317904338556735,0.008283982211756594,0.004414150072334708,0.008651154078192393,-0.021159026292772772,0.010757976661827639,0.00529170536627431,-0.004454346586175833,-0.005955256131713675,0.0030302952956923006,-0.018511808294944972,0.008268048651864266,-0.02137029615191551,0.0058657150747716364,0.0059105182747727115,-0.008356296774590178,0.0026856957896274863,-0.01956412477779749,-0.015374785532579507,0.03129026419525021,0.0016777691894068918,0.011922939370713497,0.004598610196881217,-0.000163836694582826,-0.013081848133286562,0.011451437233618769,0.01737177288906593,0.025808362943266206,-0.01904822733440138,-0.02152467060510194,0.00777481270730871,-0.0026857858196670877,-0.006583170988688163,0.03558559863865849,0.00593336906043719,0.007756901435768441,-0.005694978742191592,-0.025034070980576868,-0.0023015753472979314,-0.01307386997570727,0.01986438836978213,0.00463275183067321,-0.00199721781785943,0.026203687192351388,-0.010990237401642173,0.020717541909541604,-0.007553276167457432,0.02443762068805512,-0.024949546311705952,-0.015789440216007086,0.008474769117672108,sport
12,-0.00581648222341856,0.044543165935664264,-0.02130791815477504,0.03992568817886602,0.1238300398971133,0.047619281507475394,-0.037544786550306304,-0.15796360124083914,-0.044462333729588396,0.4484653089727608,-0.06012383758885099,-0.08907171239727109,0.2915369788884983,-0.19157127865265816,0.02203512895540182,-0.06547816172118041,-0.04898186165619345,-0.02267478106322056,0.07549742981164131,-0.06124373116781659,0.06806496143933596,0.04694503837220956,-0.0299943148511488,0.054771324875427255,0.03932675478041354,0.049055729362170716,-0.0009494353387169568,0.001817807696611311,0.001104995554004623,0.08813997983301901,-0.10282150311546072,-0.031104338741625003,0.10382977436523383,-0.019289005420860244,0.19775348577551208,-0.04597896177677142,-0.26768995849927774,-0.11110805703957068,0.09675783881936306,-0.24426629121155896,0.1488426064204672,-0.04317361022075293,0.094560175546364,0.10341204477805976,-0.026064935081867618,-0.09034894969851699,-0.041320866534089305,0.020565320859828738,0.0733723726419178,0.06237808754105126,-0.04260293194012504,0.026732543291595922,-0.008306959845306976,-0.05719406235445715,0.010504971796085841,0.030734006509339423,0.01658360303577437,-0.0017830723771950926,-0.02813145946605448,0.05646657666151007,0.03851276844163749,0.04512538616275365,-0.05013721683840277,-0.015073928025117315,0.008758918384976186,0.024683263699544926,-0.005492411347421924,-0.017416406477492527,0.041275227728658326,0.004373132479502081,0.034606851028376386,0.010705950419410226,-0.02011165320156161,0.03150649243397679,0.022868261478827027,-0.0385208098459176,-0.03993909784596376,0.037340946278947226,0.007576833530429139,0.01248609878325047,0.021455592377223394,0.029199995189548234,-0.0008216114207746456,0.023212675716967807,0.020025099077820477,0.025183364273401464,-0.060680203324648206,-0.015480790522772011,-0.07442313221282403,-0.008079859274370214,0.013712557514622784,0.04259319584723251,-0.046585443150513196,-0.014349160220560311,-0.07828784001095661,0.014939652697140314,0.023261650565990895,-0.012622532946952442,0.03869169182430666,0.02687827700010853,-0.014633311612445323,-0.04879014577360852,-0.022311049205433846,-0.014374425086835384,0.028979454240023697,-0.04855981071720799,0.03623652562915715,-0.060604558172989965,-0.017025103786404955,0.06254735397502845,0.013547897698201111,-0.03414785952131498,-0.012962474556592796,-0.04926647441585643,0.045930901019007514,0.012885306485608004,-0.06042429233443072,-0.015638799684634663,0.006708230194438154,-0.014822914217814133,-0.03196938407558507,-0.020041251665858496,0.022223318347863105,-0.013743030786870197,0.013021567672623581,-0.018241466713242647,0.039623744972511636,0.008239363479751313,0.04301721740808616,0.045133288200341716,0.02849421846121005,-0.03703120946100456,0.023928525607413622,-0.02252574258527713,-0.009422513624249633,0.015296235912198728,0.02068992768596036,0.024250148376081887,-0.03995577492313666,sport
13,0.4244840844207958,-0.060602718705087724,0.010184365563322773,0.015056215081476275,0.13954128390732007,-0.03975137267153434,0.004652238035055426,-0.23186747720929785,0.18362368051367817,-0.13894512259658617,0.03367083214431735,0.011548036264833864,0.02848507328295398,0.006409803797874023,0.01719472125115136,-0.024511058036144222,0.02155467250880009,0.14266280204772036,-0.08506900182722121,-0.04252469577652035,0.016265879672947518,0.05479316937914023,0.015884930133781405,0.0004804188940493211,0.26774593569863026,0.12937562796933869,-0.1155910602457684,0.03170207942070431,-0.030757960723160907,0.05002096619107992,-0.01572348508034375,-0.07787922262592475,-0.0404551895583236,-0.1435615547075423,0.07422116902917067,0.021771432551101932,0.0062964046168018355,-0.08137344489870503,0.06831093321445116,0.16288437586877186,-0.15130890393226695,-0.02066326620368859,0.0023129967858228607,-0.050283022287901026,0.08380849837565242,-0.03504153582726672,0.06782899836954646,0.06000784935671017,0.005752412758890468,0.032317092260388244,0.030378753032364675,-0.06522141502376896,0.01855833213512248,0.007543808746106927,0.04768138785591223,0.19349414192253997,-0.0214036364144408,-0.040785214940979635,-0.0013938375946426608,-0.0354667998891594,0.0674158169628337,0.048788448576501824,0.05801379897179303,0.036360829653065314,-0.05306148673953873,-0.05135854151721182,0.005304159119206693,-0.01739416661777809,0.09912001511427666,0.02769771687678784,0.051895011350923885,0.03365874890854966,0.01749702027110672,-0.004582073422981737,0.0014846716573404248,-0.040885840200228035,-0.07722261666644652,-0.05437916317779215,0.03897488467139319,0.010550416140680129,0.09533119440599258,0.03390797865156504,-0.043899605430624725,0.08395758730200437,0.1020758767624756,0.07839554053564257,0.02380430164408258,-0.04480346984355278,-0.04697773625909305,0.07639875797626572,-0.008079082396496602,0.0205170464308527,0.04898698804283029,0.027158761908978393,0.0486852599331608,-0.08245391932225034,0.02102288267402597,0.031884256705932465,0.02323407613880161,-0.0951718656631591,-0.024519834031626976,-0.06497511772137597,0.003572513980008331,-0.016859219168415544,0.08605665290086782,0.05855880324780225,-0.02897939340882297,-0.02763977817651116,0.03473484906459784,0.009222130653326811,0.01582240448674017,-0.07651512693340691,-0.06377449034929371,-0.08538012177933606,0.07390253282720695,-0.022407877450156037,0.06562544074828654,-0.01147045170653031,-0.03361656116947883,-0.028583949096803216,-0.007755183968740798,-0.039838434450814426,0.023490692287084877,-0.07269003388454733,-0.017871021726908735,0.012990754964797417,0.03056436716661735,-0.01345571878965966,0.009782073898620722,0.026428556975511858,0.0251696890419301,-0.012232548637798145,0.06469319939352444,0.015579327806564569,0.01764998177607599,-0.02715835960699454,-0.020124581616743718,0.023107265109537034,0.02442184068977529,sport
14,0.4288130710027214,-0.09435010966289835,0.0029313374967397943,-0.01213812651290075,-0.08935969152767591,0.0089156363640026,0.012922459739551837,-0.09250248226359278,0.04867582398137378,-0.06278818221773808,0.0017729531160813265,0.0002115775940914914,-0.00890487440976705,0.020456618942284736,-0.005748008071758773,0.024161694138096004,0.02821696422392767,-0.02732494680456597,0.01061015003198069,0.05775810332357956,0.06670529500866804,-0.02089046607934321,0.036817775432226724,0.0541932786522841,0.06919459906895185,-0.018178359168503508,-0.07543766856861271,-0.009446181447032737,-0.05714794358889718,-0.023029406501220984,-0.08070025989082788,0.1556236440376831,0.16286830884180742,0.11925948219371968,0.021869836116568085,-0.089445422263566,-0.023018199050305006,0.08852062944529862,-0.018162889423199095,-0.07054014826911693,0.08985426028317793,0.06483484969989753,-0.020442464011652704,-0.06120944161079189,-0.07113416340764409,0.023549335030208056,0.06475877759265741,-0.007800303770546875,-0.09514393748555004,-0.078176584454604,0.05560943790755838,0.013646565117283004,-0.024220502489194416,-0.03464602787368277,-0.03260625836093238,-0.08928360877565823,0.09771196086996799,0.1177903637587808,-0.07710902283761693,-0.010419542327828758,-0.12145380505032187,0.028503961223172666,-0.031219262344632525,-0.04313351197513018,0.01571710713287481,-0.0022806361705268517,-0.04598595809409958,0.1264511768380652,-0.15564409429070608,0.001490666982378053,-0.14232947226769102,0.05497033591587405,-0.026440018266813192,0.06595448237575877,0.004349733799951855,-0.039117493197351874,0.1017885150713967,0.07136211674365486,-0.027741742901781934,-0.017468886917038563,-0.05707779028744084,0.020975152097250174,-0.03480647931663672,-0.007530911529007597,0.03467771001895952,0.09257118402340385,-0.019997132719603024,-0.03151853716069616,-0.013386432257504834,0.01842329231829284,0.032716205138317904,-0.021542118395540436,-0.01805488009247855,-0.007666428899785254,-0.0208961940739631,-0.0071702708814567325,0.0031696111312909734,-0.11969893528059625,-0.02789765147619633,0.1304738084713444,0.08018447964716433,0.17326268157853664,0.13570380062773474,0.009941073671270409,-0.10045816456002092,0.050694411862384825,0.03401726444377043,0.10548400279613476,-0.011449126264097623,-0.04462030068523872,-0.11119180294372043,-0.02288893383238465,-0.01921337607130118,-0.10051468696206742,0.04537260854357433,-0.05816732916555247,0.1270945149201745,-0.021345296084433387,-0.16172784002555296,-0.025744013852219055,0.0657534457714447,-0.0735794838804462,-0.14191612937489081,0.011191367138387861,0.05609969071850903,-0.06527732558887608,0.023990307327280722,0.09855828403495992,0.08454629180527272,-0.07593656973183317,0.10501927289749283,-0.015385749656207643,0.03312784226586417,0.01290517292679732,0.04389170921744267,-0.07983211090725902,0.04382285457377027,0.09165586800161503,-0.03502450360664693,sport
15,-0.03725631865669897,0.05214830279196452,0.005495283897121477,0.13991215946389432,-0.0008474496443128856,-0.04269398897373564,-0.02780007234825008,-0.019979886816208887,-0.06530672382702352,-0.011704650105254451,-0.11174163232898279,-0.1271691386681234,0.10371083508656634,0.08662626850599242,-0.023340173749255216,0.004208012976100464,0.2897533655070854,0.2980353987311426,-0.05619839050100462,-0.24854391185916178,-0.16121757757499297,0.08614943587404897,0.03614522791222026,-0.11480900366907919,0.027677358336918572,-0.13954291810532712,-0.06525535636888793,-0.04509443707615088,-0.016199379440669605,-0.21335895754796444,-0.02971208839574806,0.018261323744187263,-0.11844687314440354,0.09740125216748591,0.050381493966449226,0.08276072725987407,-0.09692062799401541,-0.03780256355604374,-0.022365460063114927,-0.09115739370091032,-0.09566007283032693,0.07572708102098516,0.08703262271342228,-0.02844527799186579,0.09087065220896623,0.05423326503465744,-0.03227991243144616,-0.034601389437697944,0.02528088382091394,-0.09188969638870301,0.11055312073794986,-0.05320430991332646,-0.04758976647173471,-0.16447878904507401,-0.03182286459180404,-0.05836613815309759,0.06279856372404294,-0.08862224138928722,0.07985100586060227,-0.045081181353677544,0.010330549116230417,0.00406462800540883,0.01832838090826536,-0.02596469675660967,-0.021162740997970088,-0.010566249042967789,0.0794465184006942,0.010093898969659326,0.041659290135457855,-0.003891901041547567,-0.09171291564850273,-0.04251072420785231,-0.015614446860583645,-0.04866137612814681,-0.006351978404655191,-0.00905339552433788,0.04838080800702002,0.031181933793174882,-0.03788599982499878,0.04868224777504036,-0.007339414895230051,-0.00891537602098594,0.03661092592614907,0.050860522670760785,-0.014888513676317508,0.03574105623853071,-0.020064436660755688,0.05161795777394656,0.007404154392658846,0.01771070723194793,0.039914937500254634,-0.06496860711115332,0.003441606372013816,0.004606654594784156,-0.08500341020260294,0.057607416781538336,0.030610432114193595,0.008380068922632494,-0.11472102169338433,-0.07687985294529946,-0.04383012885423056,0.025705983983918494,0.025328703365408586,0.0070413545407146914,-0.021890292716299838,-0.07510455622897984,-0.06277592501253342,-0.07318431175438954,-0.06683578068258174,0.05970225772620683,0.023085679115491215,0.006168679949448695,0.12606393068165503,-0.018894777808238016,0.046801272964428736,-0.12648035695856763,-0.0021521633004430957,-0.11314960260232303,0.04354444164187986,-0.00785157483885928,-0.07383200145916026,0.09132804010410744,0.04639686068412826,-0.03123213604722156,0.14093956383462464,-0.0083738242260629,0.040985258536305635,0.0645123095543841,0.02702211202076974,-0.07526342519877476,0.0019450371324120346,-0.2125529185786324,-0.16803717085639913,0.07851990789217822,0.19008380503298383,0.036017036170835674,-0.01510509544733654,-0.08855805041761025,0.09143802401204527,sport
16,0.39542272106098014,-0.05789103971116625,0.01056033425383373,-0.002044004974262704,-0.07698930474832416,0.00764531601081015,0.00528665030726286,-0.1397883844276409,0.09477506425141262,-0.07313443715159343,0.0187693789346792,0.002103316597226342,-0.0012182811259470476,-0.04077452189702451,-0.012494108441766655,0.059688712845049806,-0.05772658395153076,-0.07402703455905975,0.11142852373707383,-0.05545463125581193,-0.0201625974632461,0.018097778726726747,-0.041907917254433553,-0.03535345141986488,-0.22233201184828807,-0.07942380328926761,0.10542987024015692,-0.049232857564298835,0.02500241304019969,-0.041573176841187845,-0.023225172681193538,-0.0004639281976464293,0.01855088693897951,0.09061443266799658,-0.056524936773222255,-0.028021973363553585,-0.05719886541579825,-0.00494112248572627,-0.0005886132194021792,-0.02680800524527527,0.030949064957866097,-0.01893547814127793,0.008339514327623431,-0.013458277173827624,0.06644639861973914,0.06588726595057302,0.01051644748966245,-0.008970044562293928,-0.05634060754293895,0.08122459106048256,0.009558180798858765,0.05492635085520159,0.042050279797392495,-0.05975496060699704,0.05162438018547781,0.06153105415161587,-0.11804067416729914,-0.12231795235391651,-0.018880127518319512,-0.07655570718878835,0.008323908306388048,-0.021665709555093816,0.0849970258943387,0.012209131906896353,0.0760164505417163,-0.07809080088222632,-0.030976174620330345,0.0674182319800838,0.0736061894786541,-0.1059982411555491,-0.00438185280279,0.08254522720618503,-0.023706942525991075,0.04601309647848368,-0.02419967991532021,-0.005104948764237414,-0.05124302362296991,0.09460074568906907,0.043837866473917075,-0.07756073475662434,0.005184511042908438,-0.11837945493814514,0.03038732426996081,0.03890093112783921,0.10580062463444546,0.040794629380782314,0.025560369355943184,0.12661810485262134,0.0827242332203614,0.06612492582199384,0.034529651472100624,-0.04976467163428977,-0.08983504031435774,-0.10608599926769828,-0.08732995966029423,0.075841565103321,-0.046838106888171985,-0.013449629904849152,-0.03708938266637783,0.20907996993766143,0.1380836442008668,0.06783469670696385,-0.014001738792208751,-0.018313964763648848,-0.08584679393569278,-0.10369113333844776,0.05753024584919779,-0.002679213572296338,-0.09732963196435761,-0.04163518867324266,-0.03158691126638565,-0.0670242617217152,-0.05300757052277031,-0.08659935229558632,-0.05187722567831907,-0.0027461238466871913,-0.03481362410343883,-0.14733062262374538,0.15324182717934595,0.08447575463731226,0.008013449695782176,0.07989976315098862,-0.01902161564453347,-0.1377521409276835,0.03657129520961607,0.09948834706608935,-0.06306029597864281,-0.17760989161733418,-0.0368558569143456,0.056047839008216534,-0.012146905619705045,0.03948233314159928,0.07716524764116112,0.11673971478548428,-0.10366988254517136,-0.061612428250069524,0.03731740511612909,-0.07047691431788361,0.0899628595782104,sport
17,-0.054648099464648305,0.3034085153070419,0.017415320708030965,0.03690771177786181,-0.07791328981709204,-0.017800562685954754,0.007014424264202658,0.00674218998790541,0.002345896282168663,-0.05650143740685475,-0.07527201170415783,-0.01253618625206341,-0.015750593758100326,0.029658622072635896,-0.006412106499454815,-0.11799630403041088,0.08117292883230731,-0.14247983039424938,0.10126970786302947,-0.14531568857720506,-0.09558080017458331,-0.1561191675200783,-0.15661364727999577,-0.02304794884725103,0.17905860554675296,-0.017267266313640024,-0.10001706642622529,-0.13074715822252486,0.028853373324618018,-0.06362738775278458,-0.07986743969759023,-0.099611422708164,-0.01972192861938319,-0.12288558872604594,-0.031103773320301814,-0.04592733880356649,0.05130510338870194,0.1306529351412944,-0.13535030377538493,-0.040463668768957434,0.23800661662131922,-0.1473055032539062,-0.14322125975937783,0.14228376789339975,0.05486981939072401,0.030568618039150407,0.1661313938056882,-0.1592929508750273,-0.07358182224707556,-0.014704561847037301,0.03682383180813123,-0.04832601938682705,0.03320795979300476,0.03002675603072243,-0.05364621096218584,0.05802807044965886,0.03939613957855854,-0.14726670269909953,-0.0063115373270788925,0.0048338031703920965,-0.09440852937326896,0.026243761148803828,-0.058769000972575466,0.06189636904506859,-0.04207672667614892,0.04163234375726782,-0.044638134589918645,0.010882321645761608,0.03138187225207604,0.0375097323432345,0.018305741256497966,-0.0035027366721732257,0.024435775442322897,0.03817546595065969,-0.07654448116847754,-0.029745801573844915,0.05049872135159325,0.017809456782048365,0.04316477459892501,0.02838198477193802,0.0009152113829753175,0.0007603282385650242,0.026880673740377125,0.07918905938965298,0.021710362064206363,-0.046737570717248704,-0.0019576568284275157,-0.0001276018294690017,0.012891593631916866,-0.024957053282339034,0.013750458377494511,0.0027458154200611135,-0.0480885448654663,0.004167324317946521,0.010582353513137546,0.045038668021579714,-0.019044622191396885,-0.06100229790997726,0.058950074869441677,-0.020011503338103503,-0.0026184469306427265,-0.049321195348305695,-0.05559304839552493,0.032158038982578484,0.008519653642071207,-0.03059599025464004,-0.05980806919122327,-0.021081599329028415,0.017430337538624163,-0.021081830771631265,-0.05942158997068335,0.020925366409821036,0.03578992765501684,-0.006331244638107054,0.03310013802421715,-0.06324388552945928,-0.03379521119192778,0.01455834668046281,0.009231476604797742,-0.04179651867680436,0.031109260385472282,-0.005047149268527291,-0.025247556739697582,0.0706436079599683,-0.017009795634563125,-0.03787703075917921,0.0270637299075892,-0.007740252687906986,0.02920380400083274,-0.034947013643553716,-0.04603540130696503,0.00728247894901111,0.019098138514465783,0.022392311550578078,0.04006222901057884,-0.004696666952433142,-0.01608800622694622,0.042736830327920666,0.14067290746790248,sport
18,-0.07117723179614764,0.04162463909128734,0.04476696589012568,0.20537691761808277,-0.04275253156757487,-0.08592137805225632,-0.0070554742406556846,-0.008409941966935359,-0.04774020533017112,-0.02611623331674748,-0.1198488548259689,-0.05257085720139895,0.030299544699836624,0.048108441491880774,-0.01137145710789242,0.040863713804635785,0.14974619993085722,-0.01780996700973328,0.034635285476949704,-0.15131048602204566,-0.1100222861354947,-0.17896723496623587,-0.09362116471269466,-0.11985085472603287,0.12674705909940054,-0.004857956306587473,0.04118829944796135,-0.042951443068493175,0.06653087886787293,-0.14137736396084719,0.003236166063217278,0.013362024558154245,-0.00010715244700165641,0.04184656734964918,0.005196811006987423,0.0948940807222311,-0.022762302917577686,0.018778048922156336,0.15603806297797218,-0.15655538062608482,-0.17459185737602662,0.08588849564439557,0.012901741985307054,-0.13158795238648077,-0.008384852940972683,0.0751986601060956,-0.12971709886939736,0.036009028675016055,0.008969308409390954,-0.0016615813651300066,-0.018270782466120752,0.017088121911507843,-0.01309100940649312,-0.053012548455440074,0.1192326327034185,-0.1494844349028096,-0.052460182034538845,0.026468033608244033,-0.0556805509105174,0.048167957623856575,0.09461243144083947,0.03526307200060116,-0.005148174337189658,0.1165030040047945,0.04050755725839351,-0.01076611156004021,0.029705058260499736,-0.0751269836405673,0.09298029077742247,-0.08558744184131051,-0.007280074324099446,0.08730186212438884,-0.0439640963387281,-0.09998602016331275,-0.08172211910548162,-0.0185286729383955,0.0932031109281604,0.07329029683974238,-0.046086237338405174,-0.017202208616288454,-0.09266986182067129,0.006929130419603077,0.04347437597304619,0.1145431428124291,0.12177748442899462,-0.052580739527097416,0.1350509691966175,-0.030909730412876552,-0.029995097803426324,-0.09399276910110065,-0.03413481410241791,0.3040983422810011,0.057694191109679084,-0.13882789025837247,-0.058345650085886214,-0.05455820253322801,-0.15360614805269487,-0.13027030060134867,-0.026858847372892344,-0.1876628764735547,-0.097514190671059,0.08870875928826655,0.07091036061362307,0.11812468831945577,-0.01976224783743875,-0.030974999136330002,-0.022179350478893203,-0.04391739827480264,-0.0066612003612460955,-0.05094362340720568,-0.10054987581169139,-0.08072467887967937,-0.14156514666076964,0.10287522244121376,-0.05356282584228018,0.026594925511043272,0.04705474953135339,-0.006009313672299541,0.012397960388076508,-0.06599213286723306,0.06620501266487278,-0.041374759062951516,0.01560647840308712,0.035336070704641294,0.030781379310781447,0.023364765255004315,0.0018331210050098543,-0.007782248774226974,-0.0379182908993829,0.06606149874262057,0.02443150842433894,0.09413897128068788,0.05129547811083348,-0.005275501046692064,-0.08232781380902095,0.023229129033610515,-0.004911978267701753,0.01383621524924001,-0.09431247023717212,sport
19,0.4868639012044585,-0.05556762498394852,0.015041712497876461,-0.006668196247904736,-0.15417639339820136,-0.007399463803090007,-0.002148693695306969,-0.19586775603587203,0.1431565273182429,-0.07860829270202929,0.048487639345429115,0.011125341318168544,-0.0065911334263762745,-0.061332921511970284,0.03398710261645103,-0.005277610290785898,-0.06476898562415527,-0.012405444133847842,0.057780662228411835,-0.13923536004232448,-0.01801601164059413,-0.02378681023726238,-0.03265193010342231,-0.07838185695855139,-0.19957031789729926,-0.04659086060089826,0.1286648675168106,-0.029143138177066822,-0.013073530218915849,-0.10405941593366148,-0.05964819714923947,0.08159715527499307,0.11769182693020405,0.22399479730542995,-0.09166133074578044,-0.01944237764140072,0.013096169269682942,0.02914846383595065,-0.03870332525214743,-0.09400426639767609,0.059039476848013236,0.008665073229572887,-0.009764309370133183,-0.052450167013810146,-0.03675994410366003,-0.13932245645378621,0.020195037409582294,0.00167816628528339,-0.04689889076483335,0.0057626650912781085,-0.017541159088991325,-0.05618179065052229,-0.07216359392017621,0.03424671223323115,0.013695001425077279,0.05751185603925088,-0.0032992703535738867,0.021772663917063003,0.01319478905719329,0.03324598464129356,0.075561289443442,2.569698580811839e-06,-0.027852861621316644,0.04763583195844416,-0.013820075370781996,0.01650498558511449,-0.0019947468209700783,-0.08176257063271879,0.03947904317397412,0.0638896099840084,0.039459622669767304,-0.05025865886597743,0.04351509309454845,-0.023999414706887486,-0.009242913721793625,0.02960386535368225,6.825876060306807e-05,-0.056568073466668714,-0.03665857103660191,0.0051728627816626386,0.04178584337462143,0.04901019632294261,-0.000502452058442817,-0.0139564561613316,-0.013817044059651885,0.032922970469392965,0.03555467573470643,-0.04254887599825208,-0.07224333757767522,-0.00014533221304151054,-0.04125615069078779,0.015197383285240685,0.07936593379124635,0.03491063523800098,0.03960047153547991,-0.03679968256621628,-0.01180813709676526,0.030616909535634926,0.03336434427255902,-0.07110089850338075,-0.06525302899734686,-0.021629298653984476,-0.04592426980895914,0.008647411945342841,0.048721830156377065,0.006770072681092113,-0.03474358688255891,-0.06181843346844993,0.05233424749839329,-0.014607092876968639,0.044089503460548844,0.06640229723886334,-0.00965257189874304,0.06430311646853577,-0.00557758565389988,0.027296400356306354,-0.045570760898964384,0.0625095617121385,0.05303670463086361,-0.02454572696000831,-0.06787595763233795,0.03480351636516839,0.07896795600124248,-0.005436181563317977,-0.029694457984183915,-0.03850017645137423,-0.022065572427074718,-0.045440500594709346,-0.0033891868107717867,-0.01554421786379219,-0.04387411708496922,-0.0029831365234800522,0.02281447177601606,-0.006127067174067072,0.00157848606097639,-0.020000261090380222,-0.036252582346492535,-0.04991323977073921,0.06534983840557508,sport
20,-0.03898932957655638,0.21151856489712523,0.006611110018024364,-0.01597037848878391,-0.015321893141278334,-0.003238881285199993,0.009096435114063038,0.03872228889147495,-0.014975423160137015,-0.05252102957217859,-0.03519337693059666,-0.059555082749994354,0.029526903144298434,0.0331568215582586,-0.012268801901814423,-0.053987147054411495,0.14273973781642701,0.14269880108350508,0.02184216526422363,-0.04130561579126279,0.022923184001756147,0.10359666714475829,-0.09902007651458976,0.06070929888523058,-0.031030209356124924,-0.042268489202717065,-0.01242537626165985,-0.10721486439507566,0.06109391460438635,-0.027483409395603106,0.02738761531085852,0.17730459578147348,0.038110321119011144,-0.06835124691187106,0.08454618808778254,-0.19751580711771657,-0.0026041008721537,0.002354487108385116,0.10952679278638154,0.13170786099461054,-0.005186963096975438,0.09359433047886033,-0.14920805183794864,0.08771097012446508,-0.04431236235357285,-0.18362797536802875,0.14040855997943857,-0.01445955049202821,0.08411443662702348,-0.06332793798191186,-0.18260407455970276,0.14206496154404594,0.11825096385679643,0.07150035704195574,-0.028459949371818956,-0.1511147406379702,-0.057751106520731364,0.03738859073338692,0.08290118895474044,-0.050341355533210556,0.16211686634598163,-0.2960677289331444,-0.08421504328390762,-0.021323902369519344,0.1224061495263786,-0.020894530584926522,-0.07158188643721737,0.1099290536485411,0.052276978307448485,-0.11206765823433769,0.006609265686896093,-0.06131820049614718,-0.1117632197420547,-0.005886382257480057,0.007126854219641448,0.0072458071621044175,0.03126986545002783,0.01596016153705854,-0.0059689684055017804,0.019940809373280407,0.1288627884222377,-0.031150994565898493,0.12219347125035473,-0.09072003433420955,0.12731853965309095,0.16702132617465945,-0.12341110409423506,-0.07352237551954408,0.0911344649044519,0.17603031376017142,-0.010135430631873802,-0.06860904580210417,-0.06447832528424487,-0.057956070801400604,-0.09680139657639222,-0.10425265321240813,-0.03609778465451957,0.07699966655504059,0.007703897914002243,-0.0793993639186229,-0.034895977095733305,0.043727836504265254,-0.0423119965039313,0.023463047209329603,0.08184086075953582,-0.02962185806089988,0.022440212548375655,0.03255211639364195,-0.009617600611403203,-0.0708301260424649,-0.10120682410659071,0.06929526986890357,-0.05679373065079152,0.04924851181311362,-0.053999847086687335,0.05182703488351518,0.05149314202642974,0.06900749073541733,-0.030715921763319873,-0.06247386802184542,-0.03987282064624154,0.03968552362463235,0.04556954037743756,0.036511812405020425,0.015717101084373592,-0.0046487608386747885,-0.051392303621829526,0.03578241789845742,0.0035664141848921363,0.06703826042706662,-0.05110890692238032,-0.05291624448418769,0.011299951221203303,-0.016781312492848463,-0.0038274137233897713,-0.021466439832124304,-0.023847402391555663,0.05070005242399344,-0.011628593915708854,sport
21,-0.07799222803720718,0.39110428753795323,0.03403270121074505,-0.022014177340083676,-0.08213270259431357,-0.02252738850741393,0.02840118545900194,0.07401589772814361,0.017436495705269634,-0.13527031061037817,-0.0369800494995788,-0.021062831204894196,0.01158281260298089,-0.02413147250897065,0.011423644135693386,-0.12991508849928574,0.02599263138890372,-0.07845944521314019,0.05966141141415614,-0.0054666876913619065,-0.03150896414771417,-0.07782634834826602,-0.1041701916082115,-0.001303854758801652,0.07117054711990625,0.0017472893680470696,-0.08611575192811538,-0.033147045807467634,0.021866371083995736,-0.017595709605272365,-0.029256593034791775,-0.024713081139379044,-0.00563645750440807,0.044245017955343816,-0.04543962495455274,-0.007133487730217577,-0.020173324017998626,-0.01047850387068754,-0.018800007547838466,0.008216799340375685,0.03766992115171152,0.01677424359866434,0.012049805940371472,-0.07724937269901781,0.014840597214508531,0.006080406772742206,0.005264084555356095,0.018222638654776236,0.036131906211010166,0.016427059823734796,0.0424638074500904,0.02231532924387108,-0.01740837374598365,-0.008170105769071588,-0.037152951553272515,0.042605764889925214,0.023358847812666565,0.03554220395359456,0.005143426787168553,0.08238900395237733,-0.02655992489439036,-0.06043105529415259,-0.014312209005103946,-0.10429172933012859,0.04293813214313144,-0.04246145494454631,0.01362874210728866,0.043045452583470416,-0.02135178931263788,-0.02256011502071375,0.09123987353204559,-0.07248039167089981,0.036028333559475274,-0.01721648127092565,0.10956837500728395,-0.012563112251075044,-0.159973352422056,-0.10274937765864535,0.11999053748117518,0.08224835125508913,0.01414475726459899,-0.007109087863420824,0.029688909409145915,-0.12024864667244155,-0.18921963278216997,0.12527494487050733,0.004136114262550573,0.02622686185114826,0.05855438283564736,-0.0017778877607519529,0.017010940092580792,0.03952486456039386,0.020251178879441698,-0.16201166756624671,-0.02873317839705124,-0.07563347310389745,-0.10271466000252712,0.08740343603121369,-0.014542850811176494,-0.03325968436315099,-0.05416861659813227,0.025702503361397826,0.0706667804518962,0.028784940676834903,-0.1462945026463671,-0.04875655117773561,0.14653067496434025,-0.01877949231518673,-0.03373123991786369,0.062498177523155625,0.229162463841206,-0.11568877837773871,0.025412100157365478,-0.08058039826044058,-0.07697186708455704,-0.1732459207510261,0.032792473543865636,0.08008792404341211,-0.0004608388336027245,-0.009180484260877426,0.02615581625212634,-0.02312822452512102,-0.013357103941493297,0.07473774371634623,0.22610528623438098,0.006337784148095421,-0.11345608030553825,-0.020097346473906385,-0.017448484544065668,0.03816919881373664,-0.0341321319669852,0.01493622458309071,0.029721093036289448,-0.1374899520014748,0.01337941452570876,-0.052640723910740574,-0.0075955983085653775,-0.005786485270211391,0.00512410323908757,sport
22,0.4384573681020047,-0.061917098707498175,0.018245455735431966,-0.008598250498309834,-0.1118659020621657,-0.007256811484272624,0.01217268412076739,-0.33653854831103275,0.22291605329427677,-0.171580848360138,0.008020810421647009,0.011880636971696406,0.018511454899845837,-0.020121998533584658,-0.014920682540840183,-0.010686563161481647,-0.049015331704841264,-0.045806434619166655,0.013767511496865104,0.014797774340169488,-0.004562562939439408,0.0171746432411656,-0.06294905796192272,0.022259257876867052,-0.06540495285819159,-0.042890545487459554,0.03164224147988087,-0.014639821914780811,0.04763023509124664,0.024973706194786515,0.07026268614574964,-0.14807434947255116,-0.20213823165727907,-0.1995680878641572,0.0749853472961341,0.0601248875892092,-0.021970145090509662,-0.07150827929434525,0.005501579733282151,0.009224110431320164,-0.0067593981885315,-0.02368035092927163,0.06177177839188761,0.06946798582687598,-0.046512993509698466,0.16622822711812252,-0.11019817670204865,-0.033552416132692955,0.08445638405417037,-0.021172335707601807,0.016958883059378392,0.061948010653321575,0.03788335855693084,0.019810990423343097,-0.07843264106917325,-0.06756711376133614,-0.07633669206428231,-0.06219805851736827,0.03694726934274405,-0.04857145720481373,-0.006154553430820612,-0.05055285364020808,-0.002180706320500494,0.01424961763698792,0.07421525848024912,0.04967291117799035,-0.04289434727467577,-0.0031430646869762776,-0.020869261368593708,-0.024649052807727456,0.006690967365079109,0.06841003933933376,-0.010604431306110008,0.044460462803646884,0.024515616217161397,-0.05891907693499553,-0.05852680493399352,-0.0157247909875365,0.04836178561738414,-0.03481955598931461,-0.023081663143151476,-0.053745924043918585,0.019592443686468983,-0.0002954644532080225,0.013357773398576515,0.06559022470924646,0.005093530995590372,0.011514343368857252,-0.0552833638686053,-0.0370785189724321,-0.018297116141690453,-0.024222431294037974,0.01126345739750247,-0.012223596644634467,-0.006567368269183559,-0.05253768149939688,0.0011179446155512947,-0.04329360217924021,-0.0027892379030948476,-0.0015027160128152537,-0.047273405837741866,0.05296535170735255,0.048837654561373484,0.0191552794425623,-0.0021780723485329686,0.008111918237791983,-0.010896114528036573,0.050230332729164315,0.023798224391255573,-0.013608362657292015,-0.0234272415824052,-0.014400842856644962,0.03128989272317801,0.02511583411190381,0.022194407485538945,0.004591120184738843,0.02324214438344552,0.029023625170847455,-0.04535220731417012,0.016712688779650774,-0.0247024333300381,0.014222206850632572,0.020332087785837342,-0.005223472050014344,-0.02115413408722254,-0.05606439695569553,0.02271607414339419,0.01903482251578516,-0.01840094633514485,-0.0339794064581383,0.002290580659826628,-0.013169672780545079,0.009961771159453046,0.0020547007279292854,-0.005342800151218402,0.013491399037671884,-0.01809182508034712,-0.03415848521748686,0.003118970326833906,sport
23,0.4753462415016434,-0.07330989082728948,0.0016492994742866344,-0.024671217135582606,-0.13562046112189538,0.01621272875441718,0.0061489095836502125,-0.13182679457739074,0.08464134803104832,-0.08033216026639865,0.012444022971831175,-0.005894621259688002,-0.0038831833205239773,-0.036019141291438336,-0.007509223051640904,0.04962576515314729,-0.0645414998485105,-0.06323803640744274,0.09763245656670026,-0.09970253540657935,0.010619871414676869,0.01717726046424342,-0.005175063538529404,0.008658843077896132,-0.18499553652427642,-0.06697821339901759,0.06921446235897917,-0.023987698538094415,-0.06012617498988164,-0.12560150888073615,-0.10192022271658062,0.09943285738627958,0.16245339564873718,0.2600635985126096,-0.09380753340404353,-0.08072367509701374,0.0011380984506231052,0.06881928644509007,-0.052699771893038365,-0.09894734018557512,0.11666495955002645,0.05667917313577811,-0.03536905654934379,-0.09683768508150681,-0.10572992934267728,-0.05447734952460696,-0.000851466802697448,-0.016126421916396613,-0.1112841418638141,-0.045696338241316206,-0.04537717807825704,0.003568900290241157,-0.050781032682018945,0.028984440824828976,-0.030791647320449613,0.05952457848562409,0.04215225325470046,0.03424639313125139,-0.033936630914854445,-0.020934970631474148,0.02666202673744539,0.012122737163496298,-0.05320644525873295,0.022483874880493877,0.025941823407321582,0.07348202261792497,-0.015634181857353813,-0.03370250370345694,-0.06303040464502521,0.05143105825477619,-0.008374929578459915,-0.0073844953623549625,-0.007525239816330542,0.02669763593584877,0.009838734659371273,-0.04147720173902838,-0.025009981854163036,-0.057278832666757123,0.05411769305886506,0.06954444975626538,0.06178861245838298,0.0536627193309951,0.0016018038597819966,0.03020035087149706,0.057379905239987275,0.01623192855749271,0.007051409255051808,-0.0005153758600890786,-0.03963178090194141,-0.038863521963443094,0.0073682035825068,0.0002353039529746053,0.03553397486920802,0.07482798568051713,0.054571912217995074,-0.07725493299813836,-0.011054340727701988,0.04231118673294734,0.002125265566472564,-0.007338413829551533,-0.08839390536614862,0.03603354212559455,0.051618221838762315,0.0591491282407713,0.020616403289070866,-0.019924580239507824,-0.009452177065698819,-0.005100442573027812,0.023942389429488564,-0.005185662626713493,0.037700572073627606,0.019025916376245275,-0.027257195162998762,0.0016865040489898156,0.0412685064638373,-0.029933987288316515,-0.029644898758289323,0.0047502810093000255,0.00010112215686670205,-0.019339921949807142,0.006972565829605883,-0.05820412811408278,0.051522433839599535,-0.014648971411111182,-0.035767424509691635,0.021915328012327435,0.06099629867319583,0.05629729223274881,-0.03561227717284457,0.03215327825374167,-0.030547943692470953,0.016637075075897786,-0.018592548441359134,0.009443628155515249,0.05132703555986212,0.07690759141512299,-0.06535992319208446,-0.036166252732516994,-0.027666304043027275,sport
24,0.12966565566698676,-0.02873667031957376,-0.009434271938196905,0.008260994295133755,0.059931770972775675,0.015647633093853232,-0.012570606418721084,0.028911553906965932,-0.038912108557059774,0.06532762884625824,-0.0023441994950962096,-0.027254590165006486,0.011056049550995609,0.019062056787505742,-0.0014704449846430479,0.01600527911209639,0.04089147753958384,-0.014994911584541287,0.014052478754690062,0.034264640228901626,0.0055541257889717794,-0.03631718895540771,-0.013546528522991387,-0.014322725293114411,-0.14382109514789143,-0.11258033611307984,0.06678304888027436,-0.08179965042973986,0.08711721544187251,0.028485694876596298,0.13768853776313394,0.011403215825065366,-0.07751818458567682,-0.036421293374290634,-0.015981250998266566,-0.023038693311520773,0.016652709123225095,-0.057791689286537114,0.004195569148489177,0.019464550280877447,-0.01759785850458373,0.048070802640221476,-0.031292586425510235,-0.037821164214033025,-0.045094892608856185,-0.1368186485559639,0.14975898030704252,0.09587701086270692,-0.13034670020261377,-0.21989397947575087,0.056043414829668604,0.06501854903171804,0.011876402748835455,0.12667818663459912,-0.17763514847021186,-0.09545805394848149,0.38738074049080196,0.23932844115082377,-0.03966540469199122,0.055359806662754814,-0.10606427275658871,0.35826680908061553,0.2637142582967569,0.0218111140845808,-0.06880937796796813,0.14156846965295392,-0.006178633428085847,-0.024371553259841024,0.25998171780972756,-0.06350965024048272,0.08694412652762334,0.053000654017827255,-0.0944725515091045,0.00825475694105929,0.022161760037926866,-0.13662197896248646,-0.1211977248387174,-0.038582508891760334,0.0353953772597436,-0.1103885258791972,0.12180551946993223,-0.030242112012620996,0.05246254439078407,0.029126755342245767,0.07755153709112998,-0.04938211890389305,0.08149706170104942,-0.029177543088987113,0.045593037299089895,0.0006980996048441054,0.08434307117434026,-0.01100057225803805,-0.0196652893328229,0.022402754185899272,-0.040317175260249444,-0.041473531773853003,-0.04402745158569185,-0.008961559338960035,-0.018028515138136646,-0.0030041956834743052,0.04208760396862034,-0.09503767264380945,-0.070721680324753,-0.01742016560128638,0.012831072942388881,-0.04007129706044326,0.00738728802666299,0.01858999457363126,-0.06467511177891908,0.020827059855496547,-0.013765594314511935,-0.04052074883714161,0.030042256181149796,0.014836654258908328,-0.05407391672024237,0.0205498276231562,0.023831209313199344,-0.010108553372691483,-0.017318579458807864,-0.010579641049291476,-0.0321541569950831,0.0005856339141171495,0.004309737908161839,0.023401839129925515,0.01217725067203844,0.022097652645965884,-0.009795658898400996,-0.005771402635808289,0.016040025266894346,0.03517525015717686,-0.014245445311700937,-0.035493465071207,-0.021224570264468213,-0.019087262927025634,-0.013195146435569773,0.00858817288317936,0.003014002102223212,-0.009475954161229004,0.000402790918733584,sport
25,0.561791288073415,-0.0807606451239262,0.016379445624722846,-0.03064282048102488,-0.17104534137183366,-0.005617332733097231,0.00610411318868753,-0.18085169645300198,0.12950336562590728,-0.07530250526132624,0.03646792112886209,0.024480700447450484,0.000793218370500473,-0.03983277691451737,0.009806577147246203,-0.002834981898523386,-0.0743539518908506,-0.0004558762012938288,0.03933390481184984,-0.06754252960540202,0.0036714374972543545,0.014563779074047926,-0.02512767058971932,0.0031983516587076656,-0.0992009138667672,-0.03107526637874004,0.04393337689021005,-0.020690312247799672,-0.0577978700709809,-0.1009162732572748,-0.06843442075821561,0.050661184441315996,0.07671310654620102,0.16386955595095157,-0.03114750151769676,-0.08061798005409845,-0.0013364433056915954,0.05181102875283006,0.00379088760546858,-0.05058367015881491,0.07624975196363835,0.035575636953994495,-0.010345386874929462,-0.1235301346464747,-0.12397902794747356,-0.037707342234014056,0.03631882829251878,0.00950160433515211,-0.13041492696097579,-0.05298019968882294,0.003992268853184137,0.024908086151543815,-0.037493290987577435,-0.026338235814399355,-0.03858638654460962,0.09502239650055024,-0.04142063684934037,0.020458440123654508,-0.029991910319192485,-0.005042967653264294,0.027756555092686958,-0.043431863603091744,-0.05394048463153174,0.0687708794790773,-0.022952411990043407,0.020016969586574736,-0.004023777657602046,-0.09807695893271447,-0.03107300865949888,0.06895681524442414,-0.06411207766272987,-0.01914340812475197,0.06475253837704326,0.03567173653199852,-0.0944274240561803,0.015228486436383387,-0.023220053529227378,-0.030672113505243306,-0.024287206416046727,-0.06191827017507171,0.06377223617455544,0.023684927777305534,-0.01173524988635718,0.004334503233502431,-0.004713359358494093,0.13859568496430913,0.031629858397559725,-0.05914953008195959,-0.05817745038938384,0.0029533305603322885,-0.016902071305561966,0.009163358969887996,0.08270727939049356,-0.04230850663480336,-0.05703086852752745,-0.04468808302176578,0.001371950431697408,-0.03343456147819655,-0.01602611079473125,-0.06440258920241644,0.04114273126471837,0.007826908206430602,-0.060702791155586244,-0.013502998049024256,-0.05636329037081227,0.05732334507550695,-0.007896456261542386,0.021299199473104064,0.03533018582809693,0.01895099974782565,0.00564706599895354,0.02335811739563042,0.04771679126450141,-0.009685718458419841,-0.0020757444498408547,-0.0072889006637914715,-0.014140884648247759,-0.025392800663772846,-0.052616647975484855,-0.010004610743328948,-0.03683581299591688,0.05164310277031566,-0.03823496880002008,0.03134722980150485,-0.010607297959532231,-0.007696223126001448,-0.04360314155337759,-0.02616798627956406,0.017302755749886763,-0.024482978493929483,-0.014697710618908736,-0.040033049357576025,-0.031076117091398996,-0.03184266078408659,-0.032376193522208066,0.03877121501409319,0.058943707451134274,0.005385234287677739,-0.017550533734693743,sport
26,-0.02114757723311287,0.0041223245193317635,-0.017023212257064727,0.1342635987173715,0.0314994559023574,-0.01041522320000078,-0.03007519189239162,-0.061847962709595916,-0.04199613639387714,0.12045296647256812,-0.05232034601919548,-0.10843453292671022,0.10041125473068546,0.039190392769064136,-0.006357098084190225,0.009937996089213684,0.2426376837608251,0.3263581786841878,-0.13646140125576875,-0.10195030097399324,-0.09767338107574347,0.1537011754948077,0.052308969694237636,-0.04341228683845696,-0.0744833219897155,-0.11926482706104882,-0.06312327015335312,-0.004981100314624023,-0.050488676703646804,-0.16008195431586877,0.025190375018956563,-0.025034612423930045,-0.12881830704798503,0.04981591329104232,-0.05421504704657116,-0.07052889284701908,0.06469450237642077,0.09756738765132691,-0.1352174542682483,0.013847612253415362,0.0417849952081773,0.029730518409084,-0.02177164323629738,-0.0020619296298317034,0.026672995084707784,0.120374049346968,-0.01792730383977157,-0.015643792286098836,-0.02401218014562176,0.11228752982915997,-0.08539292562810047,-0.025672253340792282,0.06839970030292815,0.0485502377215301,-0.011869600286827514,0.04638749613040666,-0.0034993634268511114,0.0699128519575306,-0.11203161675746605,0.10083371127891268,-0.11057576395081575,-0.04423045769218811,0.03577972716385486,-0.0451121262930766,0.08313820344405544,0.03897038641681148,-0.09137208422890397,0.0378090310424996,-0.07447018446047489,0.013136421690431279,0.13791921581703945,-0.008680409570133786,-0.07452815757284607,0.0016330081357980165,0.07576817204434406,-0.06819945484823965,0.025993096654059477,0.17800336158159075,0.0401513044461612,0.191695863678745,-0.005163501919069409,0.14493948133131207,-0.24114303534497522,0.10699896986463157,0.10748873603976242,-0.04828963389852025,0.04759232993309326,-0.02450187016128044,-0.04227758486616362,-0.016587940143562324,-0.04550502692795855,-0.07354487459300914,0.028394272667653684,0.04972362006487448,-0.08692609483138107,-0.01622813143095735,0.05852348399065799,0.08173541536072612,0.007340925007317552,-0.11598387559172557,0.05892194759831982,0.021073460260311584,-0.08958393071630232,-0.1489440340826316,-0.027351415652178444,0.028124731868061425,-0.008591876829074637,0.2287355684610923,0.08690025434116504,0.0159006496123525,0.019463062046649077,-0.034141285890222785,-0.021440053495264812,-0.04775648348692746,0.03560079712409656,0.028440697930384617,-0.020905657892514494,0.020062039152337053,0.13850633618724847,0.05866651360136019,0.010483200194297744,-0.10083287692378035,-0.008341260383981064,0.09216448623181163,0.04826283635000983,-0.08789676517838915,0.01136709588780505,-0.10713299970622776,0.0111231763122444,0.02964877667472014,-0.05473563334457849,0.09130481803497385,0.013219442216990271,-0.10149843601921907,-0.0738052663916706,-0.0447574817420131,0.004093477979984392,-0.018769960150373466,-0.018922248155390516,sport
27,0.4259259474683366,-0.09291878920276607,0.017171597687422675,-0.005027637290049853,-0.07636275086345233,0.018620883904299352,0.02205899783809998,-0.2507650157872854,0.15140430227546992,-0.14553243447928974,-0.01944470965752678,0.005739508521299503,-0.01277760150863635,-0.018262079170798886,-0.019503369831619044,0.04069881096533089,-0.04201702340007512,-0.07347505089874169,0.03749777507030704,0.029568210966306067,-0.0022644074834630196,0.002761323050605776,-0.03317957530114901,0.01702630057140142,-0.1432932848767688,-0.04776196381139726,0.016590920618648756,-0.016255837499428216,0.06432692542719162,0.005302089540921011,0.03761606435858102,-0.09080799295624811,-0.10358679994617744,-0.12659276775303818,-0.03440291127781015,0.03348668634606486,-0.04810900631861327,-0.04645811711051796,-0.013943432901809045,-0.018443638850069263,0.027038948517819305,-0.01605760821620834,0.01175275026543125,0.09549669957082531,-0.028315997133552727,0.17246623858212928,-0.14342486191803996,-0.06657852764663452,0.046350636736243726,-0.029320161018469813,-0.06457974205333025,0.06852341847381863,0.01843150198967069,0.031353777055005305,-0.07953133141101389,-0.10665076789292394,0.07334725205607846,0.008984004080924424,-0.006487412679841239,-0.0019581655585299926,-0.0481015458641173,-0.04152031142008872,-0.006100661895332735,-0.047882989464814604,0.11367707598433589,0.06469567775242753,-0.001072973006709732,0.06448470254643886,-0.00417981846282861,-0.016224780142663004,0.015480189090485095,0.03469188794851926,-0.09506142225047337,0.02974896116893306,0.13121121180956105,-0.06585536380774462,-0.03354514771211971,0.017785402242096977,0.06981130189918787,0.06171154198320305,-0.02773680852111165,-0.011609136144852124,0.061427496717086395,0.0262041634011773,0.014213452415458296,-0.08461532223038844,-0.03908985955559713,0.09531413680155439,0.031750087247905116,-0.08828194036478831,0.04851163384123206,-0.04634036109884577,-0.054270078765935766,0.053155175338083824,0.09537171102522493,-0.009178404210770303,0.006013393117936342,0.05205880247569212,0.036129030055760306,0.005192625621975203,-0.06928363019913737,0.015104209216741535,0.07662322575272838,0.07802024407863989,0.07803665370388575,-0.04918728256418978,0.009859284503752787,-0.02384771897554865,-0.04120413305144109,0.006394258312769105,-0.05595195405398649,0.0011776719327189938,-0.07168183108573475,-0.07793927646433206,0.056796416896263614,-0.0634680253457909,-0.055805739578146385,0.02437929610341868,0.05727203594023967,-0.03265532050926756,0.03351565245178072,-0.07519496181866331,0.010309338999046897,0.0783561207627824,0.0010189626527989046,0.009942930062264307,0.12412468265943627,0.06285653036721343,-0.022892826956892702,0.03614841676352799,0.03359776411119751,0.031399193471702405,-0.01608204311162233,-0.0365461011687046,0.0869077669747881,0.002511762432423551,-0.0005240813746880387,0.0663033158172088,-0.08792211368241618,sport
28,0.09201315149238883,-0.06732115123475205,0.0016808028798664888,0.037241503932410096,0.044460815212907644,-0.026286848635305733,0.025516434682872464,-0.09581523100740799,0.040223802604046455,-0.03214636642127679,-0.05572730520137127,-0.03729789160794942,0.03308624507554455,0.12532842118615914,0.006554047955217742,0.052242748549360646,0.18426173260885012,-0.0393823773582512,-0.013383427177242573,0.20665628686973583,0.004101921859658639,-0.0925322142486429,0.08793120429278545,0.06137954935883272,0.2768480075819048,-0.050069008438518185,-0.030291777382495288,0.08750553453065794,0.15144337589104365,0.203991196823897,0.238665073033007,0.3179653329971479,0.05608370208575388,0.1248251241988696,0.0633139063902851,-0.061238865792892366,0.07885818920014159,0.0861327989428625,-0.10619594281063384,-0.11141513058537714,0.11201922517883756,-0.010992187712040493,0.1183206498392503,0.02171023346956632,-0.0005990203914430207,0.03292136752455344,-0.043970490832754186,0.008984414416376955,-0.06259269929332627,-0.03257293886068666,0.01582329910727858,0.02927493977055238,0.011495278445535774,-0.0010122077041698773,-0.03365519428162115,-0.012998195439046102,-0.08009057725331754,-0.02004849324946836,0.0052293551849739925,-0.062086004090828074,-0.00961709303524988,-0.012405538127599466,0.011326022048545029,0.04004176004409679,0.015291396202349532,0.02005199701592095,0.003344001995355191,0.05558313381971864,0.002960050726050858,0.06163265873015606,0.005693013173348101,-0.01089554915358354,0.03803480874881437,0.0830883506428905,-0.0026341885716018535,-0.010687387717267707,-0.05057368665387149,0.014738524321563739,-0.010979550632380593,-0.0901021714474779,0.08130821218283046,-0.0012999299608796606,0.023206040614991787,0.014996075374893428,-0.1212825214987826,0.049836673581506015,-0.03077641717690234,0.01581675056932005,-0.05321690885329268,-0.018495000433501937,0.06032776423008158,-0.07342776017030549,-0.02468715016121918,-0.04020411514570964,-0.02526034792078964,-0.021677346842701516,0.08201937406932612,-0.04182528397935437,-0.024024861344570627,-0.04320283995825514,-0.052855508633459315,-0.16629008754569338,-0.0001572811811963043,-0.053660389533691996,0.06701618366360508,-0.016454007675101738,-0.0598386840848513,-0.02828985875750175,0.02045076829353919,-0.07378382478643263,0.005771794825316243,0.03789834354206653,0.03197591893692383,0.08598912150418812,-0.09130338214103596,0.002365743341268888,-0.005339509901299245,0.047745913693540504,0.11890417627918011,-0.004016964323074563,0.05420610461963306,-0.053915490888458546,0.0510593450364102,-0.16274911145201787,0.20877071038722175,-0.07803408954607058,0.14403601424427886,0.04185368088793989,0.04846156027805972,0.013964073690811412,0.01779958948036501,0.16425891014106073,-0.08876295179755599,0.09500528297880119,-0.10815313544075618,-0.07615715998585475,-0.01653132597891153,-0.06967479411700679,-0.04266105329510306,sport
29,0.23070033439675236,-0.06662918178816442,-0.0022711430856028067,-0.015944285360076457,-0.08074329479168109,0.017795876927140155,-0.013093580459957248,0.25438556878398216,-0.20048354967464005,0.1632080079732261,-0.036642702172573045,-0.024297069529246693,-0.01314699258601567,0.04842566111144638,-0.0010180354165919428,-0.014411251088874057,0.07870605079418011,-0.003823307291266606,-0.0062878436109102065,0.04653632387602962,-0.036859330297361055,-0.029635199466299476,-0.020222765546657785,-0.044156011851212686,-0.06320321491482137,-0.05835964659546039,0.08530062306439572,-0.03432631911691962,0.1453615521133927,0.12101635167893553,0.2572501660874414,-0.06208677570291593,-0.20017342696404708,-0.1082083415939287,0.05675065079435797,0.0898408625317141,-0.0015078469842506096,-0.12472895583141953,-0.010433506657729094,-0.027480358481631148,-0.0329945842650167,-0.023744793509801427,0.05464877426683005,-0.004263864779383821,0.016109282661227017,-0.13468745207556088,0.03788383255086152,-0.013686547631747726,0.006966641347138268,0.009609341994933133,-0.0600008880763331,-0.10205017155005613,-0.05789236198084626,0.07360161633182759,0.006993561431561113,0.17476309440675544,0.0335801200729303,0.03924547575441788,0.0038746718531927227,-0.05054543434121341,0.03465538081286244,-0.049376579882292104,-0.12475562709594776,0.020953584878839103,-0.09482069645647702,0.0814328518845709,-0.015955052397203674,-0.023008380111390572,-0.07587102544559028,0.06474503205451972,0.04591035554685941,-0.07680295766084133,-0.012698114096106406,0.001949868474694825,-0.07994895909289869,-0.0025322519673527124,0.056706593483924095,-0.12576405283286987,0.023456124599602612,0.05402804259375768,0.09879196697709311,0.0658799568847745,-0.01645697844070324,0.12335028383758215,0.09044522386158067,0.02766715319845756,0.05807862558187676,-0.055462261997902676,-0.02642057690928179,0.04058908522332056,0.06985389884826113,0.03526611994675748,0.051843148990752035,-0.013705978653772648,0.030563606753446857,0.07227709277324841,-0.03593275146752331,0.008144798094873812,-0.035162621328165417,0.0687562346793418,0.08533461688844911,0.19389451661309046,0.04116172453904005,0.13711434308899437,-0.16008479570294942,0.0032783318758086238,0.20170110561056695,-0.05529780362889607,-0.05314589785265754,-0.04088032116887171,0.019005914905864996,0.2745655856774997,-0.06856728011172965,-0.0611813167572473,0.14105062027813237,-0.0755632630510406,0.16027814714666466,0.12530301234037333,0.06526185755793029,0.046561129055834545,0.008317431496711353,0.040946293168341495,0.06377045249058409,-0.004852732944319044,0.0478883811883616,-0.021516664736144657,0.0959982763255931,-0.09837743006623434,-0.030314484989903346,-0.043265009483530244,0.009042793150688193,0.02970310667813302,-0.03353080844534878,0.051639891294396195,-0.018110705140827164,-0.017251157130567685,-0.023809365813534093,-0.013972144749390845,-0.027538553139109304,sport
30,0.4381575386623709,-0.05188954722828659,0.03457303372927686,-0.041154042450190456,-0.08155605491196795,0.0053364359631576375,-0.00569266985364115,-0.21170205146645196,0.1396231795150255,-0.03351949856285371,0.07432431974484334,0.04927185358034101,0.00925889828884402,-0.04747488304390984,0.009124185658644752,-0.032746685268347064,-0.08380045532867786,0.06018747359409197,-0.027397003004327906,-0.06659537574105939,-0.03731007265734575,-0.0788795475966847,0.018722431714872128,-0.13227527884161086,-0.12515354227373718,0.014417238576231279,0.18102372540882714,0.004004740455411307,0.034839865336895426,0.020861373638993097,0.06072821461523353,0.03643877153366749,0.03529118021458973,0.0015985458553105078,-0.07824251233189772,0.14008351659255344,0.11245627442175381,0.023617356631457004,-0.07472714957105894,-0.03413913176825002,-0.08131781548300396,-0.05893002902374256,-0.039754896929788376,0.24476829661655886,0.2226883252967733,-0.11812184567034409,0.02859161482925956,-0.015101654009913036,0.21732859593693252,0.08581072181035233,-0.06545709664550085,-0.12501247726089604,0.009438149315212151,0.002873115554591649,0.08053593854613142,-0.1657304257003854,0.06204724628702844,0.057515035823963855,0.04783269730295299,0.08520216442135652,-0.006814476044990291,0.05869143382104248,0.03240845520902821,-0.06295700375437811,-0.000417514562279511,0.028391026871838494,0.011850850943358476,0.021252293100753498,0.02933690971786362,-0.0948167215148597,0.03546145588411712,0.03310603660505029,-0.00585493242183326,-0.029400514204989125,0.04030545381300447,0.04434183018657059,-0.003582503274663625,0.04275154029326817,-0.007826502831062204,-0.06228835996939769,-0.0041197305615186305,-0.020314396109044383,-0.005476202693115874,-0.05818834524398007,-0.002156867863822507,0.00040198085267463394,-0.025568033692233778,-0.027461034199187814,-0.04323710753728424,0.042283984112359854,-0.034689174769503776,-0.027216725111743726,-0.03143183684117599,-0.04955125814322363,-0.04368181704572447,0.05278829522014156,0.03627809726025884,-0.016041044134408933,-0.02435866771977847,-0.045109303463399454,-0.06707270906902932,0.00562600770412265,0.03433502293548724,-0.02711219635539692,-0.018450445655785422,0.06748353203974548,-0.050030747405544064,-0.02695058713337287,0.08691761630857092,-0.03669657251571367,0.063066365052493,0.03971378365795723,0.05755802639117242,0.05130460247389723,-0.013317486813933996,-0.03756722951363855,-0.023053789150617815,0.09203734869631286,0.01639736171200051,0.0744989320588207,-0.007462618564421218,0.04110106744093525,0.03803265671602025,-0.0335891073825451,0.00043423444069500916,-0.07473685067190348,0.014381759096390428,0.012150069027836033,-0.03168914936212522,-0.044907838606595876,0.06911275196871941,0.01704758638102032,0.00919206349413427,0.03304625006068333,0.028079065752725355,-0.035251967660852285,-0.03574742091319601,0.11898850443117122,0.02090478024561111,sport
31,0.705223592690728,-0.13116464091238955,0.02284209731379365,-0.0774899630803293,-0.20140221095882294,-6.783759246530717e-05,-0.010084125719282527,0.2626572635113189,-0.14303951860891906,0.08466493965881607,-0.01060210954950408,0.030547078878266375,-0.02559596259624903,-0.01656559186106656,-0.006124512539019451,-0.02067116490506437,-0.020345027777294782,-0.03032614504589513,0.004277372247760364,-0.0015096931730171354,-0.017661946837961035,-0.029998388186290078,-0.01761633234676685,-0.023909992879672017,-0.046563390638795284,-0.024406012791350136,0.02902507240512833,-0.0009543852422760436,0.01380941628091603,-0.008115474531570873,0.001855850410765006,-0.0058705068809375,-0.007426862474528559,0.01379073714591051,-0.011783100411137578,0.010502993813918254,-0.008222236142870144,-0.0021822606685204943,-0.008994831825761947,-0.027946169812168062,0.01774687952696438,0.003594143929377154,0.0036390781794155194,-0.004865404435751205,-0.00971697647149455,-0.006395275877357353,-0.014587918540108845,-0.0182150800687575,0.013239731950107489,-0.005703328774871101,-0.019041676815965105,-0.015457445401755702,-0.015927319611755347,-0.0009549075601715644,-0.011102877563239718,0.013598081644760597,-0.005948586603518218,0.016653935908204832,0.003101896076333029,0.014933994137702123,0.008265150515354694,-0.03014599574277389,-0.027911782087382042,0.006358608589000007,0.0264780342080745,-0.008470083951680168,-0.0003058932176973379,0.021652258283475407,0.0002828004392703121,0.011336453228479313,-0.015117264391423477,-0.016248154832702554,-0.004366077792455329,-0.00019145902502850436,0.008907426241742416,0.005271870141116545,0.012657669409321406,-0.006408048809170523,-0.022582392541040937,0.015261493583212,-0.026751113679657237,-0.01908794178495534,0.013905247045582693,-0.00893678818493747,-0.0167730962249542,0.0006970913361691402,-0.003461339053690376,0.021562767542569545,0.0060464554626750095,-0.022481031872120676,0.013572824578775719,-0.008085454607421484,0.00021777436769168166,-0.007969314355550308,0.016824405923310515,0.00010519833504609176,-0.0013980640888227207,0.0017142568373685301,0.0009136337006970424,0.00188237423795349,-0.01182631370655572,-0.005707755849841943,-0.01692851447643169,0.004765304079512468,0.02136812089903489,-0.020663786009619153,-0.0057649035359288205,9.281706455322589e-05,-0.008516170246578051,0.00488057996427929,-0.019002894694421374,0.018004079096637763,-0.018535928706631618,-0.03535381809408295,0.014024824349192984,0.006349182460830657,-0.04447315531123946,-0.018899886683199203,0.04548146914921131,0.0063036587784892515,-0.003456731236942338,-0.0009546224994589414,0.02296461476961638,0.02598621577625372,0.000625877852561606,0.00721596255010342,0.02037180743108939,0.00723736223599138,-0.004656569890560359,0.010062000258852885,-0.018330059379406547,0.02701660886220378,-0.011185823023249258,0.006767448519908969,-0.0017367511931427506,0.0004461212064641641,0.03111367683114158,-0.03016102361098586,-0.024313175337913488,sport
32,0.24196864665162468,0.02844196632230318,-0.011822581210536618,0.034996478560600744,0.6541411634951272,-0.07953559600905678,0.04161404342536737,0.09858086785014507,0.05878391185091873,-0.10723517822502279,0.04726489318861641,0.06601594124301981,-0.07537059129399454,-0.007460262351638318,0.006922241004140147,-0.04508131147861468,-0.04723607311068714,-0.02572538358451622,0.01400799421960493,-0.016445948292271445,-0.047071376938258094,-0.06636465146466566,-0.0418053498350802,-0.07679555612747428,-0.13494281192356855,-0.05823021334741142,0.11548373963212824,-0.0189035199417758,0.0622867157144406,0.009741094633434833,0.09691646422800977,-0.010780112264859127,-0.07829387361698015,-0.006844064064719545,-0.015418197409772558,0.06274639895152144,0.02017129960624314,-0.019161714980854967,-0.04491710366889136,-0.07848281284758997,0.027555346908540154,-0.0422382191377551,0.060008889955975225,0.08250592374774583,0.02046526966620843,-0.058547933591063736,-0.0157020454171711,-0.05027597322821166,0.09126626954939006,0.029533681748609673,-0.025047836090523957,-0.077530681031914,-0.05511770112587921,0.009777786652880784,-0.013478340078336346,-0.07845360060244802,-0.007535887976357345,0.08649477051686724,0.04794262848189172,0.06920254632071643,-0.008451509936015601,-0.06799400984754746,-0.05511746800689401,-0.012882536434764329,-0.02659521456274724,-0.025756587008476824,-0.01701709412867536,0.021883753412132865,-0.053060904584152704,0.050304165049981885,-0.021905424499503327,-0.09759298375007297,0.026313331550604516,0.008472162656467993,-0.0873868241543974,0.06210089613852216,0.10402312219032858,-0.018312453297464025,-0.07325334965420957,-0.003393852987810668,0.004291094675375997,0.035499260629884954,0.0031638127448640548,-0.020339702843852107,-0.0520616136727407,0.05676440813739201,-0.004631448081457684,-0.04691246670508693,-0.057337084916685044,0.022367047278249255,-0.01232230699699812,0.06639093167483898,-0.009064222015385504,-0.036101209680134465,-0.0890543870772168,0.01903601188244706,0.02446771091908583,-0.027511421214643204,-0.03472018989857934,-0.005407831326936499,0.08071242252143453,-0.06676652720778312,-5.751750375801511e-05,-0.033257993506238565,-0.0009577776502730995,0.10083314696891625,-0.03864876884037516,0.02927167741620098,0.008068017434652406,0.005277447399835845,0.008245888556640985,-0.10527713228395923,-0.05137515402208227,-0.09153003484851766,0.013807676514766271,0.016970221530722182,0.01876570021962298,-0.058956253713217416,-0.007760472117297139,-0.009087398284127447,0.019859238422337312,-0.00928323671528031,-0.012836234005178358,-0.030829518651905783,-0.020917201911116314,-0.00047313223421153273,-0.03182177149791269,0.021226111748801204,-0.005683592087757647,-0.017979155407145626,-0.009458169463315546,-0.006524840056652586,0.03129550617322193,0.005659438130236019,0.006144912149613172,-0.04010393154957981,-0.027633145320070645,-0.002778961137176373,0.00847342281744486,sport
33,0.43812279879693344,-0.07787749027145735,0.016058943502159764,-0.004085290025598721,-0.08972783429867433,-0.004620903971765173,-0.004601154646731997,-0.24702462709290926,0.16296992561764062,-0.09629852773597807,0.023008853167263137,-0.0074442639070370345,0.0300120339933022,0.030463122817663186,0.01756680790479765,-0.015045872655725928,0.05591585031805815,0.037467294782447085,-0.062243629563183835,0.027534810876720252,0.031600991301145166,0.0034336365306807024,0.007244251291955379,0.0022589283613302317,0.09729222126150859,0.01862722418262313,-0.05215992833280945,0.0021315966434688385,0.010299821472500153,0.022909410226565945,-0.019342032285488767,-0.0019385001428482308,0.005828406361733393,-0.012022050047504283,0.017433483915122696,0.01282711045910984,-0.009243653988197903,-0.02582666053218572,0.010362070483319764,-3.8341705816701524e-05,0.014438315243751141,0.029652901337306584,-0.006811349668700382,0.023141129202799624,0.00972401990564049,-0.0818843545289083,0.006860856297187416,-0.04553147356229567,0.011341161373755168,0.03089519704253874,-0.026947159359982126,-0.008431289235636612,-0.01639675966911892,0.042283407680328594,0.02044434167055284,-0.023011633620190885,0.05287991836751604,0.029306410105089747,0.02240858792341723,0.003918957667596334,8.234827196523057e-05,0.028203665367063598,-0.05293174100654329,-0.03152610005913297,-0.009932570966335624,-0.017733612989071022,0.016164031139181186,-0.03585939103878836,-0.017600153897849025,0.020215742514418794,0.060898128337102,-0.0915174266991739,-0.013113186882454015,-0.09971486681182812,0.036755736397954375,0.05149201969811225,0.09270635053881893,-0.01594155228139557,0.03170616711701313,0.1588050135525247,-0.04043287218480801,0.10081381606244094,-0.024612462128173793,-0.038026355863306084,0.01150707587914461,-0.1946408234764333,0.030689705192886205,0.0202115336781483,0.09254002982163452,-0.07325762271651413,-0.0006645603354703032,0.0012059885417187704,0.0405608208695351,0.13181264116786084,0.19572285739193582,-0.05992130263119453,-0.024875550934851075,0.117569296856761,0.12418091271130957,0.03194095364742119,-0.1470254368274568,-0.03578985543118785,0.01758871756490623,0.0546321001753102,0.07538964029283804,-0.2297510619576253,0.0753841663158637,-0.07774175608117602,-0.0470328506876,0.012486609300646075,-0.009567301640694552,-0.016380715472949992,-0.016801356144989375,-0.027599377773149504,0.014154690422923243,0.09855788227918776,0.014769229311745579,-0.05186853722311786,-0.13769833844030763,0.03369316622469104,-0.057816349096227924,0.06938977664197025,-0.02412166233590685,-0.11686409214211405,0.09196611551150463,-0.021230879560155992,-0.226844571453568,-0.03733651112708238,-0.030912368400493166,-0.13637670272727465,-0.030179349886963348,0.10841431384866747,-0.005124844108745929,0.0690919613639577,-0.01638523794851297,-0.09574475043139412,-0.0013183236183075971,-0.022224848495014618,-0.023598244221079173,sport
34,0.26212741816943474,-0.029117893836033033,-0.019617481440466284,0.043215404441970376,0.665123536174249,-0.08200665113542888,0.03840480340339163,0.12244649020035056,0.0433021306600372,-0.1193073851187589,0.027089050119297367,0.05541629576819573,-0.09198210635638608,0.020691297565121284,0.008624855229387626,-0.03106641978578047,-0.006561578948150243,-0.049386172728154897,0.022172670953280838,0.02317478739188541,-0.0255165819604341,-0.06187065962007389,-0.06276817815770908,-0.031579560810223124,-0.12057930222050499,-0.07834960356881378,0.05525374259810945,-0.048462325030222235,0.05085121033996115,-0.012308495672420402,0.0492166624575923,-0.02138949938558955,-0.0544581749627751,-0.014330768293470058,0.016353284483497224,0.01061457169278605,-0.023568093270417503,-0.006188600370569059,-0.02266407468143389,-0.07629671820128532,0.06267454527002633,-0.0065491342340476336,0.033448446795009884,0.01063563179975467,-0.04445713053955313,-0.0289768146572601,-0.009367925707031767,-0.038018891395034136,0.01826289228665525,-0.041471284627139664,-0.0006538904404253475,-0.01796752491408716,-0.04145290240932853,0.020295214809842893,-0.05563523611233384,-0.0850501355971719,0.0413130492307966,0.09843611656138791,0.008882486644290855,0.07569904716706714,-0.04431565114082655,-0.06986118656632784,-0.04514488659025132,-0.01715111469555562,0.007244888388347485,-0.022174820670067822,-0.01551123521343565,0.04933555637900552,-0.06828287630375698,0.04435786363876497,-0.025284440512014977,-0.13615923816934467,-0.007050575713984895,0.005340059658168082,-0.06399189659858798,0.06040491951038515,0.11584423526999198,-0.005726771523309965,-0.05740545070454512,0.04434909022548597,-0.025226990826336337,0.051270197906157534,0.011763131441211307,-0.019198471793690906,-0.06668335073769573,0.010539365840702359,0.013452121987629382,0.0031627626748746544,0.009072752099736913,-0.007483369375411792,0.017510141338252506,0.059327839477062744,-0.01597436464963796,-0.014337386193206438,-0.038915743374025556,0.015326767483542513,-0.005607830671524814,-0.008267079502651917,-0.0027818103370916983,0.024140732092680688,0.07227442926073417,-0.09593544004220964,-0.031298732292563726,-0.01508990692138858,0.031175207217079334,-0.009137156725822253,0.0048976940290365745,0.004761973661154748,-0.03582030311077018,0.021398310875704676,-0.02975860296751939,-0.13013514710168622,-0.08169312599480526,-0.11508619406730407,-0.009707230956651793,0.03626002516228413,-0.01862620253938949,-0.09952244589225542,0.016167199472734886,-0.013571543435067519,0.014382243530298298,-0.023405180714471667,-0.027072656979303875,-0.02544059020423066,0.008061677673138807,0.04120251221499675,-0.050679957456150365,0.017453536856603634,-0.001239779842992644,0.040631829741585836,-0.01958089730784326,0.007324829532194715,0.00868523055972231,0.02854505778328492,0.01837661508543026,0.01822019962338141,-0.005767172865003006,-0.02626665465190086,0.010339544061455848,sport
35,0.46980122506194266,-0.11084273839188583,0.0022900023793170307,-0.018782949674706756,-0.06431705163603611,-0.0033625182119311676,-0.001444539272330401,-0.07691591731967236,0.04760131347014439,-0.04053661632384991,0.013748949699980815,0.015663505154601836,0.0020432682311628822,0.02315413270635523,0.011988489288651424,-0.018783833840698736,0.02519627587986228,0.09314007774332107,-0.08682479787495251,-0.02772448867533545,0.04257535783611783,0.01839666003244311,0.031299171815188,0.027326373562261416,0.19939118928751956,0.11562371107331909,-0.14577138907247977,0.044008698034960256,-0.08710381286925885,0.01790259745873356,-0.1150530413688125,-0.002513843618486219,0.11419187656666702,-0.044716619564300814,0.03940115584459877,-0.021586482915904762,-0.021035371577762807,0.049828549461403936,0.040795590637327885,0.04890310595259798,-0.052032184998887725,0.005709298882973147,-0.06615842734906797,-8.117437665671903e-05,0.014593430564851987,-0.08281755520391998,0.05673293002904142,0.0341466411653142,0.008310031111416484,-0.028334911248562043,0.018709983384174764,-0.056204598790030945,-0.005621699229150917,0.012659747411009042,0.04496567047907613,-0.05563386533288922,0.11890602418170125,0.1438662419103229,-0.0501495124310549,0.08422980678149039,-0.06296492535332032,0.015236149662176164,-0.01289214304672856,-0.0930709431724233,-0.08857597823023224,-0.023034506043118984,0.01697053514350974,0.10252467205737101,-0.07319597046569991,-0.029781521474879148,-0.027178332837348503,-0.13702981175017706,-0.04825395620907266,-0.09018147037357839,-0.021197093417298998,0.06898526938568746,0.15720489816294447,0.04334559968514142,-0.046059287564315404,0.04888876080773395,-0.08988099524907628,0.007543519599094739,0.026770513267775957,-0.03115356933849139,-0.1214928639673102,-0.14906881898161542,-0.05550669332372993,0.0630235364482997,0.09105767778303359,0.04188893744960545,-0.03587622120211862,0.045353451713926254,-0.06372561378141171,0.013083156535843752,-0.0034822262232774618,0.11987473735587889,-0.0426492934375791,0.03184250082633958,-0.02606149643405808,0.036197574382673826,0.08658841622209967,-0.04629138770983504,0.014518360490704763,0.03532123529945419,0.027854116459384768,-0.03359241826589766,0.08814442941882536,-0.01574466843894374,-0.11686238047081507,-0.04657161587094686,-0.02638932529170318,-0.01486755574638389,-0.08204697352933132,0.05132875698620403,-0.02420842774687134,-0.013876183987505656,0.09792103720533876,0.011776094589059925,0.06564697693361551,0.01670185749799769,0.003696753724583338,-0.06890401528232988,0.05466904725891709,0.01783281439253946,-0.026917726395450595,0.049553695843487774,0.2069009910945406,-0.06633276268876621,0.07375389465957297,0.12351527559369407,-0.009454946436487853,-0.04652787848379029,-0.007568107740427609,-0.06308506361824215,-0.03854707513090712,0.11239470209451893,0.014217520425572675,-0.0585345797432619,0.02264535111592649,sport
36,-0.06866588696384103,0.0500854581750709,0.009605181099722018,0.6988052040222216,-0.14634736246852675,-0.33885023675681847,-0.05369692159323005,0.10428266974796951,0.06737035747873114,0.031091667201923065,0.19420088857288725,0.1411700370500153,-0.041452945763530376,-0.05630033125570469,-0.0031776527215373962,-0.016892940296837158,-0.09900409937056151,0.024472437392736888,-0.012037341788148926,0.09126512884127976,0.02761295844926517,0.10403050309603525,0.05334524378824723,0.03560443737026852,-0.0237213320969928,0.01601991944338381,0.007099580127961478,-0.012179245344110367,0.0161581946522312,0.049664939757428285,-0.004904208689064531,-0.025998187413407044,0.021949515090623987,0.054357829501371385,0.030126353515764807,-0.023239248356406433,-0.006198101753458354,-0.06728750598147772,-0.04706552812372575,0.02039059931390983,0.004810560433637661,-0.04456257791956925,-0.04484058860553093,0.03100174542840036,0.0034021977605813115,-0.0055437586566020386,0.01653888548806411,-0.024156670451335297,-0.01398730869252898,-0.02104350709137624,0.05613989551309118,-0.006697560067169499,-0.01188886574737951,0.04410281771114101,-0.037014919993620846,-0.02310752069807107,0.015292491622150786,-0.06651537393225197,0.02392161349879784,0.0038198465586428165,-0.004021463525716688,-0.033701137556953635,0.0026688929099262814,-0.005626035374458508,-0.018901672612906446,0.03188470761008696,0.05311822821231782,-0.0028376714660362954,0.017116626855377612,0.0012623317026264097,-0.058542948432876565,0.004584293704953965,0.009205058658738038,0.0005633321764901967,-0.010498921480952932,-0.050748570706689144,-0.029981326656974634,0.02959076744183583,0.0073270632185820335,0.03702174768972342,0.001350083441025088,0.024586602274315864,0.0034870705338840226,0.009679349533120168,-0.058621041151692636,0.03373675385663417,0.01031327122869164,-0.023727606664284532,0.02566003335175717,0.017926970935274365,0.02378432261474276,0.017318083538951954,-0.0015578710676409334,-0.040360024116887966,-0.004537077614241821,0.0623311598822949,-0.05285140400046538,0.011284514063296298,0.007186698267687592,-0.038280323225082714,-0.015575950801436726,-0.028639548544832943,0.005602266874466694,0.012346789085316492,-0.010767764941125734,-0.0025936920972101933,0.0061318428704806235,-0.0009207526989340087,-0.02694981861052046,-0.00011360136065682436,0.013772929515108827,0.005325187081977611,-0.015793189289457367,-0.030790590319626842,-0.01011107728035824,-0.014916056214846679,0.010018662983291043,0.01596147707053421,-0.016449019166255824,-0.018810377211446194,-0.015812443526058005,-0.03570424493562546,0.008505805959509989,-0.02868424829304185,-0.00660846022870995,0.005437426562734044,0.012778403110972605,0.014645468098418116,-0.029451254280220423,-0.006707059157603658,0.0054169071066033,-0.014365840590065522,0.023896117417744625,-0.021650282859774016,0.018352520691963584,-0.01649418107306178,0.019092847929032916,0.031179243697891514,-0.0107782379277227,sport
37,-0.05846864059412069,0.008109898322198673,-0.00911443456048953,0.16766277240735486,-0.02423996926462228,-0.05551040173837603,0.005072493397032363,0.003819797945631794,-0.017281664914735317,0.011337166461637488,-0.05059934458603728,-0.05663241076968553,0.00885777085493382,0.040090443915028244,0.024053021020112846,0.014625919254864813,0.062263623197375474,-0.024033045304824075,0.021619239386356032,-0.11977733989316831,0.024987447699997244,-0.129665374060887,-0.10483673990941825,-0.10444887269075444,0.015221504341767545,-0.07981279275074525,-0.04484667467267586,0.09389479052835836,-0.17647952817351154,0.208257565344545,0.04976038277204805,-0.1050962727693658,-0.010352987320021517,0.029197439936916782,-0.13107413866453593,0.012740932021995619,-0.11955771984551143,0.2480924488629467,0.02674072223174449,0.07129966228624318,-0.14094996720649924,0.06137625354837729,0.14821156357938314,0.09117298856693447,-0.04584604438364267,-0.1041779817868731,0.04816527630321442,0.23188166420123535,-0.02909046538821566,0.12224651053485257,-0.15270864815488996,0.15070382401823676,-0.008801140606340045,0.0812255837992501,-0.16142625221610482,0.06590481652987239,0.03080401449174185,-0.043757683201546854,0.22633281163761404,0.034561311812867035,-0.14924807139134852,0.006446308883233847,-0.04540354780750811,0.05182207022975225,0.0003777407045097497,-0.008373721556252838,0.014786462760798612,-0.09583487890863686,-0.10629441299317992,-0.06780126849006875,-0.09094649305944967,0.02885239922538961,-0.0925966601514072,0.10862893298987583,-0.03153486424086907,0.08892126854520795,-0.04023581595099646,0.1639384882494712,-0.08701826204253107,-0.05787694294137528,-0.04408273403584224,0.06010206233200054,0.05131577200104594,-0.0018571482052605532,0.06442050779892879,0.12815586985490252,0.05822212184796649,0.15387202969478203,-0.023690588220542486,-0.07727358694903524,-0.14181475812943128,0.05623348016232275,-0.028881170545501888,0.1158359323654663,0.07592812410200683,0.07071087534007083,-0.022048193925619394,0.04706918605798776,0.04882692212889299,-0.030108153849934805,-0.06472615738619301,-0.04526623414118198,-0.08811021645213331,0.00406585766906617,0.0005036348915549686,0.04583322025623279,0.05658785374313113,-0.0024267560607072426,-0.09087405045211511,-0.05982910915065978,0.04140004467386426,-0.018788601687359255,0.018784981382749585,-0.0493184388057594,-0.0197758806497634,-0.07720007582355891,0.0019339984758019331,0.036249165494412136,-0.01798239671507173,-0.026762385880163414,-0.05063135102511572,-0.04246536277330208,-0.02901659552070413,0.01189186765265616,0.015883982258336246,-0.016234688841310154,0.07391384625058235,0.08320103932463034,-0.04492991745814149,-0.06386903785376306,-0.09961346729025064,-0.07490978776762072,0.08114067220184538,0.10429196845386644,-0.07053712446759682,-0.04557821763076919,0.0486030136195021,-0.02934896330735455,-0.0033884027495405264,sport
38,-0.07046208208195696,0.08855440112578325,0.00599537376079365,0.40262947285203077,-0.09254798779884048,-0.19923541365308267,-0.028002597389260805,0.04143621734773383,-0.006218488130580131,-0.027666940529282154,-0.009572124656985644,-0.009654393426986794,0.04808856748665536,-0.01701091178333803,0.01106757592670962,0.026152438554781325,0.005971045477940873,-0.044153158770834505,-0.00863495205396251,-0.07498513677643567,-0.09554503569536185,-0.14955189384250187,-0.09601498072334824,-0.05264326663962973,0.11746761638406321,-0.02250204561781008,-0.04789870692748943,-0.053584642127634086,0.01006237689219895,-0.04938079761421189,0.014020189144934064,-0.040120993102837565,-0.004888912834398216,0.012512895101246714,-0.008557055402242593,0.010926497065838913,-0.03773904371236765,0.06657968122475562,0.07231252774773603,-0.03647297161190321,-0.04682659652137882,0.061044456781663425,-0.003381416077654848,-0.09597059320748344,0.024891427708649314,-0.036605586124145724,-0.04972374598045464,0.025790956165096485,0.022438917960839844,-0.0449411129937538,-0.02936275937532989,0.0057694500400856845,0.00015170067948518608,-0.028381947511918575,0.06232116185881422,-0.05775384828379995,-0.030378397966754008,0.09343432370523282,0.03000475097333232,0.016435988638583626,0.04834076216062215,0.01947690016631885,-0.016550376420764575,-0.020984608230544752,0.03301530694701601,-0.08449420629969875,-0.07581577188357261,-0.02519697476738449,-0.028290377335098035,0.006119752053634304,0.18985149681951136,-0.16292485950799132,0.040589398043441235,0.056739364470376946,-0.0007807101884648133,0.08049418232989218,0.02701537284219973,-0.060088808797902536,0.027955827064165457,-0.12884108584688767,0.07214756497670761,-0.03575306889973297,0.04080792115734311,-0.13306463729324455,0.11171460962980732,-0.09440363048265778,-0.05171439315230685,0.07663508674217885,-0.07307197789105528,-0.04388613841879546,0.006302024443598938,-0.09103477364320742,0.008637489432473257,0.09848639867027018,-0.03903566299432638,-0.11303262802220057,0.0614098872681572,-0.04568787135433489,0.04337859331083776,0.1985284676535594,0.03104431237936365,0.03909873620185065,-0.0040118427509260235,0.026645023315449188,0.047444992243122354,0.1021191098804526,-0.014736635174353377,-0.15129747399873458,0.11330891930072408,-0.007037294528534424,-0.14512256898827272,-0.08874716812630132,0.2854592348468257,0.0054753933119325695,0.11029950207650369,-0.07684475835022427,0.11854431631157702,0.056872550129243506,0.06797445029688216,0.05957536569723791,0.03749446421331802,-0.05661251381324895,-0.1389854082593857,-0.04698340162707837,-0.11231464766547096,-0.11120329995070047,-0.03833722477636443,-0.10323492001461015,-0.015630969460723666,0.13178959690280334,-0.03124331082430775,0.03979652479267987,-0.03264670287734925,-0.05690932982812962,0.06620120628724019,-0.04003998747764021,0.00037093187396935914,-0.08553444067118875,-0.007609575446144663,sport
39,-0.09159496371285364,0.03376755675413466,0.034668142744735,0.3954832307493499,-0.08839125294915998,-0.17114224048837465,-0.019048966819880553,0.048713360226985095,0.014767974831610303,-0.009224465065946125,-0.02339682137440017,0.029574168293496298,-0.014586291629357814,0.007564675184292861,-0.010030515878029602,-0.004987453105403892,0.006174479062793199,-0.03930733555521457,0.019014241748601314,-0.07519820256383719,-0.0050187172771378775,-0.11954278468186749,-0.10410253342979263,0.020536678482731514,0.02734431855847396,0.0035718973907001373,-0.009195252872061412,0.07534072142985675,-0.02434844683239653,-0.00029934216792079204,0.010246223520383986,0.016183245213997846,-0.022812929414426125,-0.014508845613387352,-0.05610860508967066,0.045816273337078606,-0.0008399489765727212,0.11934023717524622,0.07996987926604673,0.02724745653966196,0.011465206603425076,0.008672290121616386,0.05585357847216864,0.0452784933348996,-0.0017480510504380268,0.11273895209292124,-0.06958384149922313,0.05647913807061051,0.08864558434686,-0.07369990953897464,-0.11162638910354541,0.06528134406717499,0.019507718297649856,-0.07194120549061149,0.07223303036613246,0.059681256041514655,-0.00995930364506915,0.16787152778067813,-0.10921301170442708,-0.021156720128974668,0.01349238486643874,0.07037433085538917,-0.0012628860053130221,0.04733385701017954,0.07912871420003985,-0.01855132185858645,-0.1596212461928635,-0.0006350294949596055,0.023961218281061868,-0.017924799918558162,0.06801348506235153,-0.07589737456512431,0.028784704838212268,-0.07155317512387765,0.12227662871553048,0.09405990800153176,0.041446964974634716,-0.10720091484712273,-0.030667263383014728,-0.10337470854644502,0.08382432925291158,0.0019714836095061825,-0.09087854184487133,-0.027005372442127907,0.04544543604958897,-0.06866420125780634,0.020118612620996016,0.1472380782051559,-0.08210814741371189,0.014227097109695342,-0.07843667382993101,-0.04546827791862704,0.07637335512270063,0.06469641302848889,0.007923503833059118,-0.10056345572421055,0.24303107702993962,-0.022910178005822665,0.02849059111929812,0.027156212650833133,0.1591431113856388,0.04239087860374584,0.014629242740619459,-0.07132548968067336,-0.018813449077664864,-0.007560384633131266,0.07809367862271975,-0.07071464373382108,0.03017810422212772,0.005556016522046322,0.0027642196666701016,0.07256912829128268,-0.17827157382926898,-0.016839957067035057,-0.1299394413961123,0.034587643394072186,-0.13714006018173083,0.08942181878534367,-0.012841956874201135,-0.06853797737259416,0.011831307355368545,0.11725144562354263,0.002371407603521259,0.06070238982939113,0.1349337493700993,0.2580034817411977,0.002527518270339701,0.061158052260405306,0.06371803025331864,-0.09675799674039452,0.032693400850381416,-0.09845173424727573,-0.02753302858533625,-0.018131234412169895,-0.013650838829165417,-0.012437175244659676,-0.0029980594985831574,0.05835965274883756,0.03574944024492553,sport
40,-0.03641248658062799,-0.02252580308572542,-0.0041863587433300705,0.06604650600552557,0.008294885181825482,0.015179572694748686,0.010796060958207943,-0.055446296304974725,-0.07608197163365658,-0.005706954256657431,-0.13012364648402477,-0.08933164860658671,-0.013824028351458944,0.07127254014675191,-0.03618010567093082,0.06829966290696123,0.12989916952010136,-0.003915137616435599,0.05448794981771735,-0.04462448198805609,-0.03176732709757335,0.01887346303027849,-0.05073447153411772,-0.010717519825033687,-0.10548536208008268,0.06385814202501222,0.16393663716029816,0.16277893382443182,-0.13416795715572857,0.05552442120932928,-0.03867514156505816,0.0003497461125868538,0.05426882989153513,0.0659624364639793,0.18419661114372593,0.10090322035997165,0.03555874523539398,-0.04101509229935702,-0.054290563523873556,0.11838672998407944,0.10109747886990525,-0.08984563390847065,-0.052981233705076604,-0.022936572763429763,0.09139055382986458,0.14227234785552445,-0.14718548700287895,-0.03372460049925823,-0.06828357979139353,-0.15660957813944615,-0.04466803307131022,-0.012983754255053406,-0.021010841624220695,-0.058105066868475115,-0.011462341591120827,0.07348998991412754,0.25308014465894796,-0.0914793902565374,0.015408727630990016,-0.037521606553651624,0.007715952255922053,-0.05022541475615954,0.0013693088387199785,0.1818829582833264,0.04256883776393399,-0.14446135420519762,0.09666241730612476,0.030906250829511796,-0.09659732183368147,-0.18029144760833155,0.23520752712627604,-0.07764108897960002,-0.21077800046725498,-0.04900383954735071,-0.08019149472883168,0.07993710459870192,-0.10241062394682503,0.0033420704306365654,-0.10462444050896515,-0.041995698196497976,-0.14260043792973778,0.13259251245008388,0.04036749093481964,0.09200476160142845,-0.03534100402132421,0.06974388183525763,-0.30691060866468495,-0.08542132408519336,0.07662497355866633,0.08481037555054488,0.16443379714289133,0.11684966033798376,0.05092583678394612,0.09077200769192045,0.10528611026435401,-0.05427136033445579,-0.02613323485624305,-0.15106102333694654,-0.037424419969083474,0.043737387228045724,0.04721819119188645,-0.04963039907381725,-0.020142158995208836,-0.013432938862946046,-0.025524851430424725,-0.006788028920669729,-0.028248177037664586,0.018326099964004472,0.09633029926344645,-0.00743067894784409,0.06454475010919164,0.039048611673170815,0.010833699324084976,-0.003942442505239617,-0.020302132232640675,-0.007912434389520318,-0.01872623852153411,0.055842621235089464,-0.024814448187349316,-0.00465169118356028,0.008181777133501196,-0.004440131662927086,-0.008865675402156806,-0.019481799355653646,-0.018796588292068404,0.01572498569290071,-0.016412554583573248,0.003225717844638196,-0.022436059455447358,-0.014431092049366365,-0.013292823262377872,0.017516876539810138,0.026582259743349778,-0.017114335916603954,-0.018195299617131955,-0.026255274649647598,0.014728566297359427,8.058465799418479e-05,-0.0019024509595356458,sport
41,-0.07107679551673199,0.04893003767933124,0.014731937511754374,0.7251613668978888,-0.14604686123785515,-0.3523335073262301,-0.05692086800096495,0.10916491672976389,0.07051467915538331,0.0344597368983472,0.19902677927825668,0.14526445712038355,-0.04121118203126195,-0.05637334615494294,-0.005503923619272406,-0.023623570895908313,-0.10044780392414099,0.02864074812307171,-0.014504206254534151,0.09045580403027552,0.03177262768513397,0.10737935060942143,0.055985595599859016,0.04159689649585669,-0.02455069877582195,0.01384361577186748,0.004494594329134119,-0.010247234410992718,0.017887815217579758,0.04787708624277738,-0.00696369614885462,-0.021740862672723255,0.016029579294985993,0.048496197125769976,0.026013454907204175,-0.0202844482072187,0.0010402603360367517,-0.05804442485931191,-0.045676416365768094,0.02152827014082541,0.013467962914488476,-0.04259323632091314,-0.045175391969925247,0.035367911360669774,-0.0022480765884203705,-0.0038621604880462934,0.013341615391635196,-0.022298022811052486,-0.012601166260316599,-0.017181455168286692,0.04808078658125679,-0.004033776233772258,-0.011235764763506819,0.039638354049201664,-0.034480663499997205,-0.021575992005599908,0.014237932183137151,-0.05369554181563372,0.018957780425992273,-0.00034788921290856246,-0.001916241273454893,-0.028462927783123673,-0.0029051056597375765,-0.00624936115293085,-0.01945809714181996,0.02303076208444825,0.048018373911846414,0.0005484257571072645,0.012154880207272952,0.0032643796209693857,-0.046808127951314074,0.008156167603350308,0.0063974579187953216,-0.002140528658368139,-0.002325733965602571,-0.040107313364828846,-0.023663794605793275,0.02551565531204344,0.00688864980681008,0.031108328094835627,-0.00015736613096368045,0.017636799244083155,-0.0028463430402862547,0.009468259417958626,-0.04763376876375834,0.021348199824633853,0.011719160116473733,-0.01868167004349378,0.018755538885562025,0.018790626086589275,0.018079126206308284,0.010084400797738048,0.005828054859304624,-0.02770156255274925,-0.004512463550232079,0.05190946120806413,-0.0405807393286772,0.013760557160928902,0.0019091912351713184,-0.02581828719196095,-0.008582559873794577,-0.02515836179503399,0.004331536516444184,0.007358212277537892,-0.013820186872878346,-0.00010979777379509429,0.005424927908451301,0.0025584867078187307,-0.014778755642915356,-0.0008552668908518659,0.01065032154424829,0.0052071759979319945,-0.012762176333092144,-0.022660684156474598,-0.004862019002332548,-0.010922375613149498,0.008894471232159357,0.0064896099794384595,-0.012359700701198875,-0.014151165880220909,-0.01087953055858054,-0.023294530285375002,0.007368478335855576,-0.023462697356804747,-0.00435001167900066,0.012473173107209204,0.011136068572796443,0.012579190404956954,-0.020558165755121757,-0.004868926351940162,0.006132042727339738,-0.015087576614868387,0.02120343663959924,-0.017995355634669846,0.013845566782665764,-0.01273776128516551,0.015765405134990102,0.030297056133606937,-0.00315035819153022,sport
42,-0.049361571465800745,0.10208399106514728,-0.0056287541390482405,0.08175289032828466,-0.032308716507514185,0.014458722699083439,0.016821074263146517,0.006567377437502894,0.0029659934562923196,-0.01940206614497009,-0.04177806387443373,-0.08506344853425626,-0.013676253882338929,-0.008732064923782397,0.0502950017489321,0.05820754523070412,0.014311740525418084,-0.11064920800611265,0.13639265884528967,-0.15360740980831017,-0.08775355200299018,-0.03264395601145301,-0.08033018187309324,-0.07317233171377978,-0.03085213268842039,-0.06375134898969845,-0.06395037685105501,-0.004421183677188149,-0.07022755165562974,0.05322314311593174,-0.031426137463473405,0.0913967190755506,0.0020736537254882267,0.035226525795503665,-0.07613039020538974,0.040673248619724475,-0.06041110467095873,0.10434914427128499,0.009840782739146771,0.17281104535947478,0.016551453826721744,0.05316852318660948,0.21100711839993397,-0.005964235400667393,0.04990014265958155,-0.031111275958550805,0.028183726299748732,0.1950266704029998,0.1663955627329959,0.11142098296626937,-0.13753014254458468,0.23107784134830348,-0.04278628258701983,0.10413106436746124,-0.17260940476789613,0.14599317477691295,0.00019980218731803094,0.025827512688914835,0.06260408400283576,-0.04888804282911769,-0.19938505780364146,-0.0902753332430666,0.0786745992748552,-0.09151761133203286,-0.2214152070751045,-0.13384045281531445,0.003934625234455008,0.11096563127371548,0.02110873829470837,0.043367432242523256,-0.013499458460688462,0.04099958973635119,-0.0049653090567843,0.03719292831134038,-0.06355265779508405,-0.18886849266328967,0.06003129328430969,-0.09882351463496598,-0.08270505890542759,0.039295245504997925,0.04566850143148732,-0.05453791952264933,-0.06372673555568964,0.09296466279803346,-0.15971831415594182,-0.11699019267660878,-0.05336865770378539,-0.04907569695829369,0.03587695239974795,0.10004245137826476,0.08891947067534223,0.0691873700863863,-0.007411314503920009,-0.05304570446836354,-0.017436362848962675,-0.005935318026656246,-0.008482283681177193,-0.013363745054629679,-0.027454788202021387,-0.004164219082548502,-0.03798417715470111,0.1266103201637504,0.17531805404243858,-0.00827177022229981,0.05427682495387674,-0.018266176727171905,-0.05412466732931121,0.00756855084747071,0.1092923099469382,0.18990594278647535,-0.07396977026996972,-0.00485799378146058,-0.0017189113273341668,0.08896220423352501,0.015281938105386025,0.12511945084596407,-0.03457042036652988,0.009704171732122898,0.022112355148717695,0.00591363101776151,-0.000328554757779834,0.02788471846399804,0.037258884839585955,-0.07687413679479917,-0.046135964200342654,-0.04635788773601029,-0.03579993199539582,-0.05653362463618678,0.005838525316879544,0.018041225173629123,0.05901011408987171,0.010804596151400312,0.012989830039494504,-0.039501944891463095,0.07972536942482343,0.0027219692177810825,0.00967339537719087,-0.0189516955089726,-0.010003895752986368,sport
43,-0.03344922119982662,0.23842809555278216,0.013589931082507412,-0.020562013323090118,-0.03157393712043764,0.03305800900417634,0.010108960774000244,-0.062003016539390755,0.0221100646198478,0.06737050057198109,-0.017233270850639328,0.037405524249488266,-0.1344222468030876,0.04146150616734755,-0.031900636806313616,-0.10164359744195718,0.06752517461799838,-0.1743606904754738,0.26295858347839174,-0.16285197576599122,-0.05537999086150083,0.04920247402631886,0.2508540899753664,-0.024166799129207328,-0.03737858252877261,-0.06939418944059485,-0.002617249778334888,0.012741921095721679,0.041957060135028375,0.017504040720390385,-0.005443862179956138,0.040641183721104354,0.06380903776981821,0.04835193501993446,0.08156924748302204,-0.03421997714924323,-0.06784807842548465,-0.06410503607603434,0.03340835960532004,0.09164827539427249,-0.03491923792898499,-0.0034695947703670777,-0.06952363592604416,0.0038236945343107834,0.1516487458514713,0.07050873436658434,-0.023342401731956973,-0.10122252486435797,-0.011522770754429461,-0.05678767728520512,-0.006398229137544314,-0.0606351082829635,0.03078636579109746,0.039167169537021686,-0.006804866811649702,0.05134784851899304,-0.07050687994942337,0.013325143559061805,-0.007133449793377404,-0.02263670819125631,-0.09236355169191166,0.01876541214538987,0.07762889355895979,-0.03131132823143403,0.08566120008829947,-0.0932173365443889,-0.05866329691910954,0.15241296962442274,-0.05091488374563332,-0.0008231254444921918,-0.03204251428391771,-0.002617356087670578,0.007044133553482784,0.04344619082266438,-0.07257655130570662,-0.0055672808004137994,0.09156161447799026,0.0879533988373368,0.04263459269215268,-0.13084495919464773,0.010372088829043422,0.11010188273457681,-0.08249316788741068,0.053838441482912475,0.09360172771779085,0.09147496755807229,0.06966987658977802,-0.023382305332109957,-0.04978357011196803,-0.06682306367865966,0.050025956672870145,-0.033584376371029255,-0.027895731679585357,-0.07188485390636588,-0.02031726439541749,0.0568249499427417,-0.07545576057913354,0.11449304442909965,0.08023733154955177,-0.0416796219119029,0.021253017214713753,0.01653144953088517,-0.050368273975849365,-0.010517164763363365,0.12304554642109324,-0.017764362412927684,0.10799364351599282,-0.175897447320282,-0.018186085831619424,0.05591802097378288,0.16507746992860908,-0.041174034857260094,0.04589070028541192,0.16520494688731632,-0.028733035874871995,-0.021930361397374816,0.06588617497166879,-0.024075782555974867,0.05531654846627042,0.05515989400704302,-0.09637642669756333,-0.08180524139376516,-0.0566773483282191,-0.04073972759634368,-0.09806901411812063,0.1780411672327544,0.06949920233327835,-0.01282607874083184,0.06983627522761875,-0.09936084243767965,0.07976466138371757,0.0894427140905959,0.04009046729698806,-0.019566005760691712,0.058406005812669776,0.008456576895070837,-0.03811735196408221,0.03750160640019939,-0.07233240372331663,sport
44,-0.06424525995583696,0.1386153959640533,0.016963340779602907,0.056030422022548855,-0.02242807607895547,-0.021753885839895543,-0.024514148185042352,-0.02156564685028022,-0.029604397077593374,0.021040245389979815,-0.11918937311190954,-0.043200296648013864,-0.03167185092551895,0.05713520509469376,-0.026263541370695802,-0.11763669959687843,0.07483781703114711,-0.1194141452236416,0.06321040261948808,-0.14554829664333555,-0.11715273779933243,-0.2085954550737954,-0.1725476483668008,0.0313943817304534,0.20675722614538317,0.021465023919829677,-0.03758303243420045,-0.11881081112658429,0.014394389905333321,-0.05708293552460506,-0.09701345336936879,-0.11242965806289565,-0.07661292620501549,-0.11304877398088248,-0.055351856966266606,-9.591267793209822e-05,0.11422705645367748,0.23143476423337622,-0.11541255685166239,-0.03488900705382889,0.27166466597249145,-0.11911158234072343,-0.21430776058000217,0.19198471145083373,0.014263755584821318,-0.03319528298021619,0.20808004323533688,-0.1479553028455773,-0.05342447769052114,-0.04298311876331642,-0.012968248191341337,0.03649775665228812,0.05538596027845536,0.04506451345799288,-0.024706523482178593,0.04166665491143531,0.056020971469635195,-0.14648562756233488,-0.098046527373057,-0.08718004132762025,0.04069903270910844,0.0290296103250437,-0.11305843258168045,0.08739277259982645,-0.08148903163253052,0.11352847450653161,0.004400003351431573,-0.025056692731484347,0.10451934844246089,-0.03731546835831332,-0.02812251698860169,0.02007457703598213,0.0470217197304384,-0.010044780391312395,-0.05264255266976294,0.009830665996285019,0.01212682947904244,0.028495630921421326,-0.0723115501933147,-0.008178031778363855,-0.04040550172320362,-0.009875790353122207,-0.03359701411398526,0.04589313923762752,0.02859951730940344,-0.012919496821391282,0.03843483394082232,0.02091433309345112,-0.016367084061054183,0.06089143313549656,-0.02154317371198962,-0.0003210026181185841,0.007198210947430229,-0.029809413632928845,0.0059816989711181075,0.030060576202162837,0.018781528806773883,0.019617191887214076,-0.010250849667654284,0.0065580184986239335,0.028006615665492653,0.01992423509092099,0.09085502769208458,-0.03398675557612623,0.023145454464070948,0.04833919606127967,-0.0008287549413388342,-0.024136025712839595,-0.021352232485528467,0.008651504538042183,0.007503088272318761,-0.029686560361389978,-0.05946802587188832,-0.0044117730285771675,-0.015288092721418905,0.007756999650963174,-0.010613752117040702,-0.017121492371562953,-0.025822463154546803,0.06267301851908698,-0.04580293580702932,0.011941902981733036,0.056041057940799256,-0.07765946013067307,-0.00597804573814445,0.004936353525257838,-0.05487237995717338,0.022492430637217183,-0.04226178695609346,0.036917179199656695,0.053960775802204465,-0.010179475545681493,-0.03784144992185164,-0.025434173951953694,-0.023062358020729565,-0.017405854720874078,0.014021744652320043,-0.031186921564274824,-0.10253988492845115,sport
45,0.028854216371524407,0.42026297379234245,0.04087949093550338,-0.10963410963830883,-0.017752012595868,0.0055884586034100105,0.005358366675271988,-0.006359423816765862,0.03624587647444984,-0.05214588941338364,0.0797858381375147,0.06142513203997516,0.042925396353095745,-0.06259563809694646,-0.02136095694317712,0.15265878493404067,-0.16762704085151534,0.09279636551556228,-0.1960660776577205,0.11376743460976241,-0.05595130519106948,-0.2224036614729712,0.14242748617580575,-0.25705273910067583,-0.09745137583229284,0.0024554184592153906,0.17275167497734512,0.004271640631225748,0.006108269441249197,0.07257224732736799,-0.018111650406453718,0.03172099272577743,0.03762349111106107,-0.005698545206493137,0.025793716105005148,0.059404527962083196,0.004214546007726457,0.025777765611744236,-0.019191290554170046,-0.06193420504589124,-0.018300598334325267,-0.006302763658663949,-0.052529876734952116,0.1514931462197697,0.15245432696579306,-0.027159450737212522,0.036474558873514674,0.03189765861594852,0.07568992636259422,0.03724410503544344,0.013376777163199797,0.018564167980795278,0.05048741303587163,-0.07906092015223477,0.048921066396370956,-0.02743510767035341,0.0544161595578211,-0.01925821459137187,-0.08347935016527801,0.04088221088991227,-0.05835669230611906,0.06499035206461208,0.059179176369106766,-0.01613433918134489,-0.004051169578784367,-0.11298119522233654,-0.04658330160592436,0.04041661441227105,-0.012672384527226323,0.02361172708036613,-0.07588805437267944,0.07140551875102198,0.009553093607404039,0.03360768892370968,-0.001798824985835859,0.010959396843482572,0.04169083944621216,0.021702882034868528,-0.0076342075046005415,-0.06282371280357317,0.013388523203326634,0.04066264535407153,-0.0431760676316765,0.03682535194728209,0.029004289960875895,0.06731943420082662,0.03040934114716825,-0.06202819335354362,-0.04912487603494162,0.03611030831284049,-0.03957772282809629,-0.0345248237382903,0.012752074847256371,-0.014532456453718198,0.0035247441606443674,0.01885945584461319,0.0120910586785677,-0.022430560564566715,0.015006711563139166,-0.06557940140928308,0.028085184467074722,-0.0031209160420851783,0.005679793758153426,0.01811247073673814,0.02209881767962907,0.026401604927489514,-0.02852056974156255,0.024185057321685292,0.03510905886183769,-0.005937076802859788,-0.05338706397126742,0.11294128132427847,0.030091566389012774,0.014789776369790817,0.07116814218440094,0.006291137522398765,-0.006716794564538372,0.0329432709215674,-0.040097500362443014,-0.035283187036215705,0.04367392679226898,0.01307368909547939,0.0031910919343240488,0.010793179120143844,0.051116848947372936,-0.03127203336060831,-0.027219773164662987,0.029060535577593395,-0.0048422786249369566,0.021861856522383972,0.024343707717291482,-0.048660835816275144,-0.009182999647220849,-0.06050704956817628,0.010193670478768244,0.006141309330674268,0.0006385828348544488,0.0685582040881061,-0.005230641168022542,sport
46,-0.02365260990078112,0.49657929649007143,0.03259293097755668,-0.14282858531482776,-0.018546093953363586,0.04014426092849671,-0.022951622144402918,-0.050437515726483494,0.0391393585850667,0.21751653523172895,0.1614393403959055,0.23796727181651187,-0.27196222685667154,0.15311001380308373,-0.029774140685462414,0.20908136334119054,-0.04135285727385688,0.06251823370707452,-0.11755591999680068,0.03905360990861926,-0.005428725795239964,-0.03630428896054549,-0.01288465794830889,-0.006056844196603468,0.04991633755342692,0.03371212527574483,-0.006104626564564193,0.02619684221712089,-0.027675520590996056,-0.0178132844872605,-0.033633415724991254,-0.05553891959705983,-0.03427470174213648,-0.004751447291456518,0.0185138147063516,0.027212251149717023,0.0022554837153253245,0.013083316741857356,-0.01079963000726308,-0.07809986386793578,0.015450942932461678,0.013964530733484252,-0.019340294615220514,-0.010398221200654516,-0.026871544352520222,0.006598192227804986,0.014308936799296408,0.081418230308134,-0.004375113398864835,0.021924880453958153,-0.007656727833981402,0.08134071931463004,0.009046549260944434,-0.05551756555602443,0.013944469186721799,-0.0007932072467595262,0.03676300453612173,-0.035257477165095835,-0.01771721675713121,0.011121283924544381,0.01975889345197792,-0.05503637193930266,-0.012283149377095272,0.012455015240043086,-0.008934014842357858,-0.02529882521130924,0.012256153429591675,0.014190558736558537,0.025784751948548616,0.033479801550085245,0.03572841654745479,0.017865262122439253,-0.025145430037396558,-0.002195284772824047,0.020321612626611592,-0.05573315274833372,-0.008993460674929107,-0.05120930873655485,0.022093601831782075,0.042370649014342746,-0.003562094981941302,0.02021146232123965,0.019550476474143836,0.02807516168058324,-0.05049498887143693,0.018495641816050415,0.019800370409895515,-0.011172435905040743,-0.015078836794125862,-0.008177424696468077,-0.03391365535673403,0.003228815783413351,0.062231301492704914,0.06172484621226633,0.018698939966698063,-0.06220938533418991,0.014095967087840751,0.007048164634032085,-0.022094145647580162,0.006172251331698764,0.008706667879741193,0.04286116234331223,-0.0409735434020688,0.02150998628827047,-0.03365714374663494,-0.028985246984419857,-0.0026207394434031397,0.040681587670745575,-0.00658642000734414,-0.045115011486065455,-0.018675973139462062,0.0021534497249928158,0.04412265108960954,0.05166299248850021,-0.0002676327428708914,-0.023778414472049626,0.016612922822806013,-0.10896194630844933,-0.016130646273074763,0.023889519844889563,0.11443310459863565,0.04690044587234321,0.003428877456924127,0.0244304931669223,-0.034637039597914365,0.05541315876965435,0.0676137971195439,0.0005021147501796547,-0.00719903380628934,0.02493875346596249,-0.02567187603131741,-0.061087852512272264,-0.007214198763884809,0.09046106849563569,-0.04442389269609776,-0.0884484645963963,-0.007211962265074431,-0.01572520232851697,0.010987980895615465,sport
47,0.06691322034413227,-0.05276796235092827,0.01744926541371805,0.05751984813923414,0.016457930367242173,0.010781568614999263,-0.013936572562345071,-0.08217977190635724,-0.002019389183015576,-0.025351400413655675,-0.08178066230413822,-0.0752907143986201,0.02484591126122816,0.1455226417710119,-0.012998901978952744,0.07072091387764197,0.22609858544860106,-0.07686308515647829,-0.048039626509192024,0.2212552705009128,-0.002227352075979911,-0.07202124851916275,0.1007912081504804,0.11727690520462435,0.20164427929856374,-0.04479595004940298,6.310921238513222e-05,0.011905473282608407,0.19075579875529788,0.20858256258051858,0.1283341773144208,0.2678595751671161,0.043729383333614855,0.18551800615493358,0.03034225564081662,-0.10373442275588489,0.048697796040103034,0.14280836021449933,-0.11126975230177412,-0.12014304839685047,0.08572217788797037,0.01813667047880668,0.13049946514452482,0.024101633018319208,0.0032332378050446,0.0877208698584907,-0.061576183050050665,-0.05501162891125582,-0.02692755748404344,-0.019932853786631854,0.06122861748305324,0.03407268038536667,0.033711176008612315,0.02425873562012034,-0.002466610064160963,-0.08795350027303821,-0.026782229151548525,-0.01616281025677562,-0.027712049905019843,0.06998556784549279,0.0002234986273470227,-0.03538655423365615,0.017382012561670854,-0.03302218767543921,0.010897176723161643,-0.04982199664953865,-0.016365401716717735,0.02222755426564979,0.04937843924667688,-0.06273468619004459,-0.029705108726054922,0.10265422115236057,-0.056841143019370446,-0.04942244540482668,0.04080269023229001,-0.01983386955013562,-0.0926812578280333,-0.029133317345196023,-0.02502422518313108,-0.017122442260228913,-0.13522746430210258,-0.17891756093057853,-0.014358988534648488,-0.028393732403221048,-0.040780350100430934,-0.02277468631268944,-0.001977636996634783,0.062671924224636,-0.03565844447744048,0.018998819506690412,-0.06441808397386699,0.04717300223993529,0.0761966157262205,0.05723436700354351,0.010229905769507575,-0.010968493402683986,-0.04409568249646726,0.048227084188815154,0.028745048427362804,-0.1302902499409792,0.033059031989269023,0.007114465866987206,-0.05254145311380549,0.028896710510452044,0.04620208170240366,0.0940665609330704,0.04577296560379811,-0.054528467954210166,0.013851526703350077,0.07517246082151259,0.011591364359301316,0.021472306823588957,-0.08615657097392757,-0.16246426265848626,0.1788451610183998,-0.025445019589658176,0.0474310844551651,0.007123294453685986,-0.02365677551017013,0.05468485076794817,-0.034437283817219326,0.10292747015911251,0.06983711556534983,0.09426403003294716,-0.18270833127420505,0.06477135823550918,-0.0626702639835538,-0.17746071050688175,-0.059739455506005096,-0.03099414236811837,-0.01598001181437853,-0.10478398769013914,0.06192023862974601,-0.03575832622705862,0.08484587688629293,0.02754419635303703,-0.0388555731294738,0.0034993626077745115,0.04165160955529987,sport
48,-0.0333607627563727,0.44512698956657637,0.019750946867908493,-0.11565521575907842,-0.0366657093016784,0.027934057505988107,-0.0037815797394100256,-0.017925266330810926,0.04713740295205896,0.08782800739832608,0.08637917673615556,0.12199322942966653,-0.18576277108755607,0.07022816800671028,0.005376661285559057,-0.31548896470943216,0.08811165329133784,-0.0944717532917791,0.14975796374794767,-0.07986598797791736,-0.04081986004322341,0.01850597530175001,0.27728719339720775,-0.0226816362342917,0.0027238773299144863,0.027925598451735062,-0.021788459463204707,0.015857773350599354,-0.007329411447761111,0.040932366845235754,0.024506962806311747,-0.06087643186751637,-0.026773774170989948,0.03478438635708387,0.022738507465276024,-0.02800782193802909,-0.022807392389481228,-0.007010904151774868,0.02255324355038199,0.023086522026174366,0.028381780832676236,0.004575992873108842,-0.053782145308250866,-0.013906099923594165,0.01489621640329329,-0.012219442882968294,0.009578550697943654,0.016841016542750428,0.009503745770456885,-0.03706095180922579,0.003267995228339,0.021157403128825785,0.024353259067725175,0.023646369743717702,-0.0185967407185629,0.04956159782368685,-0.02406630387354715,0.01482390660192768,0.022377026138899504,0.002920780501862286,-0.01483146241150326,0.0014499858370170468,-0.014607568517890829,-0.009162074808119682,0.03237819544852986,-0.05911680086077416,-0.03650978750306623,0.05236445193981526,0.019394274131030627,0.013695306505736807,-0.013718126858777853,0.03248301422732449,-0.006712725277597553,-0.015745158771997402,0.021432189989296833,-0.007875690250650024,0.03954831132442354,-0.02991623193699533,0.02114875772104384,-0.09241632007424161,-0.025094951547181422,0.05011633425198142,0.012094013203780476,-0.008158469306179084,-0.03067303846017457,0.01995711107595501,0.02249227577675031,0.012423491567652002,-0.02515693875693025,-0.09503667183780376,-0.032147174269938225,-0.004503105274264375,0.03480019995696415,-0.00514971733548268,0.021058198666066685,-0.013665494890669368,-0.025319566609289176,-0.04182526350687173,0.018173657773797938,-0.027464642617330785,0.05007222542021884,-0.03808653972360774,-0.08601612864959034,0.02023196826957697,0.029455585317834498,-0.026548174212289926,0.08343202874539496,0.032546513743088444,0.06971854269012406,0.05357746447358272,-0.009453036834594775,0.10386091144346271,0.007188785294999336,0.04340502292402325,0.002021526074425767,0.07082584089853934,0.0397157986373713,-0.03899427468244068,-0.030781905927814664,-0.04870907043651338,0.1407958271248827,-0.01571880465205754,-0.05036457188688525,0.09792886980500878,0.04137548203795857,-0.06686375280008347,-0.007688804587362788,0.0836936746988802,-0.02094756447066851,0.076360024574991,-0.06243625234386664,-0.04282108148455174,0.02533020270163582,-0.006931192689369048,0.06453918884019495,-0.01946926681279884,-0.04889078514766213,-0.030431823664299164,-0.019086771014007055,sport
49,0.6594232826900488,-0.10947213570900848,0.018486468112554142,-0.06176457590938579,-0.14524162286490264,-0.015974830656717745,-0.0028386173411677454,-0.0672911181323481,0.07171315307964554,-0.054035999298782646,0.042260440365856224,0.06425873194750331,-0.007186757641291288,-0.015982236035757068,0.01323370116989106,-0.03948102430301235,-0.046366453493661634,0.04899164717923079,-0.04415227598843261,-0.021114702767505607,0.013602648185136143,-0.006830607522868427,0.021004199358866257,0.00043079396910172395,0.05205447166041681,0.07515292478756859,-0.018678803230560957,0.031073010790917736,-0.06315493525448349,-0.014343914333268426,-0.07940176034043457,0.004777832958236474,0.06316652293114289,-0.012627481924043567,-0.0035664512998340417,0.037654719875096006,0.025618636056050883,0.05263164697432582,0.011233929141568271,-0.005036531153087843,-0.02681693108987364,-0.0058367137020355,-0.03892309425103911,0.07096925462638905,0.05180341491170096,-0.01113028073534932,0.015681612440651527,0.014966204972423947,0.07186498219726131,0.009032290303762897,-0.02912954090298668,-0.03388397703618903,0.0073647979870059685,-0.0027274363022704922,0.037241163373566796,-0.1035275303778895,0.048317013210758736,0.061765043432600655,0.011056445199654591,0.07469681942069456,-0.026043650616913647,-0.02146378970277566,-0.02831898367601866,-0.045909688172686584,-0.014369403606117291,0.0063234628092146096,0.035239234496993906,0.049423954794007234,-0.034569798249198945,-0.04552655615052104,0.010568252579420278,-0.03390258351548479,-0.034797971954912875,-0.05927840776814476,-0.0007064725697791862,0.02125926789616616,0.025098220880309538,0.048956074675237715,-0.04635813234851551,-0.009729322626115094,-0.08320317069846135,-0.05498566935843245,0.03627055941708654,-0.04050021973056488,-0.09012248737599535,-0.10391421992896126,-0.01876156554564652,0.04868016686552807,0.038305469694492084,-0.028663244537654366,-0.022731265439630458,0.010540273704583391,-0.049026967173747014,-0.038644903080465386,-0.05305937118536548,0.08088147235487603,0.00688424656607207,-0.0076626850412086665,-0.015584537769731328,0.007336903852534086,0.02523916471365764,-0.004346842224739246,-0.05170622875472236,-0.0294174165994775,-0.026509680867093748,-0.019670931936673384,-0.02566157900658294,-0.006817932600847014,-0.025068030415122185,-0.0070782047553280235,0.029101602330077327,0.07023617502022791,0.0584405378690948,0.08061276074038348,-0.04338301446898218,0.013144062658868678,-0.035214337898774865,0.03358891781714102,0.07619634575122981,0.034304333396507604,0.0034185592184425065,0.0846759041412653,0.040139711307231866,0.03814532771962413,-0.022054887915882563,0.008378072386712126,-0.010290850423551223,-0.018066402591780634,-0.07089203246716357,-0.008111703900872855,0.03359123588686243,0.025989297716998063,-0.07222444255157301,0.02271946058907918,0.020445412468120868,-0.010097232494676391,-0.011750256872855976,0.013485263123033591,-0.031007281361680142,sport
50,0.630561170117127,-0.14416179890320216,0.016168394222620185,-0.08008989510920354,-0.2659816857010893,0.016762721555711995,-0.01893719484959159,0.40509466810162614,-0.26079267602537903,0.18033615911791417,-0.025592232449342087,0.009145654853715803,-0.027203904786812193,0.0036128173534166175,-0.0054658836051594975,-0.02689849405924957,0.009661621052912205,-0.02133934660470314,-0.004456148906147988,0.034996620081561916,-0.023626346376020936,-0.016278956359906827,-0.015609160195560311,-0.007034562424193293,0.009476090631910218,-0.01398173285457416,-0.013450409946806083,-0.004759687003405516,0.006049024988812667,-0.0010476777061388136,0.01064071613537532,-0.01683127814880904,-0.0393892724634909,-0.0385325389800418,0.020219551313126985,-0.0032338993814017562,-0.0039799070056900036,0.0016204267505010445,-0.006031227177806557,0.016962977573560283,0.010575638827935547,0.00012029283258219231,0.008099763945302615,0.00036491607708106664,-0.021605434977072277,0.021506695601955516,-0.022054046616563933,-0.016033129522951814,0.019299077308482748,-0.01258840520651771,0.02036470138628641,0.0029997695606226106,-0.003315868062873283,-0.007617255990434674,-0.019523618040038576,-0.04102074233231204,0.0006338281739823055,0.008891110246622235,-0.0028947598639632397,0.016915587147699734,-0.013618863940037647,-0.016788510083547255,-0.011092177163003187,-0.0030629446414019864,0.012043832984905382,-0.021327045856296564,0.004609510394979281,0.012704363127962214,-0.03148344444171885,0.01464377148121377,-0.021794022451250002,-0.026284182783330782,0.027344514378511976,0.003609205655991804,-0.0035934791212291458,0.028867456629444406,0.03539325450371139,0.007924748577988267,-0.011962288387773289,0.013852586593656433,-0.01926605657676819,0.03803057947714751,-0.012646068102017703,-0.02302643586169508,-0.04374912008676139,0.011021162671897785,-0.010938128662455648,-0.010477306991467731,-0.00602001060380188,0.005780517450551544,-0.02541309477069728,0.008545024033021355,0.015888815020070814,0.016104882212748188,0.019319276975871637,-0.037585112258540464,0.01229361112894187,0.008985241853480097,0.030011578543238774,-0.033094245932404384,-0.0500156256179728,-0.05711761359519496,-0.008008328289842048,-0.016106689910362494,0.051859853516032894,-0.010155847273878546,-0.03909995488703097,-0.021044693434443863,0.0022776967587940238,0.008946216855383887,-0.007833794358845039,-0.0690716557015896,-0.012832230749637137,0.011394176984256182,-0.027009813794625352,0.026791044768187285,-0.015187664236854949,-0.023095697576377527,-0.01736061691447289,0.00847964156290747,0.00028303521053713097,-0.008474882323138401,-0.013125901938215539,-0.022550023600302994,0.012747591209927422,9.113068794496147e-05,-0.007472125745905601,0.0007298409083844649,0.03154583346938191,0.014888700620531704,0.012574164633382788,-0.0035433784465397342,0.01485872174998319,0.0018672952128882137,0.0003587807607512624,0.009061400807284844,0.014529747110984315,0.014615708167904643,0.012957007746988044,sport
51,-0.008701062844546558,0.21041149922125033,0.0007590554921328019,-0.050209348445416004,0.01203201956508185,0.034280576498369145,-0.02257551636893409,-0.07474413372961383,0.02292926833371856,0.17936696979638395,0.07459040140594701,0.10779827733480318,-0.19854426721775043,0.11574203234781491,-0.0017968505178612842,-0.20460094652602703,0.0854012815417944,-0.09796474433090499,0.16408400351059854,-0.15108433582198372,-0.07585609767360281,0.013049989614629384,0.5007040818204529,-0.035279402955722974,-0.023277429108811618,0.034602532042556304,0.014575743685973842,0.05770983735708489,-0.006836590513105937,0.041623379497497476,0.026637890644423463,-0.104241704529423,-0.06275717415375734,0.05950107708120773,0.02384124238617735,-0.008114933637150016,0.014131045807105043,0.004683331960910514,0.04468638160255545,0.04175682432324192,-0.012871016461181519,0.05028847641879415,0.0041927709932798925,-0.04289358269205983,-0.08279375171203576,-0.00432280153549255,-0.0031606161232135346,0.04285128840155951,-0.01225508378783043,-0.03224599743246725,0.007118552185939162,0.043642300477439125,0.0390160877513161,-0.030528393680224756,0.007557154072356713,-0.03205515331186952,-0.03114465477437151,0.04188868519658793,-0.01588377744070648,-0.045629257312007405,0.013496797081999313,-0.004759270105500579,-0.007931226149004381,0.05112432250961079,-0.004885225537515641,0.007248384732893631,-0.025197742963412623,-0.08813633645545786,-0.002672087956422616,-0.0247515393753054,0.01784119968007256,-0.0318226786254411,-0.0024524179572560294,0.016675221547533398,0.012209740270985021,0.01622027378183644,-0.008938353216849056,0.013379884728505868,-0.013425583820374256,0.022816929320472634,0.02959716737921461,-0.04891771079081474,0.032624925810231215,-0.03309861491016106,0.02516324533465558,-0.12340487094670091,-0.025466678767820407,0.04068314611382489,0.022655993339459887,0.07580425383052827,0.016871442685110778,-0.014032287347480403,-0.04893960442812228,0.03311675035649976,-0.03845588027520404,0.04001880463519319,0.041518946582654495,-0.013650717479157014,0.01080888121899286,0.025866152253918636,-0.006668796287280248,-0.06665242510539014,0.06324133339725402,0.004531194711439449,-0.06817110728359695,0.05029868985349154,-0.10856379763313458,0.017004360935380613,0.0012486972670868546,-0.06896068418933904,-0.03438819890749602,-0.04141923636633216,-0.010667552708335899,-0.12283705445407725,0.03492736076697701,-0.029198887745925085,0.041990937178405956,0.062111144946305166,-0.003973355132833335,0.028379325494248254,-0.0314243213884597,-0.03223972478150501,0.13787342870168498,-0.021936617075167843,0.11466151396467353,-0.13771643293245897,-0.1202262740681619,0.0009176013097873795,-0.09816134611398698,0.0342811261711641,0.028847665754028865,-0.04090537107082552,0.06817312604063498,0.06846015054849554,-0.0916216684335273,0.11484117605880084,0.056840097350593304,-0.06973128694705631,-0.1437288241363242,sport
52,0.18778878537019186,-0.0015985265275435655,-0.027053092841802965,0.0586377476197085,0.642665540137188,-0.07517230652371046,0.04101022095169694,0.16067744389891228,0.004947409564188631,-0.08756403268693341,0.02654424212082734,0.05107926824322845,-0.07220211403436216,0.014660363670813699,-0.002153032915304889,-0.011481820408995163,-0.005101566808432254,-0.021311818873940423,0.013375518515937785,0.004294872254344703,-0.011816554231283981,0.007480677894621883,-6.653136361783357e-05,-0.0010469181560741874,-0.0003947198719350306,-0.016675856657201664,-0.010752047295983978,-0.008882973398677725,-0.0176123754428457,-0.026942183611261803,-0.0642481561057301,0.014692176062948464,0.0345743458184844,0.033260654611165785,-0.006148264361133284,-0.026024491007237745,-0.024449116170364615,-0.00017928620027989476,-0.00027829488934204185,0.003237775157055088,0.01829644862178895,-0.005064456432152958,-0.010378987157623686,-0.010830277275917104,-0.01657712902989415,0.03417900351147376,-0.03796514370514986,0.005409344061324242,-0.03568794500313261,-0.0030168242042361896,0.015095211154685791,0.03574389698930272,0.03335089573926944,-0.0037177829160906866,-0.01099174120944069,-0.002834721640991145,-0.0216710267644867,-0.051513944019195894,-0.014876632376337087,-0.036905411434076864,-0.012431109776980618,0.029559422407617553,-0.017643334477263843,0.004841081433379627,0.022631438329649183,0.026756197645463376,0.015940749203295274,-0.020360058353362118,-0.008641086930391244,-0.0018895544155162253,0.0023407344234617484,0.01832138942023636,0.02408510842810436,0.02639836432059903,0.032849158676956966,-0.021366578072781257,0.009203108566080387,0.03096251114223578,0.031895066710305287,0.025595319814607984,-0.02483954730884781,0.034006658357545974,-0.008144059004167871,0.0015867398901627822,-0.019616277453232064,-0.021157991564829483,-0.012682795310939502,-0.011673749544944673,-0.002992340484646048,-0.017795125558660342,-0.028856074403956652,-0.06635169576107082,0.04558196507712827,0.05037523261198409,0.07385282284737955,-0.010645397350031404,-0.01509832975734012,0.009789441253450177,0.05239845891581564,-0.03189281938032754,-0.10987347913509682,0.03159386317427308,0.01657061396450696,0.04888357648943869,0.005615528070606336,-0.07429846251861028,0.02580040512872816,-0.04397234881506547,-0.028535202319746038,-0.046208240846905384,0.005241047124208712,0.11695843566008314,0.09279361547039612,0.14638036152100897,-0.05234356828879478,0.01623286278882807,0.05332395356667611,0.050500789081608086,0.037874250692604666,0.07521003470893145,-0.01446596656789944,0.05494823866079872,0.04965820529344129,0.001091349198441061,0.06506172264152157,0.01339863033011931,0.08187904814892201,-0.08345092452659006,0.12975566429193108,0.11142351501371509,0.08947215674927307,-0.12354791251541382,0.09611716699391376,0.02579214393462839,-0.1340155039474539,-0.017385633408191166,0.051150816468568165,0.023160760586461594,0.11119357449259867,sport
53,0.05640774962668732,0.3455610431616021,0.010331249654053423,-0.0819758217687499,0.035852272647104846,0.013992829501644858,-0.026344270889422122,-0.0913088198111627,0.05538953710472724,0.13326280122197734,0.055061161057840244,0.10636277052864732,-0.13569636177770508,0.03036631528323077,0.0007646863278644883,-0.19949609532126558,-0.00028906813026146217,-0.05859479531320064,0.017234390426324735,-0.042709642038609635,-0.07970324211871241,-0.05816950912025503,0.16753182888687515,-0.06386653296100339,0.008768279944366096,0.06275705286323253,-0.00885711516586775,0.008225730713322455,-0.014131642329521335,-0.007200796906033927,0.010860343348959264,-0.016043448594232193,-0.04907262455732908,0.04112115978519715,-0.07665783478064055,0.05214457599680141,0.13619227534711614,0.04901909733102895,-0.08932067411658377,-0.01790753754501441,0.014370915130879718,-0.030658460477317413,-0.010503780746266919,0.09160325745894167,-0.014885025635922455,-0.1138930687160167,0.012992894970517315,0.013773604392567642,0.06969261877512191,0.1129969068170466,-0.007000704646544454,0.014133512789345569,-0.0033706162563402393,-0.04990010172987401,0.04693510257501673,-0.12231607563503474,0.07176869386629213,-0.030315230048354836,0.035792169313871955,0.05443948190718089,0.10276430612577166,-0.000616327939025646,-0.07252528583333032,-0.011560464591001858,-0.044684276116763115,0.07412463343222803,0.10858307717230133,-0.032729620531120336,0.05083780443480539,-0.030142184640380907,-0.004134061095980512,0.07223195768018921,-0.04725018910465221,-0.03997684924265896,0.09410935989070057,-0.009574279987141318,-0.07719306994076654,-0.09568370267648228,-0.009197670276138858,0.042305756168433836,-0.00703944286158132,-0.03533254076071119,0.02429067585311185,-0.013162939512627599,-0.03022024727364952,0.11602868083857218,-0.11804910724938193,-0.015315456151539064,0.04095705112712476,0.04341141715986248,-0.014030064331481722,-0.020929608463083185,0.004015651646298052,0.05870187231435049,0.05126770452504421,-0.19965934422186152,0.07649558629111723,0.05661537864012768,-0.10336593831430604,0.04203388211462178,-0.1140862046004255,0.15794879679648452,0.001820871375790811,-0.0017141965574709321,-0.054250794220643134,0.08893595965613793,-0.04970195986144218,0.0629332612900628,-0.09269840057410736,0.05195593376724491,0.05210938682662749,-0.09951288797600874,0.007661124830027757,0.012873254051302003,-0.06848393351673847,0.13516431531676157,0.09231217093955392,-0.040152763182127786,0.1247783575142728,-0.001427787230741762,0.055270299369823826,-0.02289119875350186,-0.13490386237396945,0.02779777772819325,-0.06532387489095609,0.13403379401980692,0.13272843799366027,-0.09370040427308865,0.043903162035053456,-0.07822607020308689,-0.014511601772953695,0.030565086056688527,0.016266197856145703,-0.014504574787815729,-0.015221674370518374,0.1031579404858454,0.06547410373918944,-0.10329970821002517,0.022424150115489865,sport
54,0.5922840128016784,-0.1257717580550439,0.010806844255585743,-0.0818972211056597,-0.21536087812815513,0.016573620423170364,-0.014846229377570611,0.504905622300124,-0.31090309295419816,0.18904908148226762,-0.04424385889786718,-0.010000778666398409,-0.015323074810929387,-0.005761066392914686,-0.014070488557256433,-0.0031924210615177366,-0.0005346413796283421,-0.029256630644471898,0.008553318101515814,0.029274653942212348,-0.011798352361407315,0.015005088489003,0.0071178549548252465,0.008036019592281665,0.01705871817270789,-0.007212872054900116,-0.02236829520137047,-0.0026695029631802437,-0.0044484625632419264,-0.014552308508223248,-0.012332841271368387,-0.001462182637718843,-0.013808729339099933,-0.012232572985520577,-0.0021624327902625535,-0.0031733699730510734,0.003614448584213057,-0.01507724965268065,-0.003873982210752584,0.02734706075685561,-0.007469130229962096,-0.008764022985968898,0.005386412463880413,0.009504671355919224,0.006590149169148649,0.03223428795697809,-0.03133540524822529,-0.010718665799570102,0.010403529637631349,0.008211542497015145,0.013784862648382495,0.013301464263536301,0.013451261954487167,-0.005375323085916554,-0.009896146199915553,-0.018096657373041145,-0.03249417732242567,-0.0327477598059944,0.0038557494490026717,-0.0073393721540496075,0.005851627546572879,0.0016925269089746373,0.004139966696613254,0.007794586565690408,0.017144910706911983,-0.007397338947119129,-0.002699218369290532,-0.032743497533594096,-0.004758095922603867,0.01489669665123752,-0.0034115873640048183,0.006585432216052779,0.030997936806839484,0.01651789229917171,0.007871637358401734,0.010844137778411997,-0.00301941098160722,-0.006968251002891935,0.00738765213832139,0.0070353051973303495,0.001095271222118303,0.031920243142110304,-0.01851034268544163,-0.017283289550038668,-0.0017996970599237086,0.033271637361661444,-0.006888964555408255,-0.02465384379489846,-0.034105145188117816,-0.011515038657590923,-0.02025059968563856,-0.002204462403756923,0.029019614252647673,0.02205787948151237,0.01582631812897749,-0.04186216094875899,0.0115851340217422,0.012012386174724422,0.028151860799455277,-0.04166815370551338,-0.05598102564772987,-0.022946713542677927,0.01952952137648642,-0.008896737322649775,0.03497262525777241,0.011822139418461997,-0.03508637672278766,-0.004012254298171914,0.025346275523611718,0.002426375928208026,0.007841483646068488,-0.039242925315012125,0.015044664837243971,0.018622905697784724,-0.01954317870438528,0.012667977219695219,0.0033695317139722752,-0.008595091248955168,-0.030907152830369745,-0.0017884515325950951,-0.01162783161216098,-0.003741203033998237,0.00636200800721926,-0.021405554654413444,-0.0015194436522448552,-0.0005081428730594975,-0.018450577852171333,0.015418041293140224,0.02693884776906641,0.005320617426174868,-0.008619520670262852,-0.02354460761447667,0.03973754224179941,-0.006001377419352771,-0.012570877450794186,-0.003426242601275544,-0.01856039981903908,0.007498148679114433,0.03023180956076844,sport
55,-0.031201677254669217,0.39206958798012326,0.013506860966427024,-0.06519725202843926,-0.028948942352418496,0.008273065248448355,0.00640141565391076,0.00029955734652586214,-0.01134625720450186,-0.016430254085738262,0.014118243567814574,0.005320886088958277,0.08991164469249688,-0.04441056851704991,-0.04099481728530789,0.3079327484896041,-0.11558094449820779,0.04387568865367105,-0.20190506153779272,0.14524965853023783,-0.08153469941007833,-0.23808853788321313,0.10925703713734032,-0.23842977625394265,-0.026202357468729013,-0.03992180274175294,0.04210949207138127,-0.03141195692156472,0.02126787777740159,0.002680881403909384,-0.08077141290098251,0.0500322400437009,0.0015041321227576138,-0.08182932030827167,0.13991253259555475,-0.1307753663630509,-0.021060967323524096,-0.043848398507131514,0.055289902347609214,0.10868814393951623,0.026785430891741752,0.03732563308683728,-0.07573623263800827,0.020870605801876878,-0.056520054345974687,-0.03148510339940218,0.027076211894224836,-0.023806051896693225,-0.023499997673241162,-0.0023310606439211107,-0.011550923654014512,0.11122626149566234,0.10973955957682706,-0.040269867537619804,0.009126276564604994,0.0394637058352203,-0.003254374502066013,-0.07128627481435214,-0.06641267096213235,-0.017337017245262397,0.0219567501528496,-0.04385962619301663,0.003078014988807344,0.024489083471291962,0.005266124232930094,-0.016845070290073007,0.023629101064815982,0.017635429066759703,-0.020031481365467164,0.027558051194854136,-0.03986789625614916,-0.009218574371582671,0.008448211472270322,0.02403154044922541,-0.01372158033978235,-0.01901175821642988,0.023610499973984622,0.027577481139863722,0.04814535551224945,-0.010506986056925863,0.006445889366238784,0.05546260449336365,0.023678213290239277,-0.022571042284226243,0.019303582225556795,-0.008575439070117012,0.027569471350670116,-0.008383809147638973,0.0027193318147719996,-0.05799181890549591,0.0027924139447643172,-0.010156199996927287,0.017207659512431004,0.01005555357377573,0.040744334422021126,0.01059197785706598,-0.020668613055683287,0.025466400519651523,0.01850008054024927,0.03915271957256909,0.03536743500243539,-0.04772077082473008,-0.012132759233612818,-0.010530396499940519,-0.002676688981580424,-0.003802256377903632,0.029829865316990785,0.010105140133857346,0.0032316314977269113,0.004723719836541324,0.058963674035915514,0.022048236459808166,-0.022673685254498567,0.027970111539250806,-0.011411705252344993,0.05962539782848271,-0.05011743639157841,-0.006498589470392905,-0.013959956534140287,0.03207821014796139,-0.05652780940905561,-0.007328288565866112,-0.006556009584532539,0.026940195282458147,0.0027034071588825236,0.007264896370137572,0.0101406673501843,0.01283565305212794,0.04782508832967109,-0.05214680864504339,-0.023666117915877173,-0.015558051062425663,0.028068583223151363,-0.03263824328372043,0.05116111020669382,0.09393056957267117,0.013298286480410404,-0.19846340344943852,-0.03114867636247652,sport
56,0.568263450575636,-0.12760138011455402,0.005605926294745699,-0.08152427049073123,-0.18630022787572545,0.02893773920387312,-0.019439099107570475,0.5139429495345056,-0.3156143716132758,0.20322181147622312,-0.03502482282564695,-0.0006378728939607968,-0.0204301041021019,0.008874992508954913,-0.011791325665145996,-0.022253212606466993,0.012327833471963166,-0.02494336363309221,-0.005414539054494594,0.05687832706033834,-0.016640127224470138,-0.005895415175375015,0.0009699516608425499,0.0012636419375540427,0.032242350867536344,-0.00487200531375987,-0.023678434952417757,0.012565883475710473,0.003457953900645317,0.010980170248677059,0.013144042969235265,-0.030401401689765937,-0.04633363632960846,-0.062438097159665557,0.008684450374887753,0.009751612341145214,0.002428417807101838,-0.01231221334410966,0.0013809284793143556,0.031122048908854352,-0.022869449128197734,-0.0011329823303655492,0.004479589364686631,0.025326889800293875,0.021717435916433832,0.05863443459928863,-0.032825958760005186,-0.003383865858485141,0.0410150925205053,0.010664080765065255,0.016812293887653235,0.02098342802752702,0.021752847435415838,-0.015262032101073141,-0.003477700118618429,-0.033537652175531237,-0.018220725302212273,-0.030986292168993016,0.01348823761570981,0.0002932447101412752,-0.005685642937322403,0.004979245524077623,0.0313346250805706,-0.0016075595136832847,0.022768817515780245,-0.01865972706587329,0.005386875785366632,0.00021306515407734089,0.026402733807669217,-0.010473764801518142,0.003612261787152341,0.026405185291709134,0.008076456197328238,0.01319602182458794,0.011611396392238635,0.0017663462842866546,-0.027421414416304895,0.015140634883419105,0.009732655010718134,-0.01738849906226376,0.006791484368352906,-0.002054249890815269,-0.004574055571132781,-0.005187779984252293,0.009466149016611133,0.03373859921311032,-0.009413010369618764,-0.002454809520096006,-0.006383135162610708,-0.0013238745956622563,-0.004263528984660867,-0.002852443878024339,-0.007619541705948212,-0.012228844109245619,-0.0016670432239267376,-0.026108233130095197,0.01741138446754204,0.009877990821252548,0.007245569801203029,-0.009869247244576648,-0.01892826239445254,-0.025195215972578944,-0.0009701180568160815,-0.030605588566097065,0.03799083161961924,0.009274078881972236,-0.04239827033624491,0.0016623529048281195,0.028021760775949978,0.01915755003627369,-0.007616130283705273,-0.07297076135795512,-0.002462978304343355,-0.001170981429093054,-0.01990577852545561,0.009567323997002566,-0.04226513823706087,-0.03038953905170078,0.0012536828651600414,-0.006389632912769764,-0.008102612912265819,-0.004077340959761545,-0.015649401977254226,-0.022965390144291376,-0.014105653239008116,0.0006281036876998982,-0.020000509669526382,-0.006444945548866741,-0.011414438762919952,0.001210655416148807,-0.004311338263972668,-0.0017032029813228299,0.0071671734150899205,-0.0023523820330748134,0.007126254665638828,0.010190171725280184,-0.0014617728106714497,0.0027436200585941183,0.006059398654464566,sport
57,-0.04151312571300054,0.2851287164624206,0.0291786847648881,-0.004488146235182842,-0.03528818869414064,0.0038828531794705993,-0.006646820216672109,0.006839240198112785,-0.035575426421456224,0.008507809234665601,0.0016600699962382108,0.014878448580582465,0.06527726707426533,-0.027624342645584984,-0.0631674126584287,0.3826554304745676,-0.1461369797415488,0.060424882860614974,-0.2084590667174269,0.06627477618059947,-0.12145263609497106,-0.3210719736006423,0.12113606675157275,-0.2980736907703888,0.012402586934123312,0.004510278753434999,0.0724113827303293,-0.05093065316615249,0.005963926661092048,-0.012775240265923804,-0.08378766132831349,0.06471331166171503,0.030906600898035316,-0.05427625044933019,0.12497805699853126,-0.06328857409653076,-0.05701609752410713,-0.017686437011269363,0.05233893352280272,0.04372362079584199,0.013827320011972143,0.05368543482357857,-0.01370838171530644,0.011933735938065987,-0.025377326220056586,0.012425598155555564,-0.03087665077901514,0.019301623832548916,-0.005367121150427905,-0.045050106574964895,0.03641650608792094,0.11885081918085152,0.07069175433349514,-0.09160436313100843,0.0019843510036216204,-0.010143988708657667,0.04861536821895508,-0.0583643531878229,-0.08867674677113976,-0.023517584838661187,-0.013903963603662637,-0.044112118618387715,-0.03311065316123133,0.061144556261230505,-0.041966481008662716,-0.007608541561714526,-0.002200435629234036,-0.0197233298226242,-0.08755269374676171,0.03569709038648344,-0.04458365747266929,-0.02542778021323815,0.0321394150274589,0.061573102449015996,0.013869048772115054,-0.014209965212382974,-0.022916640887878075,-0.042871142624480794,0.04043933252589118,0.04033675317817373,0.030653673093683647,0.013369687533567398,0.004647959141370135,0.04423687734256365,-0.02949089223124812,-0.041752888720737215,0.018179845539850383,0.014538505032394036,0.0625260453062666,0.0383970810210899,0.027467891453470544,-0.0441729957506064,-0.0174419935802125,0.027535278827587308,0.023510705875518692,0.023218651185902855,-0.03087174199281604,-0.0017024090461865541,0.02809156096001479,-0.03498961685938116,-0.017545947037734547,-0.04203742455870661,-0.023783131508896636,0.04979093190692832,-0.016263883823427007,-0.0066938967886306855,-0.0031147105780834445,-0.04312788375667414,-0.0757476428465607,0.055869847298967004,0.05896389330620369,-0.07236635848298059,0.011916285415096388,-0.03785877408845907,-0.021101260871869053,-0.005447700914486744,0.07049767744357169,0.021928112462361295,0.0855665101019663,-0.05298770815419627,-0.0047597312540313165,-0.027469827171342553,0.001359738455829043,0.06592438801177104,0.002942788485948196,0.022355863118480652,-0.05641239073993715,-0.04646513404645884,-0.04427933792633664,0.014938065470643058,-0.01902315740864558,0.05681116655863226,-0.0017685448694769884,0.024822193652201622,-0.0011238953264271054,-0.0710786720240595,-0.02571619045631573,0.05119971152380948,0.011320149090893865,sport
58,0.23293733520134233,-0.014971304428222162,-0.02288146931963443,0.035850349861120394,0.6704117609174828,-0.0812930141719563,0.03735831947261177,0.16717920180110513,0.01140107459922779,-0.09848199461796961,0.020228174171746736,0.031844335780568535,-0.03937737412862123,-0.0011286273179062394,-0.006180381709468261,0.015089977438827609,-0.018326083969563364,-0.021600252231186712,0.008502612066411645,0.012593587720427304,0.000567867185790644,0.0007329779773116328,-0.002575072543277578,0.02136883330568601,0.006919346300848513,-0.006212677942114288,-0.01802059655230885,0.017705730964156244,-0.024605473446920375,-0.04366520955604187,-0.039652546204653076,0.006598742515621187,0.02299286944195842,0.02682987067077082,-0.02956222729913521,-0.01710925070764387,-0.0013957166932106984,0.03825400663039747,0.003869763617581548,0.01299149057377946,0.024739900495073262,0.02576076758726538,-0.015643726207439607,-0.02086492876281571,-0.030528618907519605,0.07558529589456509,-0.03256478287917138,-0.007247710441549793,-0.004662697112666785,-0.004225089931656835,-0.007781776674514069,0.039635717702415536,0.02114270443715486,-0.015825464671807808,0.015195967001900576,0.013645351539556363,-0.049939463375255205,-0.061122013822250625,0.01278451777857228,-0.04940254563778206,0.013975932583376444,-0.005006531873815007,-0.010344795727868408,0.017588242530816665,0.01916370863270117,0.025513685630327024,0.002131501885009523,-0.014207806822364865,0.005930024981711225,-0.011919919741559218,0.009200486302773394,0.04850681422147395,-0.012157575592612487,0.0097528966144868,0.02878566531261808,-0.04320188031492414,-0.05301815950582749,0.0008075796518119916,0.04939424607855828,0.012888309429066335,0.016232446899858737,-0.02384451785922235,0.0064119520414120295,0.0355349874347238,0.025341371397444083,-0.01912083486182021,0.014542493221433717,0.02056959871303785,0.030008666477027747,0.00033982405723789933,-0.0003929552300280506,-0.03766874305394922,0.0025103015144653292,0.05223800041939335,0.06486232335806022,-0.03181472113477552,-0.0037401982340538754,0.0005960123287404906,0.03436170924441969,0.026570214611063504,-0.07630948328858503,0.05144051809131325,-0.004708992407117287,0.02071620521072362,0.01193509258373767,-0.07195775730243703,0.03981790192303643,-0.009780373864602182,-0.016294402195795553,0.0025647113549180697,-0.0360673404804722,0.03059266327846497,0.05275630715036446,0.0788091482531581,-0.030914014039283785,-0.05476889115850878,0.02670903059541665,0.019287599110733963,-0.056193691586313564,0.01798266380006392,0.017187781285735164,-0.0016624407084690482,-0.06602667514302989,0.06203119189906189,0.022825885711408724,-0.06220683593231715,0.08265587753328571,-0.0865462649768718,0.024501179874996504,-0.013502772101485334,0.08309242166971467,-0.05705340683793545,-0.05672881051696758,-0.05239379464395916,-0.02637998915572433,0.0589002951512743,0.03698798682266273,0.06639708007930498,0.020981735431571235,sport
59,-0.05763040626200944,-0.03010182280050264,-0.0008470412161575778,0.06861263371336185,0.006110221958190251,0.01649239485997807,0.0010021372553370787,-0.05535267138408489,-0.06446037576499929,0.000909168291873851,-0.16125284862298092,-0.08712798799895037,-0.02935634996243156,0.11646137045274975,-0.033202380856244204,0.06137443642132874,0.1709479547593816,-0.042774321267606594,0.06020343213590162,0.06452746006211409,0.030624774210664386,-0.033078131248910785,-0.06688655053038818,0.05596547342568831,-0.05463818749378859,0.07215724469856967,0.2054740221198541,0.2170563895299935,-0.1595224694790066,0.019408145836886968,-0.13944885623225317,-0.014232151083755619,0.013946610314652538,0.06855771404973918,0.21146617247816724,0.05573222748748466,0.15812114457844717,-0.005329497356217317,-0.06713505684105185,0.09404101528402413,0.012292310959328978,-0.037254931117738935,0.017711996947392488,0.060710205656593644,0.005506116123337689,0.05983944534445368,-0.07118413875608715,-0.04147988873385677,0.02635570629718594,-0.11045985433086968,0.028656850384147527,-0.00028194653746716115,0.007891988842159683,-0.007383726041354233,0.0005715083595970088,0.08092703862548319,0.1284403201882556,0.017721397454026767,0.11064206495868376,0.07222147404757569,0.11726142620383366,-0.040982071233980025,-0.03753494078593228,0.03317532075540413,0.011591189746704625,-0.11533815479567965,0.08262979379687967,-0.01913115254530643,0.012405312195203338,-0.06329970925532345,0.11358205533734074,0.03563800270820395,-0.020947392070565143,-0.04175649837895445,-0.0961223279190692,-0.07542213916730683,-0.07246063401974119,-0.10647945212221738,-0.07413310733188509,0.047749630333931634,-0.005419991191304356,-0.03972922898729469,-0.06853681853543997,-0.15306675950418697,-0.03649495509510212,-0.01922214933931016,0.34093565693174127,-0.09706013391776808,-0.11320813349488744,-0.028853560115572437,-0.19681482888426946,-0.1700700436548566,-0.18284430581010322,-0.07326798321355081,-0.0714619609455305,0.06432507710421356,-0.008140203337754446,0.21316570763409276,0.1286745331442536,0.050341217896827606,0.007785868503528604,0.017095070685587112,0.024390364056384554,0.16831348246029781,-0.07366011675728527,0.021059079097497126,0.00772590086826251,0.034368674288561045,0.032626508057731804,0.04834247159873081,-0.13969905693241944,-0.014453543037791524,-0.008276187093250297,0.001950382476858212,-0.052924505214608106,0.028719696772111912,0.02530144479780301,-0.07937011976747167,-0.000176445414191199,-0.03428086387328729,0.01614424800542854,-0.05151422501734032,-0.0063674944960326815,-0.047221395153022386,0.018967650706716712,-0.03794937871251507,0.041439971455698776,0.01019107601056499,0.06469926634444852,-0.00686045496902923,-0.030463617015314078,-0.026212859532647168,-0.015882515012073734,0.015521293193504622,-0.013687488329857861,0.0349974711242246,-0.03047736543234541,0.0058764049812130926,0.010066957289575889,sport
60,-0.05202027965322329,0.27066802535302487,-0.004506070290752791,-0.01543856479140145,-0.03416148619407235,0.014043319195541401,0.045410019205779265,0.05979147992002532,0.045102446982382305,-0.08029284506697548,-0.07674696952413904,-0.07656710342808386,0.028441245945437,-0.0711222583276218,-0.0579294325653371,0.021400008413157496,0.02283991413457255,-0.10839879263041576,0.13621615586083585,-0.038481980447963575,-0.014740938916857516,0.05277384840947591,-0.07577313493383628,-0.0007468629532330646,-0.0458496916125393,-0.05540709099224081,-0.10564935389056902,-0.133555495359969,0.10740039554282596,0.06514559594124303,0.016803560349634823,0.0713920141441955,0.08216343716426444,-0.0767156426136292,0.06185838006107011,-0.13667147153609066,0.008292739356642443,-0.09251307729475151,0.05075964210650919,0.15619525814735746,-0.11151271474073166,0.01032941398393793,-0.04187119498260652,0.04504321055263227,0.08303965269316786,-0.07974475840904358,0.16880104179331143,0.04184164844326683,-0.05850985555774825,-0.006799817086146185,0.09157788670843922,-0.005278263192934078,0.18107212399983727,-0.0017480419232408107,0.0011466553571113744,0.006799235628912593,0.03479782745602644,-0.003139113978704838,-0.03466031110672857,0.12795623329367353,0.03588221275980362,-0.017622598475721823,0.09772384742331608,-0.00336465428748784,0.1286701582686603,-0.06415497545966337,0.08124923305602294,0.06725372152311228,0.056819107264966834,0.07328211478845757,0.181311605246738,-0.12819901033870762,0.02489821957897859,-0.004706924818621971,0.026656129111224985,-0.02889910837070859,0.0036660224771518334,-0.023892360923610946,0.022287249163155644,0.1724745480229385,-0.09554253160794159,-0.0445053518419549,0.05133856701865447,-0.055157759612954514,-0.11286993228748186,0.08115419324274112,0.010698413315264218,0.12834990817860084,-0.14044150131349292,-0.21421230700585758,-0.1374296669579009,0.08875955532694757,0.09682240459656659,0.06972924775805725,-0.07999543647877226,-0.03997664868702137,-0.04624008255663589,-0.14481591235289634,-0.005466733024903322,-0.032444539130059964,0.04292170645861367,0.022527176999143732,0.06211371946581239,0.01119500628859604,-0.13902147698314218,0.007559838658455278,-0.032882100896643215,0.025383060636294648,0.04895584528774877,-0.07795190019976161,0.07560701702633442,0.01569087366853983,0.0372795979333739,-0.04757559809274338,0.033130843812851814,0.0720915364144151,-0.09765005572671759,-0.013389754183234044,0.04255101065968105,-0.02920375773808383,-0.03171338360316498,-0.03590417440022456,-0.025385402941084396,-0.06886229924868045,0.02705088175098708,-0.04124763341625729,0.062212292888363024,0.0013623220340261359,-0.0448381566887529,-0.07778714932598443,0.1060126571020587,0.004005241646268215,-0.01458739998712257,0.12401408405037408,0.030673130273592593,0.04485813852183359,0.08504400630400348,0.033239390468962966,0.020412374254851973,sport
61,-0.013666244695495568,0.1955976619972796,0.01740802272850891,-0.04151818266235926,0.021519803101224214,0.06176668357529512,0.0010734517658514708,-0.10644910610546315,0.03281487649587439,0.27885701812734476,0.07629043324541727,0.13700469249486397,-0.22607522229582672,0.1395399661436575,-0.05638686616253108,0.37665561821742655,-0.022796457059391196,-0.03411716299809165,0.10402610039395732,-0.11283406682805756,0.02612432644062516,0.11595071079101336,-0.18890569145375594,0.13765109323718638,0.006374780974317636,-0.058435431469503994,-0.012347251069827075,-0.01470035754132931,0.027860277787732736,0.0003988724603918676,0.013319099472980407,0.03014575642107713,0.03851837323622181,0.007058227751577699,-0.03447221628502353,0.027008987689951306,-0.04710990176731894,-0.014937032170049302,0.009201852079797818,-0.06993281000408218,-0.022368205901065873,-0.030970483511945604,0.012700976291071685,0.04251994948442546,0.16517421109917604,0.0065731039975568855,0.02452780418126104,-0.04615469871720407,0.01437720806817105,0.02221698408801236,-0.026344106319539047,-0.07334734044652194,0.027347199044819418,0.01615767275946952,-0.0004923156577410671,0.0013229834884150738,-0.057190187898890125,-0.00293567278581201,0.016978111217191314,-0.028099984828063942,-0.01823227157843268,0.05212650743809594,0.028890542976119694,-0.07688090535801685,0.06233528095638487,-0.04537940002104177,-0.016157208945125057,0.06745969920020872,0.0490368488934611,-0.046100112447526854,-0.04810641889501919,0.040821096741412446,0.003935370111947547,-0.01602756100532282,0.056205175403297954,0.015915862726510056,0.0572352204355644,0.03606191013078324,0.03848896524406155,-0.09971155891766831,-0.015222615938817413,0.0333791635386809,-0.05664589128552527,-0.008091827767836955,-0.01471201520997592,-0.0345330326349319,-0.012373421105502604,-0.029695123414413382,0.02153297530828005,-0.03875077301569817,0.027452796591514093,-0.0020543179635045612,0.001882601543254957,-0.03436735584255511,0.013044391163950116,0.04576542903869268,-0.06049206849943469,-0.07400398610188201,0.023674910508580886,-0.030130750759389036,-0.018894457286696326,-0.08460259404393725,-0.0036722541990622183,-0.003801903066719343,-0.01081753717112505,0.008673843759621828,0.06678739498512493,-0.01974899828916022,0.02689339989893563,0.01333381846020462,-0.02134564352613664,-0.02118536954474862,-0.009138137803960807,-0.1248795621229833,-0.002413459684350154,0.12682876646872976,0.1681222407180855,0.13248031230945542,-0.05825552346730835,-0.01614924182327351,-0.059477489505291255,0.029986163599534633,-0.09057281993344428,-0.07135361427109857,0.10926168773093851,-0.04672225071626489,-0.05982985206478655,-0.015292905006614899,0.041994913246935946,-0.09349181332810576,-0.17995821966294923,0.0020765451240077485,-0.06478197616216193,-0.11634746416022294,-0.01962379352255446,0.18671214406952075,-0.025619708454262917,-0.010412046529412387,0.009970786777125543,sport
62,-0.012113990927553797,0.2955342400930868,0.014814407963528942,-0.09911989445049564,0.024781146178197724,0.05788272897586753,-0.011192192785531761,-0.08116303451151272,0.03361109782377415,0.33014276145464583,0.14983814638180407,0.22836174956228902,-0.32971278816934435,0.2157204106959856,-0.055924828171471035,0.39391126736846294,-0.016776158903024006,0.018993797973736952,0.005989639037785538,-0.08319938949471423,0.02711045878960933,0.1257452166115288,-0.17444508520588484,0.19503124644959036,0.07125950364926867,-0.009878279465055241,-0.06336834180642463,0.01791646027574395,-0.017602849331119014,-0.03723859097748342,0.015129850724483888,-0.03970718313020836,-0.042600540541916546,0.0043631050840561274,-0.05133395396816433,0.03441519157002272,-0.02215515745746812,0.01651613210326193,-0.0005412442441149971,-0.10935325388372413,-0.00860555576371824,-0.0055929525209317725,-0.0005615744825738392,0.006893225665328963,0.033958698027807495,-0.011189993827494072,0.0050094308653538125,0.02618377208783973,-0.001505431598453455,0.004614066722923964,-0.03497885819085811,0.005957360343219101,-0.03547728245234412,0.01029900543006637,0.0058313408741301346,-0.004870372534705515,0.002458981865016988,-0.012137989527542404,0.04572211339123477,-0.008017165106122963,0.000545130678952606,-0.0034284299627337423,-0.013767931521614424,-0.02521990648045218,0.00968691611232312,0.018018542840214376,-0.007859276120652485,-0.01694223687991536,0.03734984313694123,-0.011435456230638404,0.054864967161096616,0.007467933841907796,0.0005720874700498313,-0.02260472416456912,0.01419298359795735,-0.018118910145168584,-0.005699727662655331,-0.020635679208394826,-0.019061911692156947,0.021711967876064962,0.0023888731487716613,-0.023540369543955244,-0.014924322148021248,-0.0035020812954787216,-0.032648226503045726,-0.010050973477327023,-0.01662780171088399,-0.02490291334764831,0.0012412810718553393,-0.021982462026517113,0.008321512609596647,0.0067240732718769035,0.03634980193640844,0.04572608757382916,-0.03669327785484866,-0.02382476896573872,0.00027637424457218387,-0.01702776454267099,-0.024008856326553658,-0.010117838497182547,-0.019918483434715712,0.02607648572047164,-0.015079533504126705,-0.00837846136525505,-0.03598544497035549,0.019924712479417815,-0.016687987396754866,0.03730742402670172,0.008463472644385031,-0.05710491805523572,-0.030899712050725194,-0.003236570847106308,0.047049114323073786,0.012882824639232755,0.009594930566109612,-0.025810516572199647,0.05014386745290958,-0.054401610844327125,-0.03514772087936523,0.025022975758681527,0.022379853434789463,0.03211244276522793,-0.01771759244623517,-0.050411306253572055,-0.005736072454509606,0.038488315391167885,0.02661254983384043,0.02172180534762598,-0.01138210202287007,-0.06253828267940086,-0.05703241200459335,0.012362996526190865,0.024286818643955533,0.03247175449141558,-0.03703288898819198,0.022485506844452476,0.001289333312488405,0.006914571121083064,0.023506383297755958,sport
63,-0.025237972091085754,0.4600901111280468,0.025983242291262018,-0.12750200000907808,-0.0042649836455692074,0.040147788810621955,-0.00954584227283694,-0.03777001868914526,0.018828906131663044,0.16149535942453402,0.0997035278465769,0.13163014155683392,-0.11039371894418669,0.07079596128176922,-0.003367900497555068,0.15114023632145662,-0.018361943110466128,0.05562987333206215,-0.04001518954811161,0.06787232930420903,0.048560268920087385,0.07525861172913702,-0.1865311992349363,0.1272851968189803,0.030307734551974785,-0.0044920888512807716,-0.028850845829717465,0.03367162269014461,0.0036070067880129564,-0.04545550565369834,0.0570627140484422,0.047810637666902314,-0.0238545324872432,-0.028141498827160022,-0.08016443136208018,-0.016434765998540955,0.06601696724539964,-0.0028352948847201356,0.021196443962678217,0.09337675579389809,-0.014538648568545299,-0.0013964633493270524,0.028686705993596295,-0.054991342281215674,-0.12001764056311783,-0.046508214853116625,-0.00287798074762987,-0.035292561225202156,0.005706790558554815,-0.007280767433471385,0.016238351510133427,-0.007663126820727244,-0.08763714221628648,0.029621364943924932,0.00035979087953389946,-0.05322866205620287,0.019697982277180184,0.015338865541450145,0.03687361806997658,0.052472226867560735,0.039349762713350805,-0.05931986469634097,-0.002126358359427976,0.07665999284284504,-0.01087531372236268,0.042570645695663316,0.00953344029546175,-0.019955146054537215,0.007109788264893516,0.0388947499260479,0.06795642578733684,-0.09263797690227334,0.0017530675030603352,0.010226147532776994,-0.07936832728694147,-0.019493239089399136,0.017313007976296237,0.01530719523395215,-0.03636601395866017,0.028840197999236105,0.04921875070570743,-0.06484994675996125,0.09316877256205784,-0.0022733740747038884,0.041415729191935854,0.015707787688948514,0.015622001059126188,0.07540658188425997,-0.04038433540281394,-0.04207174794536892,0.02014176428583569,0.1284281565282464,-0.03581198510444321,-0.044736733781197864,-0.09938620719961729,0.01542138958002976,0.0014807852984035127,-0.0006453783420404248,0.037497854764461776,0.058375203180249594,0.02095010522390192,-0.027702591470300405,0.022122010683489436,-0.028764164716502595,0.06371692763374036,-0.08926191024898938,-0.04034807057810164,-0.03448147117681405,0.043811567288143866,0.04327996111480031,0.022985205852974918,0.02016135148285594,0.051601614707874964,0.04761808816360392,0.1182944540096241,-0.02865881649432934,-0.1759257288385493,-0.07132803919064294,0.03429406120206037,0.09344156387725107,-0.0650534064701,-0.0031428098011064528,0.06695829701655678,0.06064961353347211,-0.057562253988341194,0.0018587636538706254,0.15852196207756641,-0.005356429249571185,0.06363302136503703,-0.07172869913230523,-0.02171566087952986,0.07511100026680544,0.07851739036116798,-0.062002426114595374,0.016388619930030053,-0.11578272315861239,-0.07749585642488498,0.059465579311043404,-0.038855512821482814,sport
64,0.4895521214180965,-0.08159047544971713,0.002916653528961659,-0.039614393206394295,0.06472529639703467,-0.028404817276874536,0.016897324160151037,0.15088897218848502,-0.034959452468178186,-0.034064084304947805,1.3376833506993807e-05,0.014882023379990856,-0.0030949929197994007,-0.013055187183459613,-0.005530669654810212,0.02530212191080118,-0.05228016517072095,0.05947565580405076,-0.027678154699430694,-0.07323406034968602,0.05283713598555156,0.09541578013740368,0.061789605898988485,0.06354732517592204,0.22529217078496755,0.1664943024696173,-0.1384159083529158,0.08717100238641919,-0.13321873829871705,-0.03156695101333929,-0.20304913480187936,0.057670180532093974,0.1789078928143305,0.02708922907711913,-0.02641030026538716,-0.0398579845847217,0.008129188929012288,0.06606242686708744,0.03670479912286388,0.08980180774176307,-0.06527201393303271,0.006102851667367817,-0.05749078252065218,0.04595058547717021,0.08492119254692714,0.052752005268238804,-0.013485005844673078,0.05161329673744364,0.02473790319463302,0.027680165586206677,-0.014522526408289625,0.010765406165788709,0.0383154455149985,-0.008380478631612653,0.05475792731501869,-0.014752174748724919,-0.024720423529280836,-0.007703219537879364,-0.012585258629937446,-0.019773372680612834,-0.027148860747696235,0.059639772162568966,0.04581071887742727,0.0055715332088233085,-0.011104989275402004,0.08498021571340865,0.012071707734136326,-0.0387265581589947,0.02191363629798806,-0.05705723188102542,0.03233529848653007,0.07802741152330285,-0.011371781623229807,-0.0013673424017094792,0.04451885645839116,-0.07520126138731542,-0.10369049009692675,0.02502773095788194,0.015210917879548733,-0.0713089636230823,0.016153845461096862,-0.0871840646534827,0.03311207867591093,0.006461838311478755,0.04010197797576552,-0.056086728562479315,0.005516640842378246,0.03665111873762662,-0.0010379914972128846,-0.06136574716132679,0.06268595762452235,-0.022284538681949944,-0.078038715156823,-0.06828502118203236,-0.07808173524692814,0.08770549993805561,-0.02798190937335936,-0.04286099792300915,-0.0603442011492936,0.04803118930711838,0.10766408813093147,0.07700195049679882,0.0001175348359777352,0.0493370973089771,-0.12363122238642493,0.01962945374972313,0.03027704099806515,0.05570127739147702,0.01880863033552511,-0.00596567015850473,0.05418997720374143,0.1330988847298069,0.0662002782997634,0.03624618401578952,0.04732668497528649,-0.018698047269860338,-0.040404098374579436,0.0788182450451278,0.04245638921210774,-0.047747958393977476,-0.032803773190729864,0.0009110703363373077,0.07403499311670232,0.0749711006194397,-0.025854899645229548,-0.008642577712450401,-0.07748926642975283,0.06336923696766843,-0.080931535727168,-0.057392225373285664,-0.09742060830213795,0.056966364320721254,0.03009583243292653,0.007862012633996057,-0.017997738841376933,-0.03482167658715117,-0.05549841094236822,-0.09302621687834643,-0.030995516904500555,sport
65,-0.025069813236152972,0.25458666637169897,0.008910162475720875,-0.04633338244179717,0.0010393855571980157,0.05576153363256938,0.010810134917818088,-0.09144079260391119,0.031208328196926535,0.24812162233467075,0.07263957083250021,0.1172507038023651,-0.2111997670697187,0.12157744944380348,-0.05466880567784512,0.342335294557757,-0.017676423846696838,-0.04383775562331999,0.0766491044061693,-0.06444528467521843,0.030346651343173867,0.10089955631206646,-0.21665287448548604,0.16930832249941505,0.037979362981674446,-0.012545882442138726,-0.026839494556692985,0.014223274027502958,0.00259013092255723,-0.0011072003644421813,0.024423757927385676,0.020711096098430658,0.012977200890007912,0.0033200335144351486,-0.028135752159803656,0.0315336372351735,-0.04330198626858911,-0.028986168196030813,-0.006136371977102321,-0.05254508838872217,-0.049440345337268356,0.0050605251757672625,-0.012262239184384575,-0.03643054451580753,0.05909226098106301,0.0136004430441804,-0.03437338697520793,-0.037651625840749645,-0.0007218944585660789,-0.06418582441032376,-0.016016509498580075,-0.11254935482948757,-0.0006991773955409845,0.023809500684615476,-0.009528802478061626,0.028169034300682544,-0.0033441190088352897,0.03227942702278751,0.03066598273036502,-0.007895791700154009,-0.02557581048186597,0.07167763246802852,-0.017871191046639145,-0.04672132801496241,-0.006526112832732434,0.0017805588731534504,0.010718898864579881,-0.032818945419896016,-0.06771862380061622,0.01453028147980784,-0.04419191014190702,-0.018703803223236632,0.020532095065158396,0.015533918146170875,-0.01731302363754777,0.09442635768191875,-0.027924389730175563,0.0051808425264828345,-0.02351313627984674,0.0006597256771104994,-0.007564653901733937,0.05147008480600619,-0.03986523977546369,-0.016321612656867174,0.039218019736243295,0.03930039541204113,-0.010595035079291926,-0.020047519315308664,-0.005354332468832675,0.05063326081024235,-0.020216916959145112,-0.11430840480137851,-0.0628207205183725,0.015147158896070533,0.06570578935148805,0.0032101890781300315,0.02916459825996182,0.06146067958327248,-0.015117515800538286,-0.04971898193152356,-0.03318757618597549,-0.0012802351154261942,-0.025214962452307723,0.039452447808759915,0.03689835760615403,0.10122633503278035,-0.057489347397676624,-0.0059000806464345875,-0.09789221537130137,0.06487890065554801,0.07937949859936595,0.022952888950448398,-0.07914242202244001,0.034097395729324007,-0.06238189089910686,-0.0522569663520097,-0.08723731390852563,0.046202696729249475,0.10316209261008372,-0.10440964774874216,0.01956842211380028,-0.08993472784407222,0.06409335663549084,0.07576235889461477,0.004680959358687996,-0.04574574917990159,-0.1646326788641396,-0.01145146983672847,-0.11261843610013816,0.21876687628497238,0.30031060448849595,-0.046355457505010404,0.012234879303240588,0.06924318223596106,0.07263176964777632,-0.05079194171023868,0.08596405971747706,-0.035694694635562955,-0.028231765611724333,sport
66,-0.0487416752030524,0.5826869507957579,0.03508330118582148,-0.17604974560832687,-0.05586017212502947,0.0223029275623286,-0.008509600384250422,0.0002823969106471295,0.022382024867161055,0.06784953372733192,0.11460242381387174,0.14262878211761867,-0.14660961785828,0.06711206334126142,0.007860529436545145,0.11217288803807561,-0.03838079041713489,0.04346801219978402,-0.11000156514279005,0.0993520322379904,0.03184238868472913,-0.03690537129641833,0.011393034038911731,-0.012600214249211157,0.023615123855651184,0.0208916963431842,-0.0134416727869473,0.05096008673676462,-0.041007911779929164,-0.01601540461926392,-0.0048015816589754914,-0.05092755312043011,-0.03062062854961289,0.009803084934519464,0.006065872270507624,0.008898255636911429,-0.0018022850411461466,0.046578161757455494,0.003803603887899767,-0.0329058389808313,0.02149874083635628,0.0249352915607519,0.03960233532244432,-0.09391802020074769,-0.07663854308422038,0.053323549152771904,-0.012937141677402645,0.04895255901122723,-0.004685486277589214,-0.0028295600176051366,0.008049026838266304,0.06438015141011848,-0.04152832226713483,-0.05797682257068202,-0.0011655144289897358,-0.024290295192947814,0.02529620571826065,-0.00013303482243359454,-0.043003901607604485,0.006151012564147695,-0.01246887049868933,-0.056310560561493285,0.05736358625028579,0.01794105580342092,0.0181172897357242,-0.010887382721527717,-0.022012013251897816,0.025934113333086657,-0.024059801443459074,0.006044776559699433,0.020845540539718824,-0.014130736662429394,0.0009634792112579022,0.024851868067879476,-0.047019781038563566,-0.03927026459986476,0.003934831624012517,0.02644125469709435,0.023605907125440317,0.08250602141170554,0.022207882896537596,-0.01752062582453286,0.029899994964238837,0.014993959530749076,0.03222148451635283,-0.02124293003251389,0.030441083870383114,0.017119657284165365,-0.00712139658578269,0.06680001369015112,0.018207129356358157,0.02714631545046801,0.014327969976975448,-0.010748525186395717,-0.039271794826877225,0.035206628458153685,0.005034011287656638,0.04358246393446465,-0.0046117923522017695,0.04257558460591326,0.07134036392712001,0.015528743018992533,0.08310042491417995,-0.03245119160349148,-0.01823357209540971,-0.04639678310642022,-0.012138863072957334,-0.018120091869065887,0.0278468660717979,-0.04955919559952117,-0.041072885444444235,-0.039168612643069485,-0.06463485406395977,-0.011234029413423453,-0.028638771849832916,-0.11597925399016941,-0.07598479651512666,0.018333481512593074,-0.05622162109557859,0.06134225628732411,-0.09783530648824483,-0.0011360025535463855,0.052660385697063834,-0.07201831695434577,-0.048024148743224034,-0.01596779060317075,-0.0024925923779855856,0.045428633872181434,0.053560461403081926,0.006864979268964821,0.007261813149626952,0.027062479291862188,-0.06469616935725081,-0.009360761709642717,0.018886359936235487,-0.00832860924115223,-0.017285781785167497,0.06028599376951319,-0.015146114123615979,sport
67,0.23181420627952043,-0.00842619327206345,-0.027831323786369738,0.03844854033333838,0.7248511031755972,-0.09145478446021742,0.049113695785822954,0.197763931547241,0.02731283260804825,-0.1288531290221278,0.02885607143534709,0.05154572001888919,-0.07539178820153239,0.01880761044882625,-0.003004387384500372,-0.016660286089274896,-0.026971647534613286,0.0008692244914298568,0.005155608812284925,-0.021404643322710096,-0.007150958720500258,0.018126928474384976,-0.020180147138858958,-0.017640833981093167,0.03259154976889719,0.02379105158047536,-0.019895291006937963,0.006778231791167539,-0.019644068123843735,-0.020736520105388304,-0.05490873155702136,-0.001347792883830085,0.026120866648582337,-0.012000993437364214,0.004717338865628886,-0.02197007025347314,-0.004244979700180652,-0.014270946564747047,0.0017372036108623864,0.01844956563387689,-0.018531780373569944,-0.014554651902603567,-0.004039188042584021,0.009970514378004286,0.008832671080362238,-0.0007439367700396062,-0.007380513519958357,0.011268558384328897,0.014846578575560892,0.010403997338463766,-0.0014427485086475587,0.01883234868194116,0.006572775880086897,-0.002685291487650577,0.004704999298719068,-0.00667965162263032,-0.01688630157191371,-0.02363955825964263,0.0027827767262525315,0.02287276252447292,-0.009516992646112426,-0.0028770830451071345,0.022789890671847467,0.006864059960505112,-0.004906903957119119,0.014501553410298495,-0.0020109470759468737,-0.03095577693999326,0.016916297837040087,0.0029121490173745976,0.0317963353006802,-0.009027081007591949,0.015321535334827857,-0.0017441184600630805,-0.024665078471085525,-0.0007062339111860716,-0.021413049567295925,-0.028349777499431645,0.00699502007062403,-0.01847804546648257,0.01652862736292426,-0.003110510031760477,0.007075469242336753,-0.009650283304944737,0.009890939006015776,-0.007714543027351605,0.027391386867464763,0.0024928148277733385,-0.023268207641255135,-0.019763755787081467,0.012239169889212568,0.02599097267864619,-0.009793523753139275,-0.03632609532240558,-0.04208636132280947,0.037924242649961463,-0.005273284179520702,0.008166991996094013,-0.027549812099255503,-0.01074124698289258,0.0718692648157507,-0.015177991094354243,-0.012113081227925352,-0.0004199562131297,-0.04263573464633153,0.046493150057283494,0.00412624059224581,0.027127943795658388,0.040318687278232915,0.02248366353334776,0.06303142444390515,0.011272661295112446,-0.004174534917745734,-0.02411984930559778,0.0498622950600729,0.03333501801346014,-0.041955999712516866,0.042436690878633276,-0.00429836927646612,-0.04328135230104057,-0.02632152352160587,-0.03729236832330042,0.04439577465427568,-0.013177359095727252,-0.05221407924817115,0.02973240262439437,-0.09533606353027518,0.08193445233623008,-0.06902587700441119,-0.04580938776598422,-0.08973531105666774,0.06713151572382592,0.030369595635499506,0.01922019252890576,0.04368619785479962,-0.03728229435611405,-0.07103925039782663,-0.06626988195020585,-0.05442746240944844,sport
68,-0.05235932356307141,0.1830665897132987,0.01790191978195951,0.0722431711606347,-0.03364849051959052,-0.010767091689993676,-0.013502978730344999,-0.010350770004026082,-0.04253931733224243,-0.055381979240265236,-0.10818620259010836,-0.06284176089967564,0.03123216733656114,0.018476429715249154,-0.018143619246578396,-0.0030957381630075985,0.09911899827646993,-0.09754223347429225,0.10043440240089527,-0.10546428144786671,-0.07564877389388701,-0.10749691815145543,-0.08224111270478214,-0.060721098764835765,0.11754876812759585,0.0005012875438329758,-0.03827459093892079,-0.11093571089510808,0.06256925974054633,-0.17897162968630453,-0.0063808313823987455,0.007657101682150754,0.07027876853791287,-0.028291051578085553,-0.04743578744356681,0.05364669054126468,0.008354744053785309,-0.17696441069882782,0.05475916300722342,-0.08715020850992684,-0.2234436540980277,0.013600603879199303,0.05131682968295364,-0.12553277684982353,0.032208918287985375,-0.03053534301496653,-0.10208898278053662,0.006326389074773813,-0.06386395152948598,-0.08359958037454539,-0.0070633900882721345,-0.005224363954396623,-0.011387547027714738,0.09558866412358595,0.04088520799256306,-0.14156275289608772,0.014313522997868922,-0.03945804819584856,0.018201065958452077,0.11052473264741919,0.08869187653460826,-0.05866509810782046,-0.009335976145828862,-0.06323211102485685,-0.008333442406646154,0.1612547466252954,0.036690044492714555,-0.012304929428557128,0.04540627839130473,0.0005362186387329339,-0.17830505557341267,0.15299345341226192,-0.15091949326850393,-0.02437236288380872,-0.00750050732297137,-0.1866777334736066,0.02151132622791206,0.057833238386665854,0.045721511068419575,0.0524123850611858,-0.010661944985392512,0.08388425196947849,0.06929659016702022,0.03744323676012527,-0.20174135704730212,0.10975424832728163,-0.01576440093631058,-0.10125230155493707,0.03045067298968973,0.10454442320659987,-0.1235050903871204,-0.008835550196322728,-0.043712964236774364,0.008216844015072057,0.19627392539342972,0.07147277835307732,0.22288055064553336,0.05516194660419489,0.04026224924463463,0.13075514559154144,0.14556150130908968,-0.07910887900018954,-0.056639061381827845,-0.09272129390877334,-0.014742729231097864,0.02237573776265244,0.09714781691743418,-0.03237741156495211,0.1402443433101402,-0.039390043495768995,-0.053627489377354634,0.08408375428266125,0.05200364307872406,0.001539611047330313,0.07528236527225855,0.059537829186632536,-0.06823023942674718,0.022498326867603707,-0.017389149133357915,0.028324623314538232,0.009809699265207597,-0.05990625672770348,0.01141293374897609,-0.030151945093777034,-0.0006351216964684736,0.010281518533149238,-0.08247941829358489,-0.0044744244385706376,0.0624123904388962,-0.051164251154193284,0.021765891046812317,0.0354361917410532,0.053391010418528825,-0.014431831520797042,-0.07343041622253609,-0.05569736613608526,0.03222466320562698,-0.05032701574403735,0.01106533823985926,sport
69,-0.052299210822073186,0.025603324598895916,-0.005302830194045711,0.07414277247728158,0.013171262139038681,0.01546809982568977,0.004924945448008215,-0.042536018533509294,-0.0300062907787437,0.04929764848233833,-0.09403314823063486,-0.06580679096211776,-0.021655662499294227,0.023426248704179295,-0.024529356430289383,-0.000863403807388169,0.036360785280390946,-0.07512808246010162,0.04671582885218457,-0.05689748841447572,-0.030040694332971705,-0.05361658921170298,-0.06968638896455248,0.005926263156271306,0.0039000931910662478,0.029110478670079612,-0.028728528201646595,-0.03142732463269222,-0.031959700364322385,-0.008287985037533812,-0.026374588763451015,-0.021373405235836574,0.044018334464407415,-0.11858003394017316,0.054053551718395244,-0.050661701247178684,0.011004148448185145,-0.05674046828865635,-0.033532159438854785,-0.05256891162534084,0.04424587506935683,-0.05379615609235068,0.04042129336284132,0.0010677095547567943,0.06305067693192883,-0.06483254327954875,0.05394003639692785,-0.09051784020995207,-0.07581103747370285,0.075917779691913,0.11620354361474106,-0.11168997771671503,0.0310590061029292,0.12807413700648224,-0.010534296838162744,-0.053804251053775495,-0.07719288057274275,0.05791619929115724,0.06325916284049458,0.2847787546391371,-0.09170397898958463,-0.2968021918945841,0.4263155985314557,0.28451062305032004,-0.06365899124804603,-0.07552565279345845,-0.030246354346743602,-0.16745065275799542,-0.28997341602155097,0.12470131825808432,-0.19406366383377144,0.05505357019586395,-0.05541023956089115,-0.15641656152219738,0.1648731591974934,0.020248633237598294,-0.05525791306355217,-0.15055382661725078,-0.026823871653016276,-0.08128873751612935,0.026631503665876476,-0.09048806044279079,-0.032994741833812395,-0.016682634603618858,0.16641267840876692,-0.08252310758355487,-0.03392527778658192,-0.049458069936204954,0.043108055117862164,-0.014451344515480899,0.049952386959226484,-0.02286091595328279,-0.019333166813284956,0.04310014858525168,-0.011169363020281802,-0.0190289221091858,0.037382004187372406,-0.006526551139279407,-0.018129144255415768,-0.005430367267015288,-0.029445372465237544,0.013161654768158303,-0.003848494460113794,0.01896742607755518,-0.022338847574873366,-0.05013475225247536,0.011624124412778094,0.028650351039534606,-0.020548687653923987,-0.010831100791597973,0.005122618129880224,0.013331606683583382,0.018168825306818848,0.021284525864737554,-0.06578649365328705,-0.01978541557597896,0.0035040605595699605,0.0002761701587968765,-0.015977333860274064,0.010581189607550215,0.015642289994829195,-6.972574860389242e-05,0.013163633194183977,-0.025056916737798748,0.01091702587506447,0.011904066864761524,0.012621301465886478,0.015467164007261718,0.0010947350484441598,0.0046784537947720025,-0.001800409173565974,-0.008514779399873825,-0.013164435293287651,0.0048583522133831885,-0.009136849967367196,0.006173062317243002,-0.0028084015528425273,-0.014323262343584322,0.007372122187675436,sport
70,0.5968861115862141,-0.12766414454334088,0.009273207694631833,-0.08439422585853042,-0.18722239913309854,0.015626476104137983,-0.012774611548507972,0.5040833300166152,-0.3114516534805937,0.20446374222536476,-0.039940197816294036,-0.0028139806735687062,-0.018496306608414857,-0.0037009056130531946,-0.018277090348661516,-0.009061386303917672,0.0014231108548090725,-0.030023239248738134,0.0042337555632090415,0.04992743939217017,-0.017895612751989115,0.0019836501618660514,0.00562119995579532,0.0045011520736406695,0.016334845896216622,-0.011013577456466401,-0.01825301130694744,0.004759621286610703,0.003411670577987428,-0.0035434102823042692,0.0037335308597738694,-0.0075409769666658156,-0.02382474004921744,-0.026908511247846965,0.0021696493931817927,0.005407663319901399,0.0005747541973481246,-0.0044556030588914905,-0.0012294780426397604,0.025128620592985824,-0.008728864858738875,0.005115856624850449,0.0071137210063461735,0.0006603193930267479,0.013434975524154198,0.04801782984168891,-0.021653864634854147,-0.007749635670830452,0.01448770214632435,1.5484193074654107e-05,0.007460309023326065,0.01582379252515134,0.024918644247468886,-0.016958177899062784,-0.009716871277516912,-0.020875127288516218,-0.023773652902154045,-0.03241496038910821,3.296845968007472e-05,-0.016927116195570083,-0.008082073547188828,0.00383508573073442,0.024734442119179297,-0.0004925024290556423,0.021144083977263573,-0.023986962666433843,0.0035751241378008647,-0.006477484485600133,0.022987137224752124,-0.007423792571506097,-0.005887585745625487,0.036804051074942626,0.008612881555534866,0.01648506516234468,0.011837991463550815,-0.005408307202793639,-0.026517929905215256,0.00844409020702096,0.009670933778840056,-0.011239305877877002,0.0009171434050631198,-0.0013444845600451539,-0.020627520772568707,0.0033611909138380265,0.02465263254899527,0.0430137942508277,-0.0020899832834131086,-0.012788853530983508,-0.016896195259847004,-0.0006892092983080723,-0.009590369775162465,-0.010602811465328509,0.00703558655417406,0.007451278560947687,0.006713737893895763,-0.035435642451137804,0.013482766789023642,-0.006566202825494528,0.011533254078604992,-0.0022675881515351833,-0.020578776771688987,-0.004901446985960063,0.005089427735142236,-0.023373791813476062,0.03219146973003996,0.008050187603607865,-0.0333742675299415,0.009925926699761521,0.018859874361998166,0.007580776679161836,-0.013845001566244266,-0.062013849424411675,-0.001721176080346649,-0.009307606819978546,-0.014435339254438424,-0.008027210337756876,-0.018865842207122167,-0.03661029481768848,-0.038519680425172585,-0.0031056809081294336,0.009424940434529025,-0.002208844726038837,-0.040086435021266895,-0.016535757041126635,-0.002134383344428994,-0.007156249925914726,-0.038017629179710306,0.0013124846128268817,-0.001009269985074235,-0.00894294461048071,0.009014521623482853,-0.01106386768741326,0.007187576658689776,-0.01177153779742916,0.015909571572048423,0.003456549427727996,0.004766920970802028,0.007698959644741594,0.015145460864255077,sport
71,0.22451008624184982,-0.044023749601103904,0.005580209954051001,0.06434337105247034,0.01375153031915245,-0.012329963627205776,-0.008030863915369339,-0.12520660164509484,0.0488449388133731,-0.05933386060241461,-0.04067712168587925,-0.0549576492838853,0.029505334325375582,0.08022843031816822,0.001227480248086541,0.03514029557403809,0.17559445832857262,-0.03632478801261472,-0.019992928657199007,0.13950670262054993,-0.024693530016577,-0.05811800838930158,0.04761659687073883,-0.005011481550800663,0.19625160032457395,-0.01972568649998031,0.03380760659290746,0.029693101516341185,0.18021915719487633,0.20969423748026683,0.2898479615024891,0.15271129491311317,-0.06163602207423684,0.08192801934052729,0.04070186384082406,0.030998824261702737,0.0384143198747517,-0.06365531794623835,-0.07452068379587382,-0.11199074196955171,-0.037720935103825584,-0.005582916620004444,0.0585870902327901,-0.0494161951299089,0.11169118441741699,-0.0992322552382817,0.03481684642544169,-0.04429936686705393,-0.010749698908638482,0.131270702642656,-0.06789145878320908,-0.04530953591300518,-0.0004753796285883282,0.014310477627497696,0.04498109990778753,0.04681890547961905,-0.0296754331142337,-0.05983770370616422,0.043819058992284984,-0.030778180197125842,0.04239971104894386,0.042210697966291275,-0.05768721904930362,-0.002111849255451878,-0.0196462996259806,0.016655571254868985,-0.0006558623600705127,-0.0415922547939503,0.012311310433218335,0.025387598736814294,0.05605806975029839,-0.010180168821605818,0.008169986404386277,0.028455130669447465,-0.02805989921001253,0.03160048238070601,0.07609831583735271,0.03139542143086258,0.0161591969916815,0.1121233636850791,0.019314211505520203,0.11221497394373693,-0.026193648165674058,0.011223061141982035,0.1396847797000792,-0.044066503499834986,0.019044998088610248,-0.025841731502377806,0.05423304953288156,-0.021257224816135966,0.04948536994256314,2.8080054072431122e-05,-0.07720829963756762,0.04364570094145374,-0.01442467836256414,0.05693060306828809,-0.04095999909944789,-0.022362194050789052,-0.04728347395432248,0.18232875727318343,0.008849705466897152,0.13963562047085723,0.025661140351760862,0.004358088167949893,-0.11368997738486519,-0.09621538748596893,-0.018599078687499434,0.09890194238472878,-0.019079286590680863,0.014010689648261994,0.03649345845521081,-0.05841300221266859,0.13454008422936414,0.15435556652449353,-0.15167155706360416,0.043996755941263295,-0.19483840123302318,-0.05482440158852568,-0.056944533484092105,-0.05859677385126639,-0.05926362318599515,-0.058554499017687354,-0.056188351972260214,0.13159577475124193,-0.07951561602995284,0.05144532036392382,-0.11373653453297224,0.1574634567378094,-0.01800021283475135,0.0591288769150227,-0.06385552233351653,-0.08506666650066214,0.06053883707886913,-0.09279100555771194,0.034400235670236416,0.10647438922473383,0.037296213259331634,0.011697230082291591,0.028493690708529248,sport
72,-0.07746997340908704,-0.05500076385814051,0.03315260478944916,0.029849250052775823,-0.001771803654882377,-0.018439990631552494,-0.02864110522802608,-0.027518469326411527,-0.03240070144862069,-0.020694235475127068,-0.22303725796349624,0.002427869022853633,-0.02606446626324877,0.10707009689458584,-0.022325493310832865,-0.024315771642383806,-0.015673360694914106,0.11508033288978621,0.10691346051495108,0.07131387949362183,0.01817208738712845,-0.055834881811115324,-0.06781930082380566,-0.07281428305364074,0.04571202418808529,0.05461815790100444,0.08795816813308528,0.11121647858823584,0.020535690778134538,0.11895606198192768,-0.12643110674170482,-0.08053891753265106,-0.050966827161746595,0.004937213474337497,-0.0515532235347316,0.009574188573525384,0.05625264850615402,-0.09080166260530051,-0.036234454495044525,-0.06220710946337734,-0.021377578733792143,0.06448183649120796,-0.1403298485177333,-0.036689132770817874,-0.20362803451288955,0.02894247275373174,0.05481020374698449,0.07415375363927293,0.012608995024713934,0.029677736460705966,-0.18905320728314437,-0.18168959584054886,0.03777401271903466,-0.060607953049254884,-0.02226985903140438,-0.012164261619893174,-0.07201518611463335,-0.0974650022321748,-0.07669699699808442,-0.012778246968597192,0.02146684796752698,-0.02496126443166736,0.17710443290351052,-0.05799411784789209,0.0019680162638242432,0.03813085889095302,0.04172528646988808,0.07938886777903074,0.18049009760539186,0.017972521316325242,-0.2387178988356985,-0.25929324488194305,-0.2002034182798502,0.14064227126351667,0.050089566672543495,-0.00015396995245508838,-0.1293236302369484,0.1313681501340558,-0.15705095037123215,0.11547559174123788,0.0969933949993822,-0.04623304304244258,-0.16056360620103907,-0.16248125088525106,-0.03463923876730848,-0.04790800407582903,-0.02177660654069031,-0.031480955033494684,-0.030273220858510717,-0.12413964372987818,0.13877594822933767,-0.03633139843869267,0.0671950480581572,0.00357317749741466,0.03167495714733999,0.007167344379128972,-0.04392404776671788,-0.11563332020902704,-0.01961606919401548,0.010357532362536892,-0.04232775228882043,0.06707335965619066,-0.08878749497579207,0.10249744397652749,-0.008707624444315165,0.13070714221276522,0.05647992356223747,-0.08607461331906431,0.010830067763542797,0.09537478508850222,-0.03184214153020273,0.03435906245493509,-0.016891126038902,0.02509194215724961,-0.02175759105061384,0.02972948731838137,0.005533204852095371,-0.06501436678282844,0.023636175636555172,0.11721526937326565,0.005129799235302527,0.015750328180639005,-0.030848659021927786,-0.007975245811721134,0.008995663544876903,-0.013218276172981266,-0.0506004469602792,0.043309631617142956,0.03356776592859555,-0.03160690109382826,0.024504961115798064,-0.019853775502428478,-0.0016455455270430574,-0.0045843740234254885,-0.019059413870215588,-0.042630237494864685,0.011573517594901307,0.03508710571868701,-0.04233411078164654,sport
73,0.2258608200032071,0.0022769192322173192,-0.0234180021137922,0.025929077395114672,0.6566580040405385,-0.07953818900379481,0.03668245368885627,0.19289302919813858,-0.005871706447212243,-0.09519830352551616,0.022993744787475612,0.03996996733212657,-0.058654576913845714,0.001645381253746086,0.006040819188413242,-0.0014877016497690562,-0.016754741003629975,0.0023994162598278963,0.007826701378941989,-0.025754368199866273,-0.003429097374607986,0.019124867017639834,-0.010706141011792007,0.008198820061944704,0.041309005699600755,0.046099871933295844,-0.016897887008806043,0.02714586471155543,-0.055372241387423436,-0.025173712334739046,-0.06285993019958769,0.022965637012250573,0.0651947869563833,0.035915837891159395,-0.017844393867807683,-0.015056771891814336,-0.00515915213455437,0.028010559130869517,0.02228932813798441,0.015538052471367216,-0.005243088696216846,0.011513004928347871,-0.01798388923585437,0.004868239118636226,0.02145697892348023,0.045995526398131925,-0.04510968734577042,-0.004877761701066519,0.015117378413843457,0.016555682196814112,-0.02741951046700855,0.0017129903647764787,0.010274180057514666,-0.017278344531445135,0.03082471022003268,0.037817252956459955,-0.029591277621146325,-0.09003886306131441,-0.010414584501523952,-0.04361620087388595,0.02343430140251634,0.011467597590964706,0.014078289088469904,0.016533532452087378,0.020371040852294128,0.02260409987181702,0.002185654740066248,-0.022628806662235205,0.013988269232934464,-0.011907562023338286,0.032425393430913246,0.05344709103190793,-0.018786414098753562,0.0059296197600607345,0.05694046705023802,-0.06487641866451073,-0.0968699241859155,-0.01615722575158708,0.05310844840187298,-0.010497558262871463,0.05240194493095344,-0.048103372729058395,0.003548286602193505,0.046121355381066396,0.04781007297065257,0.006697788174093316,0.02522306478124652,0.038347643450327956,0.02290611556786382,-0.020477965103761018,0.041720802211419626,-0.009167152835658837,0.017900329058812774,0.008519465242720303,0.06772872231858103,-0.024468183581505733,-0.024410716005626637,-0.006977621495785206,0.015571117207301017,-0.009481063382296734,-0.02332667231711336,0.01809519928210706,-0.014177164762562007,-0.0058397721933016065,0.009184749881038946,-0.047391276369230115,0.0054116043862169295,-0.049052391261461735,0.023117077872133573,0.01873558381034469,-0.04831597790489821,0.059515404803881754,0.009982274003424491,-0.013546915224024592,-0.002328109341326207,-0.007433760727081535,-0.052479854508228625,0.05098293039829016,-0.01627866302067284,0.00042371173286376545,-0.04896997845968084,0.017789053072574525,0.001022169198296935,0.04713444609654035,0.013944762160838474,-0.0574251794990682,0.025459815736784703,0.018000760125143535,-0.0265072515762156,-0.03482651645268662,-0.01141979510525143,0.031003025181696467,-0.1497607455312491,-0.04582169548912173,0.06573332896340302,0.07191737880154898,0.05884191990455013,0.02189975286188711,-0.10252568613868622,sport
74,0.5163648621981449,-0.050428795527526986,0.01288112608830208,0.012508832265540861,0.02549748736700388,-0.029604180083874942,0.007099920258249103,-0.17840356948216363,0.1339310665895344,-0.08048282865491384,0.031290523850574244,0.0017629643359512441,0.027172639705443445,-0.009373707964628476,0.005133489258871385,-0.018186572201501792,0.040947777915749675,0.12075860112403518,-0.05332648645108595,-0.03185262798123954,-0.01312970384813167,0.034132607575554814,0.023935845917391924,-0.029721336437217895,0.2098210453666863,0.13760278785232818,-0.08446717623056559,0.041656514159832056,-0.04791539194872391,0.01920365963246338,0.004848133031160951,0.038987833996597096,0.05851995946515154,0.03508831759521793,-0.003678845174737043,-0.008341345739928032,0.033670815405168975,-0.03649816750412654,0.026308828624643253,0.10423142407369836,-0.11649893472443537,-0.008132656597222876,-0.012227864927776201,-0.05772926763397352,0.1026298850885431,-0.10339325335501694,0.09573215049688885,0.041944077773394976,-0.026103289588334945,0.10668490065483534,0.031225051959915866,-0.04577789354733299,-0.013712297636719611,-0.05856367360312428,0.10050506518757414,0.13571754836642935,-0.01595262710725947,-0.07832988328807851,0.007435326689320561,0.008893892785956127,0.06616124742193188,0.030318601014894007,0.07493312138708332,0.03958554854957156,-0.038764491541928146,-0.09994043925192087,0.012919216162043858,-0.011054670144606763,0.12343965105148104,0.023718926446270664,0.01629467745112428,0.01786468738591311,-5.863120765476087e-05,0.006004032077129705,-0.019265088251569206,0.005810686142394829,-0.03250930700551385,-0.04766020598615543,0.009715600322926387,-0.004686493333699191,0.10748008658134922,0.044756730331055046,-0.003917894864408054,0.04454764827210637,0.09382951540313199,0.08587868562393672,0.01362291270917682,-0.055709570044999775,0.017570920635915782,0.08364181379846387,0.04866638489343454,0.033371469028988784,-0.027175457415463865,-0.0024574668712163345,0.04438083744172313,-0.06031916531324009,0.03811094588013427,0.010990414012822658,-0.013401210112845716,0.04012913334745233,0.024376257483585403,-0.050805588175346056,0.01898456419950936,-0.04823149648265996,0.03955221439059168,0.038043158171819635,0.03391698611292156,-0.0032777890591902275,-0.023707265624020295,0.033370242933949,-0.030039334121646322,-0.09087909558777012,-0.12063018735854845,-0.1520130715333529,0.03432660787030563,-0.027105217368935827,-0.02073815133691963,-0.05379513877518029,0.013021837514974623,-0.0001432926775388214,0.0535704996274357,-0.07070900082771614,-0.08347948777326351,-0.032844550670959254,0.031502174517119064,-0.010125782291913545,0.06541768152577385,0.001271491302419608,0.007147564437530584,0.021189148024148376,0.056953279221112436,-0.039694897469052144,0.009001606840565859,0.028157875367169516,0.04529551237162199,-0.04551407606111172,-0.01347117781178358,0.10808454568681478,0.021815070539637754,sport
75,-0.06100030844518922,-0.03278984755784297,-0.011424934842630328,0.08523242059041407,-0.001760691431463639,0.013266818572855613,-0.020606129783063292,-0.049004080978677,-0.06332099108111466,-0.011587283676117987,-0.17807137956476843,-0.09533581850171663,-0.032325982514239675,0.09630286128892239,-0.037679187655302156,0.04536898102945475,0.09100698683684535,0.015466776635814397,0.028782726459675074,0.009550063331829974,0.04521993069952702,-0.08997458731354988,-0.08474561514629934,0.0530826041272555,-0.074250395621018,0.14716192518866117,0.19194840695202978,0.15723522977793075,-0.10368275413812565,-0.024020571287708424,-0.03963719788554036,-0.135685296086507,0.03686397958673339,0.052716181192931075,0.27699769400135743,-0.013401598620309494,0.14804967468453556,-0.00040078959058259035,-0.042813473571432205,0.08714688837548712,-0.024179709920188894,0.1263129352592361,0.022859780269599943,-0.003945035452868057,0.05025254810273902,-0.12064405861528538,0.059028695685851354,-0.02701095740027251,-0.019857496693219484,0.03512037376627054,0.09919269374710751,0.047072948228815,-0.026475818609290647,0.10378495443738105,-0.08521360160046831,-0.11086847032632652,-0.19955633331612455,0.0532096895993769,-0.03335453109466936,-0.013339743777844667,-0.047751590522749944,0.061973460964444387,-0.06011449026025252,-0.19747194151504585,0.057154195233295874,0.09265072320704383,-0.07470300669674733,-0.03927645285904614,0.09973969030180435,0.0768338851746514,-0.05162263866833197,0.10190632258651706,0.21963945048185335,0.03586757236917876,0.11603180706877615,0.05344586458391481,0.10499763710585087,-0.04535300950371826,0.057247380009077156,-0.013407441743652772,0.010676983815046795,0.004302861879783555,0.09939090459228223,0.07365365265136027,0.03100169587521591,-0.008616309152831169,-0.19760943840005143,0.06242301571805921,0.09866836888135319,0.0004500884191911612,0.059573291071261025,0.13875141017034856,0.07569313000456498,0.06793029860784514,0.0762641521401243,0.03940858373338721,-0.1048520290862047,0.1186243728097573,0.05967849371837866,-0.06964542183102386,0.11935692662210733,0.052551293680401893,-0.20298923731287444,0.13230076334290886,-0.08495463675319066,0.05124084908055642,-0.05939361289304064,0.04769094034166235,0.12820361285795903,0.09873735495309827,-0.06400723339681057,-0.022164649190399663,-0.025608630315765196,-0.01659266079481239,-0.06258256721026718,-0.1096966846241241,-0.09141125010793558,-0.0006748840775393431,0.060616579142076875,0.05027997473809011,0.03566860348616254,-0.008437093551266622,-0.042678108144473315,-0.09310933779961361,0.030013452960635584,-0.00010055025381874043,0.05790966715805346,0.0370909372852379,0.00891941050880969,-0.007155696973422051,0.006120888297977376,0.013608228779995126,-0.04286117697889298,0.028306408594292783,0.0139726984781175,0.02056749915992089,0.0005499080408015674,0.005052569474522973,-0.006750076986759675,sport
76,-0.03656782391574724,0.027496736634671382,-0.01276618714066837,0.10068486001023573,-0.0007488411240646235,0.0015368615764699762,0.03777438562509507,-0.05562508092133345,-0.06958779886235743,0.01645992958384774,-0.07256654089190291,-0.05950687120034124,0.026401175607004466,0.045510740098559675,-0.06585371916120297,0.06505386414695694,0.14237814536104648,-0.0007101746246359564,-0.06365762104423887,0.05452597487110113,-0.10477276128465637,-0.05440117708813845,-0.049089667442057276,-0.09648998294906144,-0.12865059655471586,0.20893204602771387,-0.05158005244906041,0.0917828783665472,-0.005753954596388674,-0.034698881373935044,0.06398288788379221,-0.14734547118762786,0.027818804889479597,0.04633075101978532,-0.014407347762241167,-0.08142103168428823,-0.02973033929279809,-0.06339163066396117,0.01892441694517018,-0.047997855715487335,-0.05149409597379535,-0.01841771289505475,-0.03827101384635969,-0.12513617297493007,-0.054150049462604155,-0.07701739272195435,0.12316854030496104,-0.029907561349401417,-0.039226882509859534,0.2281409821658944,0.05525246981380944,-0.028885371462164165,0.04013540835548121,-0.05983189563447052,0.09079729834705146,-0.0873031212213469,-0.2189321771066265,0.08447939933960077,-0.12432804527999525,-0.10602020326001421,-0.30693523542190837,-0.00162694995770352,0.055260906821246666,-0.015069571062726701,0.07994388579881696,0.21098001563040206,-0.2240455727928414,-0.04621317910867446,-0.011032509778742304,-0.12437299160550032,0.25144302718539696,-0.07040268390290426,-0.026747657872341138,-0.07295694788572499,-0.13513216418169385,0.0023700237464404665,-0.055705565593530716,-0.0005869180962127976,-0.13273814310787777,-0.10119215441676044,-0.13532170091940393,-0.1272057496757318,-0.0687058191014248,0.06309640728668212,-0.1704401747774867,0.16333399809924634,0.040809283409783965,-0.12151907488275109,-0.017022170250930033,0.02576493242572915,0.07338050788446929,-0.03284480627660178,-0.08979085748738679,0.0015434074529989583,0.03558941856327891,-0.05158678452316683,0.008681663948467925,0.08017766966058908,0.05799242401881126,0.04325632011769365,-0.08773369325410914,-0.06593345172237644,0.044015162734706854,-0.002116022977160166,-0.016727191485328835,-0.0487619683963395,-0.016292554108065745,-0.061771606617393525,-0.09838734772111504,0.029671737663749295,-0.025652229058997,0.03436345134456336,0.026847075551142123,-0.012559339888259597,0.026871696828124857,0.06540359147402094,0.022159694017708308,-0.015567522084858565,-0.07250089488023988,-0.008272090750909556,0.006610022808638856,0.035669699831597415,0.04530271312196061,0.03795756956689541,-0.01246541847796703,-0.017599001748264252,0.02794932203979308,0.0521753905265328,-0.024495755258111193,-0.02447339497889157,0.028219110188822137,-0.024256157546374408,0.029308250827601863,-0.0010728218191925695,0.02797175361071623,0.00373409525459508,-0.022295716689667167,0.0037379059033520448,0.045696143596068044,sport
77,0.046359772539828835,0.10286665955695538,-0.00497298091715248,0.03256369547726626,0.1515123428390654,0.03970851591488698,-0.05512203929868861,-0.19356291352701613,0.021512779861848953,0.4190147516143808,-0.006994815375040216,-0.04442849587932069,0.22652981629333624,-0.19537337619732845,0.01300283735156187,-0.036296677134409844,-0.08469476988852295,-0.041185418853386634,0.02187902731235859,0.058380544717486604,-0.015629699809888032,-0.014977603307069052,-0.04712016118103087,0.026550198418988754,0.010226881729316116,-0.016918707184466173,-0.008423769484762098,-0.009584970304161552,0.008177679459237414,-0.028717669323675605,0.04851002034185979,0.03283401317255883,-0.07117085594295718,-0.013670322872215396,-0.10438487591524459,0.027737370953576056,0.12468116229068192,0.005748747038812404,-0.019232148043301936,0.1427080277763018,-0.1029127788656511,0.057013132053883545,-0.08631994392125604,-0.08779631152844204,0.00016973786142444346,-0.010814322055102079,0.04283094855488307,-0.017938059426564373,-0.06012924707026468,-0.08331106555438696,0.06411564693944828,-0.03984848885042012,-0.0033780983243699545,-0.0004656705610664017,0.010854773453496195,0.04693050786265607,-0.01868695629227966,-0.02868284597832775,0.010021166744687443,-0.007489092113544972,0.004187415621944415,0.04137494381064812,-0.005191978726595144,0.013993992901094786,0.0045374027561404205,-0.12178841542122865,-0.004153504495637395,0.046352672576700595,0.009552320944053554,0.02600819667135927,-0.12146871626025631,0.02473115331433237,0.008433431651219755,0.03158911546823444,-0.054253861730409775,0.12631824306971937,0.08036709507152971,-0.03378085361674131,-0.07460350428347717,-0.17626502012781214,-0.08415205913405063,-0.007969838187281055,0.05521340446503246,-0.08960886644476972,-0.007632853630727519,0.048836792027158196,-0.0785580268124973,-0.0033124396345251958,-0.0285387979179952,0.009341953443013818,0.037687139025264146,-0.010407530091727839,-0.06795404157995538,-0.053295658543004415,0.03262564873411346,0.020103070093807972,0.04029751410816023,0.014052386836119646,0.006165662101638164,0.06298694979669149,-0.14493829257740715,0.029802113534686387,0.06302736392045075,0.10772588546226403,0.03296394377909928,-0.08851758398321649,-0.04350074000409211,-0.04508278378065928,0.03419243263656458,0.06995739690910417,-0.029687276681300882,0.0312598075548505,-0.05380678314075496,-0.14373377266533705,0.11318803932151288,0.05086763364645292,-0.1604644356658141,-0.05202561876137621,0.10914144563792191,0.030546083347981486,-0.017822462554953768,-0.06035255449825704,0.04598779965254554,0.21401337968619583,0.11828359660033609,-0.044826223636755404,0.045330925090980516,-0.0034544224371484246,0.015751120252192333,-0.03066617001166985,-0.1298626790039992,-0.013317204444515757,-0.045968446613238484,-0.09390272178200235,-0.10093877641723363,0.01937206984184796,0.02639678303132991,-0.03199985379622876,0.004496672107417855,sport
78,-0.06888383479299569,0.17679545750050807,0.0034489467877267363,0.12935723872799867,-0.06233291874127937,-0.046412660415536766,0.0006017533205194372,0.015641769994061184,0.0008554805227137989,-0.07296064997849037,-0.11048971686782037,-0.08441529128185027,0.028476190418356997,0.00506866984244746,-0.024735396368186807,-0.06673760414277317,0.058772632465786206,-0.11718564089261699,0.05725433131811018,-0.10939881801882981,-0.1367451721583679,-0.19407530927344963,-0.12925303413531292,-0.0825949680323713,0.15535969219518744,-0.043990217875290956,-0.07354061014359714,-0.07269332172528102,-0.008188014608610218,-0.06471487986205791,-0.0014077516458987772,-0.07688815345767237,-0.0007531722174114288,-0.007172295630574538,-0.058747698087131824,0.05910827430372048,-0.05639222600436385,0.05051088756867896,0.017535186210327937,-0.10082322800660444,-0.05665215314760501,0.05955142277404921,0.015022876668054961,-0.12597672787880898,0.053724664562196,0.03322961394095753,-0.11825289035982009,0.06669568388224326,0.05731151108239469,-0.12272870038156526,-0.022320771694290663,-0.04673415719334384,-0.009252868399021631,-0.0683585273233894,0.03298661825313853,-0.037450141766404876,-0.0032970976976687966,0.07290441370581056,0.04781773669823459,-0.018991662026106443,0.02822756007840186,0.03859980836177455,-0.04926722312420849,-0.16049148491965584,0.0313894565701169,-0.0811757012498266,0.017698842848285292,-0.04659048137850588,-0.11791801401561366,0.02877721903150304,0.09845424933030894,-0.030137322258837244,0.10830006247707204,0.15688062573224415,0.02193432435818513,0.07107654389807326,-0.15096290311742172,-0.04603829412324942,0.11663456891746268,-0.06856724955284162,0.06797866827540637,-0.02462969806010179,0.04313409207476946,-0.130014959989314,0.05185323501236617,-0.051233948191717726,-0.035265823970103555,-0.11519100914786987,0.07493197941314358,-0.0329038711638095,0.1349104507774482,-0.12375884308317188,-0.03707260495888091,-0.030991806241827947,-0.02577309485397466,0.06916025776362726,-0.12969576801808982,0.015308025676510965,-0.04450169625910555,-0.008915875660545414,-0.030958443845535442,-0.08034915372704345,-0.07408924783196517,-0.03233968598170892,0.06311709127987869,-0.007088335222996743,-0.022078485489588694,0.29237971638133176,-0.08595355462455924,-0.025554046561301426,0.12241691266976057,0.15614745750502976,-0.20087127433883512,0.011462912961947028,0.06446977244433262,0.14497249942615303,-0.03173850097042712,-0.1292411436583994,-0.11424197594639973,0.04773936529828111,0.04524904882751717,0.04125351286379238,0.018568820463364694,-0.04580154688137958,-0.10446291525110397,-0.058136968173267814,0.09227831547476961,-0.025458734303590084,0.029939757491540833,-0.08355191298605204,0.01839104334828899,0.011533482395060086,0.005304273298138735,0.049182414768221265,-0.0009992317748817013,0.004037572616651068,-0.0036800469592569323,0.01687138223141738,0.009220872807638683,sport
79,0.028214330247528386,0.11157161199479682,0.007416143696084614,0.01854493137418119,0.16520283314176276,0.05016180909873445,-0.06971620165599128,-0.21439654227131374,-0.004667195770020296,0.5255726986454989,-0.01609999456163321,-0.04442826158832573,0.31606841688818454,-0.27597569685175494,0.026579419474705122,-0.06619069373296949,-0.12844202323982548,0.010166486721646635,-0.004260733498965925,0.05408171142567963,-0.015598158930384307,-0.04752420630924406,-0.01473163399130124,-0.02293576503717071,0.022867268299212252,-0.0012701801003233068,0.03759977743283471,0.06406588516530874,0.014533297562087436,-0.0780614724127399,0.08529348509854363,0.07363673543303437,-0.04884073364617468,0.045338648557960555,-0.17220349145617647,0.056261042344902916,0.21244337297572566,0.08478640416730282,-0.06996323527874208,0.1698980919041919,-0.08889158307684175,0.061842344045739704,-0.05633084467636143,-0.05719153282499919,0.049966558399624425,0.11140673554587435,0.023818929616227065,-0.016783483711426364,-0.0049564850932105695,-0.06229433195548794,0.020650320356179697,-0.04118522661828474,0.013981931629857301,0.029340235344579618,-0.015700357014461333,-0.014201481433744598,-0.04945993629864445,-0.010802842202725635,0.04332566352698745,-0.05947003507642675,-0.0374478267785178,-0.04009306577015672,-0.010707359967575667,0.011691888262307664,0.025239324821576065,-0.009305250701579,-0.0028859319561295098,0.02561983138711945,-0.03145225871558081,-0.0028704221484539064,-0.0032049808957057974,-0.0007775237267053639,0.009237787928951276,-0.014228325813050386,0.0024302261510735115,-0.023427592112290573,0.012685788044300306,-0.012117628449835063,0.019263882586581172,0.030433943990609336,0.0003303675331109382,0.00388029625498641,0.013314812754410299,0.002324732028980904,-0.02831126643270259,-0.025559466520306856,-0.007382324696016617,-0.0054170729639945875,0.01297617424645124,-0.03032177993135937,-0.0092885350095833,-0.0068836687649763625,0.008364727313660107,0.004184759930061907,-0.00030030092957075423,0.01801337923966013,-0.030343079163360116,-0.0306398443368063,0.02258074951585324,-0.007745369841666075,0.02639954573736647,-0.025010414547870608,-0.016498324387572576,0.023197104968731338,-0.01877392574177538,0.019563261675895952,0.02235101344464611,-0.020264184317534278,-0.027276371466002494,-0.03389719364256358,-0.003104990515728225,-0.0013782527119693677,-0.015150228786665528,0.02950790131706409,-0.011460617282233722,-0.012109802155657042,0.052723375059376985,0.00980879541560611,-0.04727077224745463,-0.030116802704249174,0.0008215280891505814,0.015906552440986845,-0.015380083328797343,-0.055267435512087376,-0.00918257532724884,0.005767475894819243,-0.05002235456090293,0.022333078066609637,-0.018709427320279918,0.019214428688422946,0.019887682719333617,-0.02197965623197579,-0.015206783718429318,0.036997572493771724,0.001458653741793037,0.008391614486553565,0.008439870088534225,0.006742014995498703,0.016055529643224528,sport
80,0.020835856943429695,0.08766970859786391,0.0016719310405324045,0.022832563187577128,0.16171726162307026,0.05888528151925416,-0.06243712204927345,-0.17892621394358743,-0.02013575383615965,0.47558177874130086,-0.014800424976367473,-0.05393346835398614,0.29570622472702435,-0.2535171330289898,0.025853535683784557,-0.07913187899549623,-0.12393459781923759,0.017107807250056773,0.00686520510323087,0.04204328762474177,-0.02496414859740387,-0.01113775854624667,-0.01500554457165843,-0.008274400954344556,0.023389355893831523,0.04530662415264385,0.04222614979004752,0.08896660265475186,0.005145659138226403,-0.06438567654944115,0.06711347787799188,0.08578094692759983,-0.032595086717711594,0.057995890086561176,-0.20598974001548334,0.0610127927033942,0.20290829309537062,0.09622420902785382,-0.05680944774811068,0.14285394324027004,-0.06191802574393894,0.07046660324018379,-0.03893861304556162,-0.030831403231601287,0.02913650050652069,0.11905252911942661,-0.024476550116412473,-0.0313161878696161,0.013403963283709385,-0.03775032280991544,-0.020896059649050017,-0.025770790722867826,0.00878878606529826,0.04688251825936055,-0.02477819250752968,-0.06605777491628245,-0.04078151035925089,-0.002531198393892911,0.027644112543218396,-0.06372391282155666,-0.049257899782811296,-0.086842382421723,-0.03187548711955048,0.029254192924725655,0.01141922099484114,0.061791918019328,-0.016892516566552798,0.0031234457131080156,-0.07506059360855598,0.01668500940517203,0.03804318299611981,-0.03506055573971531,-0.011012596789285827,-0.010565885286710971,0.0010820649876295836,-0.10576325228945271,-0.047261693997589206,-0.03945753422832166,0.0630552904525014,0.11557999795706629,0.056007556716049504,-0.024448091706276858,0.048031216346292226,0.05813673961251926,-0.03471922496437364,-0.0384927639118851,0.05378779751736838,0.013426588886058476,0.022535660277113078,-0.058118081906002594,0.0035669243977344838,0.02409723461230519,0.035166343602507415,0.031197255753515344,0.0009934317293650828,-0.005286272928796511,-0.0666834670033637,-0.038335775831504056,0.004240450062873445,-0.025880989691850306,0.1194383514850705,-0.04734893484071345,-0.054137372767355744,0.009271633375412902,-0.018574151957907757,-0.0020150310849470572,0.0351587822997324,-0.008294720981133687,-0.04870582395766079,-0.05387981679048518,-0.007950217843282112,-0.03156342970305808,0.034677658472200994,0.047157823786740355,-0.05528665989437204,-0.027875489040291596,0.10261751302224277,-0.0012779485836841708,-0.09517546654900862,-0.046680470222624934,0.023546253646610792,0.04228782248317189,-0.021710261609733775,-0.11285925718143172,-0.0632610212465777,0.061769261713816644,-0.03139827328285712,0.02910928786362516,0.003922725056595302,0.03418597508470098,0.05883895154490487,-0.037089367298076804,0.029503179965172793,0.035483999280577584,0.049506485160457615,0.001033789653848686,0.004002166602290776,0.008590695261173134,0.0021726695000073423,sport
81,-0.00951901502375818,0.3535967318742423,0.016970599128553587,-0.09707301211639358,0.015703964361692965,0.003589442642724191,0.008012554439152404,0.08623944998203428,-0.03679642174843401,-0.08064777164760167,0.010119183616650013,-0.03422218860116257,0.12713253679796455,-0.07199419548623685,-0.01895115357347581,0.19314195765808115,-0.12266504632615667,0.08782366402914192,-0.12421723033793845,0.03467682018325682,0.05170019386699919,-0.03352542667615987,0.170578200317697,-0.06498639123392956,0.016177864350521674,0.020485922686482538,0.020153399941037587,0.00584195654073817,-0.02099804573912958,0.03570589795046175,-0.08817038762158456,-0.022164877513306792,0.035404377477679626,0.0023864226001677883,0.04072168994795526,-0.060437608440068964,-0.04065118393169019,-0.05665354587507478,-0.029755000295716337,0.06715878207477877,0.0442010379533621,-0.08492921603449861,0.07438701920655957,0.02349184336931556,-0.03385782313672626,0.091483807553066,-0.01573995545697828,-0.10403839553813295,-0.08382976441804067,-0.03525399766901467,-0.02697697598219262,-0.1280497406358397,-0.06757996802756507,0.26476678689603955,-0.13050813682390264,0.12585622680585837,-0.12736836072428276,0.12446896077045527,0.166068855807745,-0.1266245865875617,0.08744675228492563,0.03211605692685141,-0.05459740898401747,-0.011534774010097993,0.032913274790856956,0.13681502674808552,-0.0512799984911928,-0.07167952404157181,0.10553567925241449,-0.09583343296624323,0.009765910654264565,-0.0015692441615668836,-0.07077474207501595,-0.13776145445077312,-0.014173807026949254,0.061433522219853404,0.04898450106015318,0.045870190316433745,-0.1497116212505873,0.003537132264864885,-0.026841293987869413,-0.10203725037122145,0.011193720025509082,-0.06846366986330295,0.0934077950552544,-0.11450985322890038,-0.0014721136289888386,0.008592977848803224,0.019451361773408487,0.0031229060754149776,-0.029590412919990133,0.05596685589669626,0.00500284746025039,-0.012622609322670807,-0.1054266824991271,-0.02268654968983194,0.0010877127346255898,-0.04939187466243516,-0.06827701274033515,0.009538185640648775,-0.0862156757264449,0.01962491840933,0.024939705347614357,-0.10071698430246322,0.0016502493384479345,0.051787155631612354,0.03130535746108686,0.0015380740705598268,0.025507652099142752,-0.05665288091274312,0.04188738734212897,0.04789481362253977,-0.09621033347011225,-0.005883954015397155,-0.023911880692901562,0.0848716514819048,-0.025972349593907068,-0.00826162389620205,-0.012472805233283151,-0.05214133216921638,0.06859115302082006,-0.040024669159284376,-0.12710810277297777,-0.05582919871239093,0.06832666933772703,-0.06810727641893068,0.04094673383622152,-0.0417418899365668,0.05610337614413401,-0.07346629348427428,0.04596640661100522,0.036265688234981074,0.038532771842793814,0.02090132168147994,0.13666444265513217,-0.014684959740392469,0.06665484213853248,-0.1107801068518379,0.04755498339075178,sport
82,-0.015223282893767412,0.025129026985583003,-0.008374891884768426,0.032649561461430825,0.10687840492878564,0.02857625194936087,-0.03804860583839997,-0.11916573950269868,-0.038754917541697985,0.35469270646248313,-0.05082365254693984,-0.07431217874084174,0.2426293031116924,-0.10232860005139503,0.018413458823462295,-0.06821321476808923,-0.02282081046396626,-0.03352935473034201,0.05679529819976276,-0.04746009706568216,0.0760691193625594,0.03847774967913174,-0.011316054731807444,0.033595632725766676,0.020308475550645255,0.03159628766922265,0.014090563984815504,0.009598356920829585,-0.004830897308735146,0.07156196182709984,-0.08033864384666002,-0.038130909368679564,0.09438885997507881,-0.030956682780934067,0.19049342440605563,-0.03659667975282242,-0.19438664978465336,-0.03956474052916705,0.026916026559151505,-0.1489385582699485,0.001559381050513386,-0.10386286069751248,0.039692245136198824,0.05398766833443391,0.006293461147049848,-0.00579738571218441,-0.023413770508377087,-0.029632456768679434,0.04866140619342153,0.004900671684921531,-0.025193953389207532,-0.019889150666508596,-0.01623028444741497,-0.00025982282118476856,0.030214691085465224,0.01065028528486767,0.041350560216012966,0.026112475771085178,-0.011011539085916346,-0.002718157848452563,-0.009370379283415164,-0.051472074845164945,0.04287931826586915,-0.03959817515903601,0.014254968939861732,0.042514429486904703,0.010015591886941143,0.1338759113024457,0.020266760917252352,-0.0020500786553261045,-0.027699652675014085,-0.12906252876993377,-0.041398887847810775,0.004897133338023284,-0.1579156825682962,0.07420049877377088,0.07794000247984625,-0.051592281998296914,0.03152481195601544,-0.06716761898833354,0.03283386866853006,-0.13604838441966563,0.09886685149336838,-0.002061634846176259,-0.021355849613726784,0.031627776757489484,0.3683633056034791,0.15580285525821427,0.16942066008327697,0.10433756753410105,0.07428011510486093,-0.06311012032610605,0.11683939177583137,0.055823831183828325,0.2738416984370908,-0.09227430020304245,-0.07267243867540649,0.040954464083049334,-0.17688343354323752,-0.10411297867713652,0.007049286692272069,0.04234916640967916,0.0537750062458493,-0.12295905879022977,-0.025851722193967006,0.07254735456128492,-0.09069460671930346,0.13315952573909318,0.12213146624823086,-0.056905597650119794,0.0015451842574580501,-0.00870478399025436,0.041737973175178786,0.028848424562123148,-0.06542764840539682,-0.0687385620658175,-0.03956405742023792,0.027481697088307205,0.00931714246261985,0.08298287232493233,0.017776296717241364,-0.02537019369920694,-0.025324456092960076,0.058922501842460694,-0.016712006165749346,-0.009328284120284618,-0.01069816232286183,-0.027680919448277448,-0.010149236638075687,-0.03853781471452644,-0.028355697642728675,0.024954074369898386,0.0010166245817669955,0.0046359556138643706,-0.017604609995565835,-0.01576150276311004,-0.02223382098184082,-0.0033568564658922754,0.006776299099675525,sport
83,-0.0067139113761640196,0.26508170476097115,0.015559407609480717,-0.060008741254177725,0.010819702875945664,0.03011280445384535,-0.007818358994702356,-0.07694676034579825,0.026675332786118465,0.16620688618223498,0.05867226860819973,0.1037253813329923,-0.22303030663572773,0.09798612192513159,-0.02552212834618963,-0.15226080944454576,0.079499955818216,-0.09787771870558955,0.18897953309778984,-0.15916955642472716,-0.10012507127004598,-0.006308380053698604,0.47810811390036545,-0.017074880513898355,0.0022956954084240124,0.04959592588652385,0.020770516909113256,0.04878946014136461,0.015256491292227168,0.0026672673129859836,0.05649491415569456,-0.03650505036960753,-0.05239456961071611,0.002388274536169395,0.059866718860490865,-0.051497295015959454,-0.010645987638456521,-0.008939250452687472,0.09031749710551187,0.03856235584985327,-0.036586475399130965,0.08476600889255494,0.008515922993591633,-0.041286021636752136,-0.07478235399278452,0.007536521827415048,-0.04544793490394999,-0.006423113087388418,-0.0018508802053222486,-0.06074888197278649,-0.020303147821531413,0.03771839350986338,0.03664543501479787,0.01778149134483025,-0.0004168252816503521,-0.01773943856803792,-0.026988228537335384,0.0023207399460727345,-0.023746754008786307,-0.0225275706466183,0.011849626911116271,-0.03125541451762218,-0.0014353321566684379,0.03481239140610828,-0.005088163947213566,0.05545698268169224,-0.004419756482085253,-0.0755001759360046,-0.008565332010023937,-0.0008733503422723643,-0.01387753191031372,-0.05592624998609274,0.02490282793818281,0.008529214733777183,-0.015616086611768765,0.041264630480666704,-0.020775530179083,0.01930200001720239,-0.04023753182006078,0.09083676502185228,-0.011785812082145687,-0.04966951905082382,0.01843115542287578,-0.02507377610936133,0.007968346676363298,-0.08615522832513876,0.015013619289582425,-0.010962553126071419,0.016356709016118125,0.027182573341087996,-0.010999478477945484,0.018406531424051086,0.0019443325291613029,0.03301936449255809,0.00911819197958487,0.05339167825653735,0.02022871583606047,-0.04082010847890106,0.006605466494029355,0.019732162984827235,-0.00832411602929834,-0.03323457138299278,0.0352005600330975,-0.028349397752840018,-0.009089353212324364,-0.006561249657329342,-0.0002755111642454804,0.004378489946511791,-0.009717013981096461,-0.0044439775496136705,-0.06866693322661158,0.007880093208441642,-0.05324447061236579,-0.024755606210656093,0.015419835495652002,-0.053359798594117165,-0.13995549163683693,0.02015256289003631,-0.040208380730415674,-0.01872286102889455,-0.05728861130942455,0.03741468933740047,-0.014863843280449285,-0.014295730707844873,-0.049660194896072554,0.005904752520593785,0.009477412078751015,-0.023676352316550582,0.023493052430586456,-0.021788608042343272,-0.0039337265076110454,0.024044626749628626,-0.1056953331887926,-0.06885592414696483,0.03029166574547811,-0.11340334341945155,-0.025525119302277476,0.12674647944166098,0.1877657575924252,sport
84,-0.02856085020453974,0.5381882605039942,0.020093186478817606,-0.13609494045629184,-0.044517119634061124,-0.0009110921256817205,0.002205923738848204,0.038805276531974735,0.01742654381380606,-0.036405389085610945,0.08143240060427469,0.06025038181763475,0.0010064744356652186,-0.029838572661181652,0.06424566900812911,-0.29441542416189775,0.007128583465032181,0.06072531659322681,-0.08157917937311966,0.12868344494102688,0.05442372289371118,-0.031158182705381794,-0.03342207732367445,-0.06388392529877324,-0.001449010071013266,0.03027940627253326,-0.0042126705668574915,0.006353056735180869,0.0038176226643012296,0.05859018770326037,-0.08656762619871017,-0.05427594795211628,0.05895245651940672,0.039722477164358276,0.0032421781102928327,0.07445198332335708,-0.073321708720844,-0.032802020127354975,-0.05338693454492259,-0.07564566969657999,0.00015521262669459694,-0.06832753519848091,0.05679636997284536,-0.02867087418782648,0.10696685954713035,0.05959656110060039,0.03540015055624246,-0.0031078285797228656,-0.08501005787086559,0.030277495175107118,0.0464433002905798,-0.09954831651815073,-0.037754905255722,0.042841449043117166,-0.07147446778973471,0.07509856749650996,-0.029144891887939874,0.07592581689059148,0.06570213154548518,-0.0006846744783992279,-0.003677805550643914,0.031689790668393406,0.003252281016940729,-0.052311588939225044,0.05679429123546409,-0.12809173661950185,-0.055090551571595196,0.06672713482373586,0.08329196537495388,0.007825690416409537,-0.0037713624643068233,0.028670288915889533,-0.05220019796566532,-0.057843529255249555,0.031596176299707714,-0.008278169611228785,0.04375930134359416,0.009086092973491286,-0.005963545118789094,-0.004647353064687352,-0.014379602191592478,0.03696287993288289,-0.01030094876657327,0.04455989524853206,-0.008393647864218989,0.04668102601928862,-0.02725229312488778,0.03200091744610851,-0.03970433421696197,-0.08333233988483829,-0.05995952345814002,0.032412425947058114,0.004268239423435389,-0.0027636206273607927,0.04269855043326882,-0.07219836678281621,2.7858940764228278e-05,-0.033302563331700376,0.0036353574803715378,-0.008421277940540189,0.012270278616720644,-0.001626453697450952,-0.02276748094299509,0.04360821571551195,0.06684433211629291,-0.03646186935819619,0.01051814710760816,0.049699236965053094,-0.03988965944910269,0.0037745330284937786,-0.047698436474272146,0.05439059131980818,0.036601714235656425,0.017740295378878137,0.018819774609048545,-0.0010304041058933158,0.03601061924887189,-0.05460744295726675,0.005097894192247884,-0.04197753202235091,0.06784175567792466,0.12892665423510835,0.013610462617231927,0.0317376338891634,-0.026643694465620812,-0.053486877477820265,-0.03377645371656402,0.0038770626739260293,-0.014139055392609208,0.11301453104751147,-0.05593876020728685,-0.04844812761164603,-0.020259755183216602,0.002607742736603139,-0.047561654673611585,-0.09410726864391918,-0.010269077904284465,-0.018934139713256273,-0.06505757491770411,sport
85,-0.04562543192458594,0.26241043497052113,0.022256161957927695,-0.01671352070350724,-0.03805675872532354,0.0292755615812191,0.02791335839225284,-0.018428902212582643,-0.0012270086513378035,-0.0184904988150312,-0.03213919575800553,-0.02428833099003187,0.0010682607682308107,-0.005106817825438672,-0.027094666225435902,0.04111482090870252,0.021981711478833134,-0.05473563150179477,0.10441620770450892,0.0012408813654891373,-0.04365834617193164,0.0011152715405770015,-0.07452592814372666,-0.024614009352398363,-0.03677462270962601,-0.020665987553584782,-0.02719512838827163,-0.058780871656823976,0.026329338192891995,-0.018459706024966018,0.022154847800728128,0.21613680318274328,0.06785907941156283,-0.03821893182581759,0.02624422262723371,-0.2028889341147839,0.023698890027461943,-0.13611781659320776,0.04023743675588045,0.32140665339593055,0.026180787672888995,-0.07995748092621477,0.047813538811203905,0.0013865426566693085,-0.18043419322785062,-0.05968707164992598,-0.09323265161228801,-0.09792791105904372,0.06705797884624577,0.12777564283787549,0.02333723176497404,-0.021881840108329286,-0.0760728933597037,0.027923364453901804,0.029324573014340015,-0.08495759297083173,0.024348172149349343,-0.012771242443154996,0.020891560502649103,0.05814636310074513,0.057122310923449854,-0.018369719937802457,-0.08232753397366166,-0.024126347790718868,-0.048658128831015564,0.11303610658388792,0.09294377227777738,-0.025540179998032445,-0.01518054310719005,-0.1721291462063436,0.030419303880665386,-0.017276563800527785,-0.014723290272708592,-0.06064938109739751,0.15905246828951672,0.0863343581992576,-0.0017778699339047411,0.10640806812797265,0.02929944468275466,-0.18118686755918076,0.00011339432716906978,0.157945416499087,-0.14335729566749753,0.07475666829153561,0.038846270663841685,0.001983236933110689,0.13500238903667475,0.0999531082474476,-0.0036434403056340723,-0.0626435532071063,0.02603171501364633,0.0036530951144279466,0.09729004644611823,-0.0480601038383909,0.0883808013862012,0.08810113521997606,0.04230263307769532,-0.07005051413348108,0.032830192467676204,0.04980721014093048,0.007963736278603356,0.01875982421104909,0.05088512286053758,-0.07695419555302885,-0.0018170812550601747,-0.023926649908951186,0.02124824335539761,0.0561498963493391,0.00602514571042305,0.15788740538440646,0.04027169231825259,-0.025510103575989512,-0.01595847139480246,-0.010353689585783558,0.06070452983619552,-0.028685089792982236,-0.0008506485102879446,-0.08006988055840082,-0.049528733645674686,0.03755268163223892,0.12568111928628822,0.12796645708425988,0.03927240258608706,-0.10619503004052626,-0.07418748059467059,-0.10936726951696703,0.02763987268029525,0.023997140440161727,-0.06823731811244527,0.14003719101224793,0.0003505480441799449,-0.1206395198767659,-0.11217347042391633,0.018956567837640208,-0.08100384351782133,0.06751647581108863,-0.018880293062025506,0.005616067619032393,0.0133054856901451,sport
86,-0.015902901448982865,0.2357020865463302,0.00925054411159978,-0.02838060820842052,-0.026602987520252624,0.015885989512878795,0.02518857876368669,-0.017756003930690538,0.01373403614138593,-0.038659472841808575,0.019322515202797243,-0.00509439170053247,-0.01180167226726584,0.007925569638182816,0.006721393152914425,-0.05187000140467812,0.0630675390761451,-0.023081798547951855,0.07328007765727551,0.01866504995345402,0.01732680580110719,0.028140717577056874,-0.10308935869369018,-0.02166169920685717,-0.09737965870492486,-0.059406104625692034,0.07925239051935914,-0.02770134148504512,0.039905984523569686,0.012494341088836878,0.03740879161937744,0.1435205379837402,0.07411192735092856,-0.021946164284138692,-0.004762807888791952,-0.022432148868571335,-0.06766119723156318,-0.07186127533420948,0.08955383647968944,0.07517484141156967,-0.08149246950568693,0.06567885906865631,-0.00688491662322428,0.076865212741562,0.15092108439501764,0.006943419414380334,-0.08698282338581807,-0.08201606283341224,0.0694427571623858,-0.09345807018073118,0.011350442433316532,-0.08322976932296201,0.07136498166264454,-0.006147632200578271,0.013545826610212837,0.05066142692470251,0.011258963664680011,-0.09732413401538346,-0.1065439265520691,-0.07180313194635088,-0.14125792323143163,0.21564257608229162,0.11782554898525663,0.08921667560517699,-0.05078384103614752,0.10816651179554375,0.14346717476546728,-0.1107751260620111,-0.13440013094237632,0.03063076384422379,-0.044860662252147125,-0.08869513558696293,0.2798784121929684,0.12525001591176485,-0.022293022061824534,0.09255430308127091,-0.13041654556206497,0.06394831819923,-0.17418185389528745,0.25838208866140633,-0.12483400135294455,-0.13808556301302508,-0.040069060538494274,-0.01250593051783874,0.011094481914334011,0.02563341220825919,-0.021508227233781138,0.16245155912306455,0.08005329095504095,0.1741287720401949,-0.07719775071966989,0.06404460467768855,-0.022736352108418557,-0.09712847263401687,-0.05377343049544037,-0.1302502432952217,0.04435501240209171,0.08163240386608914,-0.02848836798985393,0.06323459691193267,-0.051713634510029666,0.055282302066996754,-0.12808530053162093,-0.048180670155256844,0.10601894552064675,-0.07088474326264525,0.111056889244615,0.04338870387382188,0.11462747828496085,-0.03969811668437388,-0.09666801789800614,0.038796024131217556,-0.025045205913149286,0.025542587856417904,0.04898445410581126,0.012418107553184425,0.09377143119282862,0.005466801535960134,-0.036905738289279,-0.03440465785355029,0.057190313041920786,-0.01083970579679884,-0.03197576826132636,0.0022272868553030217,-0.017099451845120586,-0.011582501706371581,0.005348757834921294,0.037565275310751434,0.010199534405985939,0.04125805040070858,-0.06272957365111415,-0.024505294884399446,-0.008307179516502075,-0.008011291385145421,-0.03835589632048161,0.0036855191398191024,-0.026161509061494625,-0.014274099886155377,-0.047397172836606424,sport
87,-0.020111635222615436,0.4452067233615428,0.028687461781350357,-0.08957578468558117,-0.06402712920148178,-0.003995006802253822,0.0018324454237743525,0.0008813902774983859,0.040526195841436,-0.04313531671382703,0.042528608063743346,0.038316404589965276,-0.033912679201473166,0.01807346792666629,0.030436838645852587,-0.30927747470044187,0.10008685892277101,0.0935384399730474,-0.028576812104693698,0.14857814045721268,0.06934252890769228,0.058479584471334084,-0.23889956792170353,-0.009077780851173353,-0.10338445946475486,-0.013486931924496948,0.056929725454407096,0.019953785148776847,-0.013365846193485388,-0.030086455455848923,0.012471083764387693,0.12530051236292442,0.0453707569758866,-0.0004446061564695449,0.0032616016378863195,0.0071335090142621025,-0.029407650561193457,0.0021210028231829553,0.06252658455149762,0.011293670557119021,-0.07316704281933546,0.11553498528650168,-0.002781634120214326,0.026363645155352135,0.02867859812650037,0.015745745317437176,-0.0875178194065123,-0.00867802304423143,0.01406205615323896,-0.0026981187748756365,-0.036080639633524966,0.06212267768641325,0.044198107659597946,-0.01188495207709052,0.041738932022766656,0.0053448244623397695,-0.00873461711279315,-0.05371566905571302,-0.0636763039880759,-0.059708365583292525,-0.005172561224561068,0.05302132280920063,-0.03386828706655197,0.05736611587735894,-0.12017329331181857,0.09526355109644397,0.04529733422785774,-0.14451212462254998,-0.02186148916107973,0.016623203200961233,-0.056596131627596885,0.030690277339679255,0.03799109919678296,0.00708326115819235,-0.0015086846134266243,0.01735425716995345,-0.023558595507154244,-0.039452921625160946,-0.035102012720444865,-0.0412053846612614,-0.03452981346751113,0.01779121941105292,-0.0450283930481153,-0.034897721775506124,-0.050143681849123586,-0.11804619312218116,0.050670437928789586,-0.08731302248474523,-0.003742025628922713,-0.032031183940608936,0.05308573570457437,-0.025781125315773392,0.02970093939321917,0.05041323048152002,0.01719162012657094,0.06709105033389383,0.03894148682478302,-0.00028441890933581415,-0.014162721060925088,0.015891676731675287,-0.008919089933486366,-0.01916024865627392,0.10196328730994252,-0.05345222574207347,-0.10232868934159899,0.11153118536303148,-0.036621506106575635,-0.04560606450701756,-0.005747152049606911,0.05837446243249131,0.09722110988196803,-0.05039139994799373,-0.019415828368070927,-0.04417287491102295,-0.02498373957234654,-0.010067941439582099,-0.02063071681767143,0.015007883659330137,-0.01012802135715323,0.06547533371716283,-0.007733177702686644,-0.05287025656555299,-0.048696652326163,-0.013411248870218656,0.0471021265829896,0.04994746917037607,0.06391927037855012,-0.03967724414896864,-0.003254642071569,-0.05034679726975089,0.01768336712353133,0.07692658430864802,0.062322098467035486,-0.07767897156032542,0.0007604558736121218,0.06399149584291396,0.06267381593073436,0.023354002530921472,-0.010753474063054007,sport
88,-0.04496038249493537,0.3624979607585716,0.012859869241551615,-0.09787536903128032,-0.04974703493729481,0.004340385286757839,0.0022848746992669084,0.040201646131024095,-0.003641651937797519,-0.034446389805525404,0.05004594903459471,0.03045143785507566,-0.015355306686489338,0.06221116868376957,0.057444304656432965,-0.34656709900333055,0.17478173727902163,0.22828542839117966,-0.10641713573429698,0.13980209410281572,0.09862044144803925,0.13176967209391097,-0.2590610574106889,-0.015733438880128875,-0.1294377009861018,-0.04193082732861253,0.024889272508342882,-0.027930749196354437,0.026319625258041567,-0.020085015649090578,-0.015532966410988558,0.1601146289845049,0.08549282442061636,-0.030322146336705554,0.04826648043016114,-0.05856529995736984,-0.10040180147024462,-0.012359312596352225,0.08503797066192632,-0.004355276334953631,-0.05161654854321942,0.12794164207550354,-0.06331841224603549,0.06698847751058788,0.06913472572248143,0.018618160129449824,-0.044644339429766214,0.003967240627192133,-0.00029406745918502953,-0.05194401385459596,-0.07262658165204133,0.09640942130594152,0.09635102623526448,0.0545391330764873,-0.0021524761753627347,-0.012147942553641667,-0.06861222994958513,-0.02606426523998891,-0.013163691898646294,-0.11273695816328476,-0.002267785358827487,-0.053523814040378696,-0.05635910004649511,0.05164232547980892,-0.035213971073743154,0.03001741745578211,-0.04706213634165038,-0.03633958555351759,-0.0021829748143414062,-0.004460841878286032,-0.014589928528929668,0.013806623782142058,-0.027846876489754945,-0.0029914348220880685,-0.037751946925521904,-0.02682491280473268,0.019565133274047346,-0.04443725687122453,-0.004139910061125569,-0.08077973573412178,0.010369957808081235,0.0036856310052104254,0.037055380439151735,-0.020578811123807248,0.04761894512363699,-0.12157699221176771,-0.01149245905948643,-0.07778067628472599,0.016831800343647445,-0.008950896451891122,0.07498671163077904,-0.05910024597317911,-0.04714384173158037,0.11205925653642915,-0.008297734597313615,0.0871620646788998,-0.012031069500436089,-0.02095178921808115,0.03925903214250949,-0.026914481736355047,-0.0030808017499953625,-0.056446620292729684,0.037618182721265055,0.012471668285388532,-0.01390564502441284,0.060648251529286566,-0.05750304899824353,-0.023076632477326116,-0.0731835983551194,-0.02818443454867803,-0.009066652142864909,-0.07038480042668271,0.00509245235311575,-0.04539876525512881,-0.0004618505118861063,-0.058536124971355054,0.03294289209289286,-0.006405586174141357,0.020042016253110778,-0.009473537203440014,-0.03533000479302035,-0.05048858670374732,0.004953637269457072,-0.004100121302657042,-0.02421278368968952,0.046510827955591444,-0.04274460656253975,-0.016129665268657757,-0.01878515819340571,-0.047827667476443785,0.025746621521312938,0.03315405594467931,-0.03402544232310823,0.0635085236554608,-0.0033778655008878922,0.0162947125905127,-0.014501448964148518,-0.02312328702296031,0.051141164552817676,sport
89,-0.045531873170494175,0.5782909164372914,0.024058132597352195,-0.16505123646400569,-0.07589798864723724,0.006007760264742802,-0.002477262019224165,0.058619451822814674,0.029286301317249807,-0.07906189581667922,0.07261611932349356,0.07748970604761211,-0.03942439116785015,0.0007119501348672251,0.06811391456518465,-0.4053612221941149,0.07201663533251947,0.0874200028624695,-0.08403403150937071,0.1763394419896958,0.1107267022221994,0.03875832103239874,-0.17506306212751532,-0.024312768639023027,-0.0776593156807183,0.0055277958269339565,0.025869206251144007,0.028264205039650447,-0.004252070787859461,0.0367571414744822,-0.03798796832805523,0.009212663936951417,0.05883645449449625,0.008350943155490047,0.007530031600499263,0.05940390461337488,-0.060034319983052975,0.010589610003335624,-0.007085893564013979,-0.08615784703830535,-0.01616184638483082,0.01383124471216724,0.012591146739701499,-0.01836311161652016,0.08079219625659523,0.08417010300895165,-0.014776101408758423,0.01792372106896233,-0.041377869394568674,-0.007544961293507546,0.025884118664873876,-0.010982863879749394,-0.004102952378124807,0.008063591710532133,-0.011289832815707265,0.06179175477992975,-0.028247564672261832,0.001662586322623078,-0.006246732589005479,-0.008828020010259258,-0.04252511662736407,0.03946926803366616,0.01592534228516458,-0.00535865776593087,-0.00022686366956638313,-0.030105920208609974,-0.020248176615233177,0.006767861764806353,0.008520948311581938,0.03587860475362399,-0.0015642928307541546,0.03699436565647315,-0.02191867859215455,-0.024467836129029766,0.01179785053934935,-0.006163531455712154,0.050099728919834906,-0.015935014168927633,0.005592070135372731,-0.068547256920834,-0.029144232047122656,0.036679384678579376,-0.026524347730772006,0.03568348464930343,-0.015687546041231872,-0.029710950083680337,0.020043483524314426,-0.007892740211151614,-0.043902599390706155,-0.05609238635795593,-0.0005809059557075311,-0.0018555148406440944,-0.0017555023817870886,0.030316303201474024,0.036043829604751325,0.004255247305343134,-0.009601478689097019,-0.04586303718520949,0.005984792763942834,0.013676831514831891,0.0037224833058964665,0.00450788913926838,-0.022593151183817092,0.028267969606943784,-0.000577806871040384,-0.003070639076131831,-0.019585181194283555,0.00039531722898614917,-0.008625559046197044,-0.016735216008743285,-0.03787338163701138,0.01310839390844809,0.019880009919134696,0.003260535933532097,0.0029277248519005393,0.029463974814720167,-0.015949441641785852,-0.0036118308888231586,0.017462277052712014,-0.012644040769628427,0.007314745050343491,0.0032630394193490873,0.02554503536213427,0.012768900251912404,-0.031025219439205286,-0.033597283134198234,0.005161727044986058,-0.015420837626570701,-0.02116752148615127,0.014138893393920297,0.006786653996293526,-0.015847303928589674,0.0028405111432542375,0.030311915995428304,0.00456035904144267,-0.004807509214610983,0.010963506135694984,-0.00857319159127809,0.007172999171519639,sport
90,-0.05838542835857634,0.30655209243102205,0.01587457756805021,-0.015093584113406902,-0.05210061209009107,0.022200298713280088,0.03038966420246664,0.0007464294400371276,0.010394294875774613,-0.042040739900721484,-0.029790430596570234,-0.024453860202519356,0.009200607664547202,-0.016167684609124315,0.004231882900818414,-0.07334467828401466,0.008292139400906822,-0.07393956190351261,0.08790838423231191,-0.01675339307042307,-0.028711496835939508,-0.0433519499170371,-0.07748930509292629,-0.021468529895082807,0.025830822478788207,-0.014921442849589503,-0.02044744201497203,-0.018039217827758684,-0.021230479590651937,0.0015232165886296066,0.017995095312564165,0.07034853490147161,0.019215141714300353,-0.02950492435150486,-0.04709773624556805,-0.11455471858968029,0.06345576330559763,-0.11285085576915259,0.03276673924375214,0.22712300964227472,0.08679063175284063,-0.1863474771221407,0.13346993946539237,-0.04317749564672357,-0.22922288365953855,-0.03581445503454718,-0.06000262439584739,0.0002925201165862849,0.1170915185962255,0.12301780459059809,0.09170196691570606,-0.10338322931409612,-0.17910207855536536,-0.1097323779204388,0.05592881322390518,-0.06464649019730798,0.03760646721794169,-0.01867468256035432,0.05866534436779491,0.08881814959488141,-0.03380212605929566,0.0749261036260553,-0.0627014153295205,-0.08813032265644753,-0.03423939649042234,-0.01613479085305915,0.0804353150172112,-0.023578535472119518,-0.027888630858774723,-0.0049981414230023434,0.06343868591031115,0.012178566522894993,0.06000013209801536,0.021807058230721484,0.14531104108574452,0.03994857815231011,-0.014142985154264617,0.07326475240708047,-0.02914418649369048,-0.037911243745005686,0.03185020099443783,0.04753704098642662,-0.11000720839333411,0.08676629230314416,-0.011967454376957428,-0.007516791316320746,0.052998226637613596,0.003699465818755675,0.01902801299932768,0.09063987123480056,0.08284148685706438,-0.08249180346968439,-0.010874013808802374,0.027703850173925064,-0.04047095468025957,0.02961966218922513,-0.07494795773549862,-0.03586549808107056,-0.067623597500728,-0.07571823367896803,0.021489321614921095,0.001323629564525094,-0.09353927940647487,0.12114473020509671,0.06630333342736222,0.046864128048128166,-0.1518433524825342,-0.022296282549121565,-0.0754755779984816,-0.15755926308682075,-0.19487414172586656,0.06437112954371955,0.07621456247914794,-0.03848945963351954,-0.00722954751227783,-0.030984882892524514,0.056752765892848576,0.02530615947502455,0.038127303002618365,-0.11482785477181189,-0.09278003658050936,-0.06569635237788728,0.00776919007714438,0.08164239758710796,0.05798190605251487,0.13945446004869813,-0.0856908649829347,-0.010409405882223562,0.0574859127770408,-0.158118972327946,0.018896388211595366,0.08461538894593038,0.05848783678261879,-0.006065200425851275,0.04188266909621591,-0.07070446197695705,0.06746913579661404,-0.025149079889240568,-0.006452320622626407,sport
91,-0.07367464706108093,0.4804455830629922,0.014151022860297346,-0.11012720864868221,-0.07838275722218678,-0.008720143190345656,0.019241482529044562,0.059664807984028984,0.02011332778831131,-0.10577365456960827,0.02539086323087878,0.015141444166044156,0.02547814383220581,-0.050183062702697186,0.037228985974571145,-0.14383832197318183,-0.04448886032157692,0.002837729768836913,-0.05889669527291319,0.1359790144279286,0.0644708739789865,-0.06670447198339241,-0.05267404712300997,-0.0498904348083336,0.03941708207923853,0.008851413888722804,-0.013912163393297762,0.03645193321342799,-0.018141529389201258,0.023009419075462396,-0.049607139033465364,-0.07928249621716604,0.023432377149398147,0.04206206052890453,-0.0441809780834143,0.08101686806434137,0.020505495424325573,-0.008743537471021513,-0.08478260200278574,-0.04561707524642567,0.04028489335133953,-0.10256179072577734,0.13291952181017405,-0.1111486453540083,-0.04371832523837045,0.12801362168062907,0.006717694338093673,0.021086630686412266,-0.049438151501954596,0.020488613441293886,0.0492519815088915,-0.1072844353259477,-0.10142397561335201,-0.005340489738062358,-0.027574916219557072,0.030067412158307782,-0.0010001062851723484,0.039672213801301835,0.019669166690481802,0.044685024849692466,0.0034284416491779292,0.006144302996401548,0.0804608133886614,-0.05810694579792777,0.0738433928459661,-0.045132191702327955,0.0013870796928160654,0.051343994946857624,0.011039477771299998,0.009448630906268043,0.011531806239385283,-0.009481696488590095,-0.06203715552449836,0.011414806888868884,0.0014890494158923543,-0.005211693828880678,-0.039338030551165235,0.0665079067460368,0.04124594161237669,0.08877762256948238,0.06692079006283483,0.008966493833880868,-0.0299287260969565,0.02217206685840893,0.05531827923950851,0.09930828602838175,-0.05534049905062623,0.06155057799222709,0.0032960329653816236,0.07001420376401635,0.014124364236582943,0.06021324626861144,-0.01650184360019212,-0.09391726555556304,0.019793743735518707,-0.024800515231334756,0.015107713277516964,0.03428395712352969,-0.012321119933368613,0.032194897005295854,0.028507743968594654,0.030856902364704855,-0.021884141366347174,-0.0036813904974140363,0.013872694082847338,-0.05104038396079046,-0.008967107283266329,-0.0361792394658242,-0.012506689646265326,-0.08573052046839147,-0.13737410883045859,-0.06251623958040854,-0.11193897152883096,0.030316044078175265,-0.12209590539230096,0.06488409646632429,-0.047448836143179345,0.15919911664072017,0.025125473505477443,0.05396889433113733,-0.15104192407728367,0.004748230142356413,0.1094414164897448,-0.0694688347759613,-0.07322003287436246,-0.06594725393324886,-0.022815621595776648,-0.03645501945231146,0.005840833520529005,-0.008798618856366562,-0.02107176861781055,-0.06272716782247163,-0.080387057033608,0.016614519135022043,0.03628974922263893,0.10074910072796037,-0.033627763247305514,-0.057609300746005135,0.047033389398004596,sport
92,0.04864518699233677,-0.004877278977408814,-0.009012729951157964,0.0817215032641775,0.029879699817018365,0.04005485023342303,-0.02728419278602581,-0.156672781722049,0.006245968027871676,0.024276596666995217,-0.10013016250869214,-0.137517168332817,0.03767615155646844,0.08206919088955351,-0.028965492962684834,0.09189573592478585,0.24483256757443234,-0.22272512902927824,-0.06103514378272733,0.47848854207409874,0.04399401813770611,-0.03468634261083702,0.15528923144459147,0.11679698491916174,-0.1393290334767709,-0.20793611767191222,-0.23215161415090785,-0.08186231179167729,-0.042699609463578175,-0.12077046548834014,-0.12527100721612722,-0.2026832528673425,0.0028200808816314054,0.012368577597917823,-0.05484444555399148,0.026131812425553007,-0.0732730108770945,0.0500080400363888,0.041666081374707425,0.0311838142472555,0.006274759536264392,0.023179589880822752,-0.13216364725340088,-0.03654431557448554,0.049752382186727014,-0.036461215563799526,0.01983810010719482,0.014319563983922694,0.11951071015973233,0.04973481912912938,-0.08153151050987978,-0.061904037510177756,0.00469756343580097,-0.0028477487965866853,0.061131501369904535,-0.016696748282513784,-0.030722110330653946,-0.013146672086057224,0.0438175118330219,-0.0063707692798092635,-0.02510635738642269,0.036288676829219046,-0.02186548610684949,-0.0008515553542123839,-0.03720218951296738,0.0055611095754064315,0.02875179351665062,0.015153421397954336,-0.023976789096576252,-0.017599906972840716,0.0063856003749986154,-0.006117832173242235,0.040208123924262804,-0.0764172346720564,0.001968947840469837,-0.008109469167460255,0.01241822889954428,-0.02826113116566562,-0.03409834864512546,0.01987965956799349,0.04501687045848025,0.014936517978334861,0.01553608924658716,0.005396381548842407,0.010079598083194698,0.037942406036399964,-0.007954023459904341,-0.048227400163558115,0.0037294292650550394,-0.007951410451579195,0.010347132327155848,0.03229222445242088,0.011055204939245604,0.021914155525288782,0.01569238799807383,0.004383856116241711,0.0017382491561031743,-0.03120559567227963,-0.020098090620465747,0.01745755903297482,0.013705853297410801,0.0022512183520216394,-0.008194393875088673,0.0030196763174149457,0.017231878400142224,-0.006733540112742002,-0.022427216702493275,-0.010407028806982075,0.0167204505731546,-0.011299226447270641,0.0227488382194147,-0.008334140328154042,0.027178364930670693,0.010282735741275521,-0.05500498720183722,-0.0026140229202825465,-0.013142572765661647,0.015241752704656943,0.002100259202270368,-0.014527935980410177,0.014531642973562128,0.006615088273246218,-0.018626389107442475,-0.06644181996418863,0.029393963304557333,0.028697952928705292,0.0006260894967020401,0.006269841955179994,0.00397274654055828,0.016392651575677326,-0.0062085926949940395,0.0011057419345356272,-0.022328463037394296,0.022256886849656012,-0.021558068523564584,-0.032593713958809174,-0.002199613613499812,-0.017179404191157502,-0.0015891928032526047,sport
93,-0.015429070627770066,0.31645076870510686,0.020306140513487846,-0.034207391156532874,-0.02688131686779463,0.007673789810144408,0.03322386038335867,0.09645649592358786,-0.04575277658644599,-0.24638798427609665,-0.08751147536839263,-0.12382546931708394,0.18017180915710856,-0.11327539010793329,-0.02710633418266883,0.16918722903863923,-0.07225004946876296,-0.07879081698256901,0.12295963935687354,-0.07789894591445465,0.07476865526379595,0.24051854671562395,0.09625303178983702,0.21616690906623393,-0.038451830296120405,0.03212043665957215,0.03319009439602204,0.06284972041219192,0.02911356179308205,0.0012998132861689576,0.08382251472748152,0.022643611751190153,-0.053216512574467,0.0009308041198680249,-0.06425721755912012,0.03933371749662168,0.02757513377280681,0.029280679841659867,0.04676347711599402,-0.02403342239020262,-0.012050821137639126,0.04610656176757088,-0.046351930436562966,0.02881543483489108,0.005633805262011589,-0.03985543509758842,-0.021093662431099718,-0.0062909791609935045,0.03086451195804159,0.00947560743020881,-0.02819457718787273,0.027224213128781826,0.010850329196375918,-0.00017968909724555378,0.04847265261772446,-0.026343205701860495,0.001793328930956327,-0.042929828612853466,-0.03326778656323549,-0.01564398742066705,0.01615630699438061,-0.005235279334837302,-0.03255672765551867,0.07327638795004239,-0.06837766386259572,0.07225479111109061,0.04887794321329928,-0.06589116953436709,-0.023709546114026616,-0.018507201329261997,-0.030278148980416204,0.026528211959188346,0.02046594822468196,-0.0036429970593372697,0.005104305871223972,-0.021169602699303305,-0.023427666380520493,-0.013336805790423008,-0.014555179991885162,-0.06078266916537751,-0.01261044668186275,0.019537288573823273,0.010428916165068795,0.0732191291063604,-0.021681220497599657,-0.02735912296275219,0.008068587605158028,-0.004884869818176941,-0.006444035687138473,-0.043841589260341325,0.020921049387798565,0.06154098649340156,0.021847711864754017,-0.01978161903656797,0.040675470935340956,0.016204494449476796,-0.012893095053751745,-0.0007394880616913093,0.046054034767762854,0.026120206843033907,0.026565973192218026,-0.05477889576815955,0.018715855141573746,0.012518584738627313,-0.0342534740463306,0.04029224377122686,-0.04088439645912154,-0.01518546110075615,-0.12045127716616966,-0.04466366271481537,-0.024327384834670472,-0.05581896320070499,-0.05760352245033411,0.05190513037568836,-0.13927980518975744,0.07796414983434319,0.049486270029740605,0.008708441499726874,0.07727167520806032,0.06823174853880096,0.14151425123845157,-0.00997503784694681,-0.056196967929493205,0.12833663417457386,0.0438775693886971,-0.12979762391543906,-0.002570891041712317,-0.08215221078121807,0.11563034758757847,-0.018913927912337446,-0.08649330290216485,-0.08537167414176981,0.003564791116952253,-0.0027016709309016546,0.20609235752218305,-0.23737245805514548,-0.1293950135940922,-0.03344608451145205,-0.007278891759898705,sport
94,-0.013008402128409565,0.4309107902554544,0.023060714474609965,-0.08333188860127702,-0.004863282183808124,-0.021621150891240695,0.007542821522788832,0.13189415126313017,-0.03942718654632568,-0.20226897870041546,-0.03200971868126419,-0.08067518356760828,0.17778561038630125,-0.07019182476775712,-0.013572204721726438,0.07896623658916534,-0.014368859099090796,0.14017256067310918,-0.06488694335652367,-0.05114909377210386,0.028070066234075527,0.1909850956989223,0.12965939122036846,0.13848156105376036,0.0070993590480836295,-0.006326059332598706,-0.006673249775687488,0.05423109530216579,-0.002895644375267861,-0.002176316332227827,0.05189022622018433,-0.07772815292278737,-0.11651315360545449,0.03324677493062308,-0.0297472787046849,0.04678073340375285,0.04213700186816689,0.11787444534164894,-0.05426672449448264,-0.12770001262628197,0.0309617845336257,0.028200882353464227,-0.03904030096299548,0.0825012758506764,-0.03217432985719475,-0.01053595095769038,-0.010730602888410419,-0.013489959124073405,0.033279230929725755,-0.0016661742226962149,-0.01992419292586457,0.07086616031542295,0.0022950046669431828,0.026354647822056734,0.006707709716406286,-0.026190833575216454,0.02362981333140208,0.04904149593603955,-0.014072768666197789,0.051797828773114576,0.022465932074202475,-0.009339139964184884,-0.01838357766619556,0.017594527985047594,-0.022119363708301486,0.010655497241951865,0.00039994440354206755,-0.01383855346733026,-0.003724113176319865,-0.019090944726006975,-0.043409539381561425,0.008381636451427343,-0.04161853139884528,-0.035009873238331914,-0.0097136470347988,0.01681294211879559,-0.002926563851045609,-0.006041241950963866,-0.005333789549583537,-0.11336462771613935,-0.04542068144347647,-0.030075663732888364,0.015284364357820854,-0.006775992311945492,-0.0019212395157380195,-0.034182093274320535,0.0450148859721053,0.02351583105048847,0.006034858491123891,0.03340943477651813,0.06625559463879346,-0.0053845609632785394,-0.0015971996883217883,-0.04013893211250141,-0.02752752538370056,0.0051397479382474034,-0.05757321539775518,0.03282109803821741,-0.04175851175921538,0.021154060047657214,-0.07823579378910257,0.015554287363494115,-0.12110414610358884,0.03673280958077292,0.04255324269067381,-0.1051715151257207,0.0925042200911439,-0.0016980489971811729,0.16502570561686786,0.07196055078472129,0.027316256945109932,0.059474074386813056,0.04708899760416867,0.017354463008177154,0.1912326524194536,0.0044536868680762134,-0.057647956682946436,-0.051793926500796776,-0.024928456434716903,-0.1195278671106556,0.024323292899134704,-0.0732763890266381,-0.10990122733463896,-0.11097276649950864,0.06978900705303656,0.10564092924214995,-0.06868979930705289,-0.009359425411266829,-0.052938058710004725,-0.026812876293515673,0.15293577579357354,-0.03188274874778252,0.0405519676613959,0.021028240231731665,-0.04351468375296576,-0.0023041851684445854,0.08931315700864972,-0.03585468682778873,0.0702559203112605,sport
95,-0.04190419061049581,0.43234603344694,0.03802976922084984,-0.034736074537967156,-0.05951298319437667,-0.03831426665731288,0.020845376746817253,0.12109993746325926,-0.03991498472120954,-0.2641438664688563,-0.10341959421737466,-0.13279924624854808,0.21124228252084026,-0.10067793036501366,-0.015749969644649846,0.1150606323119424,-0.039380204022801436,-0.002557593963195606,0.07179562162079249,-0.04505432779212626,0.030644081768595736,0.12888385646428838,0.028122263183532465,0.15703071217719344,-0.013374101758785147,0.026331091374659932,0.07242516155387121,0.1049849089639533,-0.005980002929077882,0.018334805496394508,0.09114987205792736,-0.05920299630649347,-0.08821639653800449,0.04015904208712956,0.0005390259923810367,0.05562300936293804,0.06787106741908686,0.09564041441581264,0.020821352613917876,-0.06425901947404616,-0.015580291999803734,0.06134844195042565,-0.0693423179684818,-0.033411330487710736,-0.06886758832037021,-0.07286687926842317,0.07944801652162421,0.025638597274731962,-0.005823004165356601,0.029810799009209115,0.01871292412725526,0.07456331816206296,0.02407684444427236,-0.13935713615054346,0.0781143860137811,-0.03709520525244484,0.03264373167407795,-0.046049284299035556,-0.056366962706465774,0.06823277282140403,0.02433234823462859,-0.0383536716033199,0.008364356098140591,0.03703082962911391,-0.012532728938017077,-0.014221825325274858,-0.021683580842855876,-0.018667440815095835,-0.01732625663794075,-0.00030769743829372066,-0.01225195956758773,-0.07629066768373528,-0.03088826482092175,0.011880287736135206,-0.007474534991915161,0.038991849563895696,0.010196045386585792,0.01694686531808058,0.014035332654007079,0.005535999276164963,0.023901076157163116,0.037992944072119325,-0.027606333662272418,0.0021803074348852366,-0.0016311576137247811,-0.025014936477698875,0.01459779224581419,0.02010375809630657,0.0038656437204573684,0.018092769418785834,0.032551243978392944,-0.008704069466846855,-0.023841960742373557,0.01890111700086889,0.004647382465500383,0.010064582091973459,0.053987322730444515,-0.006089407271494988,-0.011830333887433172,-0.01880648806653754,0.0007800438741517095,-0.015887554184164907,0.018215252103482134,-0.05564254188901618,0.0684027318277843,0.04120192588199458,0.021882274022025604,-0.014439897324362109,0.004079949611584,0.00883249999194708,0.021512365881256202,-0.022174461371993262,-0.004875462965422431,0.002823895811067832,0.01881070070446079,0.008542328117367291,0.03796726204859188,0.029297108672128824,-0.016300569337650023,-0.0078653494989291,-0.027832214812632046,-0.016613012890479374,0.03859491654932391,-0.044081678023453405,-0.04642526062454492,-0.023643879806315916,0.0962161176927494,0.036861559966698924,-0.031187121102118184,-0.005810193618355916,-0.0014769663742727388,0.026714545700430543,0.012182061877652667,0.05865212901763945,-0.047791208498487184,0.17236367432236274,-0.0009027676337875275,0.04978991098266283,-0.03337060387128657,sport
96,-0.058245739334670636,0.12012113186653414,-0.008123796966822902,0.03821055634251799,-0.035000470520551004,-0.00415440970906192,0.010301635036565296,0.005918855187799323,-0.04549371732318267,-0.07521075185465191,-0.08762371617025315,-0.04198551623088881,-0.006723458117616156,0.03989676118000866,0.004690437210918514,-0.026746786818310084,0.05533539062604165,-0.03707682065710134,0.048746043981400485,-0.05636689154585278,0.045029221909565834,0.015316141366321827,-0.06456097365273135,0.007991098386781482,0.042512710872381926,0.022199986489451432,0.003268332965394109,-0.0030703050793638937,-0.11088129364387864,-0.06402889236851586,0.04103422172439697,0.08518704109877222,0.02363864969108325,-0.057782899487701864,-0.008460032939567451,-0.07735306164765764,0.110490051841607,-0.17145925166167933,-0.011071870454027063,0.1310141203589511,0.09582332853448026,-0.1501089956627177,0.04600296870852852,-0.0003579289453253502,-0.24852958437433884,-0.06283252268339702,-0.0893958682797278,-0.034643692081026724,0.1532123848520832,0.09128392917811483,-0.15796482688206687,-0.07838147634629941,-0.0768075748290201,-0.163146999420458,0.08459550436565143,-0.06415076962391032,0.01802539045663368,0.007724879318652466,0.015734261144509563,-0.1512980963458901,-0.10228598884954497,0.19968554577120595,0.08436257244226066,0.04352621482628262,0.03695484476847176,-0.06937643091490313,-0.061458024882241814,0.1989012620098145,-0.06943562405985164,0.11633724165255675,-0.08430967020984434,0.19002832877756107,-0.07053797122691972,0.061828601382754214,-0.24766686520101697,-0.06521752423459956,0.12509627818903243,-0.06600957770013105,0.1075937233901519,0.05747494804746815,-0.04988034165903518,-0.1733472342889777,0.09260439412829292,0.013441628823742972,0.09463723075338265,-0.1109913237789289,-0.0700857613518686,-0.14719745914464866,-0.021091353060910575,-0.019863245117458933,-0.17045767172274678,-0.021337521820821246,0.017843806894519885,0.14246105666319242,-0.05602594277281933,-0.06631770385327848,0.02611763789922306,-0.008548610071503815,-0.034721644473044204,-0.018579925596822203,-0.0578645385270301,-0.05863340901669568,-0.09827874786666967,0.0061387683729383635,-0.09030728831892595,0.011317167707203538,0.10099620574560313,-0.02145820180964556,0.016437936408390974,-0.05592387896890875,0.16429439928292516,-0.030760026356458685,-0.019359368500860997,-0.0367417513972331,-0.021502838428557783,-0.0021982517933512367,-0.04179041485816571,0.01405403755274486,0.012072721410686207,0.04644974890967755,0.0019072824613410296,0.05122468748970549,-0.03885805573955334,-0.017921920799168965,0.04455564780595313,-0.038776948831474825,0.00247889823411409,-0.011625969251460257,-0.059859899419211535,0.05738375991952584,-0.017402809202392545,-0.06284424113169566,-0.019216362624343935,0.019505271893596618,2.3578044926035392e-05,0.004031162136170434,-0.026354125650609225,-0.01542604219258627,-0.031183918408386996,sport
97,-0.04796863074542626,0.5250070209588438,0.026561471777300248,-0.12018092297815484,-0.039828349845537486,-0.020449132764559428,0.019600208717224715,0.1407392950448302,-0.030212538602605917,-0.21646666991635483,-0.02325078217508297,-0.07795388048918243,0.1659034701917517,-0.10172052378321354,0.03237948377611657,-0.001216566588040245,-0.07585503447640547,0.011945970431321761,-0.02068981901761693,0.013199114668498964,0.06292164062859955,0.14167436398043534,0.057949399177340655,0.15416160472568208,0.02019487673849172,0.047553137845495,0.0014927416386226763,0.06600081238260748,-0.02868721339325826,0.028005007298757677,0.0737000288791884,-0.09177782507062879,-0.08688595694430362,0.024264798054065936,-0.04361273931229688,0.0640041543618839,0.07501247509567387,0.08428080124429543,-0.028916667037676754,-0.06251914787416812,0.044092223126963995,-0.01879041865148581,-0.00797557991534847,-0.011145820205802735,-0.10331664024258953,-0.0602442965810714,0.018342057207769095,0.029070493848386093,0.029580221497041252,0.07856089881625394,0.011243051824264503,0.05268376183290015,-0.08731461434194984,-0.10980617939057397,0.05283549740170304,-0.04754320487485095,0.05049471344436998,0.017814479924528507,-0.033667449906077236,0.05944139585629411,-0.011723219163165523,0.0047767303336737985,0.026813360551421535,0.011136210052612523,-0.023633268267631482,-0.04155674178687369,0.005041775157990546,0.014461423846614582,-0.019099929028303667,-0.01481013938056996,-0.01703001658272381,0.00861915622694307,-0.009962383980521086,-0.010577634110011055,-0.048423058331429986,0.027103763600926877,0.0015473047000945058,-0.009187869023307376,0.030075803895794635,-0.03380345385737838,-0.0014835274353981987,-0.030666141437773495,0.000916063355325246,0.013138796179757146,0.019909674072065724,-0.01842418785363088,0.01440333391167624,0.0060758292160109926,0.0007754988626192091,0.025567889475513455,0.024269490432552353,-0.0035765384526309186,-0.0026695823481191717,-0.05114030425887584,-0.0008774812525332986,-0.0005525752682774891,-0.04297121099077534,0.02383287446552066,-0.029395222217823067,0.001157274853929555,-0.016659856889544848,-0.0068561364565104,-0.0481465070930679,0.02891751698111365,0.06297765413820355,-0.06180927879778005,0.04409554069985027,0.01350942035399707,0.07216686131040857,0.01231474362947432,0.029327324165117945,0.009303308582605887,0.027995102344166026,0.010205504170642074,0.05390492653779607,-0.09093385511281114,0.01683062283873126,-0.01789276720910967,-0.03429618974075351,-0.059074677780877716,-0.015750587490081493,0.009350486206976096,-0.027502361118510028,-0.0698730722385547,0.013313568224157513,0.054414701515023166,-0.03914884685202032,0.03558524972970955,-0.005225062480122257,0.04378949931576803,0.0038707216554934045,0.06443415281072427,-0.0026283685656435466,-0.03209027107750712,-0.09272565117833834,0.03366721214867089,-0.00033352203654898004,0.02947885531956218,-0.007691979486140771,sport
98,-0.06063286756742955,0.46573128453518015,0.02459024922628974,-0.02564607850182992,-0.07524486602244766,-0.024440615233268865,0.015098480302275922,0.1009437418109055,-0.03525010913883846,-0.18088362022624827,-0.05994700532391897,-0.07437406047121345,0.14162002428884404,-0.09563454200747704,-0.018138933277283834,0.10145886264943499,-0.09998852075028826,-0.06508406102565942,-0.03458942306475352,-0.015813945009593437,-0.0370821159892134,-0.10374888046606612,0.04021935421945946,-0.022368929658395962,0.0922094740293232,0.01954349713183569,-0.04520459423019759,-0.049501299598011896,-0.01474341906816728,-0.03579872980191816,-0.04649171121049549,-0.03707991467757443,0.004594997298518036,0.008455839262847991,-0.012752857709542643,0.01642826107566382,-0.04078297501491499,-0.03019998392283015,-0.05104661456105365,-0.022858108857372845,0.006573850681309395,-0.03602277981939888,0.06985514789416328,-0.08580136336887399,0.010936983823617963,0.07916826917515794,-0.07623439810489678,-0.050319091391385816,-0.06171964971819786,-0.07810426403119196,0.009408330551359827,-0.1098431757852625,-0.07519083568618795,0.12424297769515545,-0.07287910210005547,0.05585236610929051,-0.04590402361876512,0.08214061056183726,0.07918375889029883,-0.03602720650363453,0.029558535294519763,0.021014960888079373,-0.07760705949424931,-0.04912354715756712,0.005562804740985657,0.14849009997418885,-0.03284034663503608,-0.06093513695348703,-0.02610173059751222,-0.052942116559595055,-0.027980284525015196,-0.008273198992910338,-0.011185547385247222,-0.004032759817722186,-0.006611766694173005,0.004251715220967862,-0.022179753002045364,0.0051078234912313985,0.00806970317089753,-0.01827712739733589,0.012388795299110553,0.0030327417329909247,-0.004204876975236271,-0.07277425973535226,-0.021655144589780465,-0.033067533226969786,-0.05323027991248008,-0.02131158357982764,0.0279976140560701,0.06875732535109529,-0.011883269515872185,-0.016230242421697193,-0.05655909616910661,0.0004224382133311857,-0.03931009107305519,0.020962645905012074,0.04838191278453119,0.03152974129927321,-0.006067804316382301,0.02543178023272474,-0.018525301901679107,0.020968670815430888,-0.010596374375911632,-0.032683740093095125,-0.06490819202599664,0.00734662324992763,0.017766965824598097,-0.0421292392301032,0.027127359131781485,0.0625466081119865,0.07510526168219883,-0.10084919543150622,0.07343909264179177,-0.045547049516534016,-0.07222574783661187,0.042503283049930465,0.028866617041501546,0.07539650918339541,0.06280489023036025,0.021836640032934167,-0.053997632359020054,-0.07735879017789087,0.008585546201537573,0.008002059537531869,-0.016650104170297247,-0.027402100408237574,0.06045771702621726,-0.009126927863277765,-0.07231727980167321,0.029586926758543568,-0.02713804470187225,-0.07870726725493325,0.039562251270926246,0.08890961281290737,-0.033590288006604754,0.07029022740537963,-0.06844967262453214,0.23680801918220187,-0.044160078340456516,sport
99,0.027400927012216875,-0.03547982259225832,-0.01270994193196911,0.08213197617706965,0.021589511325976918,0.06636760173992352,-0.021950345100618766,-0.14356342628234486,-0.023472018647842003,0.004184274746879913,-0.0881547385920377,-0.12737724410304926,0.007367789309022128,0.08665569838787132,-0.046679581833601796,0.09624055309066057,0.24667348905478118,-0.22572368352398814,-0.06652964817994089,0.4764417606181159,0.043841432914951746,-0.016192329828095813,0.17377307936593958,0.10782533445998085,-0.18487472642503205,-0.1976573780351799,-0.1977400579613621,-0.06798193896321703,-0.05750467159748619,-0.128784289540771,-0.15932594949099368,-0.15789698951795428,0.025106171323217203,0.015517393333510059,-0.07085693783277622,0.026362256229422263,-0.07341583112056466,0.06443800058761971,0.022544331929787276,0.054956269278771085,-0.012891108162338277,0.007212568339048746,-0.07529745921414063,0.00717615658726545,0.05917050661452132,-0.016387266222528465,-0.011447885723988785,0.026441232676044417,0.14723918383668283,-0.0012394592420244225,-0.0868872222561673,-0.07774769582459157,-0.03128469634155376,0.004978255915017228,0.06265769186606722,-0.0038948551806959495,-0.0076821451912092355,-0.013250078929813702,0.060082703861153705,0.028716254783518278,0.04025049387477712,0.036788681208932805,-0.05639044185106101,0.031831209172040936,-0.0850091918551562,-0.020696572699515733,0.06025372358529757,0.011240157376649972,0.0007110690573314081,0.00502921338129323,-0.028179338997022834,0.002269076910492172,0.01778278402198059,-0.04563035490595402,0.005599228063558524,-0.013475539519037816,-0.0363949846735104,-0.04156428384773173,-0.013102188820866471,-0.007894075655468236,0.0997842550412701,-0.03171572821973004,0.0386615633317189,0.051812713632170354,0.03338471478093997,0.02727324802872088,0.006897053755979062,0.022516553702799803,-0.048093395141455865,-0.002769148006984193,0.016149744102617644,0.04220279060330869,0.007957544653951548,-0.021123968078153598,-0.013511067204039008,0.014408913634892098,0.0025242149373219274,-0.05789780836333989,-0.0394888920771536,-0.03762520393916779,0.025749199948667107,-0.029498408281029356,-0.027758747897644657,-0.030933707711455174,0.007449367548563692,0.05024514575555194,0.009408124510737616,-0.029025839818746076,0.01127650853336682,0.014849247906158975,-0.012389402168188025,0.028789719215449608,-0.004384579735265823,-0.004698281366445251,0.03192061232653567,-0.009712388404473816,-0.020346374150364156,0.009957858711005746,0.016990870267411477,-0.011369608490319802,-0.0202455645798786,-0.025523202683065366,0.016093756267128587,0.019527585244521646,-0.007920050844190315,-0.012196549934658074,-0.017993109868266008,0.01665292056666854,0.005447974214271081,0.008949985037874347,0.00047095419124338413,-0.011827935226751237,0.0077937966854699,0.003520224529222565,-0.012593609112109386,0.03609961201887489,0.000506873196566347,0.030895642280347576,-0.0005379566480209501,sport
100,-0.052320720143052994,-0.007140677025961189,-0.01873602304472973,0.06368296705996844,0.011266772072184959,-0.002539159223644826,-0.01231440469278398,-0.051290140799856554,-0.07549254890969097,0.012473766327840662,-0.16379636982658208,-0.09553783346216932,-0.02294875571769602,0.13414752038733505,-0.03361596995504959,0.028357231201333565,0.16548221953039216,0.003599642641848413,0.03957710889562585,0.013032540397663578,0.011989528003279397,-0.04401381585394979,-0.125514351211491,0.06104357022396596,-0.11094449015947717,0.10858012728876225,0.21091447601340976,0.272442798406661,-0.21121274309432767,0.03527376905694514,-0.0714184422978413,-0.09545026642170024,-0.016847592454336518,0.10434388791848088,0.29276338321271156,0.10448570602841675,0.1434176113823048,0.004829772503065601,-0.0870479743225783,0.0864237337123781,-0.03758836034054809,0.012631184276249537,-0.037014724859985734,-0.0020769254085609623,-0.008439968040799837,-0.015024755846649057,0.050302768118364816,-0.03627992907619556,-0.030303270827578985,-0.040991405763912976,0.0344700223434311,0.06264402564653665,0.03881023161623571,-0.02619518083520103,-0.04786256854401166,-0.03501224504411791,-0.091111690130109,0.016942860284311818,0.10757390019854139,0.11462326209890426,-0.002517453619132367,0.013260206221085652,-0.022173825070340672,-0.10668308649899733,-0.028298037956902822,0.07845916659913517,0.0006889101008697979,0.02194135971983863,0.05205761787905587,0.13191601739046066,-0.08857512319869992,0.016145482955256637,0.09633399794521381,0.08060688131157136,0.08252768670116525,-0.009585978370853693,0.045744552902736935,0.03565319826617964,0.11553203234539701,0.037952669305984024,0.062055347455509696,0.0055961489395492305,0.04405353893866994,0.04704769346499008,0.014753140496899426,-0.03076164576389269,0.03296404663387689,0.041362860028911305,-0.037338182521171034,-0.02236059381730648,-0.022480156380624446,-0.00557376839003578,0.05760325401749862,-0.0938583515212508,-0.05913101789877737,-0.04796228494221149,0.10181419365512527,-0.17172799731632232,-0.13307601018823265,0.06828570973057585,-0.07085590298897688,-0.03288673561341608,0.19538008384365288,-0.2146883114785571,0.158300698963417,-0.08000123937832618,0.06702014603367183,-0.04911656353644973,-0.1722521720480274,-0.13619608758518217,0.11609029064759815,0.02424588839920551,0.038488388203076936,-0.00653188558081409,0.12021096069346426,0.0666774827522227,0.06481522707650851,0.018211139499323434,-0.03119039651889327,-0.030070017588484876,-0.028598300056159775,0.006416832824979176,0.01641822148559756,0.11586912109587798,-0.044627519510179556,0.02511813067687021,-0.08499143408990031,-0.05393697505136055,-0.01642062197319148,0.05627764109363355,-0.015088579973818681,0.01680379701415237,0.04477045409174075,-0.01768386494855,0.004540471655534862,-0.03827898294685464,0.006931684726127518,0.0021781419697724036,0.01942118094969527,sport
101,-0.09046770462246638,-0.09186209735137928,-0.07376464606667549,0.018498561923826318,-0.01893782033731244,0.00388356138021673,-0.007606235400317492,-0.009766692112413903,-0.013804981324225463,-0.01776861023105637,-0.033048650759055026,-0.08508110333259866,-0.05066663100270375,0.036695518580054765,0.21911453268416284,0.0029592636451705985,-0.030910539310916647,-0.07730098397550975,-0.10927380365501084,-0.11562770572664381,0.1667764498268451,-0.0401402506761559,0.03920641843331266,-0.0031444956844517234,-0.036254256077427445,-0.013997848675232695,-0.05416601086281476,0.07318455112425647,-0.1379243705334756,0.020658007063020865,0.048032294751549416,0.06161100147681176,0.03044853301960387,-0.121647316643614,-0.1212470741323236,-0.09602041693421799,0.041135715864945015,-0.3204836113553653,-0.2661803339785007,-0.09137782631858679,0.046374947372562855,-0.013883542437560903,-0.06627120514054921,-0.21452949775852637,0.17794353629293488,-0.017531943604142605,-0.018619388183247,-0.025891026328330496,0.12234216701522042,0.013681760082026479,-0.0077422990694472026,0.1923863986982472,0.0931529581903241,-0.07832456320782145,0.010067676057938972,0.060042340954551424,0.03300553532639604,0.06288655678705454,0.07135612277808491,0.047780757950700616,-0.000506522495179786,0.019155328161857048,-0.15170913886626342,0.07367330998457054,-0.009349966117474136,-0.010531733919189176,-0.05641150305334557,-0.07676275810276471,0.08508326655238238,-0.02927855168783157,-0.08255582029431814,-0.04215365987874689,-0.004777856958621536,-0.014391519060393324,0.011182045898236164,0.03907650135040066,0.009712689483016125,0.009544050188890258,-0.10604556596171862,0.01345204680743602,0.02087232515739523,-0.12458205207647165,-0.028380257990248858,0.022057723178005077,-0.020467815084926892,0.07701993235908505,0.034609935376779796,0.016879981547924968,0.11779758036650981,-0.054485743057638716,-0.01374843704271691,0.008893006572425886,0.03751982703245465,0.03486693008354791,-0.10094960726507936,0.008104750398650048,0.04075965015463253,-0.06258116280174299,0.1055668154659334,-0.04804748649918707,0.1185286016499198,-0.05358306878471489,0.01124652127164402,0.14781556617931832,0.1123736509465712,-0.08619814279221372,-0.03952350122733577,0.07629829133015793,-0.06119510049289056,-0.0267317432829837,0.04589776196668373,-0.04219850509141898,-0.025459269735214146,0.09425416498570818,0.06378334322017175,-0.0933435859847528,-0.06735166920429983,0.10856431880317632,0.006481407994759308,0.08889906325832243,0.018171676206034233,-0.03862563990141721,-0.09415354360100932,0.00299500493666588,-0.029179548041044483,-0.09518263010922297,-0.056283265777684444,-0.14223554427063675,0.027625727122983758,-0.10388414177171726,0.060559770563139506,-0.05927112433628227,0.004901324113449913,-0.025979598169754984,-0.05732656029887425,0.030349153787489983,0.09705144539783483,0.038548351836767886,-0.048700525914035675,finance
102,-0.1269286277997321,-0.109509306302564,-0.08729012020982753,-0.10648704069275992,-0.015295717301011378,-0.12427058649687844,-0.028145307125128673,0.004835406092975253,-0.02955016448580064,-0.0384525725520599,-0.09427201747123241,0.28658895476358104,0.1406186290568857,0.01350387990810029,0.13813058986328852,0.04482660996153348,0.13129155282471786,-0.0657937382694149,0.020880440170278357,0.042983770572352295,0.033412825008583114,0.04273931698099598,0.002158617027016504,0.04315722978496973,0.02384540127447273,0.042747547049053244,0.10071614675005315,-0.11162679204135328,-0.12450086060555318,0.015343862637833388,-0.0213225736013539,-0.09292102980139874,0.011508312796369095,0.040024286482661584,-0.07710589265940292,-0.10027700458555941,0.12350626352583745,-0.010864943115072207,-0.00809358796233428,-0.012906073932560144,-0.023354181686656542,-0.02928115317207737,0.17150722387379191,-0.020638822089730273,0.057747122225954385,-0.12716977230025725,-0.10927945741946071,-0.023500972541835603,0.09164491935651177,0.009852608629968902,0.07051069203876527,-0.07002601604861343,0.21550951447946468,0.01030131081462916,-0.11488692395514845,-0.015246109694728708,0.2062216427105193,-0.13859875633915195,-0.07122793981995225,-0.15473504293551876,0.12845662985950246,-0.0006298217891965524,0.03184014332701351,-0.058093645618085436,0.01063982878832503,-0.04800180802898628,-0.2399766033013104,-0.14134772980026453,-0.1433576522774165,-0.03632007199757242,-0.02622278981874289,-0.03235434829761664,-0.009148132810037379,-0.05449105690217453,-0.03248831124269823,-0.12879442045043288,0.05638268259317537,0.11360205874762669,0.04145718036730572,-0.061387343937854444,0.1054651503569784,-0.010817589695857924,-0.0840574673779063,-0.09647568369277056,-0.0454180738264125,-0.03846889148960222,-0.05239813183569112,0.03567256742763983,0.0035248969867658292,-0.01906531354476659,-0.05065716891666636,0.09429409138195209,0.014361172010906902,-0.03876577110245206,0.055496442973129306,-0.05771789843866633,-0.11743112052658794,0.06869739971315013,-0.0693895289609432,-0.0027574637544095634,0.01871563110396557,-0.0006267835818645367,-0.005471529801916039,-0.03631379076189571,-0.007363383927994218,0.02282639972528317,0.008067377731019612,-0.07962783185188342,-0.020957763752494894,-0.04931228195543128,0.011391831820536913,0.01668719144538536,0.03432655376090034,-0.060056606771758565,-0.0012822293150786862,0.027275288564486994,-0.041689953028776275,-0.07671614849179619,0.05737007274865987,-0.00835184316440648,0.06653695674933137,-0.02160482408699767,0.047620252456718755,0.023309359291054772,-0.01668698423426882,0.0047008701932722986,-0.01942685013897199,0.02797561151006993,-0.04233976070028513,0.005792719939453271,-0.007763434199822482,0.049527610496099335,-0.03511941578566457,-0.008480429054858702,0.0005529939368448606,-0.0442421037548463,0.007057752666192892,0.02495487458437124,0.01108228879240825,finance
103,-0.06539951712134184,-0.07227797886306632,0.019755640736271125,0.04331027038554249,0.009983362881183545,0.023637094613764297,-0.004202643240440952,-0.02580833487470275,-0.03889894439773525,0.004196271052761277,-0.1359398150156496,-0.05614409560282523,-0.06180811578252431,0.06880172132457393,0.008726622171444057,0.026175113665386014,0.08912059409489351,-0.05335579352514125,-0.02137345908677132,0.014929541517248816,0.142865435849327,-0.030051029513992904,0.07619828794417126,-0.030433802395462204,0.07068268957809838,-0.032891979176451994,0.09834121497293447,0.04563626991657834,0.006236850970143836,-0.04980077840970858,-0.05766944183211468,0.09072422864445895,0.1118198543882024,-0.052110597277053264,-0.15880768544159177,0.1494310439386645,0.12758466630851045,-0.13324684701920245,0.15305617913781214,-0.22281778339373357,-0.05335438461103124,0.06745085687127629,-0.13653171295115513,0.15446772080721874,-0.27634817225686625,0.053145297195068456,0.09782930183061472,0.14254364331371797,0.10623886959173082,0.09655339031094831,0.09516512955209207,-0.1345174652572347,0.11270934695266432,0.05223440850982256,-0.18818129387379356,0.1119186819570823,-0.005766076637100515,-0.024565821160329293,0.08727892901604932,-0.13205845318185389,-0.032760282306662766,-0.06113851232329488,0.023275770350479216,-0.002213374087715573,0.015520775597408984,0.004382656581185904,0.05910500522289892,0.04296316472168105,-0.023533658597165868,0.07172384248930573,0.09129525948520127,-0.04365690852433858,0.07151081604008971,0.035061516165807806,0.002119482549013475,-0.09856383449009629,-0.004251343129161121,0.09334002992263307,0.0925899186042224,-0.11696748614555258,-0.161902691202715,0.10233884361108528,-0.022531856540986488,-0.16282456561594547,0.10268108572234978,0.03586336300308977,0.07348593367944863,-0.04891445964126241,0.167811427815094,0.002096209916386915,0.02638100719650758,0.12008394666953925,0.07430087787026846,-0.04740150762372865,-0.013788955752594742,-0.012165872850064404,0.22919868056599102,0.02656927068855572,-0.019003937446925606,0.018241270074594654,0.03890825502790042,-0.10913323624131532,0.04719060018888477,0.0930310649260093,-0.009054969290411944,-0.1120901614613743,-0.06459616869802834,0.09085723823346484,0.0476838458256044,0.0454164470106414,0.012708609908240383,-0.015507622804041023,-0.009111092457618618,-0.01609557682678349,0.017915883714866795,-0.0741210567021848,0.06091575913088855,0.07676336914245721,0.07882125449266028,-0.1025293920808284,-0.009886555481213503,0.06465855505747861,-0.01166395163205264,-0.01596344212887226,-0.05627535368037664,0.053389959137815336,0.041865419261559525,-0.05217753344134969,-0.054041159031038274,0.017354773079948885,-0.023188652336081996,0.027937063650909394,-0.002578167498367344,-0.014733846518147985,0.0701094370730096,0.005056423653536873,0.04006752039311499,0.013249831737557116,0.054316935974246056,finance
104,-0.0930013804463955,-0.11220427052565488,-0.015676527940376793,-0.03847152810151301,0.0067944545912448796,-0.048524183691216326,-0.017506932229489264,-0.022227723763299404,-0.014179787538591287,-9.504980891295268e-05,-0.08312383425658638,-0.011535718591561989,0.029764158529221256,0.05971034408668027,-0.0063983288175556196,0.06332629269060314,0.03331530339631441,0.05890650905146508,0.06319862023907843,0.043816134727303044,0.029360583065551202,0.13696407357623716,0.04089307116310404,-0.18996160412111657,0.05881159006196937,0.10927481145702715,-0.010053782833592387,-0.03328467438972516,-0.056003543039178455,0.05576512517315163,0.01916863656711276,0.0013136456465708938,0.027479610037109477,0.07479965821852272,-0.04861755605806672,0.21708831494594993,-0.06938094488793975,-0.12609616625169523,0.11927716983377662,0.06487471617908139,0.12888758336630446,-0.01563336608425339,-0.074673175669524,-0.13779616019025895,0.10470217998618238,0.11244683941006092,-0.02071540389605505,-0.05528097077454661,-0.11860584576024462,0.21451259268299663,-0.16375999192329846,0.05721418441379206,-0.029643091061008237,0.1342618414534174,-0.11642765291889048,-0.19887141778269607,0.1224173193025486,-0.13741171421721587,0.0183345702375994,0.03672670205094986,0.015132315383098838,0.05615530255764606,-0.0365117138534623,0.11317421652353397,-0.09119645995167168,0.016621542160507485,-0.07733651672178689,0.07558662062566626,0.061472691931065124,0.0007474113737247059,-0.07257669487890636,-0.1308266436211288,0.12020900719164049,-0.05755300088761228,-0.0996656204597134,0.0412743891776136,-0.027121342797274923,-0.13188672123207557,0.19440892695733436,-0.11700712586709111,-0.06629149586218959,-0.03791558020363295,-0.026916201818215364,-0.13444130337929994,-0.045930743979892004,0.03496865243416891,-0.028280635001093256,0.04237761537894715,-0.09240267165486318,0.054724781280132,-0.07845396658848715,-0.10270885950337122,0.230874461690641,0.014004722774331232,-0.09125004728429385,0.09441762224875377,0.009551969433097912,-0.015270141709681134,0.0677767182030193,-0.03346739092819717,-0.038703679498081955,0.14359531082729832,-0.1328444554573372,-0.0907312663653779,-0.0701895960921549,-0.15537415091720375,-0.08587289810101315,0.04090677745601318,-0.09637683844701399,0.005016532329278176,-0.08945320314136121,-0.007986638900249027,-0.054541953771428946,-0.04429893972091633,0.0392168929671707,0.054851674443218236,0.02887749534656314,0.060300208001804634,0.0063619956705769755,-0.011059902463312172,-0.0019825581660005776,-0.14195354884943318,0.06144981233144613,-0.049856282166762654,-0.03414954948852304,0.02815724327125283,0.010428561020570203,0.051799902087555395,0.020356313069988134,0.008929296494693253,0.008275834309502437,0.006008047704365017,-0.004311907701028774,-0.022173352943525616,0.00249821113191005,-0.04194752031825918,0.0005747429100481854,0.002023035570997645,-0.003756697516029206,finance
105,-0.07848619056414592,-0.09756399259355725,-0.054498641043164604,-0.05287601460901219,0.0061320459197464535,-0.06573833847958879,-0.0864681000286508,-0.05266546911779008,-0.0983613738049452,-0.003474209270050068,0.027972320233073517,-0.0751852737298422,-0.049985953867387065,0.016175869404506535,-0.12606337070702392,0.008344737580594152,-0.008180452694638995,0.10607192831991304,0.09966524854560882,0.03385735782966276,0.2426102661397232,-0.026004137450946218,0.05156917409018308,-0.03504974283267868,0.05098118021590596,0.10161668206372798,0.09541464717560641,-0.23815668961356154,-0.057097083456744115,-0.05132435713270017,0.08620595458537068,0.0026113793700958425,-0.05443802080838027,-0.028929516498936297,-0.04100213991933346,0.033999759374013755,-0.010018205139908764,0.0431442343498762,-0.015793062812571135,-0.0014719526988642275,-0.01713943094903583,-0.1075150889371999,-0.02488705286492267,0.10930664874627183,0.02901787166808257,-0.11302352022669372,-0.16051534896696631,-0.04810614097945605,-0.17231643134695213,-0.11088510372977337,0.05601175078019772,0.1261967213395971,0.01555898792488753,-0.09856846083265673,-0.0047913518031099025,0.0640308282340873,-0.2452067552428477,0.06306743179259368,-0.012165972360823517,0.08113153258020528,-0.12364274188174322,0.019764443165982814,-0.005088102479832143,0.0002522333720593944,-0.045493796243480995,-0.03665249590540711,0.12611984082891123,0.1660839491481523,-0.051381389184978435,-0.08206565503498191,0.0700479066069137,-0.10773773958032268,0.08074772969977888,-0.12345854910464105,-0.0489436508364891,-0.1497386602514371,-0.15721503612958282,0.16502289836137282,-0.10614986954432894,-0.10845603563419932,0.25450554118975477,0.044956529479048726,0.049453810342872176,-0.030851360890894176,-0.061120592521150735,-0.09672782334831537,0.007321782518892288,-0.11483156683645726,0.0016413444305106147,-0.01787502795466301,-0.1278397628269054,0.11703738749593158,0.053916834133649706,0.05686184557507418,0.053505582485552594,0.0909018718714712,0.0720981998499357,0.01898321337609866,-0.05053596729455757,0.03475913695555119,-0.02493216932471597,0.21512078911166763,-0.10283287467318522,0.09816641590209355,0.1164726738706993,-0.0655789389081033,-0.0862091822855349,0.04453169517278836,0.013836414250930922,-0.09669826090029708,0.09140675458650838,-0.0659690003475463,0.01038006446736683,-0.12065577041184086,-0.0166301975872871,0.02154439706824928,-0.004240192085142843,0.004714583984713454,-0.05002892645821925,0.06272599918612862,-0.005811904888138718,0.02733264912577646,-0.007015490667878916,0.054444146775251334,0.0310003224202829,0.01657550018122769,0.003620898731831183,0.007567558282372729,-0.01215091555339091,0.035066643597842756,0.033840493425321784,0.0022467316111514516,-0.015201652772560723,-0.005622513227537999,0.03109306061503059,0.010585751642690856,-0.013002858878881147,0.006097652559567437,0.00448138264893428,finance
106,-0.06322349592116072,-0.06680070141426912,-0.004044256476974636,0.028195777524112318,0.013618379239008972,0.024786395480349565,0.031230771117717254,-0.012191626447689865,-0.039426016659886966,0.007787881568035288,-0.08989085637971093,-0.06254546724791227,-0.04642995502767497,0.037477153221509754,0.05131809262756257,0.021807231832754737,0.022969109187436807,-0.05365782809156939,-0.05347843909737141,-0.07582029305711487,0.17376853085991983,0.00414180275408357,0.028507468053316724,-0.06586804828113468,0.03658265631347506,-0.05447551221378362,0.030804020629391325,0.017026264645788065,-0.028665757829208324,-0.0016020711847083671,-0.007947169183070969,0.04233721953244516,0.12824064456173734,-0.04527289730384437,-0.12933211993202698,0.08449127241700972,0.08532818989509622,-0.23091429522987286,-0.0002729880246956905,-0.20979940069606126,-0.15301835903103192,-0.03598168444659452,-0.20205153549872062,0.02013582426275068,-0.20637848157207533,0.002881530409873032,-0.017829540177364774,-0.01760631107243312,0.08031496435525973,-0.026253010583911426,0.1379209984280614,0.0854659144207857,0.12538397366811505,0.1774310586240767,-0.0954811308748328,0.03928694351160269,-0.03268389566696283,0.012449311575674324,-0.08932192139748805,-0.02822922022837214,-0.1167367244411904,-0.06772445374713112,-0.0674605671817123,0.012854835303175138,-0.233128437152019,-0.15183785983856457,-0.053680395405528186,0.02754108841294819,-0.04455567589104418,-0.024133100965442703,0.17714612561933485,0.24894187959953826,-0.08162010941185978,-0.04646622009452404,0.021147915304501143,0.3610715511692736,-0.07452650559152377,0.06693947589977083,0.07435179930433368,0.12083707338001992,0.11983772349948883,0.02776686215078201,0.09497181886824156,0.08815523500742996,-0.08999193181124475,-0.05869943874241263,-0.020488308409504576,0.09357688561663323,-0.13747814266475702,0.007533020864349864,0.004609721061227285,-0.0930832622375938,-0.00834305697742233,-0.05957965933605295,-0.006332589800680451,-0.03233165743458388,-0.09700188310700723,-0.011651927318571731,-0.042183127102474585,-0.01901673213856368,-0.004715448412357784,0.09660056310675205,-0.05302252261533665,-0.1055210882346471,-0.008023530853150693,0.09495788959666249,0.020100639019313804,-0.09521313512435492,-0.009929336519216026,-0.004730452222899294,-0.039074049819906684,0.006770497020124302,0.014966508428596155,-0.015379273555702533,0.001443331417006629,0.03690472140720746,-0.03398637846014441,-0.07501775484151067,-0.04643797190617409,0.05058244265204489,-0.030534343779841686,-0.049293150058901516,0.022168817013448743,-0.03293019605570056,0.04250048563734083,0.006821864574954403,0.005858333347188732,0.025871102148388413,0.03972446620542113,0.008529068267369527,-0.02221040802498636,-0.030024236456179788,-0.012224998997304483,-0.009546128973927455,0.018490023787518198,0.015669065938747728,-0.03233445529764728,0.010026684174657808,0.00019473802850819626,finance
107,-0.17915108653813386,-0.19317813481216617,-0.20851742625475725,-0.13182230999453276,-0.08797129565259539,-0.039254287336424415,0.30722012867584475,0.2554024132862056,0.4730917328204327,0.10336709811286417,-0.032647130638561186,-0.05901804197200024,-0.07332880048349365,-0.21878871859843663,-0.030279143859656434,0.02492959463020678,0.11736674492710886,0.036093523363560316,-0.06493387541058146,0.026644930359144347,-0.0010212409748106355,-0.010794062015288713,0.021256868342216736,-0.007220888651465618,0.07754423642644091,0.031233853178888125,0.09976684076108859,-0.0038957614056397086,0.008430449756845019,-0.025832524005394,-0.004993524557016915,-0.031882005621753425,-0.05810811272806366,0.05626659896092497,0.005094885937138679,0.01472118209550613,-0.04667947111549753,0.041679026938352966,0.05558706988533174,-0.010238554762551196,0.013618035035248865,-0.05792495541918354,-0.07480306581832412,-0.07365671250797792,-0.007773471552662998,-0.10710917265490606,-0.03918863251098217,-0.10950282287448855,0.047669925243382344,-0.09164344532458733,-0.11276837667822695,0.04001849575923606,-0.07726503774921122,0.05208576695272092,-0.0015272456162366886,-0.020488314155877183,8.495341657966639e-05,-0.06839058662365971,0.05699591390608817,-0.036272096113185506,-0.026932764362531243,-0.015401065727561673,0.07990838923066,-0.013422639131436728,-0.02701186446245329,-0.02220364516763394,-0.022297850774829098,0.015507697500359532,0.018652322352770714,0.01989773144278595,-0.0050609210981269965,0.027168074088783363,0.019448771543955995,-0.015163200297614511,0.039086211374757596,0.03156388143992887,-0.01929613229878925,0.03919842456303389,0.004303204087749787,0.0006584712292108604,-0.02044135411745667,0.0024142880280749236,-0.037171760406630644,0.021602328031371004,-0.011890699167369394,0.024320464970492166,0.026065732465457632,0.011617722682591656,0.038528360676289786,-0.03283395320694003,-0.014934900947478685,-0.0036921040388875714,-0.016922846754239777,-2.5899943670072233e-06,-0.01457708395076776,-0.01344655056204782,0.02273091253231713,-0.025538684763960654,0.023234788380721145,0.0074406556668790745,0.04376428026207157,-0.022280899798594794,0.005905345036820363,0.016212144691255367,-0.01876238257970302,-0.0048836270497160114,-0.016819103361861213,0.0005596435671123257,0.022113489894056905,-0.02057595182508979,0.023096355335152766,-0.03540091460287738,0.03489372586410351,-0.029218616885845962,0.006242158057714186,0.0016082862584982465,0.010997346833187281,0.006742227449621804,-0.021822073760509274,-0.011423908160833154,0.014466639626768259,0.018643148037484354,0.045653061079919996,0.028127808846442066,-0.011686398813529463,-0.0005566693566338857,0.043838481983987404,-0.056258011386838454,0.007827050328355192,-0.028545112376358307,0.011242203611759895,-0.007135848630576046,0.019384258914071917,0.03423673971477457,0.010319216673498045,0.021171752481757487,0.02777194131450725,-0.0014080939287271998,0.0009551586749986467,finance
108,-0.09277933265954216,-0.09342523276399141,-0.0011893632228883854,0.03798729998388101,-0.005913956562109657,-0.05024280032536212,-0.043700747121964964,-0.017594039648334038,-0.03489805587447848,-0.015046421429800998,-0.16877053197269537,0.08934796998996108,0.03138847626386145,0.11379748444869767,0.0006268925049732584,-0.01704515430022496,0.003511613934699381,-0.04334073961972233,-0.04253762335911586,-0.09750955458268332,0.04672984723417075,-0.1516992487023385,-0.04031585158104314,0.08925978039006058,-0.013459246171700084,0.047936331819902665,-0.01214401005919643,0.03786296782177246,0.046926347340414704,0.020856003292788805,-0.032675560269114244,0.11752677881279933,-0.060130823675218575,0.014772400877914841,-0.06186886728243337,0.11840196199294506,-0.029895332367752856,0.04231951547173832,0.0827592460167324,0.06928993709907157,0.05701848340908517,-0.03205403542549789,-0.017700714083931,0.10881953887805348,-0.09609603055961427,0.10014605946544672,-0.021770466858336716,-0.016190808838150165,0.1745205727467049,-0.03641471514451802,-0.13085439924808753,0.08972404952839387,-0.05811122797367882,0.02502336006566923,0.08841862632087621,0.11097073193054283,-0.10386020919650113,0.266746476072998,-0.1135139728541012,-0.15846133748519495,0.13107614588766864,0.12153832808837008,0.17303629538955292,0.31569234238518895,0.112589849156745,-0.024209792636449096,-0.08024217946929454,0.013265528062859588,0.1072469888110621,0.05073197505446336,-0.12205297796445345,-0.019278827346288104,0.034080884614628854,-0.18283956344828237,0.15726176084400048,0.04243703880753299,0.06186602538705241,-0.013720674971429151,0.04423969819969476,0.07705334486347802,0.028171842029455364,0.10900682507159254,-0.037119777898503716,0.0008578774393974706,-0.18308274026350144,0.14556231850352389,-0.05226613514545282,0.007667225942421873,0.0015874052845052632,0.05111344035837033,-0.02907216405755462,0.05484490435734018,0.0024473661504444116,-0.04305468235121976,0.03473110913171766,0.10670918257317556,-0.1345091506497664,0.14654717260276043,-0.10071908201595138,0.05115263403215073,0.013747383325223463,-0.02979922705354513,0.02481606643866871,0.0042473083035223565,0.004795535377469741,-0.03655372652456843,-0.07240239796956957,0.0991586819790835,-0.10949687840600746,-0.012496817388155997,0.029501783432110948,0.05193430639163451,0.1499391316933653,-0.050795103884753015,0.06847996947168936,-0.02717907225405501,0.016839579341813772,-0.06154835726756112,-0.006340808204761599,0.020139885573533647,-0.03126542190746268,-0.045268219070760535,-0.02962656797412107,0.008401524948933672,-0.08168196407216584,-0.10397800643396438,0.004853189125364983,0.011969485204137098,0.018554166285224428,0.011598532725026138,0.0075628789128249834,0.047414050944926914,0.006083202593804893,0.04341283748926356,0.020802522835593223,0.02806752245398277,0.02119235723054132,-0.0009117164086029617,0.029290930576045114,finance
109,-0.10166590014376928,-0.09449978939158753,-0.04194820808139472,-0.006013077070705492,-0.016418897136114344,0.08277863805233648,0.17426850068572555,0.08366717262491558,0.21764852861032996,0.05123920821757744,-0.13269636519280084,-0.03285949070835104,-0.07210013426093868,-0.08485184121430893,-0.08875435319223578,0.07003910185085448,0.0006746365101459322,-0.057361487422780466,0.17249879205037558,-0.010661679865826152,0.03460932085769798,0.1418061527553423,-0.06063307574761903,-0.12934279277056843,-0.04595897831690407,-0.04547073344693627,-0.06397606625207956,-0.08904002916756207,0.09600627392335224,0.12147303396238425,-0.11969223632614048,-0.003624877354985492,-0.010394376453643677,-0.030842875277073297,0.0832361098656643,-0.030376340815224157,0.019011609361184654,-0.005716421638750491,-0.1552639267937271,0.037708067664742356,-0.0776673150449507,0.05443614528360387,-0.014067844545854464,0.06024982384621098,0.0015218516500504337,0.18805358717597467,-0.010047512110609901,-0.0017385595418677427,-0.01849051266373075,0.21710038306302143,0.1353660401174382,-0.016261203900537244,0.031525335001674905,-0.034553054298116316,0.02956388852791395,-0.03594138901202876,-0.03979124190774264,0.1593573796830281,-0.1369436224332226,-0.005855682213308542,0.05687763162357599,0.057205241006715264,-0.07294806258603403,0.006799809723861304,-0.05954252197865847,0.00011128934562806574,-0.05338705036046429,-0.02602489937479133,0.020389978207968142,0.009381233011151725,-0.12378591266248151,-0.059451185072985704,-0.06857123630938382,0.057457378090381414,-0.11892683845045349,-0.03365972862828113,-0.037019730725552015,0.021121332665024712,-0.020942614153218832,-0.0015836042002874027,0.037918345697050534,0.05160765738254892,0.11903400565165481,0.0012792936884898874,0.03415771686026956,-0.06296423554886012,-0.04098896832832217,0.024016989081919876,-0.061884663899498996,-0.050938407685798624,-0.025385255857768366,0.04345687739443575,-0.09136574199595622,0.07375823885822765,0.028574996105784057,-0.10614703876514506,-0.008315470455942076,0.07949857245528079,-0.06856962950893074,0.12586947081916441,0.02304851389542359,0.04576413742938402,0.024603543898156447,0.08499851574271995,0.011820866918747066,0.06916833838001038,-0.14159160162797943,0.06102559786805204,-0.0020017873815718593,0.005496792883423238,0.11718628189628055,-0.024032078483583033,-0.033764071972278833,0.08885834822029919,0.09440887418185044,-0.00205293758768708,0.047629143359674844,0.07855757934616596,-0.07210115801233331,-0.24524833498917634,0.0025876776753798333,-0.05958895157297559,0.14863938777988372,-0.0946427640259771,0.022390257545091528,0.0007519038900908048,-0.027425368044598164,-0.05651007367865871,0.10591654899351452,-0.026617588034354506,-0.05314871581290865,-0.043928801591673367,-0.08010160408259509,-0.05544387498453856,-0.05206827366709685,-0.03621702862676663,-0.034798995565416255,-0.001815238365579345,0.08710655267859807,finance
110,-0.0908177897722883,-0.06742074436948521,0.016340210531805732,0.21813314286517507,-0.0409751144915615,-0.03527215454243837,0.017961413438889597,0.026298831705002065,0.027093577277045772,0.006942186270259446,-0.06038096609102591,0.0016754516442479001,-0.08965911311147483,-0.00841572794505012,0.020038137681195653,-0.002499666090264946,-0.015403671203476662,-0.009613168206095878,-0.01394611006597114,0.06451433063924288,0.0777342084830535,0.004797049187472129,0.14554309478176886,0.1051383577510802,-0.08756610105221525,0.025941860045803445,0.12526712220135056,0.028947249727364423,-0.06350857355312094,-0.1648025236352207,-0.10311518678328639,0.2426178998361027,-0.010800917564384026,-0.3720936538869418,-0.08232122212860739,0.029991854655703788,0.053706221088615995,0.15026216946842286,0.1307090012764125,-0.043791545049898545,0.025124374875724297,0.07624156080872316,0.2527027853550604,-0.009140202747072881,0.047870906749753965,0.03743673831333646,0.05500023454919129,-0.09188726790595297,-0.11582552010300409,0.1559000408570751,-0.0373798860869559,-0.00971138052591223,-0.02987819916330636,-0.018491693212969205,-0.029015402740261393,0.080946497839708,0.037543929477471844,0.011588010051415501,-0.04526159957215274,0.06321554488852713,-0.0065736775325673106,-0.015342445462625063,-0.05595719177251269,-0.07940110557274084,-0.004152444205919893,0.002574362548278296,-0.02139055275827917,0.03214198791638131,0.08338445352990717,-0.001819749643854909,0.05393307593816251,-0.01791759492125936,-0.0650240735530052,0.03511012638992467,-0.021087764307865478,0.036254894498290724,0.0052004786156697805,-0.06287520156366867,0.031337725893480876,-0.005550442778457468,-0.03941266600883929,-0.03500960872939553,-0.01585157385964045,0.019299930373449087,0.04084718846515581,0.023986603787335664,-0.03684916015962244,0.014513277057773978,0.04320410661556558,0.005746102144838738,-0.011567021331558494,0.018445589068528806,0.03779783553080763,-0.0724466150183189,0.006560026272184609,-0.10115987824401988,0.05165051667885322,-0.009592829127079821,0.003806834976188732,0.058817927416976244,0.07904070319999033,-0.023804348747427855,-0.05537714073537088,0.06435291919801865,0.08328252070528154,0.01602685829423703,0.006815017009296567,-0.0614004204428712,0.022973424660695328,-0.01370382384411874,0.09478900567116555,0.04829313874061736,-0.003082986333473096,0.07539902011360007,-0.036166861887841247,0.0038183440583296193,0.1260055806669867,-0.19494204271108148,-0.06154592849382185,0.14029230141636145,0.0608807269923438,-0.22553231688313644,0.16869685577750243,0.1099303362271911,0.014888835492688391,-0.03304067118223216,-0.07838549151039646,0.0760607603382114,-0.06954843797877538,-0.08444879285755814,0.006614050838044694,-0.003393045651565869,-0.06406091916205453,0.09801553180313817,0.023392961976721978,0.06401478415485286,0.05862268742876331,0.00994984294996906,0.07686104508877126,finance
111,-0.12635474787584114,-0.10773818821203833,-0.04306879160448007,-0.05081626842023269,-0.009700695436122517,-0.03642947568876689,-0.08647147386891482,-0.04430534200386454,-0.051426913852688556,-0.013770879746979537,-0.15027139195977243,-0.03475970828711629,-0.09142713044467804,0.02291087319292936,-0.04410680440853918,-0.07263640047213779,-0.14797699628951003,0.08308186536681027,0.026845983265430695,0.03468968683147208,-0.035250492660389196,-0.08641000013321229,-0.023129083636951514,0.07456930068831662,0.017267060441939,-0.02908256070349808,-0.015866372799385093,0.0819604695975825,0.104149668136197,0.00727722006598361,-0.04593274631005731,-0.0564396465564788,-0.060407831047246126,0.05686379760917112,-0.03751134479884606,-0.20613613929909338,0.17131606603695196,-0.013033760413420862,0.1868242042235386,-0.11278442512231437,-0.08788834291700644,-0.11211591241416094,-0.10605240505774954,0.1075888686820109,0.0397516944630407,-0.01743312765543271,-0.1535308733958158,0.11492696711566988,-0.028529399583902396,0.06507068693751485,0.040879933641858976,-0.03787211623367959,-0.18730747443921772,-0.04381108662216254,-0.10210974210634731,0.009086725495571199,0.08633811197932759,0.040883950448712146,-0.033141842549038736,-0.122210983307424,-0.06267729859368197,-0.10871316682223682,-0.012014788509182717,-0.0988159807731955,-0.02247738368280612,-0.10436496661086589,-0.014160757223271219,-0.10661098145211394,0.051114311741050376,-0.09646609435319824,-0.12107818385106178,0.0063936127721792,0.15969613228656182,-0.15385487017494087,-0.004222987084712811,-0.07651751664155607,-0.06005308226958064,-0.06192490266292096,-0.025859599108076243,0.0374885891097832,-0.16613614987376069,0.016527603076735845,0.06594661092514323,0.01985332968746823,0.12111271750785962,0.0994745413125059,0.044951855786027214,-0.030081961868557605,-0.026472217431083866,0.048275022618274606,0.04816349181969529,-0.03427012276096422,0.1034466567725454,0.14523871340849567,-0.07915572808090603,0.05283113334149344,-0.15006121367569517,-0.038858151611444715,0.1103588843367702,0.0998251174316858,0.08333095115777615,0.021037682053972318,0.09298101599821904,-0.058512131012865,0.17738083059939644,0.05517947165545976,0.09785968543883734,0.07827662374380905,0.03727336028144431,-0.0780353056868342,0.0343911803132132,-0.06214496031406889,0.0982156008317551,0.02599401680839304,-0.012320237836288007,0.1397989072292247,-0.040469252382907085,0.031610564481525,0.011705476497997306,0.05099907786776116,-0.048561593414521216,-0.05715720348297452,0.07386620290378879,0.026741374458064585,0.14030137645418359,0.01597459711126586,0.03241820276748698,-0.04383165655372364,-0.054713914145781715,0.015430180177360878,0.0013767258926008048,-0.026231039050017196,-0.08729929257557276,-0.0057193993975289325,0.0062596092143359094,-0.02175188118165322,0.024351352493434144,0.0358960247834368,0.012690642212376445,finance
112,-0.14450173225172305,-0.13226799809187814,-0.18607790067668695,-0.07168962961805848,-0.05672397363841045,-0.039663790438901864,0.26909618708459,0.14153906159098734,0.2858925990157393,0.08114279974706753,0.019665857317563398,-0.0708294195684595,-0.03253405539130178,-0.12013638594061275,-0.04705571652437314,0.010675748373470129,0.08751693616675871,-0.010257440654320835,-0.005441193652661173,0.05053504667916594,-0.10959824974957931,0.0009867810122577523,-0.019335505694410757,-0.0038625504278367393,-0.032261378024056174,0.13285127023993545,-0.014832603078626395,0.03460206085970441,-0.025714228874829107,-0.013793104578157796,0.0013228641505987817,-0.037072299594835816,0.010875640549545276,-0.0502040808431147,-0.04084409672249641,-0.11376709866385756,0.026613427284176705,-0.009269658355871131,-0.005987102077902598,-0.08199549012374327,-0.013698641902009376,-0.03469250885431933,0.11585894849902437,0.025078523031908984,-0.0285222696557567,-0.003479944651229131,0.08080789963745974,0.0670079588999292,-0.002936754660569685,0.015572002566844594,0.08296813988241838,-0.06394797650624937,0.07638420193033733,-0.010094968465637904,0.03205553061959575,-0.02207892033935328,-0.04427968412398708,0.005143629800603559,-0.02799568454284247,-0.03588004171571938,-0.03484060904925876,-0.027183095776878684,0.01275254593827274,0.051901595610306994,0.06329537582079339,0.07135236807951348,0.07843592928914221,-0.07482710897314435,-0.004894391626275602,-0.06328998629688737,0.05052899014568553,0.08528808924834312,-0.04458359246879395,0.041351209436062596,-0.02921273488492819,-0.07285416189110075,0.03144388148609619,-0.09350226739928519,-0.12436516013995193,-0.01432201621867095,0.061899347510049295,0.0881578003617465,0.052717388863094176,-0.05625610810693258,-0.11306021398033214,-0.0068422588021422774,-0.047252705203088385,0.035492666375485156,-0.14366204179229702,0.011954628123729074,-0.015477707085936186,-0.1541097722235735,0.11671441527693885,0.08258296776687642,0.005084881213438299,0.12339129975198213,-0.08278034540579449,0.04100663833708967,-0.11346321317516349,0.023557507507345945,0.03422661565583531,0.008124241223358086,0.06511615853881801,-0.02041728340777358,0.07068402652101229,-0.13785578769651535,-0.040270868786410174,0.0029059320716140835,0.08645069606511162,-0.05142854737084396,0.017498018922480176,0.04349548654913424,-0.19460169228186713,0.10627494559601165,0.0795399245440721,-0.020480769665528198,0.052663208209686375,-0.01853477715718156,0.13208300610652884,0.03394237827539037,-0.026089137340034287,-0.013911648040475644,-0.13832771790764747,-0.028410025983560124,-0.003447420090828019,0.08830714512277459,-0.08149190871094183,0.011979157381192516,0.004658790675463372,0.13699787238857794,-0.14968595072022153,-0.015242426394846874,-0.04122306965741805,0.026605097896219263,0.10121952588206354,-0.0031848274476521644,0.1712570094331687,0.0821605705568787,-0.12287766187877762,finance
113,-0.07644813827488339,-0.0897156392538902,-0.0311259206031643,0.020921526280670268,0.0058960545578732254,0.05835654511576955,-0.0438934006093766,-0.025738511005863843,-0.026543186263159668,0.00384671278012139,-0.13906693066815312,-0.02971813872164466,-0.06626908525276186,0.05879307009600363,0.05878814172243362,-0.0050921619509813176,-0.0005226485730303386,0.0802641210950276,-0.07626956861780891,0.019599923616794582,-0.013649053989474908,-0.05433781567886826,0.06033444110671312,0.17853716145324014,0.06381468887785009,0.12829391952318586,0.24652206290147927,-0.11162722280563864,0.17196988886298797,0.0346019449001334,-0.004340285900370289,-0.05741556055465,0.11415154712081074,0.030988268589905922,-0.2123189654466232,-0.03952093722915914,-0.3076652333288312,-0.0005445768044819623,-0.1655650053640189,0.15483184101132713,-0.05739981580091828,0.11390843385416927,-0.07317590739366596,0.09745805123020845,-0.13750406840790919,0.06867326571056045,-0.04722942885181727,-0.06613070351278803,0.027591427476050676,-0.06563658105785174,-0.014169817149248434,-0.029207003711405964,0.07339899320673991,-0.08364519140541246,0.035615171500459036,0.05319302186682482,0.031890165743363674,0.016432048187657887,0.13820627036919297,0.13744015611863372,-0.046209905359759815,-0.0710722170766223,0.012465068734223452,-0.15893645357547412,-0.11275215787837806,-0.04412564302589971,-0.05099528347276724,-0.17543393284503195,0.08247682719127118,0.001196747471984553,-0.01677236796556664,-0.04893454148257041,-0.037345042243607116,0.009644183671292376,-0.06037764103257962,-0.039611691106703366,-0.01829972130397212,-0.12345104005811058,0.14474282545402092,-0.058819856076557646,-0.16928060938796324,-0.008420192558771652,-0.06918238416318144,0.11491685966537647,0.02344630367317206,-0.0170012103989214,-0.038314570959742736,0.026328114129847504,-0.02606517133621222,0.08169446561571704,-0.07673822273963048,0.03387482136590283,-0.00372223916614276,-0.00872408769356794,-0.004399003502746246,-0.058171455562824985,-0.040859443944458666,0.018995542695873262,0.005656458127570635,0.053234185512308636,0.08362305492359967,0.03982427531549288,-0.016950008149063837,-0.011109962118807066,-0.024893047437680636,-0.028630739100255383,-0.15230941908162843,-0.035745664261156065,0.0019347118107609937,-0.01924385715895771,0.0696872429660875,0.02109267868567017,-0.08621092830916535,0.042056469865596975,0.026724824521036323,0.022219861438951473,0.055455853859826806,-0.0343903966463035,0.03956878356037821,0.04058293524129107,-0.18116977429370354,0.08730210402517637,-0.1748117119978362,0.045669279254388837,0.07244801579828365,-0.09299218219032068,-0.003304657715837679,0.13600059140626422,0.08881289976459673,0.07451442231437709,0.042179669720632945,0.08201176929380952,-0.022864547504923286,0.031217202678008857,-0.06780501574772693,-0.010132485054754793,-0.04325668439449056,0.001530064367758365,0.02759320720705222,finance
114,-0.10167883457308531,-0.08525907554947318,-0.09123514767947627,-0.019750860978426762,-0.036053284685524135,0.03681041576264029,0.13002540748878993,0.11073150851478693,0.23373843148708642,0.0729858373350567,-0.10164130233850148,-0.059496048359198216,-0.10166954559580535,-0.113303930877376,-0.0418003471238809,0.00025826211744380917,0.08471113197887424,-0.00982216894782048,-0.10142823930510199,-0.016711534101334836,0.11975677502515067,0.04338377097079435,0.030478069276860448,-0.0779225866933158,-0.0199914860268678,0.020462776719737185,0.06626443762897756,-0.0073518794376727465,0.07187859200691114,-0.02628730552400042,-0.05886146702306727,0.05504919446292381,0.009252695828334368,-0.045593209859606916,-0.007132910711815558,0.04362880968263246,0.059392930994897945,0.011781215359977289,-0.018662073686731617,-0.07496169494683344,0.01770663895976317,-0.09134111534629737,0.003744121535493951,-0.03347725444639109,-0.05203714091974487,0.069097251015861,0.10717037283617914,0.2790720793615848,-0.026409871045949163,-0.025190079328997902,0.025826888491016293,-0.06967050403129665,0.1247547556410306,-0.08253255072034417,-0.07219018684111318,-0.005519961586803881,0.009066948644674977,0.017328684782874346,0.1208816874973589,-0.019099301284838326,0.10663349485688393,0.0067070438911528705,0.014853222596527037,0.10439818525659458,0.11333918042917271,0.1147320290909283,0.22333003788671615,0.06379514385288625,-0.10237821306374792,0.17041283976148688,0.1747058498534756,-0.10534882193150699,0.11786470924080666,-0.07287958973749323,0.09232900910456275,-0.1336228108391042,0.15410600741537236,0.012902879432295981,0.08845213689666899,-0.16984279820504514,-0.0750093275407543,-0.0767411561697767,-0.008896677936120442,0.12845900827678913,-0.0104901050550656,-0.002029321653798674,-0.061050008934670864,0.05509795478036701,-0.016377251156134462,0.12664850930576893,-0.002214082240237459,0.028439933492259657,-0.12268519966161044,0.07623742829876835,-0.007261167588424151,0.08006373697266421,-0.0896282164979152,0.027622974465159697,0.07002004327315235,0.01948467247233294,-0.12318400836698228,0.10742520312663048,-0.042491989759367035,-0.09309722489787989,0.028848787046999717,0.17492225377565698,0.08626889321479879,-0.039748637323892694,-0.0655316812588782,0.04492917506002595,-0.030016662079201548,-0.016799494396602638,-0.060185784729293645,0.04357855589495235,0.035111401447610276,-0.012398620771123445,-0.08614322109511698,-0.039052431888107204,-0.04168210515090271,0.08605078069002738,0.03892158032601865,-0.04089758324870331,-0.020608714082736478,-0.004663780514141136,0.05392768244961863,-0.03617053608626724,-0.12670345077227224,-0.003037050880250567,0.06454631222844581,-0.061007105749993545,0.05377365613779354,-0.07641593810271453,0.01772940795736152,-0.04529241314347246,-0.07767023846526701,0.01097906623331235,-0.11170605095549359,0.00501116021360415,-0.039257562481885035,finance
115,-0.12182012589985393,-0.1375109972239733,-0.0968942608317841,-0.05195847536195056,-0.013539279961021661,-0.027620460416809666,-0.09194388917823369,-0.04448645210337195,-0.05826414992666104,-0.03609701454700381,-0.13417767914482526,0.04899436206758707,-0.010758483249648293,0.08538026666302613,0.06167035260740444,-0.00356765347997253,-0.07199897166275013,0.09642703665153164,-0.0115877724341024,0.007657805254123952,-0.1346160646246069,-0.013495633513373989,0.023254792734594305,0.16008936927757333,-0.002468044073743942,0.09312507329007993,0.178368188904173,-0.06760325836102025,0.10832889036108896,0.19893058164151137,-0.0753985903674553,-0.010084220840270471,0.057262570804879925,-0.055283142539169224,-0.24193472816300476,-0.0013416829671762459,-0.14807424089390703,0.013892159737793034,-0.033041246797626614,0.09205375839435115,0.04323285742540867,-0.047809659533071286,-0.13485293347564903,-0.04596682694971615,-0.02640439081752388,0.04608189679158534,-0.06556056448956021,-0.052873512111917834,0.033656302145657846,-0.08080608391031353,0.032002849175427124,0.035429463924025184,0.05988037195224398,-0.22055866789453754,-0.079504025536879,0.04468377273124028,-0.09866999685715337,0.10212077729256523,0.008862574451676708,0.07931544241268333,-0.08162036571419713,0.03135322837052545,-0.038129886636422555,-0.11958787500029562,0.061880068210273566,0.038613837601973254,0.13297066008519948,-0.0915710393966228,-0.004555504221077063,0.09806044297478018,0.0404825984093912,0.04314198645395005,-0.03309182858175521,-0.008434229853590618,-0.010778558218519838,-0.009940704960122943,0.09946448008785497,-0.016303853675250536,-0.051020553434690585,0.013742301089133376,0.07902882421788318,-0.040756653508771196,0.004258765526503273,-0.09366005818705492,0.08920665160026607,0.07237936400577426,-0.012199970665319635,-0.07583675176534041,-0.0035380263188543293,0.07774687035692487,-0.0026324425401567193,0.007251909766794909,-0.08424745024036989,0.07623900077923172,0.07164171878536742,0.023984943847237435,0.019968781881681465,-0.06913788852453817,-0.011738367947278183,-0.22157197701605358,0.04929980037060889,0.04876358883966234,0.08753700259520823,-0.10674392280752272,-0.08397423302746386,-0.14326889677322469,0.08242521545421885,-0.08239068626003568,-0.05897952787877029,-0.0005791759565839689,-0.06444276420443788,0.04144062483865956,0.10425728491026126,-0.020503085878546917,-0.027959799478342522,0.027206182429547095,-0.06187192444557225,-0.03802201584102218,0.02123140923144222,-0.06956730270716809,0.1895836803809363,-0.17701193134250034,0.09756809735836094,-0.17124033668809766,-0.06320362471630568,0.031110358447644832,0.02906700916944562,-0.03748678599316771,-0.08670793395779028,-0.04036521516835973,-0.10519353883038395,-0.032422595444445895,-0.009926720013793779,-0.0634596339138133,0.02443245952649716,0.006593623554785656,0.030533895424832612,-0.01812282735872341,0.005518141343276975,finance
116,-0.07384752701526658,-0.05049754854877856,-0.02857203947952345,0.12887651283948282,-0.02490093106600623,-0.00640546668324691,0.04585129504596627,0.0035211076435388297,0.042755619394043765,0.042506706990801876,-0.1111266845333269,-0.049091418088972084,-0.11403903819968128,-0.002347221469893687,-0.01103625095701607,-0.01909272239808914,0.04860668845298515,-0.008703076039585674,0.003274323158849597,0.018659658849452834,0.03956562491459274,-0.018295865019188586,0.16466243988653825,0.06893142441538429,-0.09023695605441584,0.07856509917913786,0.15490293129033464,0.05428808815758486,-0.07171562182730008,-0.20112052489258642,-0.042416502469605266,0.21744914523312744,-0.022140999169356388,-0.38643082806837525,-0.038683979124394224,0.019724073411734388,0.023171093615076018,0.177452531157402,0.17852546015935775,-0.10268363472199024,-0.03274217230891767,0.07601400394201491,0.22244784524993583,-0.007032984432724179,0.021288563999659837,0.07435617079397198,0.0680390803616421,-0.14660737781721925,-0.18011490804014818,0.10231752122578648,-0.04754118900453072,-0.09188993367349091,0.009951132347809566,-0.02620804937329074,0.02391902539769272,0.0612110456547042,0.06542231168079289,0.008680572185711912,-0.03081583867938075,0.06687004631396759,0.02075353018130587,0.011386541209646245,-0.018384943083872913,-0.08079234602500691,-0.07298860520536843,-0.004286020454425699,0.02932367209647211,-0.04987583456857388,0.05049287841501114,-0.03676534342152558,-0.016807806577600372,0.017746272685696635,0.015636962735412124,-5.886185412060902e-05,-0.06398904505808686,0.07483030808369598,0.005311165411870307,0.014845542275090403,0.02476864646912476,0.060142134190376687,0.09825925983920573,-0.041639689290821034,-0.035869677141583685,-0.041030390124447605,-0.07286893270157917,0.09040669784718997,-0.04166375903752951,-0.056448331726900426,0.010141383267298097,-0.034026480399050235,-0.019882760642765743,-0.08408281975259561,-0.05490708019536935,0.024906671974919043,0.03466042528093627,0.06053928526198256,-0.16466209898040485,-0.113855723521256,0.006026808115061413,-0.03464159516361824,-0.10158604585332084,-0.008414207268810408,0.0213317460964776,-0.01281244641847532,-0.006940822856921177,-0.01800184287333079,0.03453923996268487,0.07006397039933561,-0.05239208808026245,0.007012219690319691,-0.029229954642963647,-0.05200440644865351,0.08096615691342149,-0.0666623064735993,0.039785306663863214,-0.01828232641734698,-0.13751399928527339,0.18553595388999142,0.005992045192688622,-0.08093573818678015,-0.05020046917233788,0.1639085476324062,-0.11805751030584584,-0.09461076489196825,-0.007088191967443124,0.03345583034805294,0.07024377096431784,-0.023517590173466267,0.04296962311043916,0.08156498124514311,0.0006334648013993631,0.003415374021027336,0.06263784585358116,-0.050564489951885054,-0.031419245092129594,-0.04981013515952975,-0.07266928113457558,-0.030616062817059034,-0.06238596649231384,finance
117,-0.10363403892042203,-0.07668629011233098,-0.042282737467405275,0.006781778688243636,-0.03694182709624617,0.07362363987039149,0.15926116881898575,0.08533543227210816,0.21597693051998054,0.07309963143022656,-0.07207240710744181,-0.06308002990858484,-0.09014506100006422,-0.06432464148803325,-0.09773839274738792,0.0704249604265818,0.058825533401585,-0.09307900098564466,0.060562036617693805,-0.04965848723671145,0.057892205532683746,0.134753234020802,-0.06950296319761584,-0.1165700951434803,-0.0647191121366751,-0.009323529470454332,-0.0911017029222534,-0.10164567829716367,0.09291201514601836,0.11752667685826318,-0.06891731113023343,0.00968909973959317,0.00592564083440968,0.061895090418616926,0.04102081782952639,0.014756950839188796,0.03391561933698924,0.05258976073622538,-0.15130753216268494,0.13131118416117185,-0.025086848894143615,0.01869964549671772,0.06772850113427555,0.08239789379265271,0.043473384355732864,0.18297047987146592,0.015525771139487965,0.17852665399618384,0.031130389957691882,0.12005426657532928,0.19707410183519705,-0.009153185271051946,0.06499335395112667,-0.07434615562329311,-0.03641417174245849,0.05699245441051489,-0.021218008806088418,0.18459018510720263,-0.1902903563458398,0.06375741168167595,0.1118686150399583,0.03053967913648486,-0.19407419125374306,0.02328945054649313,-0.047295255641866,0.003687119163672916,0.004014025529151369,-0.07972771076431467,-0.03452331466762126,-0.04176867226012696,-0.08471049198374192,-0.016473862051699376,-0.07520682885896462,-0.06100933767826807,-0.11078871409880789,0.0017071256351849163,-0.03480173288964794,-0.021140047065843773,0.03949714846725342,0.06850871235046124,0.011994488654512563,-0.004702449497228801,0.10710296717059971,-0.05994515834919537,0.1035599220718918,-0.058580953068442236,-0.010821544311651159,-0.12061144545484365,-0.00963724184361121,0.10432387521481488,0.0641093517544031,-0.02849425113566697,0.1344773452043194,-0.13028904681359213,0.014262388766061692,0.035223596016430644,0.07015054975809897,-0.016380936045962264,0.024615484640076762,-0.0726177245603964,-0.0374251529429238,-0.10459704514970726,-0.08103171642061525,-0.03438434791577601,0.04037661754229909,-0.06498057722633659,0.12450448602213533,-0.007816970914461631,-0.05633971110459186,0.009902155564314268,-0.12168620904740797,-0.013089927484534768,0.12705813952775574,-0.04268221394651239,-0.07132805151445842,-0.005074190486360751,-0.01272239236338561,-0.00479279609250591,0.035707214968765784,0.1914212068603634,-0.01303619139203017,0.09042978310677444,-0.11749410174000899,0.08910895896520132,-0.029944471028634144,-0.010118051375816462,0.04833251775432536,0.1296095048760489,-0.1086258360657767,-0.028619906067194778,0.025333574700581358,0.0317833039806663,0.0650161359904975,0.046059528935600114,0.006307925998820228,-0.002173622715177463,-0.006050230240347656,-0.007639714044196516,-0.005756936399394438,finance
118,-0.18681565586545887,-0.1799194561488073,-0.18340698077311524,-0.1370612943879888,-0.09550683896544666,-0.03967811133972019,0.33785275857429353,0.2704654969797659,0.5450930299572354,0.13418337423723617,-0.0473814789587595,-0.09471665782919299,-0.12676267187256268,-0.22493430758025262,-0.08154714021729267,0.043252170274257616,0.12006641494336208,-0.002678999122779096,-0.012225673582586166,0.02213555250506461,-0.0023699202465923717,0.0375702304730787,-0.011264304345512672,-0.026537722837159262,0.05571836483222344,0.012406777268469234,0.07305522830462721,-0.02733349125097558,0.027606272653526227,0.023241105703876306,-0.023670738998333676,-0.03558234521507246,-0.03369308232011264,0.05902970070924604,0.0011340208481697676,-0.010154607594204904,-0.020123661004733152,0.043668610464009,0.011692305913523528,0.013244928914877606,-0.04541196908457377,-0.00017401496490666895,-0.0529886164342507,-0.005064462417943439,0.0022824347771968393,-0.0016554810054713,-0.0497686681839704,-0.04600399269139293,0.0450821065305476,-0.02540083815736292,-0.0032334142222545936,0.04420559088323851,-0.07919504965897955,0.02135168979345232,0.014307522882837466,0.021415421082072388,0.020537505228798037,-0.005910486191317672,0.00788063355329812,0.004408063366243696,-0.01172900392709687,0.012669472120423245,-0.002969567240783247,-0.009252532559862383,-0.017870387633930084,-0.01962335608415692,-0.07252689368729322,0.02913438078439989,0.00852568581629245,-0.009617324603779426,-0.049188747855339596,-0.016283879553775433,0.001086116454666454,-0.008433080838788796,0.014717941474766788,0.03707862827017028,-0.01644323964168233,0.013786693285347046,-0.0031866012610924396,0.0350936089981979,0.0020536471311887396,-0.018896704818003963,-0.024194264884086155,0.005326710332416795,0.02901621722041573,0.010794180503437653,0.012355483316611638,-0.04234652910804259,0.03990533249172133,-0.012769668335049828,-0.005458740228057362,0.017097652329313155,-0.015602936484590964,-0.029136083079863397,0.011259902840815806,-0.03645366330756481,0.03419822649589071,-0.02446240971073727,-0.002596578874568426,-0.007743411968556981,0.010723121849703221,-0.030013445942615426,-0.01653921833813588,0.01810431103083099,-0.015425895140620816,-0.018494202506530107,0.019934811514942558,-0.010994006380327917,-0.017840284329009515,0.021459492634501167,-0.018579241172922027,-0.009988430332280054,0.04444850459184201,-0.014116219711603938,-0.03840491931072449,-0.01609673816244403,-0.01427888920488866,-0.004530215556661165,-0.005741149571157998,0.007071295468860221,0.019662905974420396,0.008571613047332028,0.023150440829492507,0.009302283439477222,-0.010462480111145247,-0.016369857306088,0.03602050123356273,0.002860392572841877,-0.036557057179903214,-0.01712707761097202,0.014193638398870983,0.03366568227687608,0.0161799496075259,-0.016335336258082443,0.0071941596578050816,0.0034176980383787948,0.0050806857027620965,-0.018078724529191088,0.013078121224063132,finance
119,-0.18095362332152767,-0.19425565706783277,-0.1986123938232084,-0.1342608068875813,-0.089210719672783,-0.0446695633542864,0.3309110921109889,0.2772717041593977,0.5278030679885319,0.12084694608694983,-0.04719003396149503,-0.09077078331051446,-0.11092570324689711,-0.23630219186001494,-0.04886236239474144,0.02303577808838136,0.1165640364662032,0.03996643108423368,-0.06485984837864556,0.03933231309357934,-0.007504550662743487,0.0010214341068011286,0.018007104528785657,0.0006954672435045872,0.07167996559068684,0.037251760297486405,0.11666082441646929,-0.002500831890297523,0.008944961855065998,-0.02372219612965899,-0.011677275194486898,-0.023360574558192924,-0.0514296964269844,0.056908742860290726,-0.003092597951109147,-0.006352044393556691,-0.05008529693434905,0.047991019567148185,0.04388034293417391,-0.017040784316535117,-0.03268943715809269,-0.02535383083228663,-0.07438737948941498,-0.04140181601961865,-0.0226891103522583,-0.07613938443219401,-0.060410047243022874,-0.10068648518987137,0.048012389408467596,-0.07273436600963293,-0.05829300684565126,0.05651748029685601,-0.0976413313900839,0.05754484988102743,0.014750800814151142,0.01201511097258293,0.027490627370401644,-0.06357828918831156,0.05815698823733891,-0.004371593009581542,-0.02613647626144143,0.004543084220599081,0.045674495532568506,-0.025764262966190422,-0.015193405106342745,-0.014574939536304518,-0.07318088236636183,0.0480232884968374,0.021621046657862086,0.01888598873038222,-0.01702036729367655,-0.006601859818581585,0.02153764285098027,-0.013654603076960216,0.04868008985707944,0.04199537223308416,-0.00898868851694318,0.028072652651374416,0.001740966752482523,0.014442642131834191,-0.00304507944319363,-0.027929150556464836,-0.051214357268102466,0.024805629766829086,-0.001534411532260994,0.015579983727408098,0.018527265741883917,-0.01487919656227701,0.04108060095844549,-0.015697153859404955,-0.01094302932082819,0.009688693943102454,-0.03380556743487761,0.004578813232909157,0.0016747133981535405,-0.040743201563859376,0.028555614296718757,-0.03513629254494519,0.015962047189789937,-0.0033311413486941657,0.026869042841755533,-0.015504923883305207,-0.004118048640850727,0.021017943122914454,-0.029232333311542822,-4.5474947073491495e-05,0.0041775996894495215,-0.0015374686406869416,-0.0076548406928066545,0.0065246782536811715,0.004688580294886571,-0.0029736590050298455,0.02930248088075576,-0.023059714512650816,-0.02539295022545183,-0.014751163746609104,-0.009237916292189613,-0.012221377309330688,-0.024575384947931215,-0.012820183949355092,0.03259812597520713,0.019451807655245196,0.04094556052019066,-0.004926070302198312,-0.010267700953955345,-0.013162725930902895,0.02985165492129378,-0.014530454493542918,-0.009484683466363589,-0.01769888922104395,0.00224959104706279,0.026275265928969473,0.011281692612565834,-0.008037595153696418,0.004291684210715939,0.00351002868447412,0.01618082418293983,-0.011954902328632522,0.00044041379969695884,finance
120,-0.11188342488437635,-0.11984703263509917,-0.0028950262950948654,-0.05796172388986868,-0.01694370775868457,-0.06308139966344727,0.016293031570993783,6.0757238870445786e-06,-1.0714671568474526e-05,-0.01038263642340392,-0.04884681218418933,0.027426458343188024,0.038545706840330395,0.043086851691910046,0.03413778984154185,-0.0029621724717360212,0.04296034090154063,0.012585530712997119,0.05428383961951572,0.006097896713321188,-0.032269968028670735,-0.09113418609180118,0.02366429264710499,0.05839424755345278,-0.025026477360412507,-0.058214067162321276,-0.0025815088236104343,0.1098566611798273,-0.03326703174359649,-0.001244326243296738,-0.08538106245579781,0.0014486028759894381,-0.00472664704026743,0.06722516740954286,-0.1779842548867927,0.024340401052739172,-0.0033671786640425473,-0.2842516941953504,0.02952247155253814,0.02575886719786478,-0.1446166741998538,-0.15988261459868736,0.15901276393188488,0.17167618499050125,0.041347023806328036,0.14918853873969287,0.2226392118441461,0.007365369516070656,-0.1204362819994276,-0.13875065276545284,-0.0070983828522082236,0.23569712051993927,-0.1491706837095093,0.07592849604264616,0.08228962012355814,-0.12694792954577425,0.015568464679453713,-0.0734930393721024,-0.1695365381770962,0.06534371709143806,0.14474156622020454,0.0007380325456226383,-0.10672112635023867,-0.08614733752911573,-0.12028222965783024,-0.062118946264265576,-0.09418614496769752,0.052241161455086935,-0.09820237835507296,0.1338671475110795,0.021690452990887482,-0.06430967229849949,0.04745829660983174,-0.09485920735433698,-0.026981071572988208,-0.12632694560663263,0.016643697983124688,0.06001584448729842,-0.057581710867144816,0.0046479897999417525,0.02361537844863695,-0.10501776354959463,-0.1722385104180467,-0.038978975021866105,0.08922832576055394,0.10342995458499123,-0.02715443620328199,0.05328414781029075,-0.008510003467416458,-0.05836109611792091,0.1383411418249379,0.03252449010568227,-0.10022203526977165,0.0628818139802028,0.0021372397830633767,0.01625581447253464,0.01773130605990346,0.08547813229370899,-0.03778289254151929,0.020928959986971765,-0.06042095926283689,-0.04227929347533577,-0.033790179408733766,-0.03668602698354451,-0.025142332631027914,0.01904890073632643,-0.10584171183655992,-0.0737597072715006,0.00807195947614691,-0.0633087831244262,0.053398330629779174,0.04894766845565747,-0.07219927054631955,0.06515008152639012,-0.016708225468526107,-0.02981314073039989,0.019176553722124977,0.0029607927684125014,-0.12901857642590447,0.0018789055082731026,-0.0022270579317159385,0.007870530340071916,-0.1308675766978153,0.004014176939158412,0.04453931188830381,-0.0006784491053658777,0.07267802040791355,-0.030989652198735087,-0.18496957985460422,0.059089601050882776,-0.05337754345156208,-0.024950311784432796,-0.009361946965063754,-0.028183574169331996,-0.014707360598100934,-0.002577429382752226,-0.03843058637652329,-0.040506964108327125,-0.0033549501533238417,finance
121,-0.06933143821198968,-0.08236341212439922,-0.10120165917155438,-0.06645348082351113,-0.004537573891813335,-0.0714374378105877,-0.05673340805691336,-0.015136660782421029,-0.012123889193457927,-0.0013342831659470405,0.04740448801581017,-0.11887471205442825,-0.03125809417674598,-0.01117519193867627,-0.11595077405848996,0.015508767392985682,-0.024041753710211763,0.07624229739013182,0.07338856982994506,0.012225957546604122,0.04494029267265306,-0.05470343782583698,0.010987124551369616,0.05896732145487113,-0.04876303740019362,0.09454108002478995,0.0301344359260931,-0.16043341608137138,-0.1336692169025986,0.017939803229362127,0.09881765015374246,-0.021550761999249178,-0.04072652705130247,0.06367499586908425,0.038335545241995436,-0.11210564391973747,-0.00749389308837749,-0.014658434166194632,0.03434421989015422,-0.03035074726070633,0.021419026123819736,0.002522877929213136,-0.03064147311374159,0.048622815156328304,0.09545743522643889,0.06979402824253782,-0.0194852221821585,0.2258122955856147,-0.06173943239865986,-0.08311730321381956,0.06120716950592477,-0.15350287833409684,-0.0791551762728237,-0.08796964445012836,-0.07271340239187793,-0.016470845440912,-0.13425375150785906,-0.10061037000257773,-0.05333387615979069,-0.007224855384429247,-0.04665223815525359,0.05927570037598582,-0.07671706458761228,0.18138206723275008,-0.2309461583985054,0.06205915696939109,0.013235834138339947,0.04885270907650582,-0.025448758962763527,-0.2473299216729017,0.03542507862799884,0.04465945301004431,-0.2131641315454028,0.21643318601316594,0.19389993924626964,0.08400994053426761,0.2803934529884812,-0.21778709331084534,0.19504988665041062,0.09835601637447412,0.04011607658551926,-0.09662694709281287,-0.15636927981930546,-0.15820820876314726,-0.01882346281275458,0.09613026376490248,0.05685720810547552,-0.022853726692505384,0.0880447302682341,-0.07643373487312384,0.0012625892396055632,0.16386247744414362,-0.09094134095527313,-0.0001917043554297669,-0.056160394897609614,0.00944141927541263,-0.0022375282544268805,0.06883455973937541,0.04894894732481842,0.0044083419415419794,0.026164197058967234,0.013954025425540008,-0.0201190407639082,-0.05242930515449682,0.08011704736635604,0.0003506417099744053,-0.07288867860589383,-0.006849916057984271,0.02758521058017078,-0.03703785113496295,0.01889353195703546,0.005457317262204485,0.02913813871435045,0.008603896369778812,0.028255381010392787,0.026593719101859856,-0.023558895895911727,0.017034813488562218,-0.0281426063244251,-0.019296577404412412,0.010459512552532024,0.03235516865567695,0.02594034298582754,0.006378111375124993,0.019644166996418348,0.016589005487228366,0.0023805953074362727,-0.009785933286488734,0.009193613809165986,0.005946424004202405,0.02085410683672412,0.012213257914006946,-0.026503786970505122,0.011401355879636303,0.004805799808782821,-0.01967687462174248,0.006289369536206504,-0.021706553364473333,-0.00023239214248929355,finance
122,-0.09920981428164476,-0.10195276223406023,0.1919858112003365,-0.044229332201035504,0.00706646435381694,0.016564422377476545,0.013571345172238456,0.013031769931495938,-0.0021782098215430068,0.006084688997308893,0.03670694872868831,-0.014790223478565675,0.035428280539272106,0.01987175841393325,-0.010247380918379474,0.011002189207148266,0.057890502438668376,-0.0013464139303214074,-0.0870565678948479,-0.0751101935360639,0.06015623306719912,0.013787818043836476,-0.0055902854106392825,0.007150634836178101,-0.059215296134503236,0.030112882179605522,-0.003102247263403204,-0.06973206479780726,0.07237449989768409,0.07349562154355868,-0.14068709296042653,-0.027501412675180074,-0.0950502567339543,-0.0035632707308794623,-0.036360091870358,0.02891550385458209,0.09630493273400968,-0.07226516633391927,0.029326179824604438,0.07411972108083645,0.2149344861168312,0.07189563795646182,0.1060769321140447,0.05827702218526348,0.058514016945764566,-0.026979716005366465,-0.03753004374989728,0.1329546410753198,-0.1096322849980459,-0.11286046789743107,0.05646992440965477,0.0016063382235609403,0.04129136518366939,0.11884963907438316,0.4304821794155113,0.0042143672716726845,0.04141359724091367,0.0543894518120246,0.16474998356511275,-0.07212605716714716,-0.10675852205254381,-0.10558638157225089,0.062379523759646,-0.006263899707770807,-0.025535175077407605,0.03059861133647561,0.03854087217765714,-0.12193039682894359,0.04876498494785707,-0.02177520079906875,-0.04590631217307218,0.05513012332336782,0.05023176673075055,0.0057039567587365315,-0.1471206036029549,0.06367632688921065,0.0686366231992138,0.2519228477099251,0.27389639481885136,0.0671849163498023,-0.008920141323787965,-0.04309788439317577,0.018295670371455054,-0.10880517758721592,-0.12196581654784122,0.048628869151894585,0.0588755288720187,0.014947124196126297,-0.14439811655669083,0.021047558770928,0.1455008059529517,0.05117222641858256,-0.028734987457141127,0.16711319947240386,-0.05193791461813191,-0.0857587589058394,0.04429720418434919,-0.06955522886989492,-0.0047124696074484634,0.013038596754210048,0.052913831084267046,0.08088467321178829,-0.0119101191313001,0.047326889017840844,0.1453011729520456,-0.016892622211443782,0.0025084807768512287,0.026963823242417972,-0.031661675247675616,0.17072946966619593,-0.011044395587199388,0.08612646504547533,-0.008057233988065174,-0.04999051883993667,-0.13226072772754927,-0.008935116991624675,0.02857397585348883,0.004866523416289089,0.02361076403285016,-0.043670571309860025,0.031202699499407113,-0.011758400262459256,0.011066004506767896,0.002737305896653074,0.009923474888413468,-0.0004529222531525065,-0.003683014455540121,-0.020420077182767147,-0.04617415146194399,-0.019603467827731105,-0.016860064399635066,0.010400676475013044,0.008790183288342078,-0.0015883623100845028,-0.008090497950996504,0.00924706703336817,-0.014611423027254022,0.017294539989507515,-0.004669449439025166,finance
123,-0.06382339020182745,-0.06833949728075263,-0.05419339800456636,0.0011815028493834655,0.0103315608266877,-0.03225052007047049,-0.018199159774280025,-0.03909590464469061,-0.045531678376650245,0.009650099322310703,-0.01616146613474074,-0.06953495375637352,0.011535209470351606,0.057903950096625745,0.10073178816721436,0.04747879841182165,0.10523030055982253,-0.03891775302883145,0.02184360244967118,0.15079097648585923,0.10346705941229532,0.01087619204747701,0.09374879166870703,0.016966139117417067,0.0522622630780452,-0.03507939624813177,-0.04018845744265044,-0.05760714280090177,-0.05407444052392148,-0.1091202239744254,-0.08901197269947253,-0.023774506680209983,0.05494130933514266,0.0006447083262028467,-0.15681539773954287,0.08922553435014943,0.06327036659965299,-0.10427725692458692,0.008895950626971794,0.08259398627299996,-0.12089843918914926,-0.1889908641732273,0.04860527924769025,0.1658775027923872,0.11680295394069479,-0.2157337293199935,-0.10480002870234281,0.0551446919866748,-0.07093969357363744,-0.05029306302689001,0.083690267766249,0.0628078114878377,-0.1221829375176911,-0.02445454353626759,-0.02237597540228335,0.11756267996480327,-0.004302523590830984,0.02331031044875291,-0.09136429678911924,0.060269330879680574,0.11800935673737727,-0.1070948391787831,0.03824681539619338,0.07195997328065952,0.2652389752263849,0.1433896189062175,-0.15838942815351786,-0.05493244152412325,0.08950163601637272,0.15305686052766537,-0.04211092998747766,-0.003557419590653368,-0.15525015989778748,0.38539996285110517,-0.0664683717603007,0.1006004903023137,-0.02455965231711073,-0.06545503739836843,-0.032987081351142054,-0.07115395725692177,-0.124456198769104,0.12639878869591736,-0.01963622848284915,0.03986998100100146,-0.11100509750406917,-0.16654632711524325,-0.004077944929732483,0.06102555631640063,-0.021698876517125352,0.12413947589348688,0.03313188731615613,-0.028393818936358946,-0.02711201135123386,0.0027247585162645067,-0.09584113488816406,0.0172953982972116,-0.06424950294124372,-0.03281770785474369,0.08670145504875022,-0.06741446590458516,-0.04261741607933819,0.10727081654571641,0.009189990792737237,-0.031419865448563664,-0.0037558254145108527,-0.048800775561737154,-0.010720278595873696,0.06033550404987185,-0.016902224504354187,-0.008290849409131993,-0.010697842609416358,-0.08032544866943271,0.03232491027037481,3.123881653307157e-05,-0.0281554056198936,-0.01922177654354154,0.0358588817173551,-0.007231431168771631,-0.06268271902549638,-0.02921287344883921,0.06850032351114224,0.10844865772144828,0.035715534225684464,0.002753248670097292,0.010663094054368253,0.02882893487038222,0.011663918703287755,-0.03581377667939114,-0.01217390870633611,0.0017105834492732446,0.02035213241969323,0.018774665219129568,-0.009229877651628653,-0.020337208856097543,0.04809020841165866,0.020380019147124416,-0.012420948580932692,0.0012574872306134405,-0.0015689045155666556,finance
124,-0.10332680119514863,-0.10789364755767607,-0.11796717181525854,-0.08051937298539968,0.0026199515460803924,-0.10758290182298892,-0.18741465761289972,-0.08136661247686575,-0.12113641358280361,-0.0398496573488035,0.036172163597876984,-0.09354953726534054,-0.07270695027172043,-0.011327080054534757,-0.24364933591237378,-0.03844759740922929,-0.02409483031219184,-0.01239836546256783,-0.002672746993935162,0.0595617183474791,0.1114104092695667,-0.03873227977816584,-0.005144962162868535,0.0341988386792004,0.03385172249991655,0.023249681433529016,0.03313503070009635,-0.0275492698526268,-0.045766366524052624,-0.04013278773655037,0.03856761296061538,0.0028419002616584923,-0.08213284196540478,0.04686308733163497,-0.021649843586625993,-0.09227809824726717,0.04881732857776926,0.0056048765813659016,0.01950069695783516,-0.019956007637981398,-0.06207946940448277,-0.16939491976261675,0.015955475228116172,0.08578333254657934,0.07006595909689607,-0.08288618912834701,-0.17276788860732487,0.04961000653865696,-0.07959476624733684,-0.0005672302909782006,-0.015974408494050674,0.023073546640554228,-0.03585160110946366,-0.1306744578346485,-0.07372947720505399,0.0191849440182556,-0.0885245936312483,0.060559082430441995,-0.01549080927399728,-0.02351589333482917,-0.06691914774434973,0.032100379092428064,0.03193256799693519,0.0470150205772872,-0.17752033066880496,-0.034142468706344464,-0.005332568678492255,-0.08724490427958251,0.05447581010420186,0.03710734302333456,-0.052135250177737825,-0.15254089987290076,-0.015526622438302363,-0.15469431487800675,-0.03276670013193275,-0.08748357149392658,0.11339470164841652,0.13608347784026675,0.09887033978412989,0.03808235782591098,0.031937325048388227,0.10832404215614665,0.13075613205771217,0.06068589088828485,-0.019777671884267788,0.031856383422438385,-0.06995855154099784,0.10660305469728032,0.1151771874120975,-0.08980497390574273,-0.030825585554400573,-0.270932625006383,-0.05742230280667155,-0.13762080341447505,-0.06972422417409807,-0.21056606338584796,-0.06690555990744824,-0.08260170993281563,0.13298486036208826,0.03440035079583752,-0.09155530173676935,-0.11427134208212834,0.047916615855402245,-0.05088043772076378,-0.16973815425458777,-0.013519052295896642,-0.06252168898801061,-0.006061723859172279,0.08654975200647524,0.10443049599406691,-0.05440372621211472,0.07595695607859525,-0.15460168283148562,0.031501266456798314,-0.001328404374256286,-0.10527002734234651,0.06105982917553546,-0.004733975621802389,0.08107503638291443,-0.010161384137620607,0.051793986137282894,0.008907251772942153,0.0009762548694513126,-0.01436210584044267,-0.09749639230292602,0.004051715289362333,-0.03540982341235089,0.025384661744634728,0.0014008703774223176,-0.09825053902626911,-0.020082356647366083,-0.0331303067175343,0.058123925633222384,-0.011300065990334644,-0.014967556691622643,0.027192328218238183,-0.005007803015936739,0.037780415027611654,0.0007683253181446477,finance
125,-0.1614462968372649,-0.18364666072051533,-0.1002781941818402,-0.14034590527216198,-0.06275276850334702,-0.12220368921906641,0.23641058565027373,0.14378523668042628,0.2522126886075388,0.030886307596919356,0.13222122361183464,-0.00741702329400265,0.27476913364350336,0.3761125814899324,-0.04486123499964048,-0.045198386916083994,-0.19092190144173599,0.025809536899191937,0.10885831397774184,0.0689800392318817,-0.11226941605198994,-0.045710816052839484,-0.0024653121487439767,0.016663510461794352,0.03413333569718161,-0.08496106512616299,-0.051041422217375135,0.10625501072993414,-0.10990547449428544,-0.11765791454674374,0.1526407021840368,-0.021561200026769565,0.08195634375317136,-0.04500836344015747,-0.025007230430051704,0.03711809013045888,-0.011813585310679288,-0.08710077447397076,0.034284396119752425,0.012624233226415005,0.13598067892250232,0.1448540682305173,-0.04582670832985707,0.10168717474485846,-0.0020335160624895287,-0.018499903765876284,-0.03205488695214901,0.010760510386294237,-0.03681770129948846,0.00887851610134095,0.0029923728465812444,-0.046653444468961254,0.02946317198216936,-0.05546450413673999,-0.012949910246506945,0.0252215464903153,-0.032537653999733275,0.022907501865104648,0.02455703188319217,-0.006940154928003102,-0.00022014865193169757,0.017665418480086185,0.016088686166689348,-0.014877655925754584,0.06319689941853827,-0.008856606092880978,0.030176757447987236,-0.046181861713996374,0.011417495478771725,0.010811348443015557,0.004161334743027548,0.06264680766229636,-0.04154182042359453,-0.014978527748194255,-0.01438039233504789,-0.014472461329174721,0.029007551086710073,-0.0066719443464104185,-0.05308697279410388,0.01783783969499754,0.04337270940018425,0.03865674553077248,0.007029456989156687,-0.006830251387312191,-0.0331465301538186,-0.030113482600526806,-0.005031384443556439,0.02492688249306519,0.0012312861971399305,0.009327221523940402,0.004378413625673191,-0.004889419542369133,0.034290950659399105,-0.015309879546135276,0.017147988540683216,-0.012199529941447197,-0.02463218340344665,0.005262222283399064,-0.013623348667733957,-0.012291677229707377,0.015013170421912402,0.009416591409449249,0.025091684491846684,0.0010976908270666835,0.013914318267069892,-0.02560574308890771,-0.016138507077218422,-0.001266018050738398,0.0374783864625407,-0.014472236451127182,-0.0038253301161091107,0.0021919216427472737,0.008422743545990683,-0.008923823899921832,-0.0072385900233035375,-0.005371206765198503,0.025007182315234255,-0.023251846962993743,0.005544596750537726,0.008863868749078947,-0.04971336012791315,-0.061367858560586894,-0.03140203725480789,0.01652289637282728,-0.014498466109928592,-0.013512254017593862,-0.015136593827478659,-0.01439732688182287,-0.017676528573041188,-0.05920782429334567,0.02222154994467963,-0.0535419845765053,0.014959986417455424,0.004749651778516179,-0.05363004505484054,0.026580098121546387,-0.15347940702493965,-0.030872553397796314,0.02250548549110529,finance
126,-0.10041323987807807,-0.0964077633975107,-0.06642897661776088,0.02227753411953868,-0.014357370012969023,0.05912982578130035,-0.013512702920233205,0.009911607709217765,0.01720815138683677,0.013421796214412878,-0.08460364620548083,-0.05599034928171751,-0.10073301922043013,-0.004206242108945173,0.12349814796630292,-0.05008910626473171,-0.10582736577156869,-0.001773308897540378,-0.14922969480474751,-0.08352512585797091,0.1383124884693027,-0.0769008873468531,0.022150335268655376,0.03933430064536712,-0.0654734631711766,-0.053900701899403825,-0.08639907359841885,0.09255075093194154,-0.007977555609484311,-0.023048024656207793,0.06750201054184019,0.0030842774184479077,-0.012713989587210373,-0.07852373887103882,0.03048290900816879,-0.12168741674573881,0.04698269570712531,-0.008147549888434252,0.012327191920039133,-0.07608849746139079,0.026843184448241075,0.03673048318367236,-0.139509462126542,-0.11297045055948446,0.1268147669359579,0.021874258366197816,0.0029750525674573616,-0.1908874230422121,0.08866322054891362,0.052118706753168535,0.08825987052801913,0.06605565543988387,-0.16157834354009953,0.024914547648230326,0.07763360790832458,-0.019788299213490405,-0.019419872811210638,0.10160316365012739,0.10275360508105795,-0.04095616562470934,0.025942027966016207,0.005848448624626971,0.016755618891731848,0.0730084841782875,-0.1526568418918883,-0.1683213844095369,0.043672280463953154,-0.1341115471034106,0.03233711703510158,-0.04314197819994177,0.09460827543282051,-0.11319429960342152,-0.09253984835168598,0.3056331153306659,0.09493065607176121,-0.2803434124291741,0.14263601860936542,0.18696051468488517,-0.07713991246693541,-0.04529067188860328,-0.07655486568952322,-0.10992146009428026,0.05250709875551924,-0.03611783141216104,0.031456697614741215,-0.02280921660962327,-0.0561790449387373,0.06417884921956925,-0.178636674725091,0.09379267350077206,0.006773532818305506,-0.011189681265560327,0.16935072528884568,-0.12002970219982534,0.17517365462599166,0.022746415839426777,0.04483638706699223,0.08253533310674607,0.04265051422564024,-0.02602567610104197,-0.06706566189296587,-0.0013012182623865617,-0.03956550672599895,-0.027884912247436385,-0.1070780557565209,0.04580326221459072,0.029684654908585024,0.0556952181531435,-0.08722199998151395,-0.010267454834153377,0.036338327972217636,0.06030090791835382,0.03900801217430081,-0.06942672150499285,-0.049800771003768396,0.03326966019708424,-0.023064452514686726,-0.03401972919252556,-0.032681629292458034,-0.048593869978947414,-0.017474301563781106,-0.008359806943711967,-0.0031314709635437703,-0.02947200622641077,0.032704958536278785,0.07780738386976409,0.00013963410166300503,0.01229520038159674,0.027475870710452287,0.08093597510525351,-0.02248494800123771,0.041100486053412474,-0.020226169076448967,0.01464439559085493,0.04942575950994955,0.035984942506663384,-0.06981516254858383,0.000741022109863737,-0.0046956581526474426,finance
127,-0.11548643264512584,-0.10091837831258489,-0.07847147816846066,-0.036891490910667124,-0.016220027179154776,-0.008111390900477406,-0.08004287697148024,-0.05331332534688585,-0.051466159915472647,-0.008329147088247044,-0.0723270745466598,-0.039760821327085936,-0.09521934885460341,0.021110396453631216,0.11771160975671482,-0.007808806893237294,-0.1221125433620924,-0.12917471970995825,-0.10185908929824182,0.11959065422578323,-0.08465651545183144,0.29753879399645594,-0.031304800556477726,-0.20696507948707207,0.12224009621115935,-0.07098445223509846,0.10052177581633721,-0.14315103687722475,-0.2850639710451351,0.008222593499121453,0.1370189789851891,-0.04033355447173862,-0.0234958203047539,0.11109685359620647,-0.022345620322163185,-0.11272616789201814,0.08890526689226638,-0.005205507798323664,0.18620256719008638,-0.049660684957670044,0.05888938147157371,-0.06236447877731188,0.13434513782342747,0.07021772877511658,0.0027524752235184606,0.06760678765388264,0.1394639104686735,-0.06308695423777735,0.05977402287480316,-0.14186639775576515,-0.003952326778203188,-0.031489461902973435,0.07054333216315364,-0.0688941880582348,0.07014222314222168,0.024314664355800715,-0.09008612687390775,0.06877056189013686,0.05020327845056773,0.03605217444209782,-0.04251700735588841,0.030472523796919282,0.028002041759294074,-0.014418385417955346,0.0017845957079867436,0.03486705621249347,0.009113354363009562,-0.051282396992344076,0.025196112672661388,-0.06598134501614736,-0.060944363546772004,-0.11133265151656199,-0.03353893891689492,-0.005234277354474463,-0.02993609211972429,0.002720654770193752,-0.044143859536724575,-0.04375764776474296,0.11630476356635461,0.007971616824643887,-0.11236692360412806,0.10833822146138695,0.057022037781782116,0.08873577524937463,0.03298635877341651,-0.015992017610366803,-0.04029303413512117,0.02774276995992239,0.03815704189739388,-0.013737448667765398,-0.054044269933262896,-0.028563114837409764,-0.012321828642459167,-0.06850058967785232,-0.0027998756557638567,-0.036656285507836714,0.0384747734054237,0.052000966304128725,-0.07927355406420399,-0.07449474792500767,0.023516902912137986,-0.017783379235361055,0.0457862599944634,0.10299013217506041,0.001423032417236658,0.10843558623043403,0.025918075614242125,-0.01589338895132063,-0.039870203177280315,0.06068081751397673,-0.07301244287286385,0.04827216697324669,0.04582950655285078,-0.005144810469260293,0.011552977105037476,0.0523736141531398,-0.09187121294489774,-0.013719156233109913,-0.14113393307871414,0.06422775724151979,-0.058921739468884536,-0.06769567576980692,-0.02535174858188002,-0.0420004726817103,0.027518239750223425,0.039185118206090434,0.08592737881748151,-0.06325007373809056,-0.030204246861824144,0.09765120351818846,-0.0010586955666817919,0.05200507886753645,-0.01986053394295398,-0.046225853606633796,0.03220964875140664,-0.05471175825433014,0.0709123636866524,-0.07347023281002525,-0.026862370294171305,finance
128,-0.1258821960143307,-0.15053797350193962,0.3367152194872636,-0.06910411043888096,0.0029021265154144525,0.007120249289292315,-0.002554224522443038,-0.01316661392706994,-0.027901834793816933,-0.009930217396865719,0.0018993454080312492,0.04569994017690616,-0.05709633077128562,-0.15474022401913642,0.021621554371888722,0.012855627248074904,0.036726605462950944,0.04192905773637444,0.04892386239460202,0.0489422939279897,-0.022459189305237357,0.00873717462576461,0.026800588075114148,0.01314605456429756,0.003882444706557647,-0.11512681279321513,-0.005461948018570944,0.017847828393555615,-0.07324083658865217,-0.10401201692642807,0.1723365980527601,-0.014973465192014286,0.19742434117498747,-0.08187276627059016,0.13004388823418808,0.05719235765331586,-0.07170617276905061,0.10844048660829377,-0.1185729844614923,0.024245597718232037,-0.016189598016807895,-0.1967016842335781,-0.0435532125803683,-0.01985255891050079,0.00060114226299626,0.018936780631171567,0.005217131658358646,-0.008225732243534206,-0.002981538274166003,-0.03804315150256942,-0.040893115868851214,0.04438323851116326,-0.04261549275931003,-0.052260462834773105,-0.02384540146047874,0.04445706903527926,-0.04280403450791649,0.0705754394039109,-0.00463645299053853,-0.07694717071242499,-0.0036027500769850954,-0.09569345889819654,0.12563856703189752,-0.037424036451229103,-0.044142614301118856,0.06664424619690545,0.11827338566712671,-0.06469049552747508,0.02098071215951561,-0.007694542553935933,-0.014193751956476246,0.05072473342362722,0.00862387480525517,-0.03935190404086729,-0.18963879510447723,0.050308531412186684,-0.019643716735029487,0.042102788091330216,0.1200817716788586,-0.012020223209208833,0.10047040247876997,0.007564641050983089,-0.13435256334498727,-0.13267971820451796,-0.0439540062878557,0.014112216644420278,-0.10863713653436066,0.13452940092856036,0.046577217933180065,-0.016839208120110156,0.06997643527471345,0.03640096255099312,0.11180122973566742,0.034194335212233126,0.04798541688434631,-0.017986782014675875,0.03397837314370838,0.09729029617331506,0.09732014003062066,-0.015626590071139892,0.06300514801802522,-0.038526116823434244,0.014754484952294566,0.06412016190326265,-0.09807505617696281,0.08797697281183428,0.08726328263102638,0.025697477550072303,-0.10367868959226341,-0.11077076848616585,-0.1167769660440569,-0.12145469952306884,0.03306871525897929,0.1527942089660498,0.20750776363690335,0.1591149499098141,-0.022705721816923992,-0.09430482040177234,0.08399553239727821,-0.14878878450723468,-0.03139819671362312,0.06713143021174935,-0.008623724045777522,0.09057694581205207,0.08150754367365892,-0.011598428270865355,0.013861592252392719,-0.0030140997545364933,-0.11056373515018042,-0.04276779277823833,0.08312839590748218,0.0029902959949335674,0.002926711883370983,-0.01934137466008595,0.0005630237703775058,0.050635551378990645,-0.039395266227581896,0.045831896223341495,-0.014535213414380696,finance
129,-0.17507775155128688,-0.1842345946476799,0.4775630779345857,-0.07769168572675456,-0.0016772703996924365,-0.01928821844372955,-0.034770385681483384,-0.024584939216067216,-0.030838534281927586,-0.027500321052285906,-0.10501800723520847,0.04314591441582047,-0.078523282915998,-0.08357792056731385,0.012880894843746866,-0.009640592764203617,-0.09091169389390259,0.017273669537824006,0.07834876921913968,0.052375864098788805,-0.09376108540678799,0.025211398452996393,-0.042449778787592596,0.008025760436551913,0.02158980752225912,0.03464321590821685,0.006638528601890414,0.06303286132229716,-0.00850912631110265,0.015316596942944693,-0.01570255707574935,0.0018535743044726528,-0.07094178553758826,0.02138755306881625,-0.08371059394470554,-0.04871569983566852,-0.02240944015793764,-0.03546013043845902,0.02319812183524368,-0.008557968149963771,-0.026829073981301643,0.0012807361809565785,-0.03128700601208852,-0.05508472142189388,-0.01622693918064295,-0.01081082675292731,-0.03534038753628774,0.01889602490383081,0.017329558972602084,0.04757720138816483,0.08543363440803593,-0.029683841404122585,0.0954352525172808,0.02514612896455571,-0.0647873022410356,0.009303415613784536,-0.037824837528478365,-0.08466534850124738,-0.0050042668842791,0.07002406760410601,-0.016994608156517207,0.0727061877666272,-0.07270946511474675,0.016661248131189,-0.0444208069563392,0.006404897418085454,-0.10622246156971979,0.044270905231571865,0.047488356310446955,0.035713674299280886,-0.005811719818370572,-0.08788035334974947,-0.04379467999046368,-0.062003865265471206,0.0513871861796683,-0.04296560266230701,0.016542113867521052,-0.04408901991625287,-0.07248500427931029,0.025586009087326084,-0.03026508233260708,0.03447312223086999,0.06271164552822446,-0.029161317054243303,-0.008888754095303791,0.059122153231003255,-0.00873571409088468,0.02718109142584332,-0.0159270119396407,0.09550893123938127,-0.03300407168673157,-0.09221209158919412,-0.04467947952546873,0.10724714181948512,-0.0021366052586866587,0.04495786358225427,0.011417463795387188,-0.10426880587369232,0.0038648691813776537,-0.006171630267986247,0.03190135220783686,0.014829887659554068,0.002857012948747006,-0.014101841855412514,0.05146293288893003,-0.04594504378198397,0.06469350813212633,0.06292680667960326,0.10839257487289433,0.03592721507753554,-0.0007141204078398005,0.009642304097675544,0.013476165728490124,-0.039409154664006484,-0.05898478629891105,-0.06026698987206204,-0.0033774217644566423,-0.039112237065229156,-0.07809154022774743,-0.11228703656058973,-0.051418746732357315,0.0547107234149397,0.020716269837515632,0.128686093833439,0.008725660281229316,0.01805688837490091,0.03883939483363817,-0.09827386109063302,0.053824829165745755,0.02664277737865435,0.13693990807812165,0.11520772844255157,0.0992124174330361,0.1544637243594388,0.06007784668751437,0.15183996863350313,-0.206189164558717,-0.1428198713659525,-0.09128001213180971,finance
130,-0.1752590437816316,-0.21685741869428282,0.638770727772732,-0.1093004526357054,0.009113319901984093,-0.01905807537917739,-0.025481114629686618,0.021177137280091296,-0.0070986736316374435,-0.022093806920006103,0.03362369390133541,0.053501047210736556,-0.07579223627437637,-0.1769191819298412,0.02996646121522329,0.012848545030266438,-0.004289629854118228,0.11242318809466269,0.11557164288525656,0.07281683598571759,-0.07152390934204494,-0.0022439850595284564,0.016840554133151355,0.0008222540263590518,0.029767296281776778,-0.07893089103514099,-0.05783868223653002,0.006514018886539195,-0.06896379589610226,-0.12691012754816858,0.18722888662549902,-0.032646855171978545,0.1758907030133783,-0.03121784549092568,0.12237659295705201,0.06271731340874584,-0.06203250603627458,0.07839114018045637,-0.049235423470556136,-0.01690727415867248,-0.08621018737675938,-0.11803036532255869,-0.024739898498939313,-0.04757974450580631,-0.055474931704589225,0.0072106310388751396,0.038935001080674915,-0.0012433636289018303,0.007152453873860195,-0.00564054999288351,-0.00661463964932253,0.06402715591409078,0.027343040309686758,0.003582087039456565,-0.01354967949136095,0.01005117493859534,0.005781235110037455,0.006161741863637144,-0.007904856497860178,-0.03461013242146431,0.051829569497126006,-0.002342341752244736,-0.0014202303657100065,-0.003734020931832605,-0.01943602437663407,0.014361077015503184,0.00816359317989216,-0.03375198023982519,-0.010068513178656964,0.018103050173095443,-0.007317759785027388,-0.012377848203831227,-0.02883141187839365,0.007742240905229295,0.032003268008964664,-0.0344030145532777,0.02500367789752878,-0.004528983786411695,-0.009081077032818635,0.042639740399333215,-0.07087420034581389,-0.039754332985012485,-0.001654701787497936,0.024848489968887486,0.020471641272452684,0.002308193390813655,0.03276072103543702,-0.024648204918920738,-0.03136623902822825,-0.03981824462333702,-0.030360704943289605,0.004457455615115402,-0.037690980618660094,0.00882503070801481,-0.012500642319779149,-0.022589146999725813,-0.024682878796618908,-0.018721480856698124,-0.04617560631086796,0.029517433260081057,0.0029988889867330884,0.006031138763456686,-0.01948864081528423,0.029286715207024583,0.07050715573712839,-0.03248960506951228,-0.05726335708299065,-0.00968346143118841,-0.02704697810822602,0.0705108299623763,0.029847136257148084,0.08264778469312545,-0.0008836908967289215,-0.08470957987828151,-0.06165476880813212,0.0126994507007028,0.016086482245395044,0.046684375546506084,0.0597149729276858,0.054828031573116796,0.043593878505841586,-0.021784362610986825,-0.013911610045745525,-0.0653130092707906,-0.03161929446272814,0.023407184613327962,-0.028909612929058227,0.026442189880864074,-0.021143898754312922,-0.00924046629357969,-0.02644521120763351,-0.023699718820493144,0.005349567314238427,-0.022286740538867998,0.004196947079381644,-0.002503244078170033,0.016329988940891837,0.06295845274953778,0.015814429932091173,finance
131,-0.14656768975041493,-0.1443407665325475,-0.08062233937688308,-0.0012797100018145287,-0.03329197764303899,0.1421488631591488,-0.0782441589486415,0.05664726717930024,0.07497298458647329,-0.052263835559756625,-0.10826725825758188,0.020466265345556612,-0.09778578170811733,-0.03960184753473009,0.031861862987677694,-0.0856434404688159,-0.198162826659558,-0.007039668694550435,-0.2079392460390021,-0.05471059906128248,-0.043020008626295014,-0.13290901827896034,-0.025609315337521567,0.15670272876277802,-0.05164010979470941,-0.04497616992656653,-0.15987441443980804,0.15298792593431362,0.03310826946209369,-0.09909399886375726,0.13337566242705123,0.012974004142121609,-0.06024499710288976,0.25205837363350325,0.06001244607579183,-0.0630820026530899,0.028803073638649857,-0.03469177795027241,0.2664696669099957,0.009976534662362603,0.027561957147085137,-0.11597857009689216,0.011366598277346356,0.02694961263371174,0.03291855022385292,0.0541736577504271,-0.042664439661642205,-0.005921046709268235,0.06161113422758096,-0.0245306906147308,0.01586607900543189,-0.11462136983397873,0.12193399229166714,0.0031866546124217185,-0.049955761062426364,0.0734552662716431,0.06919100423712193,-0.048490930569755855,-0.04970901543171862,0.15974416102368005,-0.07701519804817147,-0.08814591414805888,0.005478142776797399,-0.004865811531427051,0.028233583501122105,0.038431643579726726,-0.016320488312260913,0.018630382450340068,0.05987253721957707,-0.09295889494038241,-0.006194445332993359,0.024571907501978206,0.03611599076454521,0.06009957533497262,-0.09986554492727477,-0.08022127859216276,0.02945772792367921,-0.03233219001580669,-0.010150318516028335,0.010110337179312458,0.06320269418538448,0.02169207191748221,0.03743499726082966,-0.046455087333623274,0.013415190099080617,-0.017813498796305314,-0.029623608596388566,0.017168387391384637,-0.01249859107187957,0.020306152838210082,-0.09236424467510056,-0.01247836285413476,-0.019812445116940736,0.07113350890630771,0.03666976842349811,0.050771554875502854,-0.016960113845667753,-0.04513553345529203,-0.09866944774443959,-0.006519083064038829,-0.056515397921034875,0.0943567361247702,-0.099432138527815,-0.014765605160375726,0.014138507291404987,0.04257119963549887,0.01793533317256385,-0.07675041353074742,-0.10104176802369864,0.07079301251951704,-0.002774085715423703,-0.038332473525548104,-0.052763383679013225,0.05991420476645581,0.01947572942570203,-0.05626640135549823,0.005743530097197752,0.00820767964227484,-0.06632035318304103,-0.019398280180108307,-0.00833937979272722,0.02257238005847618,0.0019530340219965697,0.0115229336104851,-0.009737116950862967,-0.16287102612079116,-0.01837123155527514,0.02860160361066649,-0.027116894342217483,-0.038723783469200454,-0.05350948968450557,0.10143589778954754,0.042980619839996806,0.019300394195011526,-0.013141172920009235,0.03658937209543688,0.07442723517160894,0.08216347798875402,0.1401546095903887,finance
132,-0.09545217144867399,-0.08229637628351576,-0.03188246515727608,0.03328423772462142,-0.010601471554080354,0.06878227310056456,-0.05051994457654731,0.004362519922063438,0.015866461427058737,0.011529036127187746,-0.16114384562181766,-0.07461444935947194,-0.14181073006971429,0.028949783647125308,0.06008977109231882,-0.05191249541617612,-0.1328959494269958,0.004486107654718295,-0.17560346592668954,-0.09289460559106526,0.0932829007200175,-0.07180047045819117,0.040614778798316854,0.16956966138648202,0.018014169111646255,0.03318390323578892,0.09275692139353955,-0.1536961329203107,0.09947396413733083,-0.13523774476157,0.10299008270041199,-0.16301907023275858,0.18462198155765103,-0.030660904715938967,0.0846774594838266,-0.1595515520073652,0.01207024781656348,-0.015386102908133381,-0.2129172390132113,0.07996328964439858,0.007960653887444873,0.23287643434592625,0.14683853749469436,0.033825841826537154,0.023206406651541136,0.04238481740721335,0.030869140020784305,0.09738193812400862,-0.019260231529093914,0.05817451520729363,-0.14388334055248253,-0.06355552289910084,-0.13138750365179228,0.025721245102427494,0.02082994251302415,-0.05300776859845401,0.021509140926912945,-0.08601757096443613,-0.12310080453873426,-0.08388149350403126,-0.03339893977201624,-0.05335830973438592,0.10493650332564587,-0.026063237904306893,-0.04724004263486557,-0.01793638439940181,-0.02024278061717898,0.13762341919963397,0.018732257557202748,0.024282780392862073,0.03173646768830296,-0.08056559673917592,0.025864129179652428,-0.019032663966292298,-0.02968504890479977,0.05292382139143373,-0.13864255870341177,-0.050232812640415396,0.06205255605080286,0.0014622144516276538,-0.034742511379890186,0.1492070371763383,0.092807444834601,-0.03355148948546956,0.049986145143470266,-0.059316420640694645,0.00908702397808503,0.02545370217252522,-0.11462991713585771,0.0067583139769806615,-0.014210980421223984,0.08475595920225582,-0.02642829998960317,-0.08083236422230869,-0.001088980808958762,0.139892095149994,0.012286743740372903,0.017601953839879267,0.016951753959878534,0.011356226054920758,-0.13592253114007688,-0.07127834085362465,0.0436260689181009,-0.06721066618610703,-0.03507157931332298,-0.004188570238397748,-0.05481948145495189,-0.03219029350742327,0.05677228828041681,-0.09403571216102903,-0.07154891487632886,0.1402556418147218,0.06548544684477745,-0.054046557708349506,-0.1112621471668902,-0.022103183610052337,-0.013328464058238586,-0.08315577043012051,-0.04002548433155742,-0.08287381223496594,0.06693766819010241,-0.03558493039277129,-0.012214350444390183,0.028788443079164956,-0.007603613633342733,0.02775802260291177,-0.013836231200168364,-0.19739049570718345,-0.0187753139836994,-0.03990690532473114,0.027235724992131248,-0.10024019697380102,0.08880395394467454,-0.045362472211668295,-0.01663283462942111,0.04045268876914609,0.06494406965722742,0.04170733775158613,-0.03185622861962121,finance
133,-0.12031492182792423,-0.0821828384906759,-0.08120429783203907,-0.014689618599367663,-0.008518869600724427,0.1201702406959612,-0.11780220592935285,0.0063243654524815125,0.05397326227039375,0.0020170866337938104,-0.09213525144688592,-0.003763068198112988,-0.0825363945909921,0.006300268538196176,-0.04196016272040615,-0.09034900817250707,-0.14168530468450505,-0.15474030969997918,-0.18791820758022468,-0.031248534248859802,-0.13686613764201463,0.1103088623790956,-0.03373822477918452,0.03753084200745193,0.00536043853091388,-0.05293752436585421,-0.14248505449189428,-0.1278379571154611,-0.05780310940666493,0.041282571716134,-0.0295609202007247,0.08039344980062958,-0.031051919395692035,0.08186050957185409,0.16356321182142003,0.22440498432395248,0.004757743650455178,-0.026163319302089337,-0.128020112857862,0.01638841808850476,-0.10694150748628281,0.12073046065552388,0.011635770268768985,0.11908164070041927,-0.09249691200518438,-0.03083719875630973,0.043097109162693735,-0.02761159241033643,-0.04894221572666988,0.08958988281177845,0.012804025945546872,0.03831453326759388,0.016910598791636134,-0.07454368270701212,0.009755774332761808,0.03935307564516105,0.06938503820096534,0.07516765748695699,0.07970498350433833,-0.010656002805358883,0.030407974090988787,-0.0008748645903507574,-0.0434956590699534,0.07499350690983292,0.12190267874057062,-0.000409612296274982,-0.03550741751527661,-0.09873269300530962,-0.05394452111801976,0.0676643207639413,0.06894004049338442,0.09178400182153448,0.05028074756849515,-0.003703679781317963,0.026834108453770683,-0.07087139035762789,0.11291021957510648,0.10611398671472291,-0.04810866551737583,0.005577281959323756,0.07359525872057764,-0.12890974734434815,-0.13893369949266013,-0.0852285854777174,-0.04349611653096711,0.0003770559082319871,0.04962107982812423,-0.04312631054896623,0.22021030213748097,-0.00882648358786393,0.027927236741070997,-0.06691872415696822,0.05942487162266404,-0.05590965598437931,0.03611541114512664,-0.017604082741474927,-0.1541618780118734,-0.16075536387294728,0.12751169077363894,0.055842090098908934,0.015164186779148466,0.05170359220518269,-0.09962915572549892,-0.051221807342641625,-0.032325098231566485,-0.006348232569604568,-0.07974829133814468,-0.12258570221080883,0.14929840006675563,-0.025579450853221067,0.030790404530376254,0.03948802952388794,-0.015175513863033403,-0.10970722829413147,-0.024998812858719778,0.12479466538682377,0.02296587256439355,-0.017956149933741575,-0.03827225960491919,-0.007738291682775149,-0.08064381754153126,-0.011841803218022903,0.11323572549122222,0.051743442464208915,0.03404792822848671,0.028271071827054486,0.09521470199651323,-0.014291208499672864,0.022947988932371124,0.11867716597802001,0.06837936654004236,-0.0038043528261010626,0.013924386335263057,-0.014925143659897205,0.021357996588727505,-0.05563125760436822,0.0844924879839544,0.006991312724407479,0.014994257445138263,finance
134,-0.11162826448011537,-0.12988915638649276,0.23512035669763998,-0.029775668770283086,0.0007467451557960678,-0.0138712580791557,0.11118212901344833,0.06975112135620787,0.09703424630440889,0.06523893315166643,0.1854380903321651,-0.09872693172709583,0.3285968416410303,0.5505395070166756,-0.11166148617251281,-0.0822801510777004,-0.1472080980795398,-0.15795594902749222,-0.10508991242151382,-0.06809275229450618,0.08778785905583214,0.07334156987760053,0.012848046875702335,-0.03286822210193621,-0.05781619684714665,0.0703758840089828,0.09185444624560979,-0.0663331749401708,0.05696037860465294,-0.03645206787333674,-0.0527600758395398,0.04292239682712615,-0.04306969396217411,0.007827078568847318,0.04659500230190416,-0.06542963087461356,-0.05105657012003077,0.15605497168704213,-0.034199190376567136,-0.009973503173698191,-0.19332147419432982,-0.20649378600937038,-0.009336074000056383,-0.12647997629016944,-0.017759829606217102,0.03459761757256689,0.03872396716869082,-0.016197324790267687,0.08566300237905629,-0.0036911127277461557,0.009372782339253868,0.015689759914822514,-0.011594672640367855,0.03027068247575794,0.0006813653603206186,0.016474585875197588,0.04407870623057041,-0.05274298864399043,-0.023861302069193277,0.003228632677550344,-0.015189536625187315,-0.02253899710800148,-0.015531532216070468,-0.0026010713272503426,0.0031058970109827484,0.022616056046519707,-0.0001199921601508619,0.013379743150065758,0.011313181682765468,0.026897911576228034,-0.013166339265967561,-0.026819644179269686,0.016932745647528016,0.025642534100249397,0.027795954221034865,-0.018155688494042786,0.000408193942052056,-0.015351489484779221,-0.001480114356721723,0.0031316059217333402,-0.031831928336907546,0.006060359398021561,-0.012282177341127626,-0.012147070196761731,0.028754058152528267,-0.00022143413017106144,-0.028259754897859764,-0.014332119906987538,0.0028896059244207396,-0.02670213486268856,-0.005596555215247239,0.006932386199537811,-0.01499162748631077,0.013565332059305062,-0.02418751798825562,-0.009328254751900892,0.00920527332822795,-0.009049936727469798,0.010773652144670779,0.01878385350568119,0.01028902438396489,0.0033528165320293696,-0.022613573016280964,0.01812091823854567,0.01115378589825867,-0.005413536711243621,0.0031633227172489353,-0.00029244942388921574,-0.02078222804432519,0.02227346355110496,0.004002678571811852,0.005705458763927097,0.013758313572080554,-0.00916054425324592,-0.01192670771458694,0.02094819575618624,-0.008870117372399493,-0.006146188776556701,0.0143713760470709,-0.017066271454262358,0.010361006603653888,0.010704065494717955,0.003447209109486545,-0.015379169514478975,0.011292672665957968,-0.003279004254834169,0.001153239877885778,-0.014396173309813555,-0.012217587068853236,-0.004428726093060473,0.009661670871647588,-0.00622329695382354,0.01567087105013586,-0.01284215032279041,0.004369288744736682,-0.0020473166473475198,-0.006950128739352004,0.023707917168101954,-0.017756791870841962,finance
135,-0.12174447186533295,-0.14122742807472322,0.4695978981959018,-0.06509571080866072,-0.009901370762782373,0.0016563614409776297,-0.007624848957395228,-0.017552874261922688,0.04000595140513016,-0.023686298886444097,0.08614616576876849,-0.003985228741592133,-0.05760872129176078,-0.09787096348541298,0.00442016260221567,-0.007186929406474145,-0.01581560856495218,0.00018416836549201305,0.02154915936988775,-0.005658749326385166,-0.05559428570570057,-0.03446546869721408,0.015104901551956748,-0.014369806461225336,-0.04024180701443445,-0.05783592581137542,0.0412924055107683,0.009809849648496648,-0.015809484296219166,-0.03265176541056489,0.11069798247188715,0.00924060406219038,0.06910466745647756,-0.06438539551124951,0.022638958683668987,0.05077771236089024,-0.00013998134345008357,0.06585149067273852,-0.12180684274118424,0.007236833344140699,-0.037629443397774034,-0.14339912357554213,-0.0401452681000512,0.06971187253277494,0.07046740288447088,-0.03369755197838855,0.023102507456483214,0.057712622989940926,0.11619979895897144,0.03795305825847318,-0.007769780083202962,-0.023176970430555763,-0.01667935841871483,-0.0622450059566965,0.021414600254252198,-0.01825497696506503,-0.023292831719829925,0.06697335347360049,0.01592855569177558,-0.005292281478468134,0.04458279551006654,-0.009610940295488944,0.045082417250507704,-0.048182775087247984,0.011343324363560324,0.051930591314643976,0.019276460255739727,-0.02340145457763684,0.015066916401922741,-0.1174737247510806,-0.017240901810270187,0.06859978848003023,0.07179049510843653,-0.009487709851597428,-0.046840561899649295,0.020680944599324003,-0.07846556821808283,0.07157321127455976,0.06265077350226758,-0.0331454073705708,0.02715512202874113,-0.009422679991936037,-0.09414127842790915,-0.1619233170322583,-0.005025400832850751,-0.024476888140049616,-0.07461785020986625,-0.07648365023336705,-0.0261457166838686,0.0016572069971481475,0.05783829603395228,0.045018019566743124,0.12014651855792273,0.03649444466180527,-0.03868758750871692,0.010925106189655403,-0.012973199008631985,0.0019725457477947645,0.056388383769783466,-0.04599266479623064,-0.005893429304319862,-0.00345687385280569,0.10608951914416136,-0.07042629627368914,-0.06882484774150531,-0.05513269910930868,0.06686404993075332,-0.06260498469116522,0.0837428135079153,0.02701916278780847,-0.0051151760105671955,-0.035005328946646104,-0.09112595397826075,0.061280699199284125,-0.03225799135011065,-0.2612667638872989,-0.020264385944151583,-0.06050528000639667,-0.2102491931434284,0.03648121941500288,-0.04927278141857103,-0.11896898201019845,0.055658524600948084,0.05680135493729388,-0.005120047579062785,-0.037552820592583656,0.017508291731333617,-0.042250792823995076,0.184931464440508,0.0726635122364245,-0.09978003992368177,-0.0009888276732655614,-0.007758684078473282,0.06486246326083475,-0.020384364304775464,-0.07701517236846174,0.05347776851146501,-0.17171449478859072,0.0071058238583830025,finance
136,-0.09542476009157788,-0.05686882108570553,-0.05339967296873511,0.010652682510631237,0.009114624487777712,0.1319165083697909,-0.14645003038674295,-0.020457260944654686,-0.025856039080377095,-0.0009175552965211583,-0.06203249757999838,-0.059401796713134065,-0.08788941118873467,0.018991476326028656,-0.006664806704346726,-0.08878521761643829,-0.14625649865318818,-0.11287818233289679,-0.22113185105948005,-0.03579286179455259,-0.11714125794100759,0.11609203329707501,0.0064144437502493025,0.09970826193018335,0.029606365341019722,-0.016507733765593183,0.04700019663605119,-0.21509717867912212,-0.010600814514073378,-0.011757138203846378,0.05536463855494834,-0.15032980642578342,0.14560519065892683,0.023428335623987814,0.13176148857464706,0.02094678528040519,0.0765792758975862,0.002408984247343409,-0.08491115515712964,0.013444959944862698,-0.10311212294957713,0.12288832132308944,0.13536356320098208,0.08246674647839823,-0.04397982448877172,0.012882923931278443,-0.015153299937702584,0.07385022038965783,-0.10282087146945959,0.01105670497177589,-0.1533149671725398,-0.06929153911192676,-0.14599988139687395,0.02231551938121444,-0.034825296223726265,-0.10747456313337138,0.0027734467996610433,-0.08011016007220062,-0.06544712284439856,-0.12499184900255239,0.012588433183982147,-0.052222742216741634,0.02631482451847363,0.1140472089156456,-0.0784803225285086,-0.0016165328909045454,0.002072257415112636,0.06286154414220209,0.023056757848566686,0.0509896146106002,0.0789717346652661,0.06182204656132437,0.07471386759290406,-0.018273400810227085,0.10890116279147827,0.006605542596306785,0.024920999178028917,0.105881544120371,-0.1452836790604071,-0.014905087580291593,-0.04444251739435799,0.06760696971641125,0.019349025010942742,-0.1172854664207479,-0.02706105024747597,-0.0036483936921130103,0.08292053522559403,-0.010432246798089009,-0.11846678660684541,0.1500058075453171,0.007226110928140234,-0.1239997652404545,-0.1053819972510463,-0.03271087661598529,0.06639154718958692,-0.16804058440075478,-0.011849785057475493,-0.0978801940895762,-0.004066552195031677,-0.10630338831432537,0.20577550543996456,0.037597433765822176,-0.039602140621863034,0.09848800885799745,0.03129182218935032,-0.12510658103874528,0.04583396595526987,-0.015442010400209656,-0.14911699931627398,0.017515916399097567,0.13026756655849434,-0.1452086108864321,-0.03555342507243277,0.07494827745509498,0.13452128431926696,-0.02430606398013955,-0.0537280714204395,0.10695400767958135,-0.007921685151361307,0.055158477695136085,0.04383932941481568,-0.0002488204710056277,-0.06389904671231654,-0.0057105434353784705,-0.039073146672202505,-0.05011301335501506,0.00573948294760732,0.07454039357705362,-0.0031680241547078366,-0.05286697191312508,-0.0134219228888075,0.007078074569594971,-0.043750540953216045,0.01727863196059356,0.018764088733156454,0.01664368084858107,-0.04604372707388837,-0.0786475185003415,-0.010217188360143065,finance
137,-0.17970241547762128,-0.21430287392385097,0.629785316798948,-0.09887727646914327,0.0033768465450187924,-0.01403834910725765,-0.02517828683844142,0.014532901311397636,-0.013279966729054762,-0.026549067446718214,0.022456125378556284,0.041789220857102474,-0.09675878729874576,-0.19054489613594186,0.03682372949581675,0.006118343186342619,-0.009068660881203235,0.11063650647734473,0.09214437775349381,0.06039211572181571,-0.07370780211868418,-0.02189854092428234,0.010509097145612645,0.0307937676438897,0.02128549183942397,-0.07074440911236506,-0.04763481429152611,0.034850649298905134,-0.07392902819359226,-0.12146834576081923,0.1887209168951312,-0.018554941336993667,0.17331726227505972,-0.04013684301121424,0.10562813567844791,0.05336953887356094,-0.05985733853936125,0.07573199542192839,-0.037279721848477845,0.0007486778653288539,-0.05772106946481382,-0.1080180373052855,-0.025714775486578665,-0.05115171089865222,-0.06049328202936939,0.011879684291853378,0.03070590163628901,0.010428671935814907,0.020923249603228146,-0.002358178437137557,0.025495645766338153,0.05349130011448122,0.04444645883188686,0.010809307122496423,-0.023404652708018826,0.0015696243891484588,0.009958013587842734,0.0130165568084919,-0.01262326470588531,-0.03670728256320881,0.05879853854908923,-0.00019844903757777578,-0.02365816566633507,-0.005421484263405004,-0.03011471628545215,0.002893640803739172,-0.02548239699792414,-0.041136417928372596,-0.016075794326276975,0.0344232211308609,-0.015739033073513188,-0.028831274646136804,-0.019624652713012065,0.010931505707252659,0.050815176477901416,-0.023722245550786676,0.01748906815557202,0.0015556023511795068,-0.002101790186157179,0.04077360445552171,-0.07668716342443391,-0.04079847216415261,0.01158097012746506,0.04202771183523439,0.024188300813888317,0.007100955537376007,0.04527407244804498,-0.026724420690469274,-0.04283512611195115,-0.024201356067921974,-0.022921031958913634,-0.0018894446456904678,-0.06753545655775386,0.018760901470699285,-0.014407056433963875,-0.034847635332965435,-0.046059941790224254,-0.02288811334029471,-0.07521674486604871,0.03010259911103767,0.0034325416810353795,0.012867145448600788,-0.025582162563344425,0.02906672798452125,0.08225344214950757,-0.04385839582594772,-0.06192527894031983,-0.007992018056478933,-0.01909592783649987,0.07860886671268419,0.021728414112312466,0.09582161486028778,0.010617988868138509,-0.11475825351853211,-0.08401044523376175,0.01847285427861124,0.013465091453678944,0.052458786021305874,0.057552548880448105,0.053872367180087935,0.04769773118012882,-0.006837040309803923,-0.009868727728980696,-0.056169089591008345,-0.0392457694770342,0.01793917973495642,-0.032900516863049824,0.02349598538403166,-0.008603106349179561,-0.013154712517382356,-0.02564604626987493,-0.01650594208474378,-0.0036590014037810987,-0.02198497396977252,0.010110476038613484,-0.010447022705580351,0.02086475253315041,0.05650100353584993,0.011930978684084092,finance
138,-0.12573076742535183,-0.13625278476783023,-0.15870012487512383,-0.09719158416287794,-0.023498090573061185,-0.0928987882956149,-0.019843224664915973,-0.012997034846512283,-0.05065414991331317,-0.012118420463804817,0.23876428376605666,-0.19396822998469804,-0.038492983192641037,0.02299112350862219,0.5444453924727332,0.10159226061914513,-0.002389870147647316,-0.04507776498545046,0.08207747080434044,0.05307689219404816,-0.10043233545119867,0.040700840843550475,-0.00700802893946384,-0.07286259981434942,0.0051948223929027156,0.059099155834689665,-0.051245788432650236,-0.04612459505239914,-0.061224731307846315,0.01419724671064452,-0.020629109314180154,0.03060866649359729,-0.022308766834447255,-0.006629934349087977,0.01230863427146704,0.0744960768172008,0.050452879250303194,0.0008644872740720397,0.014528685200983039,-0.02301225370691718,0.015241025527347057,0.012291404137387196,0.031833996623543345,0.015501804360215936,-0.030631347716235355,-0.01721782185324302,-0.027330865059136587,-0.02145414270129253,0.07328705144573136,-0.05403855019440697,0.009438212701469993,0.0297255103736495,0.06178201906623619,0.026682197545137943,-0.027256561574990453,0.050627617483311814,-0.06272522803071051,-0.005875031466202986,-0.09128078886009923,0.02368892852469983,-0.0170172472511164,-0.04031370756358612,0.027462666111492114,-0.044969129341721495,0.04725869979380819,0.04657301539504696,0.11940981123739564,0.01446507225351321,0.07401098582562443,-0.06678870238587352,-0.026886866067052727,-0.07256728476601605,0.01569762749100685,-0.05840791337550628,-0.0014662596620985465,-0.021146695779158578,0.06298240558356986,-0.02499062965284992,0.013357817108796306,-0.03967546327270865,-0.0792143203454472,0.0670313176387806,-0.0017233958138138932,0.03058108054069606,0.027113073584766934,-0.003353864793268452,-0.01145548761197206,-0.030917818989590826,-0.03734585944279199,-0.05173277939675514,0.02694694828581513,-0.05378609865060732,-0.074596486758251,-0.006014556207190831,-0.014591236809471175,-0.04640205495652793,-0.07803016178775438,-0.0033243464509987893,-0.014081504231180202,0.017877225065953177,-0.012797835964302529,-0.01875741176888159,-0.07167209415769403,-0.027918335203945228,-0.012067856792716589,0.04536416564728408,0.05288095514122037,-0.011866908365743185,-0.03334320751818915,-0.03191658122731849,-0.0034242020894267246,0.03875003211408026,-0.010501658669253426,-0.07886588589761237,-0.02913472551076276,-0.02218655332886389,-0.06708480132580005,0.045436027834815214,-0.042594755809249096,-0.06553672866268413,-0.07612707494311308,-0.018901796922198958,-0.05494457655725985,0.030839275149663527,-0.12690717829548712,0.023537202307950228,0.02277725906850492,-0.007596076141741985,-0.010911205252439658,0.0015792219009771566,0.015343675803643335,-0.061545609846268966,-0.02534144523572067,-0.002638343319835772,-0.042874006858349745,-0.06428309959052882,0.03650649147745609,-0.06518109364755793,0.04132547710670801,finance
139,-0.16973392504823007,-0.2059471157132337,0.6052002635107497,-0.10888387438345394,0.008727765104212127,-0.038233318348919285,-0.0011844514608990119,0.005588507035680649,-0.011575239307846286,-0.02816744063927213,0.06931656981701094,-0.006865844985712135,-0.07776158577636656,-0.16073331500879307,-0.016626392787341654,0.009753278679388843,0.0511009224211158,0.011222400412865258,0.006579191321865565,0.033126836165325205,-0.04387546885222046,-0.02921101451975436,-0.004487636424720152,0.01773297602739874,0.0206835238913671,0.00015187222778065675,-0.0024817842557783524,0.06424173255908466,-0.04985234099787521,-0.004021984769653105,0.04227431169199493,-0.00584908747137387,0.016693991597901203,-0.006646379018018638,-0.04403793823306012,0.004691784195174217,-0.006957457658178012,-0.03669617055553788,0.05060004305379247,0.009595903981779922,0.06166045520326958,0.05978491694867009,-0.027350186980461946,0.04043046359070195,0.0015719700158380837,-0.00024214638876904777,-0.025048903218312966,-0.000743683335293533,-0.02859821702067582,0.04010212429488094,0.031183159063395003,-0.014614912648197875,0.009117917813950124,-0.013468120468156061,-0.08090851756988428,-0.01432167686225709,0.012483504270309365,-0.00547838768697676,-0.060848349583185385,0.0030374841660728183,0.06414979032110849,0.03493689534011723,-0.030341932203952045,-0.015630103241498054,0.009590776981394588,-0.04686112940630501,-0.061876791918933964,0.015324843138369626,-0.007496100365702415,0.0344122332285053,-0.0049305531378172,-0.031549105493243086,0.0014439636472837727,0.011480336198019338,0.0627901564955596,-0.0075985382704713295,0.001678306328294931,-0.05073340536662805,-0.053093976454846106,-0.02590931130666671,-0.040371675462357474,0.020144663174651675,0.0362219634503353,0.05194499814821903,0.009749055813482864,-0.02837842063929678,0.061057481810110184,-0.0011697613283878252,-0.00585375559001937,0.041962806268989884,-0.0363765852980797,0.016002384662275233,-0.06623984738222281,-0.01714655253126413,0.015007383756965309,-0.0003291013497492821,-0.030118002065348856,-0.015223263652497956,-0.05458404122484147,0.0013713892316420243,0.00568357656928362,0.037405189401124105,-0.053639745183355084,-0.00090150333082642,0.06704493709763788,-0.0157993607564059,-0.0217132229483075,0.030551935744058283,-0.024172393602749146,0.022284903646934077,0.03688920614926063,0.014638718898850728,0.08049952386413495,-0.029415103280340856,-0.056374940973935035,0.04036280084120496,-0.0004407723798831952,0.00530815800304226,0.03861552981530337,0.05562471715554966,0.015964288690822063,0.002518512908292163,0.010857344924575317,-0.06973158694527452,0.0445362738429309,-0.05641927162129155,-0.023427871442549094,-0.011680770043908245,0.023469070672549112,-0.023738596177358736,-0.0206300831199405,-0.01922435807523815,0.010108611064288257,-0.06876742763091645,-0.04796351509403842,-0.041751301696244046,0.017511087465632853,0.006968772927770025,-0.016715078834028795,finance
140,-0.17174741325628015,-0.18729408609592205,-0.123303918758304,-0.13872058773735194,-0.07009732021854095,-0.10474222814188522,0.2338401542901298,0.1469433228135633,0.26495535000587533,0.03989970515756248,0.12234252327953948,-0.026173131505589958,0.24187580841076747,0.3394743838212758,-0.0435541754634053,-0.04064282283721281,-0.18952464401888958,0.0395572063848527,0.1143270993728414,0.08412884434511463,-0.16087406747841682,-0.06112218333661065,-0.019095210933529845,0.04074225000452513,0.04080833378574734,-0.08101198565720766,-0.08405475974455741,0.09469238719190795,-0.11012377950489773,-0.09851032943164532,0.15150910867732675,-0.03523828392494882,0.09667966623531245,-0.025264982310321663,-0.007786074984650999,0.060332532703756075,0.0029915889066726093,-0.07564113311307423,0.050470371761734356,0.012820724038239181,0.12419421450323417,0.15294896845537265,-0.01257078227161062,0.09098545333865511,0.012814260969949491,-0.02668139049602862,-0.02792577157959023,-0.004138101235107146,-0.030524474981549744,0.026488803434004612,0.06060875062025301,-0.0473670716817354,0.03494888442005688,-0.02553161766132993,-0.00996504032611531,0.001889036529566713,-0.01612349777445418,0.04013025026013256,0.03211833412455461,-0.027144656965421333,-0.017994857429387716,-0.0206270484168811,0.012764480277539325,-0.012187282876718513,0.028516315612610973,-0.016188500782193763,0.042639791155352665,-0.023912425493575893,0.021649009835629972,-0.007358526346105468,0.01963537287760815,0.04464603624106492,-0.041212149741174646,-0.011123776443673147,-0.015245115516022489,-0.024420973483926644,0.032956355142077155,0.006586591617204595,-0.01594097103932339,0.014770315215095175,0.023328835263842124,0.03493712019338014,-0.0057402052727245495,-0.010634200839254206,-0.014856602569325117,-0.021014012219296233,-0.0009984734954652512,0.028528853664944457,-0.0002163934554839204,0.009746832744877235,0.0030763165240951635,0.012858670004681851,0.05142464727744423,-0.03853566612799242,0.003589429998531442,0.015798066614251153,-0.02529985865537934,-0.0019954873689677407,-0.0077304778951247845,0.01800501195556291,-0.000721480052413454,0.000969078191607445,0.02216839660756638,-0.008435449358708135,0.016163617063105387,-0.007610783457979319,-0.05835832024247417,-0.012109554226454418,0.026738242422374416,-0.020846484753854057,0.0005683365767081229,0.016243926603458934,-0.03413962130578833,-0.023980132139617534,-0.02528161327548718,-0.013190538737586093,0.02925765933201027,0.017117375752804025,0.01592737510222101,0.008481491014874123,-0.0527090194066612,-0.09232690278363867,-0.06678318003208081,0.041379197451016606,-0.040999410098434844,0.005168614003058524,-0.002860357031924657,-0.03021809446678727,-0.04769491212299495,-0.015671933053940563,0.02828558894761656,-0.11093890933225506,0.014842465460147081,0.016361265748826653,-0.0806566786945685,-0.016055483322061637,-0.1312930232686256,-0.0005097848299887676,0.028740904939269594,finance
141,-0.1034483056347605,-0.042312613316165294,-0.07949415992068266,-0.023990221422942378,-0.015065138682261926,0.0051344309194504625,0.006227278802191027,0.0273306155695067,0.06284412893638301,0.02921455026717661,-0.059196327280300894,-0.0977628094827449,-0.1164070972553571,-0.03227042151418725,0.20600924097036372,-0.07002263888197435,-0.10838024110577602,-0.12929358102313013,-0.16431190611039231,-0.09309079987899867,0.10521525608957977,-0.046104968890175686,0.03596457496171576,0.051312456105454,-0.020817315562553108,-0.008633385756727186,-0.07725107334419422,0.007203736342324478,-0.11480145231390554,-0.05253868169679062,0.08269169004317126,-0.018140089554361555,0.02976738730268744,-0.11671496775070445,-0.005300875000562509,-0.17917911926013774,0.11929831063720187,-0.15158896724833326,-0.3136294429262961,-0.10812239922132413,0.022149361054412845,0.10561308283918658,0.017939548037569857,-0.13237071344439102,0.13085924415845326,0.0684754673283189,-0.09271830043202832,0.07981784692054653,0.05558596558254375,-0.005770480993843433,-0.04829793527198371,0.14933885788934534,0.01945009184322451,-0.08612961152405862,0.0757090679361109,0.05810275319709572,0.07796850311627096,-0.044280844574262464,-0.003944512343437899,-0.0013149820433655608,-0.019869486784589337,-0.016964050833484765,-0.00330644406124017,0.021646154719407815,0.05241407561639908,0.16857391075615105,0.017043641388335116,0.09143832667030798,0.03615099035340611,0.021567225627987772,-0.052281766319943995,-0.028896175128838675,0.054742838185614776,-0.09099017401047708,-0.013002240717497924,0.07163491259811954,-0.0521864925193242,-0.03352920502844329,-0.02254661696535193,-0.06226186269268431,0.005781234197695337,0.08664168749691925,-0.05088202786324859,-0.03248862937798394,0.07092056511358136,0.06202117588600353,0.027634287656807095,0.02697096849860193,0.14640908023515803,-0.06361791512179361,-0.0888105317573586,0.03227691386103564,-0.041976514473731665,0.08880542709555911,-0.03759571507371446,0.07063760961492925,-0.02219429943156152,-0.019223639500323,-0.1241432087745821,0.0046994469600302275,-0.084230639895225,0.03520312807946339,0.030305364612367092,-0.052630001335666705,0.017742424756079688,0.0549831292911251,0.0428379629370033,-0.06413166382689212,0.06016144279731608,0.07388376871734899,-0.0587298520609976,0.002441039150718925,-0.001019852486430843,-0.07180441829004294,-0.004582058832387406,0.09051057480927045,0.1332964481711377,-0.04114254194126706,0.07578647494983028,-0.06860798323785544,-0.05150336963400697,0.05478106649506733,0.07480518485266735,-0.04175536973167701,-0.0004719297628380384,0.04848875187213794,0.026407874160231527,0.1794401925569778,0.023854732109708742,0.08372900327481701,-0.05537141433631755,0.092287298810492,-0.025645824645414154,0.043511168040063344,0.061849942228453074,-0.04395810100130556,-0.10522774187711728,-0.010016275904608069,0.048976729341897174,finance
142,-0.11528652563844843,-0.1241282365517073,-0.15159105254352942,-0.061706146372420174,-0.024070704934235413,-0.03568015914446325,-0.06533749812233847,-0.024601414734093368,-0.06579534668416898,-0.036316786543243086,0.18556527578285428,-0.18306989740489046,-0.057032534284946146,0.008878163425420863,0.45979279465535533,0.08994672633031453,-0.045030238883961626,-0.05585093388526547,0.06372429816881502,0.005384256453912962,-0.08072544404834726,0.049405986508245674,-0.018258494298841695,-0.09941082850978634,-0.04664203214435289,0.06183499928616541,-0.07519942899065311,-0.03626506424398322,0.030879853738147788,0.046336012829603195,-0.03783722227537716,0.05722190062253541,-0.05870100508726036,0.00034235610571427174,0.07549250202815366,-0.01901121024569799,0.08289106478257362,0.08036628214963284,0.10949870841834541,-0.026243861883632393,0.06239631100704176,0.012391961955208532,-0.07245065018367657,-0.03404087386276773,0.04648762049982621,0.04109163477019884,-0.006579338362480766,-0.016152012635114538,0.02020544919688346,-0.0009578403071345838,-0.026192043983747814,0.05736493565609049,-0.020605488282195963,0.006942463830812763,0.03462606264189902,0.012190619837268489,-0.04655841748540877,-0.01690351730184524,0.06086927904891669,-0.035028009150475894,-0.012843303004435046,0.031477030321610915,0.02222341376575959,-0.08515758712739174,-0.025610026993517478,0.04288872382161845,0.06298058539455317,-0.06788418427723118,-0.005931058430714317,0.09788668368423575,-0.02787915097885856,-0.027013550980274404,-0.07077734635388559,-0.07005823981221279,0.01692618417325686,0.0015359614582760937,-0.0321449764358958,-0.02395206906738326,0.05667866991944048,-0.012564248559863574,-0.08606050967510535,0.06045494961631783,-0.05307323967610643,-0.08221616184640776,0.015074562921376761,-0.034272539368084436,0.034858027843986936,-0.007171733777352944,-0.05731745659161845,-0.01702358611851526,0.06024569351410532,0.017575953579284355,-0.04005895846418886,-0.0019575348410551955,0.02015318629228916,-0.09130713445088916,-0.01553285867830448,0.040705919155690676,-0.05500854411918375,0.028880335195589135,0.07724974452820739,-0.00460168767629799,-0.03765842541504916,0.01886880337675295,0.01192458490015062,-0.022346422729630267,-0.1003172617943976,-0.005163012904714901,0.05330265498876258,-0.1886856826200683,0.022881269558756034,-0.02089404150419319,-0.005193780120761483,0.013167266638222331,0.06144376451564272,-0.05134331697618313,0.01832601814596505,-0.02405448748790876,0.03914544412550404,0.16554909469470272,0.038564707720201596,0.10355779716305759,0.12301148095589368,-0.0960305229254111,0.14192191006416432,-0.017431541053092976,0.017501928730658606,0.10514622633908209,0.040955962471842834,0.014545418981644624,-0.0029054909286842234,-0.10478669807070176,0.26878578476540277,-0.09653957710956244,0.0944680529939416,0.0735583113818499,-0.04654024314593393,0.04777724640468773,-0.022130710267868673,finance
143,-0.12277320104320716,-0.12652314240829646,0.028537497657043664,-0.01773619904114309,-0.008362234852068358,0.009835681753103733,-0.03834372779565063,-0.04465117944240062,-0.06097773641483888,-0.024137923410994837,-0.2494315080166093,0.08018254684377628,-0.06395903871918267,0.06437504225247666,-0.0218942115941067,-0.014894360717753364,-0.2111050248794029,0.1588550064033161,0.1753091355503765,0.12779498808780096,0.04056636206949032,0.061262358403668,0.01617474301543452,-0.07059743812779688,0.019599767331131297,0.025748350774537947,0.0003050125375363052,0.001216404019821251,0.039674734731636206,0.00887421097407387,-0.10592851152854756,0.04060392719303531,-0.04104778712888244,-0.0798516447481637,0.006757756684640554,0.09725534981646192,-0.08376301158885387,0.09905097849903306,-0.10080778570438977,0.009790807449765382,0.08131856454660961,0.06319189990104826,0.06456764606947415,-0.11610561572967357,0.016798401771179826,-0.19942392498538147,-0.038765453625221505,-0.045602511068975976,0.0737747440547873,-0.04842599102819642,0.08359187668490084,0.07183340556280182,0.006101440237520826,0.11154231474179657,0.08807724433421639,-0.0031178669545461643,-0.10001320461788551,-0.019608542925774734,0.03723801259073322,0.043160808028111765,-0.0746697566963118,0.11584905005196422,-0.05163090212095692,0.12082208337578002,0.03871774613386058,-0.0027693068826664846,-0.060654691402579654,0.021370688969264664,-0.05077224386070252,0.014358442069468841,0.13089136296767487,0.09778475851776436,-0.04031670134918077,-0.032554246006599945,0.02107863320168491,-0.11541156013000142,0.030844363823644257,-0.05114873665194488,0.010365709009416217,0.12319642365607511,-0.10653740431412856,0.1391089190160714,0.05496773560151088,-0.1830690364413636,0.1336244229787504,0.11195448358721938,0.011566049214932875,0.10147288891728157,0.02292723131860881,0.054413444675481315,-0.0001552197557024193,-0.11107686458296925,0.025601553082462678,-0.015649630595246083,0.025245994734361815,0.14860393457951293,0.009180540753488151,-0.09781777843444495,-0.2072581935649003,0.032814844852214704,0.0044692285076543825,-0.07354016422278477,-0.09135810029603048,0.007019633995831794,-0.014582724768296473,0.05398351954992151,-0.02911497761033553,-0.08906894637202821,0.008675960975418461,0.09572972238470819,-0.04331073935314364,-0.11644962688771238,-0.07860345433281762,0.13861643110591326,0.015852208829220872,-0.000461548662916947,0.03372319690666388,-0.07109695125356859,-0.05420029899853552,-0.026691793749209183,-0.018833254297613417,0.1165271489413922,0.04706227327293931,0.010312843341557697,0.09505149953115405,-0.05319337896079709,0.05494139561327132,-0.09004332863513533,-0.0768336835741239,-0.08785376517700046,0.005129864035746291,-0.010831493981814919,-0.002388167679378213,-0.12273061186946316,-0.02283720443716837,-0.08447470222558105,0.018701822048913973,0.03798405891763159,-0.058079390111263854,finance
144,-0.0715091271431686,-0.059516108622214695,-0.019685959816109804,0.029016744540947288,0.009386874495477308,0.09741773612723315,-0.07081011569720345,0.009274693432458523,0.02452580552005006,0.01804469272103819,0.0064788607448011,-0.07630351102312811,-0.04619845483783752,0.002187348337032338,0.035493507524484234,-0.0264235378363427,-0.030614642004266057,-0.04994363384688716,-0.04629094498243134,0.0016951065814419682,0.07503306146002077,0.0803836224209495,0.005265032412736212,-0.10124086446938105,0.04425742014124177,0.022237399881090542,-0.06267804126266048,-0.20583336343993422,-0.11602857014767164,0.022605028869887203,0.05262580143283027,0.04842756523847785,0.01557479439354736,0.021934624793656033,0.0658211788430046,0.1380744525593193,0.13789783079484763,-0.06878629953977392,-0.05458933219898011,-0.10061964250070592,-0.09905511058749221,-0.09140363120547107,-0.04195255070536972,0.08638385506206876,-0.21290385882832855,0.055209736750148786,0.03238728266247598,-0.1727669490870773,-0.1839906369938851,0.045020776208972026,-0.18646011399557386,0.10761928161382275,0.09793428131369286,0.023641737909524483,0.17679222409075657,0.07257861774958846,0.04100145719783084,-0.049847434885732636,0.056342628030271444,-0.04697039907828642,-0.09014819617805221,0.14494623894482064,0.07707784799766151,-0.24922715420125893,0.1921821338773728,-0.12468347917868716,0.024399734393848148,-0.11967193400254238,-0.15585919777730153,-0.1895835647250171,-0.09536010836759556,-0.05877118918939041,-0.02859658993973617,1.838980027292454e-05,0.10526568414055351,-0.07012680973163646,0.05973029943164511,-0.2450537080298569,-0.09460336873308492,0.08096906277754205,0.09572374768959321,0.021975389270819372,0.11489507548577545,-0.006717456790366191,0.014045016295172309,0.03660796718761953,0.046415977415875685,0.03763778934065965,-0.08354991942609762,0.09351615159712974,0.07583774826237497,0.1422437951896499,0.0002914688606850981,-0.033420969346470056,-0.04209367838629951,0.07282446455834979,0.017108507725310154,-0.012340805354170113,0.14654971469640266,0.013940476947117255,-0.018528468492391273,-0.023439324993036692,-0.007917777240221135,-0.15647363142063586,0.019354831192563263,0.02817728992952654,-0.058859958681868545,0.011861949452184356,-0.056105827293772746,0.09380524368068466,-0.02602289868011949,-0.004569096889306091,0.010264138580449568,0.09070887687242123,0.02291150781634566,-0.09442396492700017,0.04059668741964069,-0.01705742496397272,0.055566750860626575,-0.0535393298723047,0.06636098274764818,0.0438162456518852,0.0066713102286475034,0.028662934030114183,0.007985996058080732,-0.01381892081397553,-0.02661310763022758,-0.00914149592105333,0.0013763725632479772,-0.06809204592182884,-0.018989734912221785,0.034960433719897314,-0.010331397157561996,0.04349668994539025,-0.013260216723633722,0.032231680565566585,-0.023337041021242635,-0.0013352301578101523,-0.0014098530893912515,finance
145,-0.11121501469432005,-0.10950070389440285,-0.03854563021577827,0.0755964799472671,-0.015937276091211833,0.21768105936611373,-0.06569219111067903,0.06743295003267287,0.06930612175269735,-0.02205471977308453,-0.047627881340829493,-0.012818429416975287,-0.07996826988182262,0.004910047182029883,0.0635427786410189,-0.03310081601304854,-0.11829153968415058,0.09209045935575597,-0.05582478568331659,-0.08416879025231128,0.26185734879943545,-0.1196336159847263,-0.008823794596544454,0.016861098103554628,-0.0458597536107088,-0.05351059446977221,-0.15168293896387142,0.13805346081251996,0.22118024247390472,-0.11695816902079337,0.11157150032085951,-0.12997052590421695,0.04443331064868233,0.20824953374070715,0.061379650178735735,-0.03148445422580033,0.10299340041290957,0.027312193306155197,0.23902568889360912,0.09771632454696313,0.08441148465530175,-0.10480194101811208,0.13531157451238368,0.05119589715590258,0.05436445644218488,0.10098661229662777,0.04237764556120886,-0.026074529905116762,0.08336141922205487,-0.019716808288205438,-0.04504711705325832,-0.015631167836646587,0.1742330929928066,0.008876204521151603,-0.02684345247590573,0.10797667535195138,0.07722140343436111,-0.06795735952676785,-0.11670375775687603,0.11340499271930324,-0.007185994209820463,-0.03323302364418612,-0.021689970441020303,-0.08886752673785447,0.006807116871500837,0.06400312637200847,-0.026817078322055585,-0.04089654041904961,0.001891762246507554,-0.013460899864707014,0.0024355668454206095,0.065410810815413,0.014182604072925696,-0.039364783575863975,-0.013116395038769033,0.08154802448697064,0.0754550039953726,-0.023993706897489777,-0.05429484538271366,-0.038524238685862876,0.09126437846198372,-0.047019065326157156,0.05218361318950143,-0.0348314933312981,-0.02099745424646007,-0.007611225059939242,0.011849708801842957,-0.024924957353601944,0.05125444627394878,-0.01799362907643485,0.0944025208671991,0.01941698754410805,-0.05305878055221662,-0.03746993039199816,0.05036021981860267,-0.02015860612704536,0.18443207229635156,-0.09491950349458869,0.016634218400172786,-0.03742916252361946,-0.034211440291759404,0.020058592767960973,-0.07758961926097886,0.08732546727924327,-0.08036922595409285,-0.09001193583905638,-0.05142502532630379,0.04737562307032796,-0.02620697020072112,-0.031165029350178026,0.06657674038989651,-0.013828550176918909,-0.0029359512573121026,0.004463135788083559,0.03748388199413194,0.016632543027025357,0.04622675633270294,-0.11462623349033842,0.04719967229953905,-0.031650687186134716,-0.03656669317625252,-0.015013560830787323,0.02909598452632669,-0.06192337587534422,-0.01965767466481242,-0.014206604766137472,-0.009319300988948386,-0.0009811082403110949,0.09121573891311631,0.027926286646429068,0.04210963693908067,-0.049404204434205665,0.015177562030606448,-0.07201917414784056,-0.01650988250250865,-0.03825019008339249,-0.029065195909765203,-0.04753809183486077,-0.10438703458406934,finance
146,-0.17408562324052607,-0.21421369294537726,0.7202556551644522,-0.09047088682042982,0.004392265043775092,-0.015171874143660549,0.03440097901568662,0.04032518290503304,0.01788408290465224,-0.010876331030302198,0.18988152032938538,-0.09555498461534435,0.030351648656139377,0.009239135899572166,-0.01698143417503835,-0.010238837368731905,0.05691158189379966,-0.0830361755457035,-0.09549671282309427,-0.04671281720835755,0.021416940251906814,0.004393543480727623,-0.02022049139563436,0.023526875252364115,0.007380442099100678,0.07141187770029961,0.004704270399265375,-0.03143240923157156,0.048881280260273954,0.0958498856576149,-0.17166519154893695,-0.010781647476387766,-0.14308505445431194,0.05652336767950339,-0.05668606158609702,-0.0785021856534626,0.05915637278415148,-0.07561597170648598,0.041338328638701904,-0.01069872720012851,0.044059579706457956,0.14900031338788422,0.04360465364277816,0.019280771956969367,0.03328714299663208,-0.02192291073704178,-0.017077588645183127,-0.04318033606845805,-0.017562503861178167,-0.01801500386640865,-0.047704892807000146,-0.03829700469646696,-0.025043612214946793,-0.016099934468347562,-0.012468366805629325,-0.001867499840866878,-0.009821591572743413,-0.002236671124514726,0.021131045780484973,0.03683779638081649,-0.04478602108904047,0.016416807095836244,0.006800068752674225,0.019714853224240516,0.044917804807101,-0.016259097294580794,0.04005129494888555,0.014146719290969913,-0.02664947639676856,-0.009438229416224717,0.0241488043624723,0.03151172352774736,-0.0087245403074163,0.009472537730013848,-0.014312362913147051,0.010716586006908805,0.009477425760747888,-0.008454906562607308,-0.017981251379637016,-0.025166313778599535,0.044465166122989785,0.011661111564033235,0.0040807252559065706,0.03425954666941932,-0.0042145229122838735,-0.006131369430262174,-0.02130334412545017,-0.0020200846206219107,0.041458992269119,-0.008260004847090004,-0.01315174369337411,-0.006210453115307019,0.0317737539443172,-0.048344397044761664,0.010199862428714878,0.013061932715102744,0.009391391539175486,0.026937697081921046,0.02120448743925016,-0.010689749962338858,-0.029094018349105643,-0.01759310921019554,0.011801256706026518,-0.02059711823819465,-0.0710880204965902,0.03687695162650735,-0.004063497436043916,-0.012595406861906931,-0.013279227481534773,-0.05128290307915933,-0.010773376158471935,-0.0292312458378452,-0.018593935393968534,0.039932588830421716,0.05934502891295414,-0.0008336081864592913,-0.012392366969943901,-0.0032308801403339287,-0.007629065505420472,-0.008503438255517809,-0.014365899238432836,0.00011354884103388738,-0.00773289024853396,0.013641206871706375,-0.017820140187803604,0.014676118000499273,0.008430087735287863,0.0056300622817532855,-0.0015612510229669227,0.012152964003375174,-0.0012615910107529585,-0.0073135292025774,-0.01717830615172526,-0.0027193568908899287,0.018759078017681098,-0.002191275083299308,0.007318231082247815,-0.0017810890435203694,0.008016790651643256,finance
147,-0.10768962910722252,-0.07911026139547704,-0.0901211719249713,0.0064350928561362946,-0.010238901678420325,0.18647208300803472,-0.08653522441896144,0.02625706671892865,0.08939972872684886,-0.02186514500762178,-0.07936242913215544,0.0656422863626448,-0.024900686325932134,-0.029468757854741758,-0.06858526359083603,-0.10622680781069901,-0.16905214835107923,-0.06299340704276132,-0.14203884509698686,0.003883026351668483,-0.24611693497564457,-0.03282053502060418,-0.02680324508301885,0.11416371325720874,-0.0854178773358908,0.05948867499419606,-0.17952559629401696,-0.0406073001495489,-0.04477231308049774,0.06617333573169734,-0.05089246748439587,0.12590357838791483,-0.11125153237077125,0.007247653682915478,0.06399447317577163,0.12312444711380836,0.019513556221885886,0.010350596419563743,-0.013852913021010242,-0.008024137398864956,-0.014888639175292706,-0.024465041428385407,-0.05806802217286468,-0.027389161407761323,0.04038893893210248,-0.10701212865189379,-0.17539491499670135,0.05991973575235875,-0.14887606620783528,0.03370197816261025,-0.10342009443604366,-0.0779788299134883,0.10030350130015342,0.013570714196719444,-0.09893781018024811,-0.09198598161944903,-0.04703170299332276,0.0303897667986905,-0.09207536355941277,0.045988755888613564,0.020840177017502567,-0.07150286386910919,-0.026130123930940743,-0.03798906964970731,-0.0036598294009980064,-0.024349041994819905,0.1299113066174323,0.036418244340107875,0.07072787995223828,0.09633423413324377,0.03108396310560779,0.04562956835834709,-0.08708386495530554,0.023926119665246045,-0.1165506072060217,0.10466051530584422,-0.07771958809632602,0.033767468052768174,-0.03636426460129721,-0.046218562303582525,-0.05210742466667589,-0.062375748647744526,-0.044056922380231144,0.10747631804750957,0.03680845530610499,-0.007912952446550253,0.013802587875182563,-0.03786340526223205,0.11901601794852132,-0.06397057498160436,-0.09698034654908812,0.042970892407516656,0.1413291426195864,-0.032320855881031126,-0.06574707262353266,-0.05126682253326467,0.054349188080112416,0.17542015684227644,0.022807005089708166,0.11870461792030716,0.08079014829015672,-0.005783892644876902,0.0016058531970533695,-0.08199970200751322,0.08123096048240948,0.04397277287051064,-0.07634549006015029,-0.011859172069555559,-0.16055370713211986,0.061394002672485265,-0.018761932789505886,0.14577825759596155,0.04979267660439642,-0.01386071069093882,-0.0660388447805109,-0.1394496483871175,-0.043319279550614424,-0.06247045528713115,-0.028292666668232092,-0.12368052136829126,-0.04078256023962419,0.03975940238964482,-0.05917771945783376,-0.09957620306880728,0.08470251273560585,-0.02619807983764749,0.01837467522225396,-0.04389151368839216,-0.048903729890721816,-0.027895293531380323,-0.03338876686479684,-0.0014697724946323735,-0.005215631662452173,-0.07090212472974039,0.057241286303484934,0.0039022290430696027,-0.04225251008965672,0.001685654325360532,-0.1676368786458228,finance
148,-0.07025449647247858,-0.06398694333293353,-0.030232763267821084,0.013511441121070316,0.017714721262569542,0.032323548576389374,-0.05638141789241972,-0.03281711387396294,-0.04469578084665463,0.013299826132336294,-0.1522664932208913,-0.009717362764200183,-0.06439414740325444,0.06221047230109564,0.04083760789161349,-0.052861790520794094,-0.07117984845855872,0.04471630077001368,-0.08447760322300324,-0.020738567219386213,0.04669177596239349,-0.07269425677348437,0.015602443447302857,0.108410450670951,0.020874605974692168,0.024105018898118752,0.09975090141797968,-0.03670820496321524,0.0854877266556424,-0.06587613463006109,0.030062570939710914,-0.09403866225584866,0.036358137833235035,0.0011015606929192087,0.0238370972027061,-0.03766829796591712,0.001257428030111492,0.05012259910975119,0.03248028095841826,-0.0012720568801913741,0.02722132688550716,0.07335250724749001,-0.06117007006834602,0.030459927151454614,0.05264691179791122,-0.10874115876202556,0.026012490897614766,0.0711809546346161,0.04867156982463556,0.1404718809441105,0.1916016068358897,0.11694217949300728,-0.20909861693791773,0.3383917466890233,-0.03481525911706589,-0.053298287563858064,-0.05694917586695096,-0.03758170048847529,-0.14806060035708343,-0.15251175403061942,0.09154083546909252,0.16437061535633377,-0.004525409282269878,-0.04417014544732954,0.2654726262827229,-0.19785457297103295,0.2840228707085259,-0.12442065699702749,-0.17724341860195364,-0.10448159238577984,-0.05748580720676419,-0.1458365731555951,-0.11983273717375817,0.016065306231852542,-0.09620250109123578,0.019048795903923926,-0.01660566094732234,-0.0479992619743538,0.11968761307690554,-0.015730547125309996,0.05707571648557152,-0.10442651158625442,-0.12029412574915388,0.1627496858543634,-0.0976938502353683,0.004360568979908829,0.002947915520581335,-0.046559414381280084,0.09823833953319806,-0.09500165394439271,-0.06208924572577951,-0.12692258035816192,-0.05094098754130348,0.046567340059392955,-0.08234362357485174,-0.024878056605270392,0.14288841898110774,-0.08272593135414819,-0.10272288338272535,-0.07951119327948641,0.03506572801475653,0.03472248736199677,0.02705439777591619,0.009793194652326415,-0.0007010283371016787,-0.04122378639607835,0.027887370996780587,-0.059691991153792485,-0.00511546602009068,0.023896042365543806,-0.012379796284751813,-0.019023877226131167,-0.04452707009198156,0.014384912446109626,0.031904262391344314,0.005720924310727074,-0.02017332236427206,0.002350032339105441,-0.011269367800094791,0.00418085851380902,-0.047465691601126014,-0.019050982418761978,-0.0043786866285060655,0.02873886121240892,-0.022643442567833252,-0.027282284818404865,-0.007057013120853576,0.030279029008759,0.030191308203007108,0.007804010803841892,-0.0025758418058672164,0.013377377788817906,0.02440984218825162,0.0059258783428269065,0.003266246449769127,-0.008666467825947145,-0.023085884473953353,-0.006344109378346875,0.0007455554989384289,finance
149,-0.10188257621837087,-0.11129664306343828,-0.0022500988356247186,-0.056143205627795595,-0.01892888641166104,-0.036620663726729896,0.14314964992311366,0.08243831171628582,0.13345787397823236,0.050104175491486685,0.08059751660307464,-0.008550355349565386,0.25124496863375256,0.3719430453824036,-0.07001800324378415,-0.04819276870805404,-0.1472095908758433,0.0004100602344201212,0.03800895673689006,-0.00693337266186437,-0.008881588453898684,0.0059495900431500905,-0.005454287517377708,-0.03911135649497239,0.013949739040780547,-0.07647807469723346,-0.051990949110588366,0.052706661946323875,-0.03235528344542718,-0.12464149714170336,0.14756322485766726,-0.029834304642313722,0.11752767819399418,-0.04875625417592611,-0.013835603985158986,0.12088557564851989,0.0005360415070268987,-0.08020399308090138,0.0016468744589127101,0.08252498321282667,0.1872327668498391,0.11923038149726803,-0.07258552557896922,0.05404165331522947,0.05104923195163647,-0.019528757182909008,-0.11065905265069127,0.05479187014930299,-0.1796312714452981,0.08703028627322142,0.041743904083549215,0.04190007000787073,0.04329491306499345,-0.05170105583062376,-0.0633775760034826,-0.027242895376674067,-0.031899809366499575,0.06018588126521174,0.07484589396351421,0.025973392447948277,0.08721147255981646,0.04086989192134547,-0.014548978658295155,-0.06335061658205586,-0.09652566895138734,-0.05329863379200442,-0.05739424872632262,0.04284254017900452,-0.008517722161025126,0.03153483658705184,-0.029027152489367526,-0.11914631775106985,-0.010569304314789736,-0.08895234097167917,0.01697658876134583,0.033636671540329136,-0.07673089960252302,0.04837858042109825,0.06498659846025756,0.014054071064524902,-0.04099228271276955,-0.1018696419950974,-0.012558234563815739,0.09691322035636214,0.04082240054901374,0.0666535586565333,0.06339596022444755,0.01279301569485347,-0.0781116065110359,0.09823901316832113,0.02324901462282226,0.04198199049756598,-0.16731890963057489,0.04111124370869292,0.027227781324728764,0.012257690258999223,0.019529719931809384,0.007622623064002478,0.02598219947450298,-0.01932422211120568,-0.05248405344184595,-0.03865712646763109,-0.0006511989727323968,0.03509260112305547,-0.07127596493426942,0.1025499758274624,0.11934175189745513,0.0035722554709136114,0.015543584345849676,-0.0024475155548525787,0.005348380479969083,-0.049919764288350744,-0.006668844810082803,0.061008264164832265,0.042267968860817004,0.016722784633531846,-0.06331359792740987,0.006409183382022839,-0.023944267832126845,0.0166438052507653,0.12320104479173317,0.1761726390767523,0.08684023282300705,0.016672279972772597,0.004975039236888364,0.019746331566242285,-0.003507405057033528,0.056131495409740426,0.0744074830003593,0.058672737082478756,-0.048540128241247725,0.15449334108204907,-0.03275871123737114,0.0022496719660715175,0.12900116792538044,0.017510259939262744,0.2518843893200413,0.01551239435124815,-0.023518754096527195,finance
150,-0.11126489587523454,-0.09038981695140581,-0.07015284773904983,-0.0005390044998984788,-0.010328451939305655,0.14546801657777758,-0.10320582333991354,0.006941989170381727,0.035928591247855385,-0.01519918330477479,-0.09390008042857309,0.01268042444648487,-0.07992933500164846,-0.0706614045737869,-0.04461860991651887,-0.07203060367248389,-0.12759391682021667,-0.11111898701709956,-0.16172816097452794,0.013712880023261487,-0.21638786351392397,-0.0001807223210102172,-0.0033186946992029872,0.13679646979063295,-0.09090669522287291,0.06840043156895174,-0.10248485943791821,-0.05059774655353161,-0.11347317807296203,0.042563211800901404,-0.08246584697786852,0.19716007612914585,-0.15026753124999842,0.01387203813702065,0.08037273950981232,0.04185714072093912,-0.02907349794232253,-0.00285737914495399,-0.030045817883120954,-0.022479255585637733,-0.1418368384682102,-0.07771284846211321,-0.10942790006606855,0.006809790573972121,-0.060871934219668744,-0.07210970057690144,-0.12925660533530445,0.011560034253635441,-0.15062092563996451,0.005677639339592299,-0.06996501538249869,-0.0139412321745301,0.0626249159579965,0.02973476660141087,-0.044629808704816525,0.0017033731829170105,-0.0364058197625405,-0.11660645492741781,-0.028832910234918394,0.051455799546489364,0.009280818837201955,0.11668579178560251,-0.024515423981976255,-0.06143501485861182,-0.04250305353224537,-0.00786664096836706,-0.04048485421091196,-0.03007492371396872,-0.027213087728741234,0.030525010642887165,0.028684974412712033,-0.0008409129433103935,-0.02869815224812541,-0.02850140861938446,-0.009384557008406834,0.045668758190200456,0.0715237933994315,0.028213553693815934,0.043700886861986525,-0.07103727237830329,0.03778755165078288,-0.026341041486735054,-0.018116990172351494,0.016339093289546015,0.0028015835248488786,0.020090713149407764,-0.053808351450886395,0.1716199892730698,-0.1766306932235822,0.051902977694500356,0.13761786525411288,0.06489625448306094,-0.0402893346330231,0.07877183517354809,-0.0922022497884108,0.06029998269871565,0.10203630407328401,0.1161146938987721,-0.13914690192760634,-0.13877497525567495,-0.0780111074421802,-0.11938032351248401,0.13687364875918936,0.22233076881499847,-0.09763023431677885,-0.08726086591492399,0.12336715227603838,0.1444269430850617,0.1443772324149463,-0.04801533498002233,-0.019587100747367452,-0.04312855726911851,0.027142261204953284,-0.036816021539070834,-0.09607388972930098,0.10714176721437375,0.0890509904424495,-0.011608707575003464,-0.010695260251161784,0.09077302167077997,-0.0798636807045247,-0.004637091387555754,-0.015605012346962575,-0.0025089901673786574,-0.09846668879853653,0.004216196671066019,-0.06670129321217587,0.007845424009378146,0.06023279221454049,-0.0024350588348745496,0.07071113372947267,-0.046632524918758994,-0.03343779646388937,-0.00523799962054039,-0.023999713629691017,-0.10274953084896006,-0.007448888980984464,0.033997539533641485,0.026864931495095664,finance
151,-0.16167659577780422,-0.1983648368892013,0.6560986887084143,-0.08358118186226995,0.004008833186277824,-0.024703204457506837,0.021044235209253633,0.02900681813248921,0.006911715449310752,-0.017894841281803395,0.13352631755432673,-0.055876953459337624,-0.03294799408218394,-0.09513150321993782,-0.00927114045544808,0.010410120002731645,0.08174570672991846,-0.03417856997248184,-0.05513786992286965,-0.007651393140464712,0.009973088824442146,-0.014818566409453095,-0.01763553987656992,0.028924885419072687,0.029780199886941652,0.04286633505717568,-0.0165817077607147,-0.006739956950202445,0.013586810391126348,0.09177238282953654,-0.1387215827372231,-0.031521130177679345,-0.10225523887969355,0.04353502202530931,-0.07221543082761873,-0.05711838481864018,0.07591626841982756,-0.12834113473361825,0.06756394054903955,-0.007219912243478919,0.1147043846541383,0.2249457550127043,0.02771587781064009,0.06295503161513773,0.03207669393276089,-0.029649842853357974,-0.01641800363272381,-0.039706034539401455,-0.04930763860302006,-0.0184724126924441,-0.041798989909028215,-0.02490305984202676,-0.036280260602229754,-0.04318843316654634,-0.04447591457725536,0.0073626142634812385,-0.02370871817156952,0.02043113744445598,0.019747073539224783,0.021927628302207538,-0.009629061285867655,0.02952055159157486,0.006373726623294965,0.013846424097563767,0.040396394092818554,-0.03188629513511676,0.027381115162638005,0.018607470232335502,-0.03211275924983084,0.0003612053063252978,0.04010369435145529,0.027809727011829186,-0.013186480769163615,0.021813965058753586,-0.029503487741889645,0.018182777395843095,0.01754955679462323,-0.021943251297833102,-0.022320170293447357,-0.017879264179502457,0.053400814747578955,0.0229084724869506,0.017385071659992448,0.06568440546968099,-0.017932247054572522,0.006647301082272819,0.01656263343117306,0.03866757709728396,0.05142701424725664,0.00944244465748327,-0.006115869503452903,-0.02434501926335521,0.0062916734943736854,-0.061432189180844456,0.03707016901518092,0.014350835471299483,0.016973730950032614,0.02067573661053804,0.02084341216064258,0.0018701163624498557,-0.023879747862228292,-0.013294909969060622,0.0035162625160643788,-0.01779099277042325,-0.05594275016209264,0.037419937175152684,-0.010974989260620242,0.0036622123687170645,-0.018024983680477336,-0.09152639329112441,0.004959149197170846,-0.051921573403525864,0.02051026734859928,0.03314692614412947,0.07848497537920526,0.05714079946870003,-0.0026467704747378633,0.009723201894229115,0.040782407737631796,0.014019292552141708,0.002858273936134741,0.013412420602724214,-0.015311813841749325,-0.03731001260486642,-0.014522685281991066,0.007486359023194361,0.010093452689558193,0.03638492374474498,-0.04478382619840454,-0.02679667050598178,0.007591123177621043,-0.017695796051567507,-0.032508084744652437,-0.050707385726747586,-0.024557616647374114,-0.01783250832467722,0.030612274457477547,0.05438113421245266,0.02932479519517974,finance
152,-0.08926064301777654,0.009044029986275683,-0.12902509142317548,-0.12370477300067,-0.024552494927238,-0.10000782830782293,-0.0019715414555421854,0.024617346371005017,-0.028133364283618845,-0.0083081649005907,0.24154743600422082,-0.11688482917989637,-0.0010818614896376795,0.019086390023513315,0.36713030937666835,0.005036480166624263,0.06479775561531609,0.06480379435200632,0.073854237440238,0.09009770578148991,-0.05758830127085383,-0.015801252059947986,-0.04263905590454597,0.04302841913553584,-0.020149115154613855,0.09564577200072236,-0.01480017025865034,0.04313781973657691,0.03052208631633243,0.0025935347462512862,-0.03602206330298682,-0.0333369386444304,0.006376700497862288,0.043150966217685785,-0.013801962439834555,0.1286150927430099,-0.032124704184126475,0.04361358450734245,-0.02360473566560104,-0.026141168862570438,-0.011257829460503311,-0.025153838778449615,0.08640551338682784,-0.013310839185089875,-0.12352019664778817,-0.023703688871179067,-0.03592513498092207,0.014597875991467061,0.0074921434366934745,0.003000599887026207,0.08274246121169587,-0.1334599070501288,-0.06305254131985356,0.05127623571844207,0.002508995596898913,-0.07157209589438797,0.056580522634599395,-0.010594517585276396,-0.1330012295962065,0.04292096230406154,0.02533289186500262,-0.017546703926580077,0.05448459239709238,0.11502811686477707,0.050170006275243845,0.00039215541039656004,-0.049687969014404684,0.0624275687688973,-0.019387341742734036,-0.08135373489715958,0.05526702534536175,-0.02410174280270441,0.08839479907634606,0.04985579591402325,-0.08222039723605622,0.028509098798808627,-0.04213162062884664,0.12346583833653013,0.04079778982818456,0.11030969156820775,0.145320244231035,-0.10045095181959679,0.13337897032875942,0.011383556211012934,0.19964992843823598,0.07615325931061828,-0.09556212656728148,0.12685430826041166,0.0952184773225686,0.041457113214563066,-0.13381910345460435,-0.011873356839770923,-0.006744113217794647,0.026618893880125068,0.0596558920510671,0.17861024987228272,0.032949039508781426,-0.005551840757405127,0.20832179804616313,-0.11548177088250441,0.06758259051617213,-0.002384014900287578,0.2160761366339682,0.0480119628904305,0.008417002680721344,0.04169033782088871,-0.13229038601145784,0.004190561069389088,-0.011261100386699628,0.18888040552059263,0.1274992239998859,0.08222620591493197,0.06045961705764169,0.012260140969852788,0.03585885944071256,0.1461757740832842,0.11173662893200094,-0.009327878991625658,-0.006990260416301874,0.05180478258852849,0.06272711707846182,0.01712951627457902,-0.07230764869798818,0.0010182193038476878,0.06868349616358131,0.045081647220741254,-0.04527993543272204,0.05793109769578653,0.080536282794446,-0.0177823881465697,0.01941922029259929,0.004096692796853744,0.04280183825664844,-0.02585614452976437,0.006752497657019487,0.006241742134376728,0.03164142981883993,-0.06289165636015186,0.010704922841834875,finance
153,-0.06146225722168781,-0.08722635621656939,-0.09735566654616376,-0.07707563080634633,0.019152074304186396,-0.0746873068625245,-0.07681296410265939,-0.005854056692796387,-0.023661866940639174,0.026470291655685253,0.09979465539136192,-0.09266486041522592,-0.004343247749685893,0.025089391136810257,-0.15469396784060446,-0.016423017938561574,0.02436254083590087,0.14898687152810605,-0.09410271471802324,-0.07796774922440182,-0.21717797896324842,-0.007307585163954456,0.0211497509299126,0.1510156717914097,-0.14344040000192254,-0.10521809652003027,-0.03719986163208035,-0.11550964254169033,0.12338735845344166,0.33865582113229137,-0.0851159218778156,-0.13987972404849625,0.4216141807627738,-0.1507753160972834,-0.040827240916813085,0.1574783362745608,0.2828829309210219,0.033961153029516106,0.1413129877433249,-0.02351372908046912,0.0016041437568504828,-0.023177705085142303,0.106660794965082,-0.1569415642471675,-0.024386566321317003,-0.025940266282443586,-0.008432946661276964,-0.09809216916869411,0.05266851275485018,-0.06604846997089094,0.04592574387537938,0.08844460148555355,-0.040599614216024205,-0.060181986166965344,-0.007398015820547102,0.03907284078981817,-0.035127105650157434,-0.06102921947822929,0.02867211831988919,0.02024267001205787,-0.0011657185611500009,0.04758826382685787,-0.04649046568876036,0.08953891158296516,-0.019996385853776544,0.055482273577403346,-0.08185420563448652,0.06251190126855302,-0.0012174987743056565,-0.04553787275455213,-0.03566714037139713,-0.08188010714127357,0.004337566544884859,-0.0026484676439001544,0.0245644760274023,-0.02645108273735787,-0.009546534101798553,-0.0004377036241905333,0.019785573299975583,-0.028087400968399002,0.017036099052861284,-0.004177924095744527,0.023017672728978422,0.040049001552570226,-0.03088697497038198,-0.02576521825311363,-0.004281771126012049,-0.030553060252687853,0.008314655759629636,-0.06802907593028683,-0.037856780777011795,0.017212462353290225,-0.036966900362545775,0.0037079491125831514,0.0034969851031783033,-0.0051774809731606935,0.023441654249056157,0.0016934805514435777,0.021977285941207906,-0.0020532624294988715,-0.05540075814296291,0.027415163259908552,-0.007562585235394379,-0.03431157069902555,0.0038144155952134703,0.05417885097589453,0.082747343050239,0.12027124223102408,0.02155018809780643,0.029455127862490684,-0.04035519450136163,-0.0010565050073581806,-0.025876591933169463,0.057453712104701106,-0.008688559611098441,-0.04565187285612021,0.044455231032227524,-0.05575458069137409,0.046219150150353216,0.013818494563849676,-0.12946088446205276,0.019890728201039813,-0.026943933612769443,0.010275434917528387,0.046530440936704984,-0.019832749122149714,-0.01691990945046489,-0.009822700013329485,-0.014713466998699765,0.0167118838390385,0.00858576977569515,0.026538909306497625,0.017524499549736974,-0.022708466501521044,0.026843913015596632,-0.013687252589643208,-0.004641958530164378,0.007260193778979913,0.036726993632240156,finance
154,-0.10833103382690545,-0.1356023824333097,-0.2151922009941307,-0.1833892994893718,0.009600436528689773,-0.22174552369921394,-0.2215839013782985,-0.050861088662674414,-0.12465430259360415,-0.03802416707189373,0.28770108991826754,-0.2158873556163197,-0.07757347113336552,-0.07117946334224792,-0.3424982434238796,-0.014791906056524909,-0.01852387180145601,0.08081069597614259,0.1228836404702719,0.025185513968101748,0.11263008992722363,-0.12432004025812314,-0.014618297845125682,0.013829899182186814,-0.010667210370779823,0.1144024894701105,-0.029073380416065584,-0.17063176810274033,-0.19532743075150608,0.02403605078299117,0.0954208415392796,0.03195007665264981,-0.08788726986075174,0.08375104220593459,0.029496609198137878,0.018945748467383203,-0.03313521000678309,0.004871768792551795,0.021201898820609327,-0.03438202917652354,0.011817977525045533,0.09060981677297096,-0.009899982729351187,-0.029238563945428824,-0.020294601460834026,0.13999180729204508,0.06844583748743664,-0.04425771567457518,0.09957002587619393,0.0851542545144206,0.015183186296581158,-0.009712455560745093,0.04094135358614238,0.0894520016971687,0.052733759467944355,-0.0014585221891107425,0.08407750264027034,0.015028485127750176,0.01160396412850219,0.0037667725551329056,0.06120939256084219,-0.015187771930513521,0.019525007464843418,-0.03635039045458192,0.012696404194375371,0.024574224690445925,-0.0036675392062665638,-0.048213562131468594,0.025198496025356894,0.08989859407855841,0.012811875749068592,0.011772771268387154,-0.006631403967872068,0.00426538026200699,-0.01203450884721852,-0.00028370750780965995,-0.03285805892001352,-0.01228345367564872,-0.041182824975204174,-0.025647081319051395,-0.04273529257975938,-0.013254732584766286,-0.032295561754150326,0.05288269697820931,-0.01960282472425367,-0.006336601340270184,-0.02021935630087015,0.04553248369308852,-0.013161901256465653,0.059661326114656264,0.02256995929382452,-0.049368613679138695,0.024479447965757236,0.013767519599236265,0.015590119792858013,0.015360379741900985,-0.020487389855268625,-0.030655699582492712,0.01771315509797957,-0.016179217136838165,0.007090647776726354,0.004965141264813455,0.020214439951801305,0.026738656693690202,0.04874241869360923,0.018291750578729712,0.05178835046770119,-0.047913109941044744,0.012998314128219982,-0.06318870203971738,0.04227883019817497,-0.027588636385517343,0.019407086026729244,0.003538092555299236,-0.035392714362835746,0.011030557555716674,0.01943060326225946,-0.09316069096634177,0.04773938310945998,-0.027640725982884605,-0.0012874982917154914,8.474493515350822e-05,0.00013354780066907341,-0.018652641191952653,-0.019601501369925303,-0.030329144557734767,0.02765656995456293,-0.025205483816799597,-0.03547469485730252,-0.04756936099848029,-0.0284897377399749,-0.017796243789554515,-0.01723737431953123,-0.05054560171693613,-0.026755704478132143,0.013197282941933064,0.004370398635102917,-0.027612672416632577,-0.036649566192836096,finance
155,-0.13444430765205595,-0.1348175952023715,-0.0009820130739951812,-0.02245346317142502,-0.01641240315199618,0.035487561123159685,-0.09146145714337543,-0.018505325059785045,-0.05047085831454033,-0.040619797550821346,-0.1920792982299715,0.07285134579144961,-0.07839287359604268,0.028053783150960358,0.07011422001858386,-0.022473825228101367,-0.10434206039197857,0.07930547791307702,-0.039267911280091654,-0.040925465784191345,0.13381308202138564,-0.0022825583464744547,0.021819213703629634,-0.0401613698211503,0.10339593353379349,0.012532545086521626,0.12399746388812478,-0.05597848634345599,0.1898978729817292,-0.14056991229762708,0.027667837522718248,-0.09520834029999527,0.05417668168689964,0.04449240671280932,-0.0012686599914128944,0.046247778987498274,-0.05835237424107877,0.018273748789614616,0.07555328643011745,0.025362110881229395,-0.01103361160223668,0.054162583929345344,0.00035182694051919536,-0.07547643598657784,-0.01729026142629249,-0.023564057302218,-0.004861529493825791,0.058758233475698585,0.063024961801108,-0.033935456112215275,0.10008858429123872,0.04791618883574676,0.04683769624735359,0.04601891036359591,0.04068749574088889,-0.06645682837901937,-0.06129227710619965,-0.10461973558217767,0.1273712365004197,0.15760388248041418,-0.07818293764860766,0.10505767256355762,-0.13107975620538173,0.10953828290372566,0.1205043709779371,0.09901454629888719,0.12899247881301515,0.19889828559791842,-0.01719133807214482,0.01717194826967107,-0.067204385816253,0.11753606192363544,-0.08015677074321825,-0.09888410690646009,-0.14602164534146808,-0.011677630715819624,0.0547134692887893,-0.10109841501666786,-0.13707259552296835,0.05177640788897517,0.09986007795595123,-0.025341137965528376,-0.20903435836430087,0.014999178147545617,0.03724647085484637,-0.07522765054022418,-0.05940704955459637,0.15471740523699123,-0.12886931511099936,0.05409969525244319,0.13040300729711107,-0.05978960509436882,0.08614151618642911,-0.08399378317752672,-0.014222109337360308,-0.1255370202225494,-0.12471662417496804,0.05207905142615975,0.18321118838668685,0.1376180695221701,-0.020714127997159056,-0.1373329385397676,0.08309350552321264,0.03532683611337531,0.06645468055923073,0.08140959979322573,0.025094122397811523,0.16171538712756628,-0.0064643086335352,-0.010679470458549667,0.09327723056841943,0.05583264371978385,0.050168428217283255,-0.07106642984370606,-0.06802111421369583,-0.043333346338173366,-0.0012135395627726902,0.07489596440142109,0.026343134315287904,-0.010398767429575812,0.02041578174065484,0.005805351832332613,0.036696545982150275,-0.02345786591175957,-0.030829143420603135,0.03509412302697398,0.03137029886235418,0.057433366033060256,-0.04582879215268591,0.025961756409462387,-0.04172077761522789,0.021937484393760743,-0.0052833759591285525,-0.01743836666345481,0.022214955984428096,-0.01680287195938239,0.05990914941786208,-0.028010115722629906,0.09237483139371169,finance
156,-0.14305820610075884,-0.12352706398098802,-0.18136693034790569,-0.1457116998013912,-0.021589114633746066,-0.16727614200077334,-0.14963414359717037,-0.04276201680681724,-0.08900963233893784,-0.04992808125280267,0.09639796921612256,-0.1594946280611192,-0.07812725731232065,-0.021988726307995386,-0.14038858673801238,-0.0435033502666723,-0.06069936522226325,0.10852489148731316,0.08100938686191432,0.038554336926841064,-0.013822417199606238,-0.11393065737199376,-0.0025223413354615145,0.11493370103726237,0.019289363058413934,0.09125830763947332,0.055313886428196894,-0.0635732033391103,-0.07570805342434059,-0.0101348851512398,0.030725468609368624,0.01883166366826558,-0.044108785795009764,-0.0071850388920765736,-0.04613082919895564,-0.10232820945831729,-0.0646691588343617,-0.013279648447642702,-0.020729254151385854,0.01317369761832149,0.008640241475516345,0.054008851327265794,-0.04262941807441033,-0.025209362737348938,0.020492666178446164,0.05745167725531768,0.07569552093328467,0.0005185377383209998,0.09580679330021125,0.015491260680904048,0.031760602190771176,-0.05502335311886846,0.01700936385623677,0.002770046854580899,-0.00890854663203742,0.03324845020643491,0.09662516707680101,0.022066796959978048,0.03019630276513031,0.005367716173256006,0.06738295287101582,-0.09977752864341966,-0.026572658019760834,-0.019997855267867282,0.12057240039863369,-0.06460899261185381,0.06908093248164633,0.032537770677721865,-0.006066887572670217,0.019603270854758735,-0.0387990888730771,0.15049189988287157,0.0931797016553831,0.026729919098402964,-0.10867026365282352,0.024177317755852912,0.007051821511940357,0.04652639714150654,-0.12005958845438251,-0.029546821429645743,0.049258405977379086,0.07436913995410491,0.004246089767236956,-0.004347810296601422,0.022769923657327433,-0.01756191647953679,0.036669063186976165,0.06666627059730619,-0.06556076992453161,-0.10656759183127716,0.0485133806663352,0.1023657610047982,-0.052295402969083186,0.04507517855471688,-0.02429083583350581,-0.11545360801116678,-0.00047166703747295106,0.08414244965149278,-0.11300570489348212,0.0905237329245124,-0.0481623197820545,-0.10741712586248153,-0.11609515299233782,-0.12619739483493272,-0.1723651484387216,-0.09943937455835185,-0.07317376803248325,0.04997625157362736,-0.1082727788791496,0.20639315598617664,-0.1334096342045612,0.0036245821959668845,0.05822741648389607,0.031640085459337164,0.10479445544127451,0.06404261720916389,0.025317417428004384,0.2106541291939429,-0.1329044797833142,0.17860678744935424,0.05429869572365188,-0.010002585534525954,0.08108068113557565,0.06532164500165438,0.08410030823394515,0.12390298485346511,-0.033466218995218296,-0.05345986317418924,0.04792493121865301,0.022563301693932558,0.09488132915045168,0.05325953948844014,0.015336842460997606,0.11233019570202296,0.0588242368766817,0.02023045510577992,-0.010303054700641644,0.015762416941705142,-0.03835871963237607,finance
157,-0.0802557066688484,-0.08667239751007462,0.12542764454058591,0.0030981908100957438,0.004216914350365097,0.034581118737869745,0.008980135263063776,-0.022044559053986192,-0.040341549145878335,-0.03010152873342385,-0.07255958203402921,-0.009051373987297728,-0.023524504203188225,-0.025570267622269726,-0.01288901181791259,0.03538231011615317,-0.00035653534326076205,0.04049549616268246,0.049074388419827586,0.006683398082807916,-0.02305332746438264,0.045257029587069224,0.02158907576207977,0.005502705639576813,-0.051107871220031444,-0.02084159276554128,0.032473538579169424,-0.008618262341298399,-0.02121207228490407,0.03325156891232008,0.04987412095406275,0.06419695976341723,0.05011633969911521,-0.06466089507235565,0.010192283265192505,0.09316739425285375,-0.05237697862111687,0.031878617860487846,0.022127628876171746,0.03937466430001809,0.14440622883785648,-0.1469758990112205,-0.001951760622929196,-0.026613716334889095,-0.026530263341273563,0.03651051819411298,-0.11108128670790031,0.29917694693452085,-0.0750919196678316,-0.08572899595434615,0.12323473416101421,-0.09781446471055746,0.07270284454511676,0.21033261893404676,0.3695090189146519,-0.07059216494197584,0.15298932841272697,-0.09291086648172385,-0.01330240129504778,-0.14914356742669987,-0.30136007634644535,-0.13202083692002228,-0.18088380251380695,-0.04543459005697883,0.05842526159965551,-0.06363705942527174,-0.04953032219882829,-0.05945314425535285,0.18387320619715253,0.17483844216494066,-0.06174338112487119,-0.11780624837080168,-0.03347079794650234,0.006342427151058099,0.18812682783093407,0.022790591206081286,0.012709638299808737,-0.02962066441470106,-0.1320149352447596,-0.06742750387030833,0.1007597883208645,-0.0455354554325247,0.004302063555676362,0.05827664331319773,0.09735377634475699,-0.020180029050578946,-0.047557748295815536,-0.08154353978563358,0.0632480172865787,-0.04006992846420152,-0.1601962402978195,-0.0025722907678708455,0.01866096966412439,-0.16890201895610682,0.02842123737211424,0.004691544627114158,-0.029728126369286435,0.08930723988182354,-0.0179095180767823,-0.011239123222265975,-0.060068974125713666,-0.025232263248783568,0.020412470587000096,-0.03267721250383075,-0.11788666756056572,-0.03067088869794908,0.018266849750608244,0.017756711372101656,0.0449080047226198,-0.0733406625590847,0.029930526863513437,-0.10482349541499528,0.04300416593970378,0.03127125640563099,0.0898584409318232,0.01831430509490582,-0.02113667969193388,0.0021098451522492947,-0.04238040189098872,0.01263877544339352,-0.02902421709202271,-0.017230621905497973,-4.351591836743417e-05,0.002945011204227854,-0.03473785997386783,0.017461932396574703,0.021232930635220394,0.004920854595445396,-0.0009317947102155369,0.010810966926005285,0.005130594203120033,-0.02129221016258239,-0.027591302409857972,0.022318476305957347,0.004175908992918218,-0.0013488511753691243,0.028895184480203367,-0.00745386751719407,0.003501817915264011,finance
158,-0.07545094246802,-0.08625865809365589,-0.08290940490364677,0.09620733928945048,0.0001290392200421407,0.15196082713502562,0.49942827966935444,-0.18158132719134018,-0.34960513472679283,-0.06723241147808877,0.04198888127046839,0.05889159188217014,-0.027817336945949567,-0.07350644648910103,-0.1719404935373176,0.005167146043297749,0.03407488860484796,-0.07474831671082983,-0.07303723243953077,0.039156450441721745,-0.08676818722914938,0.08053031072129903,-0.04709630396750214,-0.1265201219206525,-0.16367144776840087,0.41431069519660535,-0.21921678792511073,0.0767627681627582,0.1059821467770436,-0.06585855214314365,0.12610233391049497,-0.05563130356201806,0.0812639605051804,0.008913195533565071,-0.09013924377537053,-0.029120214868052784,-0.013952508833171107,0.030684856339905944,-0.024823082478384773,-0.06301502632083565,-0.0004766390452680767,0.019008323491373283,0.07604958096151472,0.06617430936981414,-0.02578814806555609,-0.03655772784452694,-0.011911799958242394,-0.07803622904390706,0.014539516060128316,-0.0984211938090155,0.022735413415432733,0.04902303308291142,0.013781386968580925,0.000420477536453947,-0.03102952171569777,0.004380830615162056,0.03720018496119505,0.0075646973878117805,0.05328854841608004,-0.0706096773937127,0.03641699648737413,-0.005931606051513798,-0.017147928469502173,0.0024467342316517697,-0.012894035278458879,-0.08202094969516643,0.05412356350077547,0.03940040390439735,0.03962328974103243,0.033991182807227883,-0.05986173184738486,-0.0027876078505019875,-0.0011754788151700204,0.02251812116521246,0.005416788925374264,-0.00369010480454457,-0.0011981764297875576,-0.0006619885151726203,0.020634145933101887,0.013952890655048997,0.008971979171389298,0.04207601407418744,-0.06153940636926895,-0.026506999881036282,0.05290425151789439,-0.01802345251991157,0.020631462535427574,0.048168873687212704,0.022984760043873953,0.0012602239645943874,-0.004758033113532419,0.02532633431417877,-0.011858151992669796,-0.01083335449181662,-0.03277164448642858,-0.0023372876658060483,0.0075927115324081074,-0.03403666562411742,0.016577521441758277,-0.027023592914199857,-0.00474254322260249,0.014443184539545276,-0.017373431979584044,0.0013233120970084326,0.0010214418788303467,0.025178843686348845,0.011371918300452899,0.003510321015803262,0.016670748167642503,-0.01429116270048769,0.012680106337309911,0.0019184548592312042,0.024456455790861007,-0.0036837642455268705,-0.010474573717019656,-0.00669719409104823,-0.008765229056806661,0.006213297420691814,-0.014684384180685125,0.014958512951645905,0.00864603245047968,-0.02122091868912778,0.019570530057938032,-0.0016919677195596904,-0.0035154232008065673,0.00021396677732652585,-0.009948847307155314,-0.012974121593505776,0.011745346151499818,-0.013206785695709872,0.006136762966761101,0.011537696919192604,-0.01511433578546964,-0.005021127345647329,-0.02029024959298001,0.0060160941709063685,-0.010444237053830189,-0.01544566364611263,0.010592893673718635,finance
159,-0.1639828606763569,-0.18876246584698053,-0.2653537342964408,-0.23679121830278482,-0.02608562153507299,-0.2510546204668662,-0.20610977298011718,-0.030519099154124534,-0.044168136568214576,-0.02865471129511681,0.2368656149766602,-0.09223644388816246,-0.00620643577600787,-0.080370909043926,-0.2611347800934787,-0.02440673671230273,-0.008352937511756265,0.017260927147198252,-0.0419120998786551,-0.052949396408921885,-0.19252321954287285,0.004225210958337148,-0.007214994351485535,0.09207379834421263,-0.07091052842372263,-0.11814032293845096,-0.026721788278199987,0.058786965603357486,0.12022327605480725,0.19607434984267347,-0.09122379379088306,-0.06710131578054522,0.2362180162860277,-0.11337254206347344,-0.01916464161892554,0.07719420011210057,0.1392914775426221,0.038117474221240615,0.06107271432907888,0.006731329566391781,-0.019014201328837244,0.010019652191813371,0.06265713226536077,-0.1177848001690772,-0.010719609778915791,-0.04103488982857646,0.0044177060193963495,-0.08871230275548446,0.050491102430924466,-0.02756643032339793,-0.0010148538064353046,0.02698844620868945,0.012124016379466883,-0.03847427734527447,-0.0033976016833100722,-0.006620124368464662,0.005161141825916704,-0.05912337503320296,0.0066296675504154395,-0.013293471144253723,-0.006903397244549479,0.03976017683877015,-0.03412573622247905,0.012546062609098867,0.024873985562116577,0.011169928074528825,-0.026005787939132864,-0.0064422386948109565,-0.015569616171392625,0.009526094531100846,-0.02382768955827167,-0.015104911539242462,-0.05549233939506631,-0.026661995466583956,-0.01296501113567713,0.010818273517009876,-0.005481733223384786,-0.015511079105518792,0.023495665242728742,0.010885746513074706,-0.007846646529549712,0.011716013122625305,-0.010818165848563502,0.012076077636613261,0.012507845915192018,-0.02114650107199174,-0.01097391372605627,-0.02572344895123628,-0.018558300671049646,-0.06455099255791823,0.035945203637454334,0.02092155067872517,0.004068936872095688,-0.029925960867976647,-0.017409170415932075,0.015801691319708388,0.03747457674215415,0.04264987622402761,-0.017940407126758234,0.00041613088597151123,-0.010597497834627646,0.03468633992835659,-0.04373949202665483,-0.02152925525736582,0.017333265868335373,0.008598340418247316,-0.05715273890204337,0.040165081260096616,0.006091393248954692,0.015261009346339477,0.004993688659500385,-0.03255151700614425,0.0031785740305451064,-0.03730209331608092,0.006813309825280289,-0.013394081970848161,0.0014979444577487091,0.020464880294835,-0.01266236593735964,-0.0006000068079141686,-0.010627235055070273,0.002205492167524767,0.0054484469357229445,0.019534851418565865,0.034195434687283185,0.017405139286813788,-0.006661318011801462,-0.02140154883378613,0.03481160111944354,0.028294959600324205,0.0020892789108990883,-0.018112897262979585,-0.014966464490875379,0.04939823689362012,-0.002165103736760338,-0.00037260233617351235,0.0026887627936429057,0.005471707477304337,0.015081465050221912,finance
160,-0.12480592674037451,-0.14534056868152923,-0.15911931431531104,0.011064350757945032,-0.028093986245055106,0.09128568202896561,0.5347497069658215,-0.14056631686013765,-0.3335627316371484,-0.07930164133578985,0.23128231910150443,0.1230079350864697,0.0076505974074025625,-0.0971057694938693,0.07986020029400821,-0.059854858969610916,-0.06092254360385373,0.07310076364953046,0.03759640870407918,0.004538034599362608,-0.021915395696998706,-0.11041316408171177,-0.0032187925765532355,0.16585577075445687,0.15104436880337171,-0.2720808699733292,0.14282324575355954,-0.037044660611435326,-0.048485792933813616,0.018687202133084006,-0.11831528341591727,-0.07531120797977488,-0.0867454993168558,0.1135758103656341,0.042098317504979166,-0.03149556136820067,0.003427643924948418,-0.012317450965082157,0.02701437696691733,0.019886469974742055,-0.12884552952923808,-0.021786435952500932,0.022535848373850365,-0.014645159144690932,0.019786665777680706,-0.005724918327909361,-0.002732184597986124,-0.10061958427639123,-0.07454567128732763,0.16143738495913007,0.00031927550645536354,0.037867671616745605,0.09853466605029015,-0.006128689742535581,0.0335586679074897,-0.013560429275936972,0.054257979884425385,0.09260229431721714,0.0069369089055575945,-0.07212081236486495,-0.07151167627595532,-0.027540335486577236,-0.058203792060884364,0.07947262675507989,-0.006799374627639079,0.03741514798916643,0.0771377572966067,0.05569415397318156,0.024573745924946808,0.03267464737384089,0.016735987391706505,-0.014090053085662605,-0.01566438547595049,0.005136321916659292,0.041353725265157563,0.02356625403647221,-0.019151643637769243,-0.03870040704130703,0.046946819015576596,-0.007180530263597274,0.00048106644555772894,-0.02652236144024948,-0.03018647193402164,-0.029456284638910372,-0.0015447016496751948,0.005819064280165828,-0.01964032461419274,-0.03303745430937676,-0.014315905977594795,0.03474331320882262,-0.007770714257027309,0.025017828003016735,-0.009726667535885735,-0.0068639955138935565,0.0048227430543991995,0.024705429578518748,0.014310338806263732,-0.027187671442984392,-0.013950941681299284,-0.0018284847664993698,-0.015875120665961973,-0.03146663525653735,-0.011848754461201325,0.008278637897710996,0.0005557216956701769,-0.005873496718100961,0.00705306113392897,0.0058739612943805655,0.01163121088357175,0.01276071923829686,-0.02323656377561829,0.010542114847301916,-0.013587692362085372,0.011255580704052946,-0.007883086872487293,-0.014466771204267672,-0.01463967691460348,-0.011083753304218808,0.01569467760843948,0.007429004183242719,0.0033259657589261686,0.019137076025461847,-0.00827851797239399,0.004396668683548683,-0.0041245299389278895,0.00021425782175509366,-0.00847150008500865,0.00526941768509862,0.017811446574107385,-0.008301746841373366,0.010172114018391541,0.007091383542900489,0.005311915723666373,0.002166997979073397,0.012643255295521018,-0.001860106525880966,-0.008218508917854733,0.004791998277428581,-0.014431254175100989,finance
161,-0.0318449657404474,-0.03147788297871203,-0.04319513380083515,0.005015190948345319,0.03302577195568876,-0.024754001016699185,-0.05443622645381259,-0.03262117270506889,-0.0651103084199851,0.03390384583082632,-0.012919258739969923,-0.12020394758381889,0.06500688937065055,0.06919387854171881,-0.03961572513194256,0.014925769048048657,0.19631223712050416,0.416009965014847,-0.14092232184608425,-0.1726377838800449,-0.1938598921288548,0.18333394131966402,0.08660856564513719,0.03882399443252517,-0.09128966289642501,-0.145393601705785,-0.09652970764702126,-0.01957642321713714,0.01898677633159263,-0.000787165158323931,-0.05004892531738569,-0.04026677455215015,-0.012418327821426007,-0.06535423826324963,-0.061018366108413186,-0.08879826923120449,0.04149905895461291,0.021724280132673607,-0.07046006140366926,-0.06256556205999823,0.06733266689921495,-0.11537939354273483,0.03893362982809866,0.014442581264419883,0.0022611938531554034,0.02590403935539921,-0.033672183630704566,0.00685779280569807,0.04128239883197331,-0.03808904760801551,0.04511472649782932,-0.03541250443630436,0.05671926334736639,0.07189801132491222,-0.05048857092673064,0.06351899587402628,-0.05833917838750794,0.039364558621660974,-0.04043565243373984,0.06492369833709576,-0.0021497820833886617,0.053274080388044445,-0.014653997117741924,-0.048316920751772886,0.03459125277983619,-0.08233429385388755,0.020597263130308973,0.09186414063013644,-0.03846265450475669,-0.03862277614227667,-0.10212481619671224,0.03673894670923172,0.1079395615896192,0.10137643910579959,0.12412335480941433,0.04486680076544486,-0.05820546618898699,-0.029346538897360774,0.050864499656384426,-0.04995149567883464,0.02276415058897658,0.008665628457959252,0.025745588018747153,-0.0015634297195186572,-0.09987170113184325,0.030109417622343072,0.1275267983605919,0.021327022785400104,0.03804512130364422,0.22031249956173873,-0.049560828132698645,0.06223854244229769,0.14440846440776148,0.0820209398195329,-0.03971934132163781,-0.03868248503057256,-0.04725194510447462,-0.08782455462701733,0.036498333626705744,0.23293994624833025,-0.057171506665622554,-0.140294696489492,0.04119516782306537,0.20994046168447306,-0.13300712160888342,0.026912830632647197,-0.0791084364158818,-0.18891626379870366,-0.035836569862796916,-0.043472969903726115,0.042566031820892296,0.03203161587665081,-0.03723985776968262,0.04505452084612236,-0.05997137039594813,0.09969651760326528,-0.08059234038846583,0.023585286690353736,-0.08086047093806185,-0.008614890064738527,0.06433592733093582,0.0010936562707505922,-0.0017822977737046283,-0.02286263436958829,-0.14185694855832412,0.01479899584521399,0.035427236756113624,0.053110119963341446,-0.009411363308957196,0.020218089458161496,-0.03904071228837701,0.034248402943465275,0.07279398933635564,0.00181747807591612,-0.030145198545018626,0.008764083359837116,-0.04916848050850191,0.02948489364978903,-0.08801128381370747,finance
162,-0.17048376573240842,-0.210106543151452,-0.06863692876960131,-0.2137628142227462,-0.02506516278371018,-0.20546969150257072,-0.08102709054944349,0.029913490048330296,0.0056730722920890885,-0.057262584345729034,-0.12810719628492814,0.599408550287734,0.27810942051085663,-0.0662015413553571,0.10705177233179118,0.07373231245328114,0.17938771845914453,-0.041721666620748964,0.001689643404926012,-0.06584493385409686,0.054545354069885844,-0.05435349855068327,0.014921316389924926,0.028488022636801332,-0.09246046898511072,0.07501821052038514,-0.04959543806584319,-0.17115747054218505,-0.05333390299636331,0.032202234736325955,0.05155195755821199,0.0024328684357459917,0.024044047925277215,-0.0028872258428355294,0.06781994993485937,-0.02806013183254451,0.05335784886272628,0.05798057232401476,0.03909890856311521,-0.010635886667900987,-0.01648109634133736,0.017639320150629648,-0.03974864205058181,-0.017469851327301698,0.00568110670394738,0.0769037573954296,0.0014149623311967134,-0.008252417743762461,0.006902037544070962,0.006174723782448298,-0.035391512606074024,-0.009945511038790392,-0.08306262903428564,-0.028517345698309843,-0.0023883339064553616,0.03156222956739091,-0.016006047888212815,0.06625044679749297,0.005259434897244067,0.032401848176581656,-0.03734672528187118,-0.04715274231006631,0.0070131261344088544,-0.01999117590143892,-0.013924462738524285,-0.005739416214843728,0.11592547763645278,0.029099595193350352,0.07907371467885799,0.07279604366798306,0.026256174746394526,0.03757815247698948,-0.006265060178968813,0.02081200453015699,0.037901856853561636,0.06471671053066867,-0.015565546173281418,-0.018980680302750484,-0.02142008278934128,0.053636500812776745,-0.05611669393719475,-0.021954576241005684,0.07047440426999954,0.06630637368891353,0.022610709119096493,0.03570789851611152,0.04404030966313908,-0.01064094727197127,-0.0029532165451918433,-0.023315407336305452,0.07897320814555536,-0.059544137420242164,-0.00989676558887137,0.015499149055442519,-0.026894523277960707,0.07699776921713336,0.09238746200909813,-0.019421381989441582,0.05805892367851967,0.021208337370620507,-0.04689639422336152,0.015040691561925758,-0.05574979789511767,0.015083496222276395,-0.026352300450098388,0.0015535266978916392,-0.021162453484569663,-0.020750623335845507,0.05181850890196811,0.01645958469974427,0.030751509233214454,-0.041076637591252366,-0.0508128287235145,0.0234744044587497,0.0025965191124110863,0.015587536549953322,0.042363395607968236,0.041605979341296555,-0.041160986596863194,0.008525277545785723,-0.02796893360865247,0.00983458999167042,-0.009276913761404347,0.019124634755382446,0.00014279185178222656,-0.0006196955843285192,0.0014532214178648568,0.004094393796865209,-0.004712787538482147,0.033671801673640575,-0.023268290378733437,0.008463268741622785,0.020961691962353406,0.014336651182222934,0.005677351257227233,-0.018981728996396552,0.011405815423447737,-0.010809212768595504,0.01606645267025449,finance
163,-0.04133733822121706,-0.06287760808780866,-0.004442896051888754,0.03451470111442269,0.033087531495144706,0.023954762886007515,-0.013426861713285498,-0.07370370085663504,-0.08028548137196373,-0.0022603764019005494,-0.10953433518838956,-0.032728389201323246,0.021327434838438707,0.06296356058328123,-0.018222273481353798,0.041207576212025684,0.1331167683652653,0.0992806450379746,-0.032079029935685524,0.024919885928944147,-0.10404898299840386,0.1117174205378519,0.03807714181025698,-0.05411996720461244,0.01008194164122397,0.12380102057002682,0.053697933939738096,-0.012603203025244225,0.017829182835015778,0.1318632863275609,0.10186560822750594,-0.027613098152801725,0.04190904814936302,0.02899601281146021,-0.18897103791362732,0.02913946165114584,-0.17235989998414747,-0.10635523423827417,0.06948604687184164,0.08682372977892827,0.09580396642418197,-0.09579361120597903,-0.20012135465618422,-0.09273853821625806,0.12781037771676101,0.15867595518930525,-0.0061494815142903074,-0.007374468445202139,-0.14708086746455984,0.24773338159686228,-0.0928932921997607,0.1437113978303516,-0.19084950589405475,-0.0008667141050615125,-0.07965637106144355,0.02738071328362574,0.18062013884788328,-0.03818413877575019,-0.10669235021203284,0.03722608299698661,-0.02785633359266346,-0.09666473021949183,0.07797749295286577,-0.012043188655105867,0.13191013290594414,0.14475099467093322,0.09192736961312604,-0.09162718051279353,-0.06675868109507252,0.02135579276370709,0.06217643101774735,0.12038953535777211,0.13041173663260947,0.01800115041128244,0.0456103973853106,0.020149718914154457,0.19290194935525315,0.03539006568513469,-0.0034540381950478845,0.016487725372106382,0.11748657497826541,0.038177215357214654,0.16042285009904855,-0.14435091998482474,-0.031959984376908654,-0.07470176079214602,-0.004733703921353318,-0.030734013052020323,-0.003776410679668144,-0.05305024726432363,-0.06764117234317223,0.002179454696054646,-0.06004870301377935,-0.15663548583093037,0.01897594803206207,-0.0721375398107631,-0.0012860578180347987,0.0008425765896276682,-0.10883501255020465,0.03713976284148653,0.010719582067887519,-0.08298945555302031,0.04806541251764135,0.14395731299828815,0.13915575665599283,0.2223378856972573,0.0385769929663904,-0.004618397172571208,0.07308119590239011,0.011770599844158482,0.0171230385898096,0.04383250318814103,-0.01341268063832342,-0.029821182307117017,-0.04062555519987866,-0.04575448969880605,-0.02109412625490519,-0.04955193490233246,-0.02137640808651319,0.02094445441901922,-0.04981024404559693,0.11194525475628082,-0.04122651006020914,0.034942698718682184,0.019218729500151327,0.019620283140643367,-0.004243482110577088,-0.05773635413242822,0.02594167039115804,0.014495408371435462,0.00889268350405541,-0.009015766907332188,-0.021145895862692464,0.05318985525119813,0.005363205408123756,0.02833604828664733,0.014796158599657865,0.006194204821860035,0.004465523546235148,finance
164,-0.07301206623217255,-0.06788556936471628,-0.08067027517217831,-0.038268755370768244,0.006714345696230527,-0.02424329284606511,-0.061268377301093496,-0.029047109548629383,-0.06496154914675453,-0.01216532419624144,0.021010057863742874,-0.11273306395942838,-0.04874332711946353,0.011365513333592673,0.2070311715822823,0.019176089709068412,-0.0251319842962301,0.037016095750632264,0.019886540872675974,0.003626443285220278,-0.005100445084056764,0.061158976621507606,0.0027542749966496245,-0.009701230623189476,-0.08059822433019231,0.061993844865944205,-0.023331322854651768,-0.0773712913635372,0.08589978904962046,0.03667513685650979,-0.008516616238725166,0.09557446679905916,-0.03901315406317346,-0.09984391380557989,0.08459162481947653,-0.16511942729101675,0.06251069045488274,0.04107441753386275,0.14997734840476765,-0.05752948924913135,-0.04916255123144718,-0.12267460060753987,-0.19624955316491088,0.03560247317676524,0.0966917125748435,-0.015167909328343745,0.07470104988225458,0.19889331461550436,-0.15597075986046813,-0.03425711990008446,-0.019129041323540145,-0.020624476402785728,-0.12318372567403943,-0.18199479346290298,-0.10563250788272886,-0.14261701495010148,0.03288750924816987,0.13702188357480377,0.27090168235248496,-0.07886272705485803,0.005047479474867598,-0.03342847669390901,-0.11363545500588858,0.05595256817055944,0.14097981079819377,-0.062444765684364585,-0.2419786315275271,-0.008594798066309172,-0.04949045601997011,-0.016284803608109147,-0.029451393283967633,0.0825578379966578,0.10281819262745696,-0.028969268382307452,-0.07134973245927084,0.028159123115009746,-0.18452465083723898,-0.05962521011902427,0.04132817489668327,0.18000949149694412,0.024678598519148755,-0.0533020982195618,-0.19998022049116174,0.07677609527253394,-0.03778941043048405,-0.10581391766910958,-0.0031864586866628755,0.04620285924094852,-0.0716190158028681,0.003866520557416387,-0.01209672035381546,0.04870329938969413,-0.03608621856665254,-0.14578033589727724,0.2240395395299594,0.09200292733662095,0.09815848879971156,-0.0939249884616702,-0.12632278654342674,0.02688775907004939,-0.041195750639961407,-0.018465514612813046,-0.05244534070977675,0.009531484375552656,-0.02622080380231723,-0.024723556269605023,-0.045404521029054803,-0.052992950519712936,0.02178279437918321,0.08730309500067879,0.018139108044261353,6.385436853847132e-05,-0.03073612364580977,0.00836704986845819,-0.0031594926193039665,-0.034134847038589745,0.017731842202631656,-0.046606238523002656,0.08256452831930138,-0.06250306684271628,-0.02455061833489421,-0.03378697985244184,-0.0661924909279192,-0.0020938517233887624,-0.08469449474097414,-0.005678981848459464,-0.0004987636035590088,-0.018248921602394316,0.03465015497644554,-0.05119406057961527,0.006447666850488056,-0.017642143344396056,-0.01898299403167614,-0.012908803991997028,-0.03352501657595042,0.005994600694458593,-0.021810581205232462,-0.040096798122409724,-0.033270621280831546,finance
165,-0.1028420532093083,-0.10322995731493635,-0.09516620722179572,0.06962952035301376,-0.007763612091836607,0.13081637350652378,0.4555938621614341,-0.14808714434279488,-0.316633411261665,-0.06400522540170539,0.11168407172025904,0.11793011928419193,-0.027511590664332904,-0.09207379026526687,-0.0470718661757336,-0.06219017929335719,-0.036709674877178,-0.0029404338752631477,-0.07504948980656118,-0.047132453791288026,0.09192611117194899,0.02063519901350912,0.044522835796067826,0.01673642548682356,0.09025873938060794,-0.15710933075519395,0.06511285086955246,-0.04681853255125374,-0.013627658123654615,1.2438896519588813e-05,-0.02129686737459067,0.0954311688415377,-0.0357722514317405,-0.06143646977699872,0.06040303670426477,0.02519478639746469,0.054045460522659725,-0.010211229862913519,-0.03327292720478351,0.01240065229605759,0.06619622514766714,0.02382749606716633,-0.07419711606804452,-0.04949854323908562,0.004235697374523665,0.02732514632222589,0.02202873038872948,0.1790648922404423,0.07197763202526698,-0.06711836873338997,-0.06735489459718438,-0.033952181254624486,-0.11168007024200463,-0.0023942951950595773,-0.024815151571120398,0.04783902069426895,-0.08711537240195157,-0.14238804242431213,0.0006353890741126969,0.19298723196753867,0.053653857440983235,0.053039173698915344,0.09012729997728176,-0.06589944202010584,0.05472406039513156,0.07734813619539256,-0.10641830586771511,-0.046875911853383,-0.04640140462742725,-0.04682021116382008,0.02450554648489068,-0.052499348532362766,0.036830704101968675,-0.031042057382971118,0.008323560041258313,0.014329514193412092,0.032230719372395265,0.03715631756624915,-0.017760116121828786,-0.003937817597443459,-0.012224045876944792,-0.07094117528006581,0.07389467071364653,0.052124673391429586,-0.03373220960745685,0.0017486028141016218,-0.013514138998999605,-0.06025298830759003,-0.06563157813080583,-0.032018964295233134,0.008875768854396645,-0.049987427246807395,0.06951975598350217,0.005179578358087946,0.02433173864465338,0.0036126600533160106,-0.0595344318483783,0.08355141123732464,-0.01579447415994648,0.03961770288347199,0.03879557333745932,0.007634449815735578,0.021550788319810967,-0.025618523403079116,0.01742611068659543,-0.03679765421139984,-0.027372597123379742,-0.026013875545187394,-0.02730627036627986,0.03202980793027853,-0.014198991412786134,-0.03928435644849408,-0.026306211937723402,0.004006123371193534,-0.009477460732879202,0.02139812787568126,0.03246414136395458,0.01904813576871536,0.019096645165896695,-0.009984849514606549,0.004335084513471532,-0.004739354438666777,-0.008005331027529412,0.00846042071806916,-0.008454891641429511,-0.012454818653440312,0.016604080566953137,-0.00393985802143707,-0.04066322192554291,-0.033289376236813446,-0.01611686703550186,0.012402007007191152,-0.05835592447881865,0.023540908723424347,-0.006879277166989042,0.04976729847386749,0.031093632273910606,-0.0032167874497527325,-0.032725912873568255,finance
166,-0.17856932542757484,-0.2201902861938462,0.7136186436968187,-0.09153813127126205,0.004135387900821963,-0.01684160279697954,0.03076472861971207,0.04302176365058531,0.020738405634339218,-0.00872874083579717,0.18494630696007705,-0.08707586092987832,0.03615654223822615,0.028452803539085685,-0.013808126667050993,-0.01491459709324673,0.03392589973221193,-0.08731966229341688,-0.10262165895249295,-0.05285628052910233,0.03242898028858048,0.0009609637803886927,-0.019457410909125564,0.020123223514046846,0.006759654138801638,0.0754368566977571,0.015371516561590533,-0.03463331790404804,0.05353254935397877,0.08470984704658059,-0.1682753864108989,-0.007626849719473271,-0.14326826863571238,0.05832197665367538,-0.05616004425939737,-0.08036651101561242,0.04457499557688798,-0.062083466524118024,0.0374601734029963,-0.009147817773989556,0.01948897079107315,0.1330088677490754,0.042046520434544266,-0.0004901399621928945,0.02903873111209035,-0.01612257123642223,-0.008556561239344916,-0.052637814134802424,-0.0029998086988734683,-0.0040812133200248,-0.05063689821481605,-0.0293181699855579,-0.033078292161296964,-0.02004914392864111,-0.03594048699981932,0.0026618590400771963,-0.003102740276633215,-0.010939308064961503,0.012712703688590564,0.04255769528873579,-0.0314421583745826,0.014535697885982066,0.010420989197919084,0.023488826119025627,0.033171074976604924,-0.010266116947026822,0.024578069359527457,0.027127262375020507,-0.024200135133171614,-0.015547958572164643,0.020402538535246748,0.025724309418353696,-0.005046170235974477,0.005049053231865395,-0.006758301503747575,0.005878970470724706,-0.0024868489459865424,-0.013248095730535148,-0.018439372216656574,-0.012150869226835777,0.026487503726690637,0.014835279996835241,0.017600784458946746,0.032476528230467386,0.00404622378455492,-0.013918865480572558,-0.017645571459942715,-0.004473461960388833,0.023154134673745642,-0.01958584641040996,-0.00013775513310309244,-0.005386177486515467,0.024850461550492628,-0.039965017789070224,0.006696569414516477,0.022127728913834646,0.018320148366478918,0.015203530105881389,0.014237985317447568,-0.0027106844820605487,-0.022375628967330245,-0.016998301718637334,0.008538462172895184,-0.020798422169356123,-0.0508118676055816,0.030589687345759037,-0.0055482779886831535,-0.012933547783511731,0.003084428181858493,-0.04435687887016429,-0.012957736467761952,-0.022120596744070894,-0.032183049248101635,0.038744689743858425,0.04794074033464162,0.005717664236247923,-0.0063455150574110875,0.007698522775372263,-0.005286953127393709,-0.0024596676108947085,-0.00868420684000871,0.0002659698248671713,-0.0070450183148201735,0.014949984776207207,-0.010910957976628706,0.016522219422149924,0.008510194952438235,0.011338839375848528,-0.002675648228809253,0.018438591263868022,0.0031643667670333913,-0.002469981930950175,-0.02346260923838232,0.012743069386525486,0.015510280779942896,0.0029331734204123346,0.01548785918048753,0.00044640373949673403,0.013502642188826665,finance
167,-0.059421714259299215,-0.07845001864278565,-0.05988671572567221,0.027081085947845585,0.012394997902782407,0.0961038354867207,-0.044811590648845684,0.0007489788390712836,-0.05704139121503031,-0.00653466304236156,0.10340556464813466,-0.11172524520238934,-0.03850066993670545,0.014310872506770768,0.28056787792815674,0.05273700154328254,-0.016064531419863668,0.044013989979827826,0.0616847827447723,-0.05332378693115677,0.07643187146777702,-0.011179137970326165,-0.007401231126997234,-0.033219348574439506,-0.07082961762283309,0.05262342153083913,-0.03930636582480494,-0.002672195190014428,0.2383235152299836,-0.05235727973567167,0.01860002799277891,-0.061205036213351924,-0.012284503701526853,0.027820765994889942,0.13986615296420787,-0.06783973311517018,0.06929734488719161,0.12720103350262998,0.14573644383812331,0.043958059495459674,0.03591459198538467,-0.025832668858725552,-0.10548634917582946,0.024819797623771133,0.05786194036136109,0.1461952672773095,0.01895446187703281,-0.03591629974632701,-0.04833727648425666,0.08413730779454748,0.027128109603146263,-0.004938803479117941,-0.06399715956739344,-0.06307287225929013,0.05575231294596402,-0.04005316116814956,-0.007507620008137083,-0.05948423279044954,0.15914952624817064,-0.07212507739050147,0.08981364276282258,0.19620919381158877,0.06081745145101412,-0.11576473937715716,-0.15331088711009183,0.04909500944886188,-0.07667415945418656,-0.00718868052718609,-0.17552475264702025,0.32615766542768587,0.0769031435945395,0.07480474013101826,-0.2827716270615618,-0.0023645674337635135,0.06560113647636288,0.08413734627511338,-0.09858213918253034,0.07960367414061705,-0.10306039876064135,-0.06986352274350109,0.08805275827936175,0.07686750948565106,0.07548693345198268,-0.07967292396628703,-0.10230998862138303,0.08827398241524953,0.033434094805383056,-0.01222262209483981,0.12634105847777755,0.037387859146302216,-0.13163766440231658,0.05088690566605146,0.08476468781008337,0.0697451244136398,-0.15371891299713536,0.009295645393813319,-0.08967731648381541,0.03737422006358526,0.03488094310268233,-0.0035686370241576415,0.025285119820326857,0.011265308134368622,0.09462100553498808,-0.013547659822759812,0.017527267342296343,-0.04025969288801657,0.016577347602740756,-0.012334386076022474,0.016070277421127932,0.09997294054372377,-0.08561581537344266,0.019344865494250615,-0.05554305176525711,0.02766375425013054,-0.008830693557037674,0.0018804259721287428,-0.01582916447652137,0.02267223868674773,-0.03277092236767063,0.03922123242652192,-0.013622476879325048,-0.017115310536618644,-0.07840479403792319,0.062192271798872635,-0.0033237406171553545,0.0039083360661913554,-0.006250821460758081,-0.02005437316574843,-0.09042300287558838,0.012322990075297725,0.02397691439408937,0.06465769655437696,-0.08115400406345895,0.03857406338372998,-0.035222369012372724,-0.0166197667169569,0.005150962608197513,-0.002257330318477031,0.0547306941955803,finance
168,-0.12414262739975152,-0.11084244893020513,-0.05968205279420639,-0.025037735414749462,-0.006170097883177026,0.030702453939680012,-0.06079482124805975,0.016492041706504795,0.014059673728703224,0.002111501297232211,-0.033941664863647504,-0.020773672775125714,-0.06338714878461235,-0.005292998923898078,-0.1322322866870884,-0.013818265631557835,-0.11590085425153406,0.14573015504153292,0.13813348408069992,0.05669118277563495,0.32832131013346894,-0.03035189094843822,0.0510645029521254,-0.08659475027847979,0.04815375892695979,0.05862215860039573,-0.11428656382807494,-0.13398179575895905,0.07931142895205133,-0.09592439494272748,-0.03574326424054756,-0.05466110166415823,-0.04998952712812141,0.05942054072411435,-0.06657029690731318,0.1175220392771444,0.08157824082770945,0.027144444022207895,-0.007114602431639376,0.0855918844989844,0.0695786227749,-0.06228730121799595,0.15407128389653738,0.009892664307284011,0.07613816600157196,-0.2082263749994299,-0.11220755500740844,-0.0799014297724239,-0.07871609669266301,-0.07151312650677058,-0.06110432055852195,0.14091512452498797,0.018781410577673175,-0.05443170700728061,-0.06438652486047913,0.017080123401040828,-0.0028220610300714387,-0.014406381915290407,-0.07814481470358098,0.024686597961819844,-0.027109180872141692,-0.018666520383140237,-0.012055864762571441,-0.030511615461857492,0.06744836449555154,-0.014642812687701193,-0.03556540948929984,0.017264144401739824,-0.046657349980730595,0.06160442436881383,0.10080430304142174,0.038666203465138764,-0.008506938561299892,0.02878418612446555,0.11717629619949782,0.07511278485605732,-0.029517667193313446,0.06469237632537365,0.009702558958029439,0.07034535713728697,-0.22911827484261932,-0.1143151960171932,0.01762549683159893,-0.06558943977893163,0.10945205796834438,0.026497523076340616,0.09525882983555187,-0.1692835852432614,-0.0055563672841846415,-0.0606312217029516,0.11447790400186897,0.048811772790159816,0.10036037709141979,-0.02193500196302426,0.03855764798004612,-0.008516719592444667,-0.026911635786378778,0.08442993298456623,-0.11211353905578043,-0.01064222710686791,0.024252483979758592,-0.07923425248176884,0.13671107562046558,-0.027207585944382117,-0.021319597499796446,0.09724625078479694,0.02960819214147421,-0.07101963267288003,-0.04866088198574367,0.039325155225819225,-0.05736066723733632,0.06096835170055692,0.013499794603951716,0.03403695701205139,0.0885304030063337,0.040774544831223246,-0.023452594378068858,0.09004024117440684,0.10395354596218194,-0.02404310315302341,-0.08307597532589668,-0.062177551017852585,-0.06678188196713031,-0.02220720774673456,-0.053501262145297886,0.004133042702842552,-0.05823236496058465,0.09077653883998289,0.1457688344891691,0.062274598029594196,0.010886406167319843,-0.07629883899101815,-0.01605711913903519,0.09814463608098181,-0.07274815252432075,0.007460575750505371,-0.017366560142431084,-0.02031000010304218,0.03514815341004615,finance
169,-0.1339238274860927,-0.1308266853742446,-0.036087010846759145,-0.1149136116421175,-0.008912639564392996,-0.06958338115661941,-0.14178365861724934,-0.015314746541646437,-0.040846222563627056,-0.022548249453980047,-0.030304556363090734,0.1436408481329011,0.01923009246215209,-0.0343302745020161,-0.06869284002874479,-0.008682684578653212,0.016216849215728305,-0.10499496621268714,-0.13294118085065654,-0.07302791106868986,0.11959025957500748,0.08376568567780039,-0.010211511850739067,-0.12572154099351115,0.023568682858495504,-0.08490704005821743,-0.08498193681904802,0.02853647147806513,0.1797231550871997,-0.03240635128923812,-0.008373121512312813,-0.026813356486081547,0.08134535517471225,0.03718008482673144,0.0714177642657801,0.1646354240377249,0.10008888658011042,-0.02237808263241604,0.12204475158189344,-0.007045586583816592,-0.0016883860966914026,0.04789373078934883,-0.08605333420101248,0.051680455029524335,-0.09520450954455455,0.10122801774204031,0.0028741435558169515,-0.06475055595127453,-0.10023838068671598,0.10079088261933195,0.0316993380057236,0.07163318527582678,-0.07220713575418566,0.058367023282215186,0.1140562529149787,0.05465179218131404,-0.0024465949579487675,0.0967615303209528,0.1530759305529877,0.16425140945580016,-0.03321600598208722,-0.053004383754853675,-0.016648481694604263,0.05202501023272482,-0.10206197913437175,0.039629618618471675,0.00390340654568504,0.08026008395506475,0.054255069463905646,-0.18097841567883863,-0.022836808783180205,-0.02559009696302453,0.16030112747353595,0.24347047004274314,-0.05067389198797431,-0.06068123074061668,-0.06226323112186447,-0.05140764526225777,-0.057418991001591126,-0.006350154561038065,-0.005980420719468209,0.07327358671259242,-0.09984748931191917,0.02686876696972448,0.06412940685451288,0.014641560805053211,-0.12946197861542416,-0.01805736699959169,0.09980708522436373,-0.09346974910441538,-0.06961921335609629,-0.07618650209176024,-0.05698823190817767,0.12652482703609258,-0.05712622826976434,-0.030579942003884742,-0.13473922283057338,0.15976421905608146,-0.18519939788287415,-0.08202458206996374,0.08488619009666401,-0.08802871777572842,0.12482802495875897,-0.04977957489432472,-0.026011244338221197,-0.09042944684686234,0.022739550753308267,-0.16303647842848834,0.08623866063297873,-0.06988709943490613,-0.034728011442921085,0.025427504369307442,0.0032620220037509243,-0.06501765182727832,-0.032989222481143436,0.02479635182085985,-0.05579226213299766,-0.01190854749370512,0.03875232192019242,0.033396054425562635,0.16403560073121431,0.05965845018448807,-0.022611105118440954,0.056427117647991694,-0.041778261085820965,-0.03125988632815438,-0.051076829422802526,0.0185628130159065,0.003931260841086548,-0.08629450275488201,0.0804600325492487,-0.05156825419487077,-0.019172188653327447,-0.003143487252966523,-0.05973687606380438,0.029842412708327045,-0.02713200683828308,-0.020856908370572316,-0.06340106820559377,finance
170,-0.13444065206139505,-0.14609843822541851,-0.015561049885079122,-0.012591502648207248,-0.017456087786718522,0.09832882258418961,-0.08490511827370717,0.010384003489622455,0.010360678889300114,-0.0444282535822518,-0.18791754435345168,0.09527588795259029,-0.07479703231118724,-0.011470199307961245,-0.005401107407904127,-0.053481875115233356,-0.18650015867242098,0.04753240106813104,-0.11316519807086232,-0.04969396299944745,-0.043266165102933796,-0.0908267544562931,0.02327406985882086,0.13157737681337636,-0.12976226455468942,0.016786663643236135,-0.1988996047057134,0.02100601043503382,-0.026516337393624422,0.04252854777281646,-0.008727658900621655,0.20936552774327608,-0.15179917286387035,0.1465378945523072,0.08547385964316419,0.15528407580277787,-0.17804931068273028,-0.009706546799553377,-0.03702943974201729,0.05403215566878541,0.00799881510847255,0.007513438203236871,-0.03478142866750213,-0.051022985307036375,-0.032918052757635534,-0.04105933575091145,0.10551154350450358,-0.1195292979996463,0.13749586197906555,0.0037077054125746753,0.07633081809524273,-0.005131213837955475,-0.025388602680466547,0.06723818567342255,-0.007459643107105171,0.04835650562247299,-0.04346040661953385,-0.03839519373143066,0.002902666268033803,0.03541989969278516,-0.02424128511520316,-0.005098167440381773,0.03296346321556091,0.015888719520058173,0.007270256693157521,0.060386666589782326,-0.08596171309726751,-0.008307548636646787,0.0018182056850404177,-0.022190266962201312,-0.0011764602502006977,-0.09619905681309295,-0.038364979315143245,0.04610981110994369,-0.03324494768046961,0.01847837257050616,-0.1512489636978149,0.06410795705502041,0.20026856623262884,-0.004167326383705488,-0.004613665660190705,0.05220770603867521,0.0030587878416810516,0.001597321034985763,-0.041400778147137635,-0.05892365124495056,0.021832956641987287,-0.12405838746934486,-0.02355494650839851,0.0265405404244922,-0.13764961007370952,0.10340586431745796,-0.17021769683405807,-0.01493303054681596,0.07367385703421618,0.0031178948442483574,-0.0713465941471235,-0.12266937822777355,0.07380346871296962,0.060210415712447875,-0.06737614038158121,-0.034672838221629726,0.014594850564977972,0.005613617133906798,0.06569132334650504,0.0903308270560948,-0.01326047563754082,0.08497228554140959,0.06112265223456141,-0.08689224307122473,-0.06828442615011815,-0.044400323864458496,-0.07622796702947862,0.09725680407318206,0.09858771633169434,-0.0483514013980439,-0.027873476499232958,0.0898287937742797,0.07163025635717775,0.12209649157794604,0.10258294884499448,-0.06313511237429456,-0.046659448253559735,-0.0018269863206555304,0.05260314596084617,0.21704930964961697,-0.021076994357357996,0.01361140334798845,-0.09277748547507055,-0.025041429634372007,-0.053687261359816066,-0.079728432741297,-0.11732750788500067,0.03585507347255103,0.004053413491976065,0.007972459860018717,-0.02101109585636136,-0.0683140391130471,0.018113279304926115,finance
171,-0.12264103833950175,-0.1277786608332203,-0.00032041735303941214,-0.018816176315197913,-0.013986089598560715,0.03813919996554897,0.020329078331242128,-0.009506301400750124,0.00960863838172363,-0.03337680705173993,-0.2494638716646456,0.06201072527687115,-0.044926020433717184,0.09547159468691585,-0.036746096800935005,-0.01890373419653961,-0.28190131109125277,0.2503914119739145,0.3631511748997464,0.19471986761620638,-0.05453029350059184,0.03917052176879759,-0.014426182391815222,-0.14458233543885193,0.01032812307718203,-0.06077426941215398,-0.12571120374919317,0.07356926865404133,0.12712848285885572,0.07588158709606885,-0.1608528371884709,-0.02349307550951358,-0.05240799839270002,-0.014780891906501703,0.00782689816477288,-0.14350886670425092,0.09257163585550893,-0.003920247159223608,-0.09567042300716086,-0.10696759530368938,-0.10308151558425327,0.05285218874079668,0.010955539104349871,-0.007723450802293129,-0.019740317822041192,0.03239924084180976,0.007354597685614975,0.0029384443223630804,0.013924461938310984,-0.012568654297033886,-0.11161110521084218,-0.01680927327556299,-0.07031849641593661,-0.015546490845485034,0.04408745668893485,0.04562118271047342,0.11459177470756159,0.019161208709614592,0.014027123436649396,-0.01268053812404683,-0.023358703388890963,-0.03946379300983232,0.02847089001041509,0.005290220344207705,-0.009385068342280999,-0.0025924112568745054,0.026114422979432644,-0.028124969536123638,0.030377617036672452,-0.040593237539224156,0.012258505379431558,0.004697522129334302,0.07649176450695531,0.005054298613879274,0.04052567596092879,0.06579640284883544,0.029576404772009585,-0.03134360202270152,0.005185730250444197,-0.03087843269986302,0.03636199886184852,-0.017418067493490626,-0.006791503675015047,0.0909190006165287,-0.0708104267951335,-0.031597091704365476,-0.031733544349987694,0.007871190672508943,0.0576177077411329,-0.024883106086543136,0.012482913819100199,-0.009892197066551697,-0.05157499962826536,0.036578285238885226,-0.036424404002368474,-0.005176991403857743,0.026407362120811843,0.03535624539299584,0.0758618327320712,-0.08393278690943749,0.012473045751873052,0.03562133557412855,0.004069753219363763,0.007729301736470759,-0.027335537224317082,-0.013608393726795105,0.019442272600847854,-0.007832566458206154,-0.011648484713005624,-0.03498932616831525,0.023454875250587943,-0.020402318096245986,-0.0007704802259489964,-0.03015505892269314,0.054398051516070245,-0.0097130689114998,-0.06943011527247207,-0.001004815052081479,0.0006749634735604636,0.011389318719026386,0.09941020678157397,-0.002400708753078158,-0.01912585394156679,-0.011038615043926269,-0.0332888379831126,0.025641809945925284,-0.004842406492339525,0.008371786990622816,-0.030211491166561227,0.09349869368261017,-0.025045017107140608,0.01831364233076356,0.03335597988649868,0.016617911918848642,-0.04124416092144615,-0.058003000986521856,-0.09194740494757728,-0.025939493096250633,0.062330699658423964,finance
172,-0.11553891600845827,-0.12196633534178822,0.023506352483024986,-0.005862518768864475,-0.017308142569895258,0.0312914995197739,0.0007172050347498186,-0.03578659723562453,-0.024485598595476575,-0.020127947217320797,-0.23405318553413595,0.06932230019879095,-0.05454237952791263,0.08497314221401257,-0.02114022311702629,-0.01604483394305182,-0.24702772006716492,0.23466579463967346,0.3461626120712911,0.2125440255099368,-0.042652448385789875,0.07204236034706947,0.009105119693616688,-0.15831741032912838,0.0085045570518175,-0.052671889271722304,-0.13418818493954868,0.06668124604510817,0.08043514893872956,0.032668040645671886,-0.1177811504882143,0.004531669429578389,-0.044251574629182805,-0.04739281412784386,0.051820669288603245,-0.10689653007061399,0.07139416451598765,0.05495057474009921,-0.12432966571598722,-0.137259378253392,-0.09879651734662036,0.06299635284416483,0.03029340257426368,-0.05401941425101907,-0.020031539679080293,0.0035730256605636065,0.016342005414531107,-0.03228755134622023,0.03364289287935291,-0.06607313467959583,-0.12085633426138,-0.011923327094309322,-0.041062314520943353,0.00604643737795626,0.06469318141050903,0.06068903785020576,0.0772969966315433,-0.038207744064823315,0.06933189757958966,0.010071749038914278,0.03443360388849025,-0.027896436835736758,0.05676195022223378,0.05442654671480831,-0.011658975369446704,0.05479580970615556,0.017942245555740036,-0.009143329902728405,-0.04431132889062735,-0.03357390866964425,0.09670770248456664,0.05456822807343618,0.08541122698743923,0.018167299592147135,-0.042544123161953606,0.058258990094760855,0.10092538481695577,0.03816009449323469,0.07229400404994238,-0.12621023816956192,0.03969341815778676,-0.024205005933684215,0.03227885905540382,0.1260718039225415,-0.09409016940778915,-0.030603328311729763,-0.011272506905482317,-0.008546424688971065,0.002463127738101078,0.03541344399376531,-0.06833436677295945,0.046228899125277535,-0.04963745265927653,-0.09476803298902936,-0.03292312864517235,-0.05537567821429108,0.09815710472173517,0.05828705087461473,0.04743654430978888,-0.04851940094629453,-0.015551023072103428,0.02787219373018981,-0.011447871200428483,-0.021569940628939514,0.005413909082854974,-0.08112803192760018,-0.026576865887545962,-0.009829549037888545,-0.012179364393389938,-0.0745810277445253,0.005157825446587683,0.03861713761935088,0.011890050318878362,-0.05870683153886364,-0.05821779312587054,-0.022572818471341526,0.05401283033899823,0.003780881824495975,-0.050756605497758296,0.02324761764957119,-0.059493423085669996,0.03172595826292745,-0.0732130004192385,0.03472878511015728,-0.037495147321076935,-0.05626698202179418,0.0032041519796169923,0.029556739714146293,-0.03250945382062139,-0.023232929459110895,-0.005785999997080191,0.04599119577190104,0.0011324917930584676,-0.010804266003763054,0.08449818792238034,0.07170899046844756,0.1706912471811759,0.008940038120597366,-0.0022750505656340186,finance
173,-0.11350539263657669,-0.12333437745987186,-0.11296660926157301,0.17972317182710182,-0.0022436066124988667,0.6232305827804123,-0.26142466969619366,0.12118455794617403,0.0830014765749031,-0.12438730416615108,0.20353197651753327,0.11680791266838955,0.08778300996967608,-0.013225117160976444,-0.024926901553386952,0.02145841399583259,0.07589483148086856,0.005757332409905707,0.06319520211584345,0.04900641164548389,-0.018357860943740867,0.0047016621407972555,-0.006416976539360395,-0.008893095431295033,0.07935345709674381,0.02066278975915431,0.09969836261477316,0.03872149303640128,0.040275816931873036,-0.02288623442009212,0.027528079742283346,-0.06929396572145735,0.05687670810503769,-0.009751884318300213,-0.050222883966506114,-0.0601740009043711,-0.016336254122684274,0.008298407481850912,-0.003966211984378925,-0.006577175765966024,0.0006294931400955294,0.07331832913248419,-0.006366826543090959,0.030401163177299986,-0.005376508232916631,0.05055062375795489,0.01931929702043298,-0.025961734493018643,0.0588022705269819,-0.0013361634692353717,0.06423688980044501,0.038741534509689396,-0.015180802056818548,-0.012344982479384503,0.03323899082326538,0.043166079485285815,-0.0015072516894203906,0.03204988868775506,0.050083699226722976,0.03995040614998696,-0.008183064109579388,0.011723401592525854,-0.006821145732762177,0.00532393323131423,0.007809868253876819,0.04149516656273103,-0.0269403398675176,-0.00548134423453115,-0.007373296731277976,0.009107385671558563,-0.023284239164250167,-0.023701777030996643,-0.00995810446819673,-0.03123998620893095,-0.01485423158180011,0.01704061298777377,-0.008711010189015185,-0.009775487076144175,0.020416394082583014,0.015635581292718498,-0.03155630536123106,0.004029295812206682,-0.019923210715073275,0.0038228191727266913,-0.00034490040041476936,0.021885021236866097,-0.00449826873921445,-0.023243678343678447,0.027582848346954902,0.015455578539372126,-0.011165237911607822,0.017494198079569576,-0.026478817661340054,-0.010663206781883929,0.01813818312313112,-0.04592234376112223,-0.029632259481722004,-0.00965849671152917,0.0478493324476959,0.00470449541666971,-0.02579762690446518,0.04050440280045626,0.0015323429573486837,-0.01579680652532807,-0.012463725941073268,0.014739050231117224,-0.00665159218632161,-0.0010665368919822785,0.02238220084472618,0.005866795299053634,0.03793392435899839,-0.041072494207980766,0.03892047440543276,-0.020308235707502464,0.010631630024030966,0.025919044853948657,0.0076058794653975186,-0.008293537971931319,-0.01142133156067347,0.015344306592435122,-0.04824207118876819,-0.021621745179202984,0.041267370682951734,0.002649420118389641,-0.031861410190742616,0.05474899337572407,0.023307783238952176,-0.037678353679207986,0.010088693859955623,-0.025704000700185727,-0.027849818671411276,-0.09055771767984566,-0.06952792060756639,0.03098702370122887,-0.009192246596838656,-0.05532766477403104,0.01292314494140949,-0.003395139209705249,-0.14051283663799785,finance
174,-0.12014626162305314,-0.11499029616032529,-0.062464917155254755,-0.03395297049223373,-0.009033398083708906,-0.03996641400945923,-0.12384167748437139,-0.09599807512478527,-0.10849251331844939,-0.04975321952165849,-0.16317171655903537,-0.02715900127685132,-0.1134254620794393,0.017564424132580688,-0.028204970612754152,-0.046185608472078685,-0.10672080264802312,-0.12788919339429347,-0.13029345937756548,0.08293130990744102,-0.1608471216597271,0.2520079278583737,-0.05546207852138517,-0.13328876143023316,0.1454510657567333,-0.05401987855971044,0.1820996134332662,0.10544500066817024,-0.0592210312674815,-0.017323997364198724,0.025080254017268294,-0.04517550901124076,-0.003235307476725885,-0.028072970227897412,-0.10903827690453849,-0.10459569273166898,-0.09975520690499795,0.047137864438439286,0.0676635340723079,0.02758756872086929,0.072788146542108,-0.008608088610971298,0.004406766445799321,-0.03622035672388843,0.06471241194647831,-0.005415660021174507,0.03864158955796255,-0.0644990310872337,0.06827922118139365,-0.056671465007188976,0.06369800912543472,-0.03588117204454238,-0.05248074393111939,0.03076174198431549,-0.0016104377472411485,-0.018827491689039712,0.023487509766559674,0.09686881527534709,-0.11505056422279311,-0.037260348832108346,0.10161171445352433,-0.0732061897787604,0.00528865230633155,-0.02032747065351521,-0.019268127621820452,-0.09055929870093626,0.014826707473269588,0.0032649803648060745,0.031797703947425045,0.042433084669514204,0.03489188448125135,0.07960741776812005,0.0010579610199931652,0.08476140555048015,0.05553794300713812,0.055037604238624235,0.0005770282235742092,0.0726855015186255,-0.0337011833480438,0.010523043489014648,0.08129398878017365,-0.09289645182022897,0.08553505639274235,0.01180882561105911,-0.03644894080498364,0.048479323612341835,0.08579190179782906,-0.08533297104607948,-0.05218872977524062,-0.05053611440652806,0.01453851577935778,0.14216234347410736,0.012177115732452557,0.16461857012992698,-0.0026540856609415507,0.09061397771273211,-0.023643578141266806,0.04754337044899774,0.07329525569720524,0.14175770156161666,-0.11413713129622848,-0.019408498359888574,-0.03298961769899045,-0.14517913548189001,-0.0038618171130437107,-0.0656498315178419,0.046419248388925444,0.030388733417642012,0.07473004560308334,-0.028768201508107095,0.006733666768204943,-0.05906309582199427,-0.08456871450604622,0.00411906663649538,-0.02254133522749047,-0.0991248991765084,0.1613243759598199,0.01545891101133094,0.19320063988709352,-0.05123462875199716,-0.0016140985376730745,0.08303522468441149,0.04665555353387651,0.04043805866276612,-0.08162370290729887,-0.04492062050719669,-0.020272276534472645,0.15897393595224613,-0.013638481552961877,-0.11017857709461586,0.1511490879541903,-0.06455551834723283,0.011031761279850968,-0.141667620889173,-0.0156416851596789,-0.026325523996166795,0.06143095365488696,-0.11504901367404682,0.012340630024536494,finance
175,-0.1248808075222834,-0.12899348508042358,-0.033768170307850516,-0.03309363341427705,-0.023878558720093406,-0.01811648908382026,0.015739303269324833,-0.00727885952838982,-0.008817573226504316,-0.03160411600174795,-0.12382012719064092,0.024983063765579534,-0.0848290394669546,-0.02673103508256398,0.0686782877743042,-0.029405577289441723,-0.06737397622275013,0.020876021055080626,-0.03760246915801004,0.03030775634657323,-0.12490498481214762,-0.07302072754926463,0.021361954373615967,0.15932445679024576,-0.04696812223526502,0.08575383132395757,0.06562255325933794,0.07360606283432762,-0.09239373713522793,-0.06554943819395767,0.05677340239985328,0.10134753015165728,-0.07078338189351761,-0.06712462310916788,-0.051336951130504085,-0.023131211764304573,-0.18064953866061334,0.016973637070604355,0.030902649395598218,-0.0007525298328794513,0.030567337216516163,-0.09654277153098682,0.057862408692192904,-0.0773649943444704,0.03747379145262304,0.017167101917147487,0.11724890480965398,0.04879220093781844,-0.016267571484560837,0.11907668992319372,0.09013813705513954,-0.042870386050353565,0.07767666315529059,0.02654869548340957,0.018291187878399274,-0.044137710085935936,0.026760292155216733,-0.04768809920442241,0.16388530758679093,0.04615476717274199,0.012560493938502606,0.17098762489849303,-0.11706956074567766,0.18079229746364875,0.08306090460544333,-0.061197035421494676,-0.06458891867790213,0.15768094994029977,-0.06618517247213127,-0.06111802954159085,-0.13936755194201958,-0.028688360478865263,0.08067618362335385,0.005490227512801266,0.08475259747425633,-0.008212060190746768,-0.12534511499421658,0.10127268814537888,-0.02389697772968911,0.06291834389640036,-0.03222246078459675,0.1264545326409147,0.23592073207540148,-0.02649904343265729,-0.07978345252864691,-0.1373711608928823,0.10640758037445076,-0.11097419673640133,0.03675114082563579,-0.04366404574498585,0.2771578763293053,0.015413257571422262,-0.021750862411429345,0.017274741534816486,-0.06956916408907342,-0.1384387084639831,0.07255098412477144,0.1643715690073262,0.13469392673093677,-0.13260591370928115,0.12417489140702122,0.14130727028249476,0.03474354285010139,-0.10561725456074092,-0.0683595258854355,0.06241529915657413,-0.005664447583734312,-0.11584360640816507,0.03481318946201169,-0.07877144553376048,-0.0022540547132575283,0.04655902713510216,-0.015885435991250585,-0.008814996519578445,0.052059181386717036,0.08371286662491095,-0.026532814370536773,-0.07347924186222024,0.05087046800719413,-0.06605150660453797,-0.029372503896338338,0.06585414614988254,-0.054186185160887065,-0.010178551299287842,-0.0025199544803452467,-0.061825068710280234,0.005268736573775569,-0.0006043064419102702,-0.011467246504010044,0.05018806588087881,-0.0224996529499867,-0.012695892143649325,0.0029119602842331044,1.8177645167052712e-05,-0.022432836253563064,0.015894007468389038,0.0025511640026110506,0.03354690270714944,0.027954961559840282,finance
176,-0.09259348376062528,-0.08675879230313246,-0.04967983119568852,0.03501154879576648,-0.0042335136917571355,0.11572456380108895,-0.020744598775065973,0.03470956308143052,0.021842032311007103,0.007101455367237345,0.01261452391733008,0.00016033548926146346,-0.00761245577650582,0.015357282531416916,0.014498834655229132,0.011716478585230611,-0.0008249381100157506,0.10612929404616575,-0.03734965649816668,-0.06171756299066281,0.22770814261409275,-0.02180527464197389,0.032564835270101296,-0.019488565948402498,-0.009295733579398197,0.004275279600181885,-0.03451142508122627,0.04318751719917805,0.13106279397779885,-0.008043181930000644,-0.07892676268955108,-0.037694934247731536,-0.02661110920316143,0.011461839184226889,-0.030641691177701914,0.13815789619818122,-0.0006852399136807808,-0.08347177683807057,-0.029839784463944245,0.06134872146775732,0.1771063733222997,-0.17932920126191945,0.11408244096995815,-0.2407394667683615,0.05372863322477791,-0.041192313868476264,0.1766909240263913,0.011495400435201366,-0.035455263408348356,-0.026294261209410388,-0.28268146991889165,-0.11667397539780361,0.2543819561494999,-0.08608550185432043,-0.13945764647772305,-0.2569469913802475,-0.11815969363956055,0.11953202841172662,-0.05615447940767666,-0.13471068914363177,0.07348399122799465,-0.005518134343073557,-0.034504451264809416,0.008108732992515803,-0.060965523038966664,-0.10961524071957493,0.18813069238693705,-0.16703261666793037,-0.03421905436525902,-0.04299631039618063,-0.07100981770881765,0.023512154561861218,0.011372649020207412,0.11119973969021257,0.038666037359275054,0.03495103007144541,-0.045824799522358434,0.004241661095307466,-0.01402151971776761,-0.0356852956646476,-0.013081864746847542,0.049502506012861,-0.004822389002886795,0.10556772115694417,0.0008336296474657628,-0.027333276439469777,0.03384417746340443,0.04957086231482403,-0.0590291482813424,-0.009741444681256855,-0.05760372296129428,-0.032552088365068566,-0.11730695321867303,0.0025592218053936476,0.058652703408543706,-0.01382080019739495,-0.10217108650319849,0.0383822784383228,-0.01379934912950944,0.006118135544234919,0.10248603246408382,-0.021220001603660516,0.05411531504428314,-0.022810561891355732,0.02223226759524889,-0.07841274394659997,-0.006632543275951377,-0.020610745705431907,0.18770109127044912,0.02411467335462454,0.050510767987374076,-0.08162524824590668,0.03833938509879555,-0.04126637043803403,-0.024676093196075256,0.025487501736952137,0.0844130619862602,-0.00342201659308896,-0.06096759966941246,-0.03045805729429169,-0.040193957307974836,0.05535913767122602,0.04520108701876003,0.10959857507987063,0.027566403691029695,0.036227520880585375,0.12077692212129186,-0.04870295587866437,-0.0685829857896053,-0.0023182025892170954,0.0008170195792454261,0.04731930002666707,0.006226034368289718,0.02877814458908376,0.028918032920903156,-0.0336984271484073,0.012376304272233973,0.016584702704597883,0.0667571440119157,finance
177,-0.11868107970280446,-0.10785257841910667,-0.06162551120471597,-0.06504866045396082,-0.0017688803123449177,-0.02492962927294526,-0.15208636532576708,-0.07453344428794752,-0.090552870385117,-0.03223490168349558,-0.14009576656102493,0.020015210878276166,-0.09947147835430971,0.009431981441827558,-0.014123788002290081,-0.03743826008116906,-0.15297602299562715,-0.17376916068232523,-0.12520994641757868,0.10150499893311281,-0.13832730080232444,0.37868922042373265,-0.053634579608847474,-0.2631772263156436,0.19704560987126052,-0.08298235753571365,0.17740816130245599,-0.057247584056585143,-0.10711469866792654,0.012146729513267574,0.05021758442214792,-0.08922732424774502,-0.008841480317805099,0.09097661498949822,-0.030860512655349705,-0.03259531639041876,-0.03871534890840757,0.03996943353421749,0.11819993206248895,0.032199123279227714,0.07297671705786396,0.04026091043890997,0.07628996723745259,-0.014551456719355255,0.04150260270753444,0.006112698387372286,0.13432478916454313,-0.06775410356633886,0.048364350131623386,-0.07157566210859491,-0.011516496936728429,0.00722693828114337,0.017729795875962195,-0.00339278472244998,0.010195528798569761,-0.04407782393095544,-0.03739901012909163,0.08008375908620607,-0.03572776975046695,0.022526596174827905,0.026790345792979967,-0.016422248012356776,-0.055097332036605495,0.025729106712026273,-0.028320284604807424,0.012248487680430208,0.0038808349685131366,0.04555156500793095,0.02126269447534481,0.07632832444754466,0.036326641391411625,0.04313885043217234,-0.04835526790046935,-0.003039781929879302,0.03232951844352848,0.058408936790926146,-0.07351499814242042,0.04503497011625962,-0.02584192956724594,-0.016485898615751574,0.008086719951643001,-0.0826820023030817,-0.05010699175113552,0.0672909584336054,-0.02843852429974253,0.02279956880995928,-0.008445594113524234,0.014061940420272031,0.07609939407183836,-0.02404451246449102,0.003961512742625776,0.015379847266785183,0.02579245540142937,0.012221699040973442,0.009763481508900902,0.06924169832101332,0.0790943516631492,-0.03137331896518325,0.020893691767857284,0.007180377476437241,-0.022969707047597637,0.005932135130005008,0.07751092976510765,0.053897758705414245,0.006901247305941252,0.005816361065726506,-0.000872317125194212,0.054760512674373985,0.014508660091992531,0.015023131940034755,0.042832278567758404,0.012391101035776227,0.03520868869313344,0.05378080175701727,-0.023500250153737235,0.020290731010275745,-0.016363073467297082,-0.01857964039734751,0.01326670038723185,-0.021985296859982545,0.021009542116044676,-0.028108117073619085,-0.0251852456380164,0.01744987856572487,0.06338441952786693,0.01056315730272789,-0.09437651784892644,-0.06924549223075763,0.06470556283930919,0.0038586760805414317,-0.1181907272663584,0.017399552599892378,-0.03458792019683376,0.16071535274269613,-0.049995129481844404,0.04851449533824641,-0.0979902621122136,0.17995399985684757,0.022453404784459615,finance
178,-0.0927548913609461,-0.10259164879510153,-0.09963927840182411,-0.04672211414298629,-0.004887162314819655,-0.017824239476443772,-0.029833096409619925,-0.0061334678144666505,-0.04446126963482525,0.004491566788843138,0.11250383688458365,-0.11716384174657685,-0.03822958740676664,0.039549627883514585,0.3233492757812628,0.039662177770855275,-0.015147751149067168,0.07206248448930869,0.005709216038293482,0.005392750701951065,-0.006903810013552229,-0.05846839382879542,0.020711405156637903,0.09715807666537836,0.00032512823713591637,0.09829605799407275,0.06480083709417357,-0.06324117366295368,0.16930042502423268,-0.07000130751116977,0.02238504673557968,-0.0948253060682811,0.10767638379969753,0.05150700071001058,-0.0032359668297331323,0.0616681621614558,-0.19009817007408844,0.007149573187263475,-0.13994878292884938,0.14387132621668894,-0.09617953998141447,0.027367498199417726,0.038452791351456,0.12082464093408439,-0.13641148433193445,0.009543617949171974,0.04941087398141116,-0.029102433992552183,-0.11330789612523993,-0.03828926358238698,-0.08969942254362519,-0.1473698902365789,0.11466438974052129,-0.06777817456639088,0.056833750981752265,-0.004559199610628004,0.046877888556106584,0.003817152134154289,0.029982382669411795,0.036088339660407705,0.0673402703366034,0.012139792444784237,-0.027831519942692326,0.10900716879351877,-0.0504906598777865,-0.1417034407811528,-0.17203305204363178,-0.07808233695225279,-0.007875288011014388,-0.07674274633880994,0.0431148848016192,0.042467616515587545,0.0850839501585984,0.057660167376249065,0.024882684346783597,-0.06726787691597974,0.0837151534505131,0.026211892039585693,-0.00541286835875662,0.0008046844142773165,-0.014349914566574145,-0.03476966803914276,0.06071509373574597,0.14903405160014305,-0.15259544134101807,0.05850305389772475,0.00924736675737699,-0.016492743037180388,0.15020373861094147,-0.18054804070900887,0.08187522802070042,-0.1334923677475844,0.18967776492303043,-0.018406975499613336,-0.11569023429056147,0.07773361139368688,0.11888731310278085,0.06148616020317542,-0.11197021331705745,0.0942651274303187,-0.13173954926233994,0.029155241311773286,-0.031302449651017035,0.07640187433694341,0.12007695104446091,0.1117579938268963,0.1741032888550386,0.07930123737414502,0.017586494697242057,-0.023629318642077658,-0.0637216882929842,-0.1255814944843721,-0.009054714681662574,0.03791979152892633,-0.028151814653980214,-0.027631111210103435,-0.06284824645394765,0.06909199792402215,-0.031305670268036885,-0.00010918451554737799,0.08457024580715573,-0.0533280438555754,0.13198437233292287,-0.05408154355418842,0.000569992030779899,0.039679529347243996,-0.004913012365069634,-0.0011159198219735842,-0.0210595094210284,-0.04370805304845984,-0.04145878109107065,-0.019398361095188485,0.022608745707523612,-0.007750517038992593,0.06093198675122893,0.025159544261540927,-0.02242869775208034,-0.007293983238133991,-0.01767422643279869,finance
179,-0.09417818762065001,-0.11490881106853015,0.22366493059236142,-0.027282849426451178,0.014149449330976742,-0.002402045418048181,0.10248886734239322,0.051914406436526984,0.0645088643932616,0.07615372807694433,0.17909894727658168,-0.1012834570141689,0.2996860051435297,0.5069111128135064,-0.10259304542485356,-0.07810177750148216,-0.12068562778513194,-0.1603086626488464,-0.13186265959858212,-0.08503379867388898,0.12259706747442571,0.0900234036396877,0.018145861320914017,-0.04386381638557862,-0.06331746052890251,0.09138691094477316,0.10674523751246608,-0.08888517409710435,0.08246162242084941,-0.0023884488564886743,-0.08134599909876752,0.05129442584121493,-0.06010476048613691,0.014844586780362797,0.05262212412978242,-0.08717121200248117,-0.04915319040505071,0.1862397096342825,-0.04836183380276793,-0.02816542271162496,-0.23201921191163416,-0.2385793673476516,-0.0006971624785080323,-0.1486500648649462,-0.03523452402889711,0.030410414568674878,0.06687212365020945,-0.018659259167228062,0.10792028458366883,-0.01912173753802404,0.00514953223508667,0.018029915720542262,-0.02943262743076225,0.05014792082172349,0.006261577022199647,0.013306997825523383,0.051673627037432814,-0.059194711015596424,-0.0451659707244034,-0.012595268680214577,-0.019270409451861256,-0.04481783102665778,-0.013147270851726485,0.016459779355340886,-0.016001577561275442,0.027166280675893474,0.0018674138017895309,0.02914774516978051,0.0034326363056921957,0.009449188880231893,0.008530137352377926,-0.003636659502449129,0.039912715671040544,0.03823775032666141,0.02096243325606186,-0.0018962567429579526,-0.0029661801061508595,-0.01648192311934362,0.019920816949786188,0.0039231779901529665,-0.028607727998973386,0.01612524309595419,0.007227277917412092,-0.028470975249091427,0.008856867432665965,-0.01537626096627126,-0.02629195237587223,-0.03655181015706054,0.003675348229135347,-0.0454077789567608,-0.005828842324830881,-0.01161950389420497,0.011969405329147403,0.024504582012614757,-0.023730906620479338,-0.010474596495590176,0.018341571785998063,-0.0018093961643790698,-0.013890384585059526,0.021390081701856217,0.017391212042587374,0.005488091777473421,-0.021899264221164755,0.011363342860053792,0.03667229924814826,-0.026775153737091356,-0.013268726400387414,0.003750101135041487,-0.014165533230488686,0.028176704011602646,-0.004113910075979171,0.011182530453196947,0.007996425052505828,-0.017353321906680187,-0.02431262291215235,0.018417316528852885,0.004824224337071516,0.007982538827055066,0.01512757585938197,-0.013115052611210055,-0.006717922659749371,-0.003115346311159716,-0.002536088105142469,-0.0386797834763683,0.03422139199608534,-0.0036754733214367096,0.012926513548341196,0.013676569168223192,0.0022388120102990656,0.005460076316675033,0.002345399162129262,0.008986055698207568,-0.001669521295473196,-0.0168325356009722,-0.01121805498615576,-0.006549745130832438,0.027852283348655218,0.011444353962492687,-0.0015046118256943509,finance
180,-0.06792192252856741,-0.07471819223647877,0.008788990422726083,0.03963807316330165,0.00941674795454286,0.0753295436328922,-0.029879471967985377,-0.015965019897518445,-0.02681022183189508,-0.004206678264282082,-0.08901831027142845,-0.015690243990890643,-0.030966009245075504,0.04060919383911543,0.008576909354506168,0.005259472139829922,0.027851231270882352,0.0925547260908535,-0.04153189389446408,-0.07805958961320267,0.07768037017465032,0.015889957262975696,0.06158693323507454,-0.030204818955244694,-0.0011112466972892428,-0.07145561903357958,-0.09969704186694194,-0.0711391831859605,0.016617832088194985,-0.056158217563798386,-0.0963195406112217,0.1623628963533369,-0.09851764285316168,0.08023839552122099,0.01852024536106815,0.2714342514518757,-0.12256464911385928,-0.06471459155401438,-0.025600176679610977,0.0546435726296132,0.021899367237997812,0.09653921166167971,0.11043874139193452,0.06812848077676113,0.019886498738119672,-0.07227831405786254,0.203532243737341,-0.11452365907739025,0.09428953431354291,-0.04602823161420101,0.3101109161809819,0.002302305133129112,-0.19940310891474416,-0.3180596114327041,-0.12437526678548914,-0.01972180935374174,0.08477962010215445,-0.11435496530396018,0.07800571086384102,-0.29136655997076605,-0.09945331629700223,-0.15075068758659496,0.060674738077451884,-0.06031536470810977,-0.006002583949540479,0.12016989499216606,-0.0005500947174434019,-0.012033468824992177,0.01969376557867346,-0.07146151819295318,-0.05454297749238767,-0.05151695793279848,-0.047236775771400404,-0.09759055417872672,0.08219629515086795,0.09401711794299115,-0.0037871051250210454,-0.07548352354583227,-0.06461950519258698,-0.041935981630190314,0.0702821696471828,-0.03458810506640347,0.07931735863941254,0.0268494625007186,0.03009844570241932,-0.006169914077728015,-0.01316985155622706,0.048717683233382186,-0.1266611109474388,-0.13241600371243015,-0.05509472517609129,-0.02995033527289131,0.03572977299113542,0.05809269054764879,-0.018056780324464235,-0.0029416412001184587,0.0480937751542252,0.081849384733692,0.0096770731358576,0.021107930608426723,0.0574570811419206,-0.0067177245161025145,-0.0412315872655237,-0.003092173046361643,-0.005418159462597024,-0.0036908208329809364,0.0691706102591903,0.025718543543245206,0.013607584601375114,-0.006714151150377423,0.011810503576616763,0.020026960642460383,-0.04928283569650883,0.00408972423171994,-0.08245433546716499,0.05248717354344704,-0.029102840041174707,0.020581435963863026,-0.03689843734369976,-0.034539158812143415,0.028026938736988576,-0.021061091051439468,-0.01142012595661032,0.010984131311578238,-0.0875987474945012,-0.07007159504499957,-0.02552800999014966,-0.026442545800081277,0.01581335901632965,0.02426158184025253,0.007165280171336304,0.11992095408044101,0.1066804285453632,-0.06691817230688324,-0.07531815693001138,-0.003717200668599186,-0.0134331783130665,0.0540887740099768,-0.07918561478044754,finance
181,-0.1058182925474712,-0.11739707612203913,-0.09918153489262772,0.13666896944204163,0.0012631534510108467,0.550575357314176,-0.1910233006374551,0.11646647632657268,0.10137950313109792,-0.10825454490478037,0.18040801082701907,0.06875852719153519,0.07437791550486088,-0.04810608567091899,-0.061331021218169114,0.00996063310957771,0.05720382078654001,-1.3512436434510496e-06,0.051909061801629006,-0.01826074513803758,-0.002530866622826692,0.006750757506909856,-0.02092641443721224,-0.061024322696310064,0.03492298642253807,0.007384107818938336,0.0037088791381818162,-0.00824867726627213,-0.07618828822433292,0.020768677424814,-0.028176612499609188,0.029231550513557858,0.007086757138829338,-0.020551434522182607,-0.007779625634765584,0.051862366177222466,0.0018162372814561844,-0.052771297925964356,-0.02564938499564616,0.013689709557052622,0.07558066255791905,-0.019304546413708375,0.040211883583859714,-0.07050458368616368,-0.0011315130951712962,-0.08275331840505712,0.044539036898196854,0.04172582763748336,0.06020015995032295,-0.06047384260151503,-0.041869203322499965,-0.03866415356260318,-0.022651822806431143,0.029254123264322942,-0.025522580928078815,-0.036946655305521624,-0.0039638362296918325,0.003077947641499716,-0.056451642700400616,-0.02511560326660062,-0.035192797893079324,-0.04412666558032852,-0.023295842158982904,-0.01000683026420918,-0.0075838233846660125,-0.05942882904328815,-0.008188308043639757,0.0004147085644227868,0.027148762993385228,-0.013362315951403655,0.013434220637076978,0.05416250699317181,0.07300545244565693,0.010664114951613233,-0.008942046953497651,-0.03165756945967886,-0.03907729602300466,-0.03652093022354112,-0.009272556569659777,0.05773816505399497,-0.004742877931518255,-0.016156081042818373,-0.03432342425599658,-0.010164230274939762,-0.01200050042177524,0.0035572138809264776,0.030246703538225263,-0.024464530438210914,-0.0041459027084023116,-0.038875402188430164,0.02692120469515376,-0.03539853704340611,0.04258578345104091,-0.018689640419353618,0.01891326557677102,0.06255193834175479,0.028435194427514823,-0.07547776017177904,0.03936882478247875,-0.012258376481656327,-0.027281940732777937,-0.03468402744756607,0.07067181472173768,0.03128602033325611,0.04610826704153407,-0.04380121409324472,-0.010126159713118078,0.02699770904577732,0.02793965415387232,-0.056285765309852236,-0.10256065347139884,0.055909912071030875,-0.03334698934503843,-0.015215819885375103,0.001280927001775645,-0.04543407268074928,-0.06938216226727023,-0.015209239773623462,0.05666217548387713,0.019337041054997384,0.10417474965459383,-0.03111558193410892,-0.1011730829115068,0.02094096894613907,0.08834472282837741,0.04130170029306435,-0.03095592047995461,0.0562365179216187,-0.05005521139838122,0.06240932996045294,0.01726031183811565,0.055534441565263715,0.04956366991239248,0.02158191769937495,0.06372954661530598,0.146698439371155,-0.09769597604147479,-0.03805458331062554,0.09718291206064425,finance
182,-0.10376340698308371,-0.10172686466191229,-0.1601577635428653,-0.08820982691362363,-0.016717545009302785,-0.09602848311294347,-0.033156910741778615,-0.009936073678021934,-0.04467053452425125,-0.0026591138403518682,0.23968372869051274,-0.1861307655927594,-0.02746189848174798,0.010849147947650746,0.5061450620560859,0.09499077031334763,0.027878379293493377,-0.02392446682663617,0.09795513835918201,0.010340788018414596,-0.12084762783375194,0.0032889739044077316,-0.017263284975214524,-0.042951866128704705,-0.04033725414994383,0.11050571644476385,-0.06667126684894334,0.022035509575427905,0.023752792108617717,0.02896229976400276,-0.06510626499757186,0.05276554349497033,-0.04655616055809712,-0.03162133510360941,0.041310569418807105,0.08187068764438016,1.4916596794079877e-05,0.07462843714397294,-0.03371146384395912,0.004536414259840666,0.015535404381974385,0.03219085637864573,-0.001796344941252861,-0.030739051659203286,-0.02761545237866528,-0.053931787598535084,-0.046942324232498715,0.05100824207486919,0.07531999823925101,-0.022672635305562145,0.027812959475437937,0.010877297061772193,-0.026517036539273616,0.10527385709045393,-0.0848967401536438,0.03176804448587169,-0.05830761612731549,-0.01695839598884513,-0.13805672382552747,0.04796281624855223,-0.014821409431735481,-0.05446428935703656,0.022066192727659195,-0.029723779513416145,-0.07015800863445802,-0.001679873968072845,0.09420769660329692,0.06960531774170586,0.04912711723355913,-0.04952878936065753,-0.0023377221819964864,0.010083031035384207,0.06528356389879533,-0.045168003789442336,0.009550161815016615,-0.029475815144847217,0.06597134864767912,0.02648210052759891,-0.0006706882670038182,3.482064047983975e-05,-0.036591022240310474,-0.03109760590945208,-0.010518584643683524,-0.019816903780851283,0.03328386639485124,-0.0034478433059278854,0.01461071751731721,-0.10225261136651302,-0.09545614113612699,0.021987483435405387,0.04860573442236483,-0.02799401300176938,-0.02120882441887157,-0.022346659012583175,0.01974999277353775,-0.08143528262545154,-0.00966380351333678,-0.014686127695079534,0.005917855267256105,0.06253149220135543,-0.053797660812220045,-0.008591317192587362,-0.06998610694996277,-0.04747103203723084,-0.06891089656705174,-0.03417025519735106,0.03088079198680859,-0.027865408276293142,0.003696316322972651,-0.05510546058820489,0.02706144069922761,-0.043368982960514287,-0.003973773155121927,-0.02458106505351091,-0.04769315871019262,-0.029328961304324462,-0.011438582733807419,-0.023257114256707213,0.018813526772840157,-0.12326882565061185,0.04880820087781214,0.022900767101891793,-0.024959412501994585,0.10425844841903573,-0.01882906112635536,-0.05591309297988508,0.00014785857563211948,-0.05159870379852904,-0.009822105760670493,-0.05442059926548689,0.03803302124467593,0.09195461999169544,-0.2156986093474273,0.10466511859267293,-0.11173322509503647,0.005672860348678004,-0.005329336957176333,0.07673522916335994,-0.016632781578168495,finance
183,-0.0880776330781926,-0.10211214189808351,-0.10111638599008153,0.15882597886313163,-0.001501038734263881,0.5568265540112719,-0.20037133136428634,0.08733538904661871,0.050254392900756624,-0.11471358145296412,0.1850712589691583,0.0835484474761996,0.07504384685206947,-0.043929319479745876,-0.0387809989372941,0.01836605607316636,0.04751123164562595,-0.030625781935334478,0.06170442976773481,0.020521765463341307,-0.10659010111737043,0.011009358821458896,-0.014367405297061746,0.01080594308472525,-0.022303150338106727,0.003117413888503906,0.03610066690184995,0.0022756905052146656,-0.08315250716726537,0.03703327300273958,-0.0486461207410282,0.04119370518808689,-0.04115523493721228,-0.08102167414335928,-0.018445290106141217,-0.03295378948594868,-0.022281637689733205,0.006832173827255587,-0.008766932297411486,-0.03484667719515337,-0.022348189392800723,0.0017979178755259373,-0.04634512825809664,0.02067470453838713,0.010870844840652925,-0.01640925740607119,-0.0921776309685494,0.015250951718641145,-0.060660615070987356,-0.007824658478972969,0.03287404522029465,-0.023802755303133093,-0.05002457991187208,-0.00443588713051108,-0.0036013259552376228,-0.03282636019565443,-0.030605309455702345,-0.027846642804095045,-0.041738721130031124,-0.036927237659113245,0.022186031811785325,-0.019183451685603908,0.002626918160870035,0.019403188641271354,-0.00032993127272377693,-0.031401239499424714,0.021816534715481783,0.06141856245931172,0.04753048815158134,0.02640282841901165,0.03631004094280199,-0.007331886467144563,-0.0201650727478046,0.006520252974895774,0.027594915694045985,-0.045615490667156026,-0.00920871397312305,-0.01742094462365683,-0.031856598233735496,-0.028069634506537176,0.02503209040124356,-0.00028635953270243433,-0.005580755413792639,0.003940893603012578,0.011406379097235995,-0.035617438395621655,-0.017822827153425282,0.08356658084399243,0.009987504516433108,0.0008458073957943115,-0.0012997394948059003,0.019113415217582204,0.04931926444268554,0.046681785547442546,-0.03898387845929519,0.015749750410248026,-0.018798422358182944,0.0639276971664156,-0.10978898620133362,-0.003410946730423835,0.03006514893523741,-0.02245197259439279,-0.05139475333644668,-0.005047246730068428,0.020498300834082304,0.031370093572721164,0.02422639311396435,-0.0839782685956459,-0.08618534524537635,0.047520795227953556,-0.012550359582886254,0.01793017546340154,-0.0582535068416793,0.0412636788977161,0.01272465249985333,-0.025071783064493484,-0.01041332416706416,0.06979521999088442,0.0033466894790727428,-0.006818626921279408,0.058831620601902834,-0.027222231742974074,0.021126941453869244,0.017958898224172192,0.010155576260525991,-0.09452634704325202,-0.0015358207500821125,0.02189205676261144,0.04003908137339138,0.04434593486473023,-0.01313322873887665,0.09697601858699947,0.14958943229875804,-0.06271461715796822,-0.07957088638756729,0.0781278726382655,0.05523027522611951,-0.00030829493265486986,0.2233744605875842,finance
184,-0.10158237683075345,-0.11229022446557131,-0.18264375877186995,-0.14297866589799585,-3.710042349010409e-05,-0.17735413608777537,-0.19748638204177874,-0.05719413420285971,-0.1251042713138948,-0.03480908197563067,0.270673677442734,-0.21834450243623837,-0.0875851813769656,-0.0619209761318438,-0.33577452618437087,-0.010475590216873363,0.0016652854245272364,0.11343268187020121,0.13808128727851163,0.016909079992475307,0.12847290247102436,-0.1616308704737105,-0.0034839919663473646,0.043219302601668695,-0.03322745163521222,0.1025431538469675,-0.03540007874781229,-0.2037548943496133,-0.17848101242069234,0.03914973873267382,0.08594886882501172,0.05326746417845756,-0.05974607385796638,0.048351146542807553,0.02241882212716637,-0.01564441862453866,-0.017576570855618426,-0.009085769113444811,0.011153443748468418,-0.04388507413105556,0.02130236390009372,0.08105586059027445,-0.015276148680841416,-0.09138659236148497,-0.01719014511564561,0.1232479664323958,0.09776089544772887,0.011678453890984309,0.16919286996439,0.03589230540471422,0.007841978223229427,-0.03334110926232036,0.05468388735322962,0.08648818626984034,0.04706706110658505,-0.010433804290089558,0.08360665838395225,0.019393869676919948,0.024769136084994228,0.0027559067313709974,0.08555116160457495,-0.027809625008317906,0.030565737397914843,-0.05941745280775199,0.02670890298150087,0.01667858310831286,-0.03950151212394756,-0.016952439279348357,0.01588810821194979,0.10761572014045075,0.031176042359447508,0.026611169010920088,-0.010078566834205953,0.01268943579625689,-0.062265721755349474,0.026441946093427215,-0.047373240297560994,0.025792670398935374,-0.02367541509883046,0.004448340832741535,-0.05028542830120232,-0.017824204468203934,-0.03509433950410378,0.061256963466945556,-0.00392471610577714,0.0072604021619620904,-0.020492740778459816,0.022726210814475064,0.0004284757733780501,0.061556084629382266,0.01034888752252024,-0.0560916847089398,0.018951828251165277,-0.0009716245000668207,0.020027697247912653,0.08745626896639082,0.012468666484641667,-0.004084786633848525,0.0171902033481619,-0.03445639386934442,0.0421038958457499,0.01494437928893432,0.06362110113341954,0.08439365102638563,0.062002523445543134,0.02984852913724689,0.08432761880883456,-0.054694118227872894,0.025068946254906344,-0.07140567968074532,0.06611737641884502,-0.0320503079907177,0.006789195197953748,-0.003699392606059723,-0.07142055219845256,-0.03081183383561868,-0.04588723790936202,-0.041087105589552114,-0.017446611073131765,-0.10925669406431725,0.044095711771128795,0.05390085854210829,0.0015856654342119867,-0.013040633775601369,-0.037064918267672525,-0.07730518591621247,0.02275907102427703,0.057668506339714466,-0.0019133993527274068,-0.02578568928457941,0.001659746802950195,0.029679135682136742,-0.008719089683364725,-0.05620162899004613,-0.035838877998738895,-0.02237982847176735,0.0005727530586398363,-0.03579782726207906,0.04680267271917026,finance
185,-0.12741368595825442,-0.14776604382094496,-0.14546876340945772,-0.1552994705530085,-0.014266016878272402,-0.18557232368988621,-0.24486894514092442,-0.06426542086504866,-0.11778722341105304,-0.06599621022651006,0.10176222574306572,-0.00255787994264301,-0.04128136559690284,-0.09519874533789989,-0.17620283610771384,-0.025665489668462948,0.015384135729025951,-0.18645583339517594,-0.10045078894948321,-0.08856740070771953,-0.04051060773633668,0.08721179617286212,-0.04501564373166783,-0.06024782453986233,0.03628698639587647,-0.1472607116415197,0.006279117127626063,0.30553362778222154,0.20353323251388553,-0.06136845070090595,-0.10666526647746467,0.051026599099156335,0.011929209553800859,-0.042457585037027464,0.02851215172339769,-0.049061240922124515,-0.0632908528318704,0.05061006547734913,-0.04514599145447011,0.03163581024075146,-0.0109463325435925,0.012807803961373942,-0.018846198510723475,-0.014827008299670574,-0.008506145956166554,-0.06219621643477158,-0.06692691240651646,0.00270493626904635,0.008617006569056394,0.031868655373340826,-0.01062497056997514,-0.013060313172559339,0.0496267882668923,-0.00046772756849173993,-0.03846787789586985,0.03978849154762437,0.06262952906104309,-0.04082770837140973,-0.019513102785866484,-0.05857025679983615,-0.030150252252467237,0.029144309692033722,0.05184193091009997,-0.06794788263351541,0.023983770703221774,0.01469455966114099,-0.007467188925887672,-0.06746570902209202,0.004396555704597143,0.0781098568348832,0.023358859780433155,-0.007842472740211746,-0.11979190042272471,-0.11324317278134595,-0.06129246838720972,-0.012416691297077382,0.04863067022833716,-0.010905995864797048,0.0841577530718849,0.07522645698376292,0.007621741056381418,-0.002765971516958575,-0.03229864990770369,-0.030827505673800888,0.03382379321481854,0.015766552869037463,-0.00641788872612013,0.0028716610630575997,-0.004304268221833508,0.020565096389682815,0.08975342247288268,0.004451682175526644,-0.008075157841593105,-0.08113030723336058,-0.020349312184214305,0.1327764592139148,0.043376782106702545,0.0801300491829345,-0.0061397949263596345,-0.018811229687554044,0.015132460018940702,0.08733667215408984,-0.06784199178482435,0.01765849871970221,0.10033221945949848,0.02379049388959665,-0.10912984878822754,-0.09490957084905649,0.007329629504738152,-0.0842646073512182,0.04769079535991111,-0.06760788581800953,0.042404522848897674,-0.07989141659331633,0.04764521667497052,-0.002313564151967959,-0.04985880513134274,0.08262885190977771,-0.0766973182568855,-0.0549952371608744,0.16155013838392648,0.07160922625974718,-0.05500142661316045,0.041291174142306916,-0.026732647237361105,0.02357612679472271,0.0006922106080913564,-0.02505621161220501,0.13992394508635903,0.028417586257956578,-0.09292513604012172,-0.011640726333218105,0.017660105104194013,0.11674329125302141,-0.013468721892114496,0.037458095354266745,0.049741140060526934,0.02384141369036566,-0.03678463410173328,finance
186,-0.1587118608666582,-0.17923031326517738,-0.19260280312377198,-0.21743898149363095,-0.020880575159770685,-0.2470380313309728,-0.2646529180964797,-0.07117787142996268,-0.1434122731385491,-0.07777623577517719,0.2326642472358347,-0.058148672598594284,-0.03392185090628525,-0.10115344218213919,-0.08591024750682116,0.03046560665071859,0.043812747206373,-0.11904069184882268,0.05095683948041476,-0.0031212385121813257,0.11095940140060277,0.05382679544957501,-0.033991157885689474,-0.13795715439861683,0.06099627315648286,-0.00020247320522594753,-0.024186793968483028,0.14560378406473923,0.12680550825864553,-0.16401596709300742,-0.033563531563472866,0.046751680183336246,-0.08578423173420706,-0.023797662172309518,0.026258617913620597,0.04248664569169027,-0.09974251547783486,0.027740186994924577,-0.10654084450772479,0.034882661560684806,-0.02228835287548374,0.025153582792357815,-0.03438127840354718,0.06785930754115663,-0.045556620104253424,-0.012094975937551742,-0.08714047914369467,0.03166399464208761,-0.054331246065059194,0.03325169500830003,-0.003225168938943715,-0.02612532763821066,-0.0410073982582001,0.027529116291947556,0.012471056776885167,0.0017714005092662676,-0.0008150058662992088,-0.010981803588124945,-0.03603121543385139,0.032927440661894875,0.01655808797935223,0.0018893607379858815,-0.013046037150462052,0.028093291508079748,-0.012953837865862414,0.0012480839860021424,-0.01583618950553442,0.0550685866477111,0.023542703169195447,-0.021192782007494002,-0.018539440633532467,-0.03578890903950335,0.03393628141510394,0.013027346518808769,0.08813943899847873,0.013156004680639823,0.012669258689471458,-0.026390538408209374,-0.008739040856212656,-0.04619866151211229,0.001584348773223393,-0.07047760751559012,-0.01726399505661875,-0.01680214181580389,-0.040794694242658774,0.020233686879075053,-0.0004639418974518125,-0.021841124044464227,-0.0209415833267239,0.06505515085734631,-0.03439319387308759,0.0445091713388753,-0.06280461468627328,0.1025191838037613,0.04036207442132891,-0.03517994088164053,-0.004371859945856956,-0.08202092679034842,0.028365408322241034,-0.02599794594907441,-0.01058975124940607,-0.05837727478198634,-0.04224917512982475,-0.018175166478608836,-0.051353009119087724,0.01798342962908558,0.06302579378398457,0.04531866053211452,-0.02074313558278635,0.01119700684020579,-0.018899087032527812,0.08952091024985032,-0.030097849518879477,0.08190134751261438,0.022992953129767096,-0.03561460492517957,0.005552601821408901,-0.10580964074767202,0.05877212012473964,-0.018241471510719393,-0.15161365055523174,-0.0831049022670271,-0.016856280227945202,-0.01691678446025098,0.009068743335341974,0.006299010140032435,-0.0210079476340867,-0.06712651170209573,-0.03757089437857351,0.08569796124923229,-0.14002754732285602,0.005764931016603716,0.06412213056523557,0.05461499591197951,0.11339177540141296,0.009185890485009481,0.029628522787461222,0.07259411624817341,-0.06190292815852077,finance
187,-0.11711799010611806,-0.13994806311123933,-0.10316499315007771,-0.11836878635312921,-0.017249441553020505,-0.11930456370178998,-0.01381118033192286,0.0354473625019106,0.04193802063509853,-0.013338706694995726,-0.027274407219728736,0.1622671011470556,0.12083809468607315,0.03508875977736488,0.022498467488739255,0.0018713631790332383,0.013290323229669568,0.077405284109213,0.04404404162672206,-0.003085078659128514,-0.10666088248981395,-0.11505979822094671,0.029159415943011083,0.10717628773113544,-0.10368002170228773,-0.026780900018656913,-0.09537475527916668,0.14607212350818885,-0.0777076496676972,0.07039166391702892,-0.02774200675823028,0.04964020246803977,-0.07299310513269651,0.021774923156700047,-0.09065546185582037,-0.05739998993142667,-0.0778479692124264,-0.162527871274597,-0.027833862658120594,-0.049158448448213286,-0.08266783508749918,-0.050794724507046855,0.08609250898883006,0.15585123303494589,-0.007985599185978829,0.10931825833781143,0.32891219853000336,0.03422945345200371,-0.06396676766250939,-0.1958001482765087,-0.08744131831465025,0.05646415497255971,-0.14359717562616173,0.04821984182507496,0.15671727757053583,-0.10255794878074832,-0.1682518065913229,-0.05815707157696201,-0.05383269394590116,0.02411499922113598,-0.006691798365031992,0.0598912999448352,-0.047027276012786785,-0.03125513943379957,-0.06845409350679856,-0.0012396256369468027,0.0697086850848736,-0.008869273255554873,-0.1132408694430455,0.009588040486973754,0.09281763779482362,0.03562833146807812,-0.029020957315971166,-0.016238654642159907,-0.06432343473190223,0.004126881639057775,-0.07573259040954936,-0.03437291674947175,0.02222340728983121,-0.0657848212734166,-0.06628598673504181,0.06741369332956937,0.018698381157824788,-0.05262919859711591,0.08778015834955913,-0.1087947430726051,-0.026084239746883165,-0.06102592628555468,0.08150186925792041,0.04176603984961574,-0.1324649395550373,-0.005959112340789278,0.13519491086208082,-0.05259782897664293,0.048972039141927444,-0.08426710415702214,-0.08684212185842131,-0.06655819447483587,0.024610379361796404,0.0049543956478837895,0.02087676604790095,0.0022387797358381476,-0.002653907134054899,0.009593829205548141,0.016305492233195048,-0.005785709640570664,0.11674034113022755,0.07788129377798257,-0.011891329908314749,0.08811078457995225,-0.021070301274347048,-0.07131598520353986,0.0947481832844928,-0.07361223988805726,0.0008120464017254776,-0.019087311811150514,-0.0379692894073699,-0.027633873665892855,0.17287583616163063,-0.07246506010002117,0.013569630231634574,0.03465317585840639,0.1615519508078924,-0.001059892810021816,-0.043428487056978236,-0.051827160269476154,-0.06144292131993789,0.030593607922046847,0.24115318657286813,-0.05473263079548701,0.023848126436296264,0.025695548096096213,0.030964571028353646,0.048574906390449944,0.024673165625852356,0.02088042160376189,0.06071240563950549,0.06764879272295728,-0.030088795033882332,finance
188,-0.09214909744049958,-0.10291915573484843,-0.051923933773512676,0.05281918698487393,-0.010451538497344254,0.11722300786541244,0.28968771509228786,-0.050588286374628845,-0.13130921274438148,-0.026116463713949822,0.04146745981692957,0.060171274910130246,0.003906808623831007,-0.021179322942468517,-0.038752411437987695,-0.011966751541860823,-0.022115027983036425,0.03576061621009154,-0.000602009604142034,-0.054585250060843506,0.11258870638607868,0.05071993608725667,0.03480595634878042,-0.037189918557867796,0.0427272791854192,-0.13389415471815075,0.06765265529856432,-0.0634425511597523,-0.004971738178209287,0.09174982943171459,-0.06087440057601264,0.09217199944757332,-0.040086030435404374,-0.105285039845611,0.0744937402155767,0.17988815002160533,-0.0034673365044288426,0.06193239624268594,0.008990919484163674,0.07763464592139167,0.1464936190893601,-0.011253755897780325,-0.10908348701784071,-0.12717354242073572,0.007720785848773759,-0.009781034134860565,0.010989517578270349,0.09353730434296835,0.05303536726358459,-0.03456261266743011,0.007796419269567345,-0.09376255705063376,-0.1185217351900398,0.011818722698886027,0.0367410319873201,-0.13167016009106436,-0.10409413396136932,0.0030717133480485785,-0.1402264933405697,0.008739478120098355,0.011261871969306446,-0.06641466205893855,0.025066087663453387,-0.08655967039857498,-0.04648617101673524,-0.08638694996562532,-0.13086202144183537,-0.13432161238325752,0.0208891052685293,-0.05581232897036986,0.04209444630971174,0.16176258224240425,0.017883849882401326,-0.011441724909592322,-0.1254572624022705,-0.1849726954947489,-0.0469482257201213,-0.09828054953578885,-0.13007638021762372,0.004361329281616832,-0.0496744382153333,0.22576089470284164,0.003815031256347903,-0.06978685332131768,-0.048852869852877887,0.06386483266169811,0.10827754172091522,0.23546606390907693,0.20038697280079168,-0.027308673831249932,0.04193764370585982,0.065119812594764,-0.1226991613846979,0.08975525155888675,-0.09596345719402263,-0.06566296726148857,0.08934713494167064,-0.07142410553347199,0.07616477038514904,-0.05307186041429077,-0.14314551337865944,0.050976082239179696,-0.04849609899715066,-0.0316012359491165,-0.01812833393429079,0.0753133041135452,0.053042361214448906,0.0003856856918057536,-0.06783209165664596,-0.09876159936022848,0.0943459696312166,0.12090075028554632,0.02610989917174477,-0.10445317176838487,0.020379326054493618,-0.014880921651320902,-0.045647032921915506,-0.015604293442605234,0.029262590019333755,0.07802169631548096,-0.04739175850689167,-0.03280145140814957,-0.05491424513467768,-0.04986957488352796,-0.07297875865791024,0.0034354934374121885,-0.05054335710702546,0.039835765735671755,0.1063596667247499,0.0663216953320108,0.004454049172867429,0.0009081991038134625,-0.061629810929320426,0.00194693335286142,0.01703521464843421,0.00703390233121704,0.0033913072191473826,0.009916763110928189,-0.016053827690482084,finance
189,-0.0725056000948513,-0.046769874075227584,-0.011178770446268601,0.006301442332950558,0.014659972305398353,0.0020613139178099903,-0.03843667529956201,-0.034271919940295985,-0.044241827463351355,0.014401056984619815,-0.11634409951526978,0.03830924825127623,-0.019666164725901596,0.035332047547492126,-0.0091407708133467,-0.07171609964451199,-0.04987976467005528,-0.00048023087338968355,-0.07189913532455275,-0.013586882393406784,-0.08795033780395911,-0.02634467153068238,-0.02801909081576389,0.07907643249785426,-0.031297534679440915,0.012828308959043591,0.05318843106736204,0.012911549997142235,-0.00874293485104342,0.06914430281311075,-0.08001652856979724,-0.009793131389664164,-0.08967121389835889,0.031166875753142618,-0.12695952311178227,0.018276131221701897,-0.06815211456685875,0.04251546558752437,0.0030982450908010094,-0.0019991066597891778,0.10841934397431162,-0.08964220275423364,0.00019077027052543624,-0.03504235761939119,0.01142578042070468,-0.06758022448675229,-0.12016515187276205,0.1373833660891908,-0.09093558305794955,0.05995307208463922,0.15457556751454565,0.11879987503643807,0.18465901838679138,0.06787480326579806,0.16709418089438346,0.01725401570057631,0.009878119605700952,0.10604630894526461,0.09885575818993451,-0.17958593691586688,0.35478156360781243,-0.022752278908061134,0.29194946766836055,-0.19675000795266107,-0.21624429141019522,0.21102516989025324,-0.03134326048085457,0.2511251240889929,-0.182484701059125,-0.1497113609101779,0.025223115918519647,0.027086982207526773,0.07617925039118316,0.09062982062067172,-0.010599269077804018,0.05942602471898721,0.05635262234161465,-0.10966482711856138,-0.15670376902178954,0.08619740310164126,-0.07983836346952597,0.04077799047235439,-0.0049772567769678895,0.09479798716846038,0.0655802021401231,0.017409444585794916,-0.024157674046188127,-0.016749965995480856,-0.007965617040039721,-0.10870056567278776,-0.026598850183573514,-0.06768638709187025,0.04577068819447712,-0.11166260945930746,0.05496582496655542,0.01147616603651567,0.03200451195583448,-0.09017854846147433,0.08424968565120297,-0.046760858437528266,-0.014649266377365442,-0.025510159017986627,-0.07348459201819825,0.04728769286441915,-0.011025389287604201,-0.03723241529441634,-0.039945994334661096,0.01718437785154787,-0.007551969036314404,-0.039017480332788616,0.007645891921442179,-0.046449145049634835,0.019401483022724254,-0.015416653412733008,0.05076073413178098,-0.02303155678108381,-0.021175051049071206,0.025061758004314694,-0.007125882945117067,-0.004452774332880769,-0.055966783515395066,-0.05987728888319375,0.006455221831715851,0.0020994959021555966,0.016670356649182674,0.022042709205187916,-0.009143176626905891,0.0036596079721177206,0.000900601295260198,0.0004018939547430793,-0.013458573292588772,-0.017337644171225453,0.020195021442519695,0.0017130382872950357,0.020418782169174126,0.005725696921131408,-0.017695650446113848,0.021241106848957775,0.028421791370780825,finance
190,-0.15010535519059698,-0.1805495563055839,-0.07149359309336753,-0.15728476718187148,-0.02751254087871524,-0.14336673704903882,-0.06928843019737266,0.013378474524125028,-0.00572654827583549,-0.04395561207948397,-0.17741738329149204,0.49105311770181687,0.21546302207419196,0.017881528992648856,0.0968057890874681,0.04844755310337827,0.08284642240849588,-0.0015557438748048256,0.04843800654741704,-0.006080636345581604,0.07506432045332158,0.0455134597848323,0.012144558883710986,-0.03510658849440708,-0.045217369338064965,0.06338314004525132,-0.0006688231066752428,-0.1321846326714723,-0.034534149503637174,0.038217978142149486,-0.015852194455408256,-0.04647743366103978,-0.05110197571010086,0.004860369588076821,0.020038981589533864,-0.05593467423403817,0.054337310844233044,0.037493156084255186,-0.014935329514350955,-0.007562069872190608,0.003847316596144378,0.10206745414335691,0.044064679510744754,-0.05648482578494984,0.0343316235742297,-0.0626953343900886,-0.04758337322425442,-0.007136711851936043,0.057319166549948376,0.039408349307059894,0.0681377807260333,-0.10622221596406775,0.12192140172029568,0.038769807800199146,-0.07412869691035194,-0.0005055959208850885,0.053412949563874476,-0.12455435613022908,0.023233417390109222,-0.011641515791893802,0.028509645544335802,0.0412519644839321,-0.030431188632699082,-0.02106094951060023,-0.019400602571184113,-0.039227187719400904,-0.12400218069208926,-0.02184738014215142,-0.08702076617354053,-0.05784150936826275,-0.0021561586416046327,-0.027774833801272897,0.030361088397418894,-0.030192645592612286,-0.02178133862987845,-0.06080208769966727,-0.0007308854948134591,0.03859018422936699,-0.006790871205430927,-0.08578222381172271,0.08499094089899832,0.0032847797888153987,-0.09162257333481329,-0.015613836291629766,-0.02905018760106065,-0.033208821014250066,-0.035099219248587624,-0.005886808255746654,-0.018012096451751364,0.04974508760979144,-0.056535253581353355,0.05905772803481769,0.003555862894217544,0.007429125582077551,0.007920789004876083,-0.09435447981491357,-0.07062743682601612,-0.010278745189728903,-0.050386997383749986,0.01489945490940291,0.031109814085955086,-0.04463534904799589,0.1012596214785976,-0.022279821764187472,0.04831641440769439,0.0001482160164279332,0.02582094451185551,0.06266880780217268,-0.07436823944354437,-0.014552044217972276,-0.04107161550195822,0.03022978255709751,0.017191563179946245,0.04357416680672942,-0.0008249899226212198,-0.07033687099579597,-0.05144881444427219,-0.017092035387486174,0.01287561983627176,-0.017594983201874713,0.001228348953462065,0.05361851276817793,-0.025084020848141538,-0.009042863224284789,0.013638615471208607,0.005328510638235416,0.009150003313210595,-0.016099537419775826,0.09162572637620678,-0.06160395583734206,0.03316177358361351,-0.05443687184495421,0.013194358868832272,0.0016053059767853004,-0.018783207971290874,0.08305408368285541,-0.010496622200698314,0.005047869238748531,-0.05341817414662508,finance
191,-0.10651698280026431,-0.12929439743971863,-0.10013991617222912,0.1844660199703534,0.000500291627451665,0.6432465340911615,-0.25568141880529877,0.13045146579888392,0.07138372519131034,-0.1263147180761117,0.2319313197613564,0.13285543786558418,0.11780744459614885,-0.02003360714805515,-0.026872744560019823,0.02229214667699436,0.07765537539466738,0.037574360192701634,0.10184535618366326,0.032556567485766234,-0.001485850129246827,-0.020788194469338658,-0.00429212237940514,-0.02157242486203081,0.05357520285806756,0.01012319381561522,0.06174776573273275,0.07530015621452345,0.021459723266165045,-0.04442082559094257,0.014603786792161219,-0.047194735667081385,0.017527816132971046,-0.019820533868840792,-0.017150345023315496,-0.06257107254788047,0.003216135772961178,0.0021311985342636194,0.008555031515922509,-0.02604214864129105,0.001728740569646996,0.02422171361817689,-0.010892496561095973,0.009061758288334583,0.01887250547931633,0.03278319190448935,0.025192002806482282,-0.024841476043418936,0.02841799558202168,0.02364883795568231,0.048227688350352106,0.046907941892992105,-0.023726752020241368,-0.0163338751205391,0.01033596632374541,0.037305580111884465,0.006838001061719805,0.0002835305926978322,0.05445584152721227,-0.00755512147210991,0.005377536185601157,0.03375367425486495,0.01614258344368027,0.01612639030752327,0.006979122113928095,0.017074930147163415,-0.024749705629014355,0.03241348985480352,-0.01676843456041496,-0.004281204108913475,-0.017560687670849097,-0.042779629316059865,-0.008121822643033943,-0.00789822227459806,0.0014243631736122382,0.03237921033549295,0.020887194060991168,0.007734781484228394,0.022831394387569343,-0.008034321149785043,-0.006482581762553369,0.03230523614944773,0.03282780157273752,-0.006112781794537682,0.007761379010856902,0.004728167410621601,-0.005323618086468242,-0.017194687911707692,0.002952168969993952,-0.008277527502540743,-0.014211765490953375,0.0025170604927177258,-0.02936692493927369,0.007979319754738177,-0.011978264746102509,-0.017887502866147827,-0.003658205241558807,0.00037464314054189184,0.006342016686549354,0.0047336633880111405,-0.013814747753508513,0.04115112272912704,-0.02264833070263266,-0.024147767728534615,-0.029327451189067925,0.026124930686446533,-0.0073589424144437365,0.021556014372254007,0.000438129728446908,0.017277845411095328,0.02164140153136108,-0.03385571152129649,0.024884679331896534,0.0074966721476650905,-0.0004947264945005034,0.058813224142043666,0.028295948676544058,-0.007870515252018052,-0.0254511045056791,0.004323944825846185,-0.07071579784899645,0.007641764231515845,0.036966767896986115,-0.02519202634795571,-0.04192673838747042,0.01792844637798316,0.011180014146049664,-0.046699940682366575,0.015120328960173358,-0.04230286858974612,-0.0009781444109933065,-0.04529276416569981,-0.06651572659943983,0.01454637716357904,-0.012144348631576611,-0.07872703485224776,0.032652707729361,0.011047897315152305,-0.10799315024940905,finance
192,-0.07733373936974339,-0.0891255053719621,-0.08431040143272547,0.0919817519886783,-0.0014086394368954,0.15607786116871458,0.5111307533631566,-0.18693801837397558,-0.36042696335952124,-0.07222347523393137,0.04876451028316628,0.061554153396789386,-0.02839655427176613,-0.07478775221956446,-0.17185464128717695,0.004853129321152516,0.03514263156512596,-0.07761701130408112,-0.07318241752146092,0.03847894434280759,-0.08558458134355643,0.08107819453015144,-0.046808912113706136,-0.12333432738695532,-0.15766332941904282,0.40470316762903646,-0.2114388286368601,0.07738796078843388,0.10486392842527928,-0.0639395660426512,0.12394582082533159,-0.05672414398787315,0.08050148549488476,0.008375926658469238,-0.08425085524629969,-0.03000028402242898,-0.01613052357276996,0.029642604500403007,-0.025957564787415677,-0.06451420779704017,-0.003004081789613415,0.016476115478443836,0.06875887503516948,0.05661477040612438,-0.029174259101648187,-0.031643854719629286,-0.011689624632120218,-0.07260923395398601,0.01415328607969038,-0.09011109675757752,0.01985288970826875,0.04309232074393409,0.011491709043978376,-0.00084613241928285,-0.026639170049706052,0.008242750536889209,0.03677666714934538,0.00957508496411505,0.05202872956712773,-0.06999859419067636,0.03289564442177013,-0.004497558038952427,-0.0164409452742375,0.00284610619796621,-0.012460217928548959,-0.07864340307879829,0.053705127098763544,0.035910631920625595,0.03849424322330222,0.028188344833913876,-0.058123113826584055,-0.0064252330483875655,0.002619703389256065,0.019098245629917604,0.0056859850126629,-0.003497771840092182,-0.0009164984884875008,-0.0007336215350468815,0.019734732268896826,0.011196817212211734,0.011782697620008123,0.040129282805117655,-0.05923664530544645,-0.028428755270964973,0.05107049470678641,-0.012503964766927021,0.01467802237047803,0.044076571965458534,0.02256577796847309,0.005677212033068084,-0.00549690900498831,0.020607213073663665,-0.015132227992147845,-0.010745058398247243,-0.028554229971016348,-0.00435211116351516,0.009509470682098077,-0.03227787727880187,0.01592619952122922,-0.023491724702963176,-0.0031506610969373027,0.008454834566294324,-0.01733628916370819,-0.0006454584348217192,0.0015534562411521997,0.01982806229938219,0.013256610705696947,0.002122329788424747,0.012895452155470883,-0.013183715502622722,0.012078286664537386,0.0007601276599379541,0.025650926103735133,-0.004093439930911858,-0.013073137775184948,-0.006768025929198972,-0.00887711768361831,0.0031813785226337066,-0.014516900621158216,0.013303070726377665,0.004708798709128944,-0.016711677857270187,0.023523218244860186,0.002104073976649987,-0.004366902691822578,-0.0029256927624440746,-0.0026961414776938567,-0.011053991958754533,0.007973662548235203,-0.01712491146231825,0.007637286116320491,0.010916444250708129,-0.011264466700347416,-0.007335688561414726,-0.013822316948442591,0.005928198406115913,-0.010646650770656262,-0.011747939097601509,0.009764299009154787,finance
193,-0.12082395786366137,-0.13825120420878323,-0.15880767531970483,0.009456116791086402,-0.026713021825643106,0.08916657700164891,0.5105220664123158,-0.13914285707090382,-0.3210738913618821,-0.06984360225948785,0.2268273154149971,0.11472119967751737,0.007124071804139767,-0.09435563823528122,0.0769666943165203,-0.05411771829576757,-0.056285388222699004,0.06994074697249139,0.04793640043627966,0.00158090710933563,-0.021914424251167547,-0.10873115651064734,-0.0099873065180421,0.16750337600792364,0.14976518542282974,-0.2743762666343424,0.14333655245355603,-0.039019100840706276,-0.05178029624878123,0.02181268800164577,-0.12190777861694663,-0.08295473319095448,-0.08796920282831047,0.11768090866667133,0.04404122051780529,-0.041489248763099396,-0.004550837105197001,-0.018396186884825902,0.03027620587532434,0.021729874542042688,-0.13802156424865822,-0.029941469734842664,0.030754921504553365,-0.01568062706097026,0.022628571976323675,-0.004771090225814966,-0.005550368107561886,-0.12411400318043228,-0.08126273312784651,0.17936440948911378,0.005299033920675419,0.037357050127064306,0.11033003390660871,-0.010451705502126922,0.0402768096608388,-0.02339547741948814,0.06164673894882705,0.11191200518082678,0.007512059474797351,-0.09167205171263516,-0.0853803376665338,-0.03125446785657607,-0.05987419940073673,0.0886667918346441,-0.01019248520340885,0.03203866591103135,0.09120110362383511,0.06526994199087557,0.028000037255530873,0.04146997142043851,0.013817307830743716,-0.014738001851278475,-0.02215000620520311,0.005987362342231628,0.037424338422830446,0.017763292087347064,-0.02664339818408168,-0.03996982280630694,0.054965647153131826,-0.010426050577758781,-0.0021947015357661947,-0.020084627339653754,-0.035453807440479226,-0.03895662698266966,0.0007834052145191454,0.0013869655596424409,-0.01521460209844472,-0.027916107337946368,-0.009332263663896265,0.04159261400441908,-0.008639855281294925,0.027153249376694374,-0.01396822329156206,-0.009480114123187507,0.0009886161431343961,0.029623735198469416,0.016344727722064793,-0.030146731852577997,-0.017873557208730316,-0.0035011217953095967,-0.01760969751555287,-0.03169706565890006,-0.011466383696906743,0.01597216246224846,0.006945073405293038,0.006311153605288548,0.012582274487405586,0.004291002953368517,0.014249826572103958,0.007062511689277059,-0.020014354421634708,0.018589032908771366,-0.010153117814342727,0.008889759376412752,-0.005106113125640403,-0.015715249563632013,-0.020079456770168213,-0.008762162744000192,0.012036605773467702,0.003114600831282967,0.0028134272009008266,0.017488125108740007,-0.008131744886711895,0.0011045720765157443,-0.004780302610265797,-0.0037489358190046073,-0.009588506717695408,0.012331307838535796,0.026480858118089274,-0.011164301967344475,0.01867629727508156,0.00021800036763487877,-0.0017140834411965664,-0.006310268724805316,0.012322679423494598,-0.0032225522789022546,-0.005481993265353361,0.001518312262271528,-0.01264852943958442,finance
194,-0.06881602697214304,-0.0716638644322442,0.013516447620176897,0.05347362711607915,-0.002203782263666846,0.07304150226930615,0.04881438209284979,-0.020466887623568557,-0.03401586291087639,0.002882496931757014,-0.051096951237579145,-0.06592231011084393,-0.06157140508156432,-0.006780113514023056,0.08011705728957641,0.019396897374598723,-0.03302611377021423,-0.02063671720750389,-0.07422125962185196,-0.17564526685358803,0.2905066266294005,-0.059599827426611206,0.011538632569617917,-0.1265496690065127,-0.09876123300095288,-0.16960559067631825,-0.12727358792390261,0.14126900859612235,-0.18412777581499837,0.25406066699791785,0.104626189550913,-0.02420372621499958,0.030263919214641374,-0.08253350149671565,-0.09878604845914211,-0.08164384009883333,-0.11332835907621344,0.09766991983431848,0.020263272745774597,-0.013252638638824877,-0.030924568362966566,0.07746970026213086,-0.1118621726847984,-0.01590570238887549,-0.039450682787110586,-0.03902824027346654,-0.10910504263634828,-0.2328503699891419,-0.09783080090765729,-0.08332235238849477,0.11203138225911768,-0.19427791253446605,-0.038310188962728364,-0.03291079382559185,0.05797712821314061,-0.1424639306264681,-0.01733964996860115,-0.0544847231802667,-0.10648172623112244,-0.039547062767218366,0.11345011888900033,-0.06094050895735055,0.0321309649134314,-0.038855059081703704,0.01073524146681488,-0.014287134113696478,-0.006854469360672679,0.11724364857271505,0.06045340167724974,0.0734204742015238,0.07578841411310022,0.01631292047435018,0.09743641086648498,-0.04108801192859582,0.01110758029383332,-0.12294462705269003,0.03178884072732953,-0.11474420607485379,0.05418582884648791,0.005335388614423771,0.03373947526637767,0.039173867926879706,-0.07866469247603275,0.03560486868189351,-0.08137907030325006,-0.12156264817801293,-0.008038057297003257,-0.054720366120941506,0.01918848120634066,0.07217718054944414,0.048956499475647466,0.011466332175942978,-0.017195704703645013,-0.04821176996574215,-0.06665187892146537,-0.04187531573110848,0.018239977526606846,0.02007803289963212,0.0009099862675202777,-0.027642360285216713,0.032733328996743305,0.0495786045290838,0.08055226164879063,-0.013752185063788442,0.047540597090947816,0.005845082549884895,-0.0015458163276533307,0.008556342008454003,0.033937198081987,0.14819721094770055,-0.03819121365678384,-0.0315572851248142,0.01075207783382955,0.0372432589461885,-0.016182939840107925,0.03751241930116329,-0.015442236471406164,0.04852841040758099,-0.006036584840220765,-0.040619758374284866,-0.04373913493106865,0.027913292543639265,-0.012187837089777753,0.03633503615784808,0.009055406173125545,-0.0242115022413981,0.07625624905779654,0.05654530740665365,-0.11791745918270422,-0.06127308351019703,-0.0824700434626388,-0.11917922649598925,0.12271517497620921,0.15060001562308142,-0.07948815682822774,-0.113445799260691,0.1135713455055705,-0.04820040028325095,-0.03356240462460398,finance
195,-0.059011275830564966,-0.03717842794376042,-0.022152763584642056,0.06001378575131293,0.0012004008928548392,0.06551945409828658,0.01842962112042419,0.013845512428671625,0.008195816179324269,0.02979673993670442,-0.042966675077896185,-0.05672427564268932,-0.036390559086434814,0.025714621572551055,0.06503134944373651,0.009697619569468779,0.013287078234975972,0.012074255174797753,-0.05893245539392506,-0.1583736731547154,0.28010218251518026,-0.08855280038411599,-0.027823236581774474,-0.1999654981738878,-0.08571874667046171,-0.17348927135460404,-0.1537948902163989,0.13283258753752844,-0.22421127017550882,0.35250552391528345,0.12961747076158261,-0.11952806429963453,0.03937373902343556,-0.04709623938985761,-0.1472090635341629,-0.09220819757184419,-0.14518397520159682,0.23267237616004582,0.016070772176588803,0.0674532626488681,-0.12036292958762639,0.042522773037744384,0.05121137104279065,0.1038455823184209,-0.09265067039170402,-0.04720327416128064,-0.03917679823738527,-0.012900755095829173,-0.13254647409455375,-0.015656091695526543,0.017627404402755998,-0.08473531415329746,-0.004909952681667063,-0.006466832406300151,0.019506868491239646,-0.0791318772812216,0.0020823050193393045,-0.11899126900372838,0.044734615485541064,0.03174321357301436,0.08935799014891184,0.029819594844698427,-0.026414077477514723,0.03448915515015573,0.11230558395250716,0.07421209804166137,0.062638031696497,-0.022151006970205958,0.03454217813095001,0.00858050119608197,-0.0416587864220568,0.05461428182030703,0.0009213995917993597,-0.08064100522804449,-0.030540907934598616,0.054053095700726805,0.004206704468171001,0.016939076584640705,0.03847810575125654,0.05713572512706291,-0.0335596331530787,-0.029010261180728743,0.019956791256581133,0.019943666380363684,0.005562932706708228,0.10215812765139229,-0.010041041732086094,-0.09484141959596842,-0.022651555249079587,-0.00943251233935263,0.025541299043859926,-0.05341255858810238,-0.00498853363711091,0.0006175643966375024,-0.012828801447941157,-0.005785995413874235,-0.0286055251330697,8.684934702440763e-05,-0.007353012302323813,0.053913156799506014,0.04317705658301251,-0.05092854387375493,-0.021727799923461456,0.009895316121287613,-0.07178664849607713,-0.07030433404953354,-0.03754853638518285,-0.022900566072257978,0.04987399263328282,-0.07320409813240904,0.030359299018751094,0.02732027469447089,-0.00661086746661916,-0.0032651898611315757,0.009792586574243568,-0.005524010560822528,0.02677643401882688,-0.06960952197099018,-0.012812941302211561,0.05014790373745005,0.0765113750656758,-0.015574830326415164,0.026545962153983794,-0.013187055677286773,-0.009893053213358241,0.03314076531704769,-0.09999762985172331,-0.10907277497390132,0.06029524162400666,0.08153898314629417,0.09918995275947504,0.11360380382686774,-0.1382237425673189,-0.1614726449524971,0.09420764469912413,0.09100978304115581,-0.1260596513960765,0.06550226221174857,0.028895048580029135,finance
196,-0.17391108538632558,-0.19808612658270444,-0.19000526367174972,-0.24033584595516974,-0.04031098682186438,-0.2706248676794764,-0.1719399725736897,-0.02397058159081632,-0.0658716423564657,-0.06708195165948815,0.1853020993330997,0.1064495976976843,0.073076415032615,-0.09436358164821021,-0.04303621953313033,0.031970466666115784,0.10335116312034538,-0.14258326513173417,0.0012530355096786966,-0.041557266387498015,0.08344004111466763,0.058992061723987056,-0.030260712033407872,-0.11012320024680447,0.05115939470761429,-0.049295229785693555,0.0031185489734550965,0.1964874631893169,0.13766402912297548,-0.14149138136719677,-0.033906786074295044,0.010287127230906948,-0.04946719451421776,-0.0464571238058349,0.03222147813346382,0.007681182977834513,-0.08655273412168016,-0.018506815389901968,-0.14575822731856072,0.039683605013874426,-0.017272253675206403,0.0567562843955706,-0.01767290451883972,0.06106853027928709,-0.05772915627354767,-0.018556228911915603,0.004286840240438063,0.01439385362389615,-0.0824535328339555,0.047924770978257245,-0.017731978026134642,-0.02511085399235907,-0.014649540591921192,-0.007259958479123105,0.016166324400123885,-0.02148111686241075,0.0029840927571021785,-0.012646405628856166,-0.020490308839494265,0.00195994618125259,-0.012231623094113016,0.00014580623384114142,-0.0398604893642179,0.014405306096750576,0.03441722882306278,-0.04161928584227062,-0.024054389887993445,0.0328764540121269,-0.018357560080414982,-0.09219656753937137,-0.01884611109760162,0.021730084029785605,0.08131123264545455,0.07539408957109114,0.091275860794107,0.03714160467257088,-0.006706197984988522,-0.04475300087699274,-0.05747170135761728,-0.05228082007560179,0.0310508227375339,-0.006276790990210584,0.0031986626986389125,-0.008959227896419378,-0.030702291522814496,-0.04062387438963572,0.034021561298721345,-0.044360662256461625,-0.009829488466667034,0.03174074431276399,-0.08461130830061803,0.08546829435852858,-0.06371806885205968,0.04238621682837798,0.05402916540552705,-0.10218362719441684,0.026385340817262938,-0.10013266606752752,-0.027184603708100368,-0.03493736205369627,0.054667643655619484,-0.03319748741774863,0.030093142929028205,0.022867598602715943,-0.032837067042374324,0.0067484888406821545,0.08383734734914383,0.09261434598593131,-0.06299086920500602,0.04509745543816438,-0.061679628140773164,0.05384489151605225,0.02309683743228669,0.04872363501272793,-0.02288701688888691,-0.016302247752749282,-0.0034485801496887446,-0.08037349389484093,-0.014854096375149698,0.025423393831324564,-0.17433223138604392,-0.05890355198092039,-0.0012017102805834446,-0.09380795405082919,0.07817208930830184,-0.03281877480240887,0.03942373663171354,-0.02637749514148008,-0.1181818201713832,0.023953836261187213,0.03378121504194741,0.0181011248521439,0.01465056011817327,-0.12112050203526135,0.027740363341950527,-0.01895508136459523,-0.034210010590045074,0.019626029996148885,0.0894339836403245,finance
197,-0.08909219802335532,-0.09399225976176538,-0.08546121233745381,0.06974988857032105,-0.009233715489324706,0.1223525780123669,0.44329089487663603,-0.14807146028266663,-0.3094098398670996,-0.06002069490369696,0.08916789709496285,0.08327278838930303,-0.0004719142198718617,-0.023469678473817767,-0.084678623700821,-0.043204330936468346,-0.038676677580672045,-0.04064789412592751,-0.05383292684789013,-0.018826556343488,0.01927754182177551,0.06087740987431222,0.027841507626242785,-0.011639781712522662,0.04073900868592851,-0.06293411931166827,0.024530679434086544,-0.045813975856156416,-0.009319789605634753,-0.010317795565109002,0.03703298116201871,0.10899223325980198,0.027472139256546433,-0.06651385676880965,0.04830830351412218,0.038954480593291596,0.03340477601848076,-0.008299857625897144,-0.007770131151896696,0.008474779258610664,0.1010714608510479,0.06549063612446566,-0.10537559618984313,0.024671802083112922,-0.009537117031827316,0.061396822938778656,0.020667683850919334,0.1955132890576089,0.09294439245522325,-0.12618454805800383,-0.07445627303361964,-0.04399064242270365,-0.106852424737127,0.008194881381309459,-0.06122884391536598,0.09563723145074646,-0.05650990865393559,-0.14384732821459123,-0.013145386068125677,0.1973759739254763,0.08605864355328037,0.08724753327286687,0.05717076252685721,-0.09181669544417827,0.03927572688359829,0.04517195009852818,-0.1187892979738015,-0.08152343395705464,-0.055603883213483606,-0.059916994302589344,-0.012903667941092005,-0.04250752177133374,0.012808405403341458,-0.03250156088833813,-0.00736900694289158,0.05842930373078812,0.06715946927711557,0.08847985421943384,-0.049466976903361236,0.017381739730195092,-0.004579662546490731,-0.10702319120042425,0.0831439290936805,0.09519787824162661,-0.0027229055459185715,0.0037799568669559707,-0.02816264058738319,-0.1098184547397617,-0.05524927515072767,-0.041503805911581475,-0.014722314760700569,-0.0791601109505786,0.04713523761594275,-0.0028022820611699334,0.09588213572265131,-0.008574558975613395,-0.043060286793868495,0.03525476055183772,-0.01884374226843513,0.054832632707715684,0.06810170049114038,0.007262331754336683,0.04557188876693897,-0.005730232037136305,-0.03437274203257164,-0.0613134854132552,-0.06579254106905856,0.01760707958565643,0.006700627740203421,0.05249575704282943,-0.006404119508633087,-0.057692997072770265,0.014270551793865044,0.009187074500463771,0.023813705807871517,0.020987283563564933,0.029539088907181862,-0.011269239347423961,-0.0372661171423662,-0.06612579059458637,0.009405332663127725,0.013227407031972963,0.04114821145739938,-0.008232979167104916,0.057756354238080794,0.03457038557629849,0.03508373290986672,-0.03145698868137439,-0.060128708563904634,0.028582276989529056,-0.022509429465355276,-0.03372472499201445,0.11255432724842951,-0.003200763005826367,0.007113454576590961,-0.049788741844141615,-0.021806197012065657,0.01458758197249211,0.04032524917230325,finance
198,-0.17144832453272904,-0.20182751172706667,-0.058304358479778745,-0.2088508518982557,-0.027330482571906164,-0.20390046888120122,-0.0771034697694161,0.023502771387843478,0.005741511689339467,-0.045954540263099704,-0.14780482337212797,0.6072530358197002,0.2754528677751989,-0.06241544940187029,0.11279122834335938,0.065019135288035,0.1827389709801919,-0.04622630595434803,-0.0012836273096547203,-0.056858358160248014,0.05162253506091763,-0.056541061725686126,0.014194232957497206,0.03380850764881871,-0.08422941811110816,0.08208757778023221,-0.04696105005204855,-0.17449303483084053,-0.06126306541759868,0.025821658988064634,0.055884301094026055,0.0003767404106968983,0.01904571640834799,0.0041742416954559085,0.06377592285790966,-0.030734270850021398,0.05512406457188415,0.05956672167162042,0.029716749453387988,-0.010762367597710055,-0.01882293599310949,0.010025169412108839,-0.03566144311573676,-0.014409648479422867,0.003632197457895477,0.07179353455473088,-0.008966073014009828,-0.00798050860153061,0.017293836518285033,0.013867473934227725,-0.026356258114446147,-0.007741896401488928,-0.07468613026850537,-0.03146369412941551,-0.007369622288340159,0.034534132306000505,-0.012308900102271312,0.07435338629626771,-0.0004880967789608418,0.02898159060050168,-0.03150164715248657,-0.04996429612946977,0.012696907585489622,-0.02080970164007138,-0.005540288087319844,-0.008139444810894932,0.1102513547577375,0.013474605497166095,0.08617618483930294,0.07242454237188439,0.025708809284767074,0.03624498606663375,-0.014962468753958092,0.020095286552117543,0.03687893661995474,0.06102393661529616,-0.002586674530807196,-0.015095848242813587,-0.0318105511215802,0.050416581493156934,-0.05093163428045145,-0.014891187025213156,0.0718488135645922,0.07267858021661691,0.019418319028770035,0.03781552368949068,0.04248564768397817,-0.0032318766275198857,0.004401976004605918,-0.01418145478650369,0.08315102219155664,-0.06348962940457246,-0.01695306855600088,0.008923737546924939,-0.02496780666941342,0.07949595522939916,0.0895624528820257,-0.024116020713739996,0.07093733637275655,0.021823901724243488,-0.04974046306748587,0.019408372485310254,-0.05175987517612403,0.007640740091780339,-0.024650340000366786,0.0041863774373017484,-0.02341021117688499,-0.015176457469359769,0.04713895816577885,0.01677119165007102,0.035819553713762955,-0.033801167461937516,-0.044936324907273936,0.02302539561972598,0.0013935869259183577,0.013694493142565243,0.04872851708626166,0.03625921156948305,-0.039641529815884126,0.005541056443314507,-0.030924527602654715,-0.0014319308704741948,-0.013308773054012646,0.00676023661744512,0.0021226135000908253,0.006395345981562187,0.001159883754008036,-0.0008482177036142911,-0.019653114621295046,0.03005073385687794,-0.029023415107913682,-0.0012049290956253438,0.022365400269883047,0.015208742907244135,0.012295181982177782,-0.02392341813716864,0.004931312142840425,-0.010687987802799148,0.013293493931709121,finance
199,-0.1608849666005674,-0.16626629523427727,-0.223777061192965,-0.2171485772785352,-0.039061087734850515,-0.25641910071988927,-0.14964787351973424,0.00458605471891335,-0.014483984085613195,-0.04022741439324743,0.11778490503271304,0.15393905112977618,0.05991664461637039,-0.10189859888193244,-0.12905204410851007,-0.02966488994276708,0.07932520242156049,-0.12252220069980257,-0.12118425109524135,-0.04416100802789578,-0.025731817714849364,0.032597314861119706,-0.0024853866820558645,-0.01809956955719777,0.03479516926371327,-0.12740479901334167,0.009897867509768664,0.2851285931875243,0.07085195782967449,-0.08060622328733125,-0.04301627787729435,0.017484155136101374,-0.01718979309418538,-0.06338020802461235,-0.006155062958887965,-0.12033495564160497,-0.05900724829388102,-0.02537223865952942,-0.11374222925672237,-0.009313842884944822,0.010297994855145091,-0.05696996332432936,0.027433707376012834,-0.03143614044292458,0.03342120180456086,-0.08933670940418209,0.07681081462625589,0.07011918526510746,-0.04427178890894922,-0.026895300073219913,-0.06191179969888593,0.012187651626829412,0.022724998829873635,-0.033380830006670595,0.007486180613215259,-0.013522130297556684,-0.0575466207992789,-0.05626093127809643,0.05087357816369713,-0.0287513908095158,-0.08393583963804566,0.032412694907142534,0.04974895914302235,-0.038275159440497,0.038148037610904864,0.03001356858058357,0.03240803528965037,-0.056859861263025044,-0.04396207403114458,-0.04488281594066096,0.014763442060197104,-0.020815601772210635,-0.0793672934099585,-0.027111487258847395,-0.010432428556584022,-0.0038060290376352086,-0.008606487806026198,-0.07765555293392201,0.0450382319419041,0.025293506265377557,-0.031334872108010156,0.07321930027751403,0.10609582002878513,-0.054683878897308594,-0.0018822787474828688,-0.0362800060947732,0.01709812301138665,0.018470739235621952,-0.023442725469700186,0.01832578364857867,-0.02965954525305254,-0.00047066566469803863,0.09743375602032903,-0.16650613324882568,-0.04010206760490967,0.01526562294080928,0.04161784080552244,0.004459007801956121,-0.009181185972919781,-0.007434603941516647,-0.0031931058706243863,0.08628846259990312,0.006210796950399039,0.06509200339698225,0.04431900087807269,0.031248313010019936,-0.05404970226942919,-0.0020351077519781824,-0.038873021298005184,0.016975796851493977,0.01026179089841909,0.011407528615585576,-0.014352729335230121,-0.05194454942225631,-0.017347163817318344,0.060313529270867555,-0.009809411785542272,0.07580219277209004,-0.06487873913901648,0.05872577826067801,0.06240678063396796,-0.017303967351763656,-0.008360985048273336,-0.015151996469453666,-0.03581926947374913,0.023714331011560577,0.03238362022178206,0.08537664470846908,-0.06991013949058772,-0.011798872813136579,0.14399694484757206,0.036335035972953025,-0.09063227146217818,-0.10007628136438379,-0.07706988529633266,-0.05936241646501484,-0.04711713521750307,-0.11341798100140825,0.034915873552934934,finance
200,-0.10677555852233749,-0.11892103745103078,-0.05911917930680348,0.16960911580563015,0.012452403471978303,0.6229496473614217,-0.283789879621714,0.13804229229909062,0.09035768462978093,-0.10016660722372284,0.2636156981300838,0.10654377494994226,0.13378896300205612,-0.03221503810709219,-0.06332540860778497,0.006406112579806718,0.10515814185478378,0.01684348663706252,0.061490879597317215,0.027305845147495636,-0.027518022082446095,-0.013869861593825814,-0.018845187875778855,-0.010245521173858666,0.05611408199585937,0.040439440977326865,0.04484312043167069,0.03838368759427026,-0.05728039120380632,-0.012348132078512033,-0.0048596570303836555,-0.018314345197353126,-0.010802939604189574,-0.040765752568199164,-0.048178618091974726,-0.041722139435479116,0.004338569455137378,0.00263135916450978,-0.03007019601270146,-0.060619002123066826,-0.0383483710215382,0.0028321853536371106,-0.018322424863261026,-0.014613365640983566,-0.020079825611466203,-0.006374922121295905,-0.0016552415611505037,0.01836325302923914,0.005887013973384917,-0.014107586992257675,-0.004024279693036664,0.03421279316979741,-0.019110689679045043,0.03294675770419454,-0.002668938413339442,0.0020051601710252506,0.014251895285778103,0.02677656812945658,0.013519919815868092,0.006006513282716874,0.030776909939000504,0.008740019274276187,0.005352441073063326,0.06296482352570634,0.018418910546949295,0.006652792862493583,-0.0062292233812284055,0.00469897757499007,-0.007767524018424455,-0.046887990581229264,-0.04034936183894904,-0.0431892564323956,0.02942587318281812,-0.0052392488312283745,0.009990030597662194,0.0031224800992066424,0.01865611840926695,0.031182296330290824,0.02754928339100094,0.006726984482213465,-0.011547622414523834,0.01713891899310322,0.00853510888873246,0.004756088239703973,0.00827534912314752,0.025292426564467185,-0.01608935172572463,-0.01958335068562247,-0.054320928723495615,-0.00845446684608703,0.007462856694499232,-0.03194182197474265,-0.00418241523734451,-0.01128412916776622,0.01975206677633617,0.02844973145856592,-0.0002986155838658071,-0.011516249860036062,-0.016587563393588106,0.013364288575925719,-0.011586725109785647,-0.0067663475021729645,0.0032206380453463795,-0.022965906513225706,-0.009702143381891442,-0.000458168094961264,0.0038598872547661316,0.019831228289184294,0.03824007067271858,-0.02796803565950465,0.013299321134764364,0.001322253758444074,0.027249651089288486,-0.02915420091921347,-0.026108097743748494,-0.0038601717260588553,0.011316656673249324,-0.006001113031272329,0.004423423443397847,-0.01077233217609333,-0.00333361192189807,0.05710676814389717,0.0023202636494441724,-0.005390099206909612,-0.0022397983845142693,0.0015080958735033767,0.0031538058366906412,0.005478950050854927,-0.039673341362141915,-0.02609330431133218,0.023856452103296278,0.00667900815954465,-0.019912882502722953,0.00780551782896461,0.030420369052690792,-0.02905356700462786,-0.012026013132276496,0.015093696268166585,-0.010793140008005396,finance
